0.6505345702171326,0.6887997984886169,0.5566120743751526,0.6498414874076843,0.49489060044288635,0.5378183722496033,0.4843423366546631,0.4340311586856842,0.477743923664093,0.3765142560005188,0.5407904386520386,0.43542957305908203,0.5148233771324158,0.3653933107852936,0.5265095233917236,0.45444345474243164,0.5414081811904907,0.49476248025894165,0.5924575328826904,0.4234406054019928,0.565838634967804,0.3591283857822418,0.5739710927009583,0.4620519280433655,0.5898794531822205,0.48825451731681824,0.6483029723167419,0.424552321434021,0.61980140209198,0.3573579490184784,0.6219564080238342,0.4608883261680603,0.6357855200767517,0.49100324511528015,0.7086637616157532,0.43717485666275024,0.6771531105041504,0.38279053568840027,0.6685241460800171,0.45622628927230835,0.6795700788497925,0.48515889048576355
0.6505704522132874,0.6916298270225525,0.5567955374717712,0.6493048667907715,0.49641990661621094,0.5358846187591553,0.48621243238449097,0.4325498640537262,0.47805362939834595,0.37514007091522217,0.5425665378570557,0.436195969581604,0.5166373252868652,0.36658555269241333,0.528498649597168,0.4554598927497864,0.543398380279541,0.4948901832103729,0.5940597653388977,0.4247313439846039,0.5675727725028992,0.3594092130661011,0.5754386186599731,0.4625450372695923,0.5909852385520935,0.48937439918518066,0.6497897505760193,0.42590847611427307,0.6212906837463379,0.3584066927433014,0.6228477358818054,0.46261030435562134,0.6362477540969849,0.4942788779735565,0.7103192806243896,0.4380999505519867,0.6780446767807007,0.3830145299434662,0.6688504815101624,0.457073837518692,0.6796932816505432,0.48733359575271606
0.6516648530960083,0.6943924427032471,0.5572720766067505,0.6496514678001404,0.4980834126472473,0.5374433994293213,0.4881056249141693,0.43575236201286316,0.4810885787010193,0.37623459100723267,0.5443500876426697,0.43695205450057983,0.519133448600769,0.36870408058166504,0.5298629999160767,0.4559725821018219,0.5452823638916016,0.4983890652656555,0.5957938432693481,0.4252515435218811,0.5704876184463501,0.35993221402168274,0.5771984457969666,0.46232759952545166,0.5930969715118408,0.49234718084335327,0.6516792178153992,0.42597663402557373,0.6243434548377991,0.36016345024108887,0.6250844597816467,0.4634430408477783,0.6386652588844299,0.4968493580818176,0.7125227451324463,0.43820852041244507,0.6810919046401978,0.3823866546154022,0.6715849041938782,0.4560439884662628,0.6825940608978271,0.48704248666763306
0.6530730128288269,0.6938584446907043,0.5600544214248657,0.6531703472137451,0.49861884117126465,0.5440376400947571,0.4857734441757202,0.4449154734611511,0.4762260317802429,0.38308730721473694,0.5430610775947571,0.43974581360816956,0.5199235081672668,0.369570791721344,0.531696617603302,0.4573162794113159,0.5462959408760071,0.5011176466941833,0.5950905084609985,0.4278498888015747,0.5706908106803894,0.3635594844818115,0.5787181258201599,0.4645994007587433,0.5940531492233276,0.49254798889160156,0.6512689590454102,0.4278087615966797,0.624796450138092,0.36240971088409424,0.626793384552002,0.4642457962036133,0.6397930979728699,0.4947475790977478,0.7118813395500183,0.43876516819000244,0.6820427775382996,0.3845912218093872,0.6731764674186707,0.45822638273239136,0.6831958293914795,0.48759838938713074
0.6569015383720398,0.6933004856109619,0.5604203939437866,0.6535584330558777,0.5009061098098755,0.5433288812637329,0.49083414673805237,0.44329720735549927,0.48020225763320923,0.3815602660179138,0.5428538918495178,0.4405750632286072,0.5202910304069519,0.3696784973144531,0.5326178669929504,0.4574628472328186,0.547886073589325,0.5002582669258118,0.5950438976287842,0.4274390637874603,0.572512149810791,0.3606054484844208,0.5805463790893555,0.46357235312461853,0.5955840349197388,0.49256953597068787,0.6511461138725281,0.42688360810279846,0.6269431710243225,0.36090338230133057,0.6286654472351074,0.4650220274925232,0.6410779356956482,0.4979375898838043,0.7118088006973267,0.43741533160209656,0.6838952898979187,0.3821122944355011,0.6751211881637573,0.4577610492706299,0.6841453313827515,0.4896537661552429
0.658462405204773,0.6946637630462646,0.5626088976860046,0.6557480692863464,0.5030490159988403,0.547704815864563,0.4917820990085602,0.4488154649734497,0.4796234667301178,0.38577067852020264,0.5430902242660522,0.4428805112838745,0.5195660591125488,0.370412141084671,0.5324208736419678,0.45845794677734375,0.5481258630752563,0.502474308013916,0.595450222492218,0.429378479719162,0.5713256597518921,0.361126184463501,0.5804423689842224,0.46363210678100586,0.5958643555641174,0.4935217797756195,0.6517063975334167,0.42838823795318604,0.6258824467658997,0.3605771064758301,0.6291373372077942,0.46336615085601807,0.6420091986656189,0.49627214670181274,0.7124505043029785,0.4386119842529297,0.6825456023216248,0.38260817527770996,0.6755506992340088,0.45717161893844604,0.6857247948646545,0.4885754883289337
0.6595702767372131,0.6940398216247559,0.5642708539962769,0.6541569232940674,0.5038193464279175,0.5477916598320007,0.49089673161506653,0.45007431507110596,0.47720658779144287,0.3883415162563324,0.5424351096153259,0.4449782371520996,0.5200497508049011,0.3714076578617096,0.532913863658905,0.4587635397911072,0.5484177470207214,0.5044923424720764,0.5954875946044922,0.430595338344574,0.5720118284225464,0.3606572449207306,0.5816486477851868,0.46354442834854126,0.5972007513046265,0.49567607045173645,0.6521188616752625,0.42876195907592773,0.6270906925201416,0.3599988520145416,0.6304898858070374,0.46248021721839905,0.6431187987327576,0.4962669014930725,0.7129757404327393,0.4383315145969391,0.6838154196739197,0.3826780915260315,0.6770714521408081,0.4570697546005249,0.6867339015007019,0.4880973696708679
0.6626524925231934,0.6925721168518066,0.5673579573631287,0.6522167921066284,0.508298933506012,0.5486493110656738,0.4961356520652771,0.451299250125885,0.482974112033844,0.38658973574638367,0.5450662970542908,0.445655882358551,0.5233519077301025,0.373415470123291,0.5369312763214111,0.4580961763858795,0.552632749080658,0.5053785443305969,0.5980519652366638,0.43031227588653564,0.576589047908783,0.36132436990737915,0.5864909887313843,0.4627343416213989,0.6006519794464111,0.4965527653694153,0.65461266040802,0.4284728169441223,0.6325185894966125,0.36087432503700256,0.6352071166038513,0.46239173412323,0.6457391381263733,0.4979409873485565,0.7154940962791443,0.4394374489784241,0.6900707483291626,0.38177818059921265,0.682665228843689,0.4567556083202362,0.6897224187850952,0.49022528529167175
0.6676254868507385,0.6934344172477722,0.5730788707733154,0.6539313197135925,0.5109574794769287,0.549414873123169,0.49687981605529785,0.4531998634338379,0.4842343330383301,0.3906245827674866,0.5488583445549011,0.44408461451530457,0.5278969407081604,0.37421509623527527,0.5416237711906433,0.45740336179733276,0.5557039380073547,0.5025674700737,0.6020472645759583,0.4277251660823822,0.5813436508178711,0.3603792190551758,0.5910828709602356,0.4608413279056549,0.6036863923072815,0.4938780665397644,0.6582706570625305,0.42539897561073303,0.6375482082366943,0.3586748540401459,0.6400175094604492,0.4598505198955536,0.6498321294784546,0.4952673017978668,0.7190921306610107,0.43702900409698486,0.6963207125663757,0.38133299350738525,0.688602089881897,0.4561502933502197,0.6950177550315857,0.48877862095832825
0.6720336675643921,0.6925941705703735,0.5786553025245667,0.6518809199333191,0.5136111378669739,0.5585881471633911,0.5020507574081421,0.471621036529541,0.5057960152626038,0.41864514350891113,0.5500997304916382,0.44576823711395264,0.5317275524139404,0.37697699666023254,0.546492338180542,0.458962082862854,0.559054434299469,0.5002358555793762,0.6042258739471436,0.4279230833053589,0.5857130885124207,0.3593823313713074,0.596798300743103,0.4601380228996277,0.6079803705215454,0.49125832319259644,0.6604032516479492,0.4237413704395294,0.6424683928489685,0.3587653934955597,0.6454310417175293,0.4601686894893646,0.6543489694595337,0.49301254749298096,0.7212936878204346,0.4341784119606018,0.6996410489082336,0.3799125552177429,0.6924887895584106,0.4563583731651306,0.6983657479286194,0.4877682626247406
0.677131712436676,0.6886422038078308,0.5839120745658875,0.6505798101425171,0.5185133218765259,0.5568742752075195,0.5023248195648193,0.46742746233940125,0.49587586522102356,0.4111813008785248,0.5557271838188171,0.4473717510700226,0.536453902721405,0.37408700585365295,0.548454761505127,0.455924391746521,0.5610072612762451,0.5000353455543518,0.6086535453796387,0.43026185035705566,0.5890020132064819,0.3578462600708008,0.5982666611671448,0.4578738212585449,0.610566258430481,0.4899972975254059,0.6638872027397156,0.4259584844112396,0.6446700096130371,0.35688167810440063,0.6472300887107849,0.456590861082077,0.6577875018119812,0.4894161522388458,0.7249182462692261,0.4348704218864441,0.7021774053573608,0.3786429762840271,0.6949284076690674,0.4532221853733063,0.7019582986831665,0.4842572808265686
0.6786714792251587,0.6901111006736755,0.5867677927017212,0.6506917476654053,0.5205485820770264,0.5577498078346252,0.503891110420227,0.471154123544693,0.5011280179023743,0.4168892502784729,0.5596131682395935,0.4478895962238312,0.5390175580978394,0.3734618127346039,0.5513026714324951,0.4562608003616333,0.5648950338363647,0.4995735287666321,0.612005352973938,0.42997148633003235,0.5911358594894409,0.35642093420028687,0.6003943085670471,0.45607882738113403,0.6138180494308472,0.4868079721927643,0.666860044002533,0.42518389225006104,0.646374523639679,0.3550838828086853,0.6487944722175598,0.45352694392204285,0.6605852246284485,0.4850686490535736,0.727092981338501,0.433849036693573,0.7036813497543335,0.37717464566230774,0.6960563659667969,0.44983914494514465,0.704594612121582,0.47982922196388245
0.6787421703338623,0.6868820190429688,0.586574375629425,0.6461120843887329,0.5220054388046265,0.5561631321907043,0.5068022012710571,0.4730503261089325,0.5055707693099976,0.4214635193347931,0.5595840215682983,0.44761109352111816,0.5417193174362183,0.3715665936470032,0.5523216128349304,0.45113489031791687,0.5640181303024292,0.4984547197818756,0.6112300157546997,0.42927196621894836,0.5914509296417236,0.3525239825248718,0.6009101867675781,0.4484674632549286,0.6145009994506836,0.48334240913391113,0.6655168533325195,0.4244341254234314,0.6459508538246155,0.35214364528656006,0.6490943431854248,0.4452555477619171,0.6611334085464478,0.47786495089530945,0.7259249091148376,0.43357086181640625,0.7022826671600342,0.3766167163848877,0.6951003670692444,0.4452459216117859,0.7033146619796753,0.474298894405365
0.6760472655296326,0.6845808029174805,0.584743320941925,0.6461394429206848,0.5208218693733215,0.5577839016914368,0.5081270933151245,0.47708195447921753,0.5106882452964783,0.4275655448436737,0.556919515132904,0.4464360773563385,0.5362955927848816,0.37158429622650146,0.5482024550437927,0.450594425201416,0.5617774724960327,0.4961881935596466,0.6079404950141907,0.42774736881256104,0.586941659450531,0.351875901222229,0.5966125726699829,0.44604265689849854,0.6112223863601685,0.48103296756744385,0.6624079346656799,0.42234379053115845,0.6415951251983643,0.3479496240615845,0.6448298692703247,0.4410574734210968,0.6573834419250488,0.47592592239379883,0.7223861217498779,0.43116843700408936,0.6991943120956421,0.3714960217475891,0.6910759806632996,0.4396374225616455,0.6988700032234192,0.47161224484443665
0.6735841035842896,0.6817640662193298,0.5781239867210388,0.6411496996879578,0.513655424118042,0.542998194694519,0.49696144461631775,0.45253708958625793,0.4867357909679413,0.392271488904953,0.549032986164093,0.444184809923172,0.5287333726882935,0.3678264021873474,0.5407148599624634,0.4473894238471985,0.5530942678451538,0.4975987672805786,0.6005112528800964,0.4255695343017578,0.5781460404396057,0.351577490568161,0.5899293422698975,0.4473901391029358,0.6052666306495667,0.4860561490058899,0.6560988426208496,0.4188709557056427,0.6328358054161072,0.34809720516204834,0.6382107734680176,0.443438321352005,0.6512024998664856,0.4812789261341095,0.7178211808204651,0.4246103763580322,0.6904078722000122,0.36898642778396606,0.6844000220298767,0.43907782435417175,0.6930676698684692,0.47124502062797546
0.6757733225822449,0.6827834844589233,0.5812732577323914,0.645836591720581,0.5124616622924805,0.5526295304298401,0.49495017528533936,0.4678226113319397,0.49684134125709534,0.41417914628982544,0.550204336643219,0.442946195602417,0.5259340405464172,0.3691136837005615,0.5389613509178162,0.45004671812057495,0.5537151098251343,0.4966433644294739,0.6018179059028625,0.4236412048339844,0.5783306360244751,0.34980010986328125,0.5889614224433899,0.44707968831062317,0.6028828024864197,0.48409897089004517,0.6567456126213074,0.4177660644054413,0.6335042119026184,0.34879571199417114,0.6379219889640808,0.443970650434494,0.6492704749107361,0.47927039861679077,0.7169807553291321,0.4256344437599182,0.690849781036377,0.3700498342514038,0.6855239868164062,0.43933624029159546,0.694385290145874,0.4693434238433838
0.6634507775306702,0.682457685470581,0.5629557371139526,0.6417126655578613,0.5013262033462524,0.5471956133842468,0.49150902032852173,0.45494356751441956,0.4897109270095825,0.3921067416667938,0.5371938943862915,0.44437962770462036,0.5143099427223206,0.37135887145996094,0.5248898267745972,0.45362263917922974,0.5367501378059387,0.49543115496635437,0.5859054327011108,0.4274687170982361,0.5630030035972595,0.35825642943382263,0.5716410279273987,0.45112818479537964,0.5839278697967529,0.48172464966773987,0.6396327018737793,0.4215036630630493,0.6143484115600586,0.3544555902481079,0.6199812889099121,0.4466349482536316,0.631727397441864,0.47760480642318726,0.6991001963615417,0.42759841680526733,0.6708329319953918,0.372727632522583,0.6665821075439453,0.4413033425807953,0.6759019494056702,0.47081828117370605
0.6495794653892517,0.6837496757507324,0.549946129322052,0.6391192078590393,0.4922802448272705,0.539823591709137,0.4886033833026886,0.45061808824539185,0.4921669363975525,0.39459413290023804,0.5305569171905518,0.43995803594589233,0.5045229196548462,0.372538685798645,0.5122019648551941,0.4525091350078583,0.5277585387229919,0.4966036379337311,0.5767263770103455,0.422309011220932,0.5506628155708313,0.35916006565093994,0.5562028288841248,0.4494851529598236,0.5725798606872559,0.4817720949649811,0.6289205551147461,0.41737112402915955,0.6008923649787903,0.3564837872982025,0.6027436256408691,0.44618457555770874,0.6162681579589844,0.47807973623275757,0.6874153017997742,0.426154762506485,0.6569766402244568,0.37643152475357056,0.6501778364181519,0.44237375259399414,0.6606435775756836,0.47105830907821655
0.6373081803321838,0.684307336807251,0.5431962609291077,0.638239860534668,0.48826879262924194,0.5465905070304871,0.49081695079803467,0.4639207720756531,0.5082306861877441,0.40980008244514465,0.5252177119255066,0.44445866346359253,0.49846959114074707,0.3791506290435791,0.5010980367660522,0.4531267285346985,0.5173550844192505,0.4981142580509186,0.5686051845550537,0.4256087839603424,0.5410391688346863,0.35973525047302246,0.5417357087135315,0.4464314579963684,0.5593559145927429,0.4839160144329071,0.6184276342391968,0.4185555577278137,0.5889084339141846,0.3575989603996277,0.586776614189148,0.44591769576072693,0.6014133095741272,0.48078957200050354,0.6754834055900574,0.42572635412216187,0.6424799561500549,0.3757602870464325,0.6328726410865784,0.44224002957344055,0.6437227725982666,0.4738130271434784
0.6177095770835876,0.6838653087615967,0.5350803136825562,0.6284397840499878,0.4906909167766571,0.5407639741897583,0.48885056376457214,0.46449530124664307,0.49491584300994873,0.40662074089050293,0.5285593867301941,0.4345831871032715,0.5026307106018066,0.37029939889907837,0.49474573135375977,0.4360986649990082,0.507041871547699,0.48904862999916077,0.5656588077545166,0.4224884808063507,0.5382909774780273,0.3582879304885864,0.5296799540519714,0.4372386932373047,0.5450602173805237,0.4866262376308441,0.6090676188468933,0.4196944832801819,0.5793263912200928,0.36154040694236755,0.5695511698722839,0.44071269035339355,0.5829591751098633,0.4852754473686218,0.6600100994110107,0.4307437837123871,0.6254565715789795,0.3764527440071106,0.6102508306503296,0.4372388422489166,0.6197242140769958,0.47678646445274353
0.6069701313972473,0.6819870471954346,0.5281754732131958,0.6214795112609863,0.49118882417678833,0.5360974073410034,0.4937567412853241,0.4659441411495209,0.5016962885856628,0.41330891847610474,0.5314049124717712,0.4380451440811157,0.5037392973899841,0.3728090226650238,0.4942757785320282,0.4365786015987396,0.5079751014709473,0.4894510507583618,0.5645045042037964,0.4270349442958832,0.5345875024795532,0.35999155044555664,0.5249084234237671,0.4394955635070801,0.5437421202659607,0.4894130527973175,0.6056048274040222,0.4236633777618408,0.5721313953399658,0.3613232672214508,0.5614121556282043,0.44117212295532227,0.5791038870811462,0.4866913855075836,0.6558080315589905,0.4331786334514618,0.616287112236023,0.3798947334289551,0.6003975868225098,0.4401734173297882,0.6141960024833679,0.47981971502304077
0.6034761071205139,0.6805077791213989,0.5295153260231018,0.6237806677818298,0.4950897693634033,0.545203685760498,0.49567514657974243,0.483506441116333,0.49914783239364624,0.4342365860939026,0.5335366725921631,0.43674802780151367,0.5035194158554077,0.3753667175769806,0.4930526912212372,0.4407711327075958,0.5047637224197388,0.49387308955192566,0.5641598105430603,0.427013635635376,0.5287363529205322,0.36392685770988464,0.5194157361984253,0.44381454586982727,0.5376065373420715,0.49393194913864136,0.6026394963264465,0.4231610894203186,0.5619806051254272,0.3626040816307068,0.5538805723190308,0.4424557089805603,0.573925256729126,0.4879995882511139,0.6514272689819336,0.4318488538265228,0.6057705879211426,0.38476449251174927,0.5928919315338135,0.4431220293045044,0.6095582842826843,0.48024868965148926
0.603663444519043,0.6799078583717346,0.5336348414421082,0.6238571405410767,0.5019686222076416,0.5426953434944153,0.49824437499046326,0.4828178584575653,0.4923134446144104,0.44426611065864563,0.5389043688774109,0.44009509682655334,0.5089614987373352,0.37372300028800964,0.4956907033920288,0.43872156739234924,0.506334125995636,0.49291515350341797,0.5664401054382324,0.43101465702056885,0.5286006331443787,0.36482152342796326,0.5186355113983154,0.4447707533836365,0.5379418134689331,0.4954765737056732,0.6022244095802307,0.4264252185821533,0.5580547451972961,0.36453258991241455,0.5511953234672546,0.4446539878845215,0.5735300779342651,0.4912058711051941,0.6481302380561829,0.43215760588645935,0.5995017886161804,0.3865474462509155,0.588510274887085,0.44487887620925903,0.6078320145606995,0.48309043049812317
0.601259708404541,0.6815410256385803,0.5320920348167419,0.618039608001709,0.5067874789237976,0.5312064290046692,0.5106769800186157,0.46294865012168884,0.5160078406333923,0.4115082621574402,0.5436657071113586,0.44165343046188354,0.5149894952774048,0.3761003911495209,0.4995422959327698,0.43953967094421387,0.5102333426475525,0.4948057532310486,0.5694484710693359,0.4307008981704712,0.532090961933136,0.3651067018508911,0.5193520784378052,0.4454248547554016,0.537712812423706,0.5004397034645081,0.6041861772537231,0.42517074942588806,0.5577548146247864,0.36591726541519165,0.54869145154953,0.4473675489425659,0.5707501769065857,0.4995775818824768,0.648685097694397,0.4300798773765564,0.5965169072151184,0.3864845633506775,0.5849528312683105,0.44453251361846924,0.6043878793716431,0.486576646566391
0.599345326423645,0.6801931262016296,0.5329873561859131,0.6197747588157654,0.5065356492996216,0.5345022082328796,0.510646402835846,0.4667101800441742,0.5179195404052734,0.41659748554229736,0.5414639711380005,0.442610502243042,0.5155960321426392,0.37408649921417236,0.5002672672271729,0.43913504481315613,0.5110379457473755,0.4954904019832611,0.5680220723152161,0.4323422312736511,0.5329869985580444,0.3643241226673126,0.5202205181121826,0.44497355818748474,0.5383507013320923,0.5015459656715393,0.602841317653656,0.4270976781845093,0.5581429600715637,0.366584837436676,0.5481545329093933,0.4478442072868347,0.568250298500061,0.5020152926445007,0.6474374532699585,0.432454377412796,0.5963720679283142,0.3868449330329895,0.5840277671813965,0.4447910487651825,0.601698637008667,0.4890323281288147
0.6004923582077026,0.6797339916229248,0.5310870409011841,0.6207907199859619,0.501306414604187,0.5379503965377808,0.5072636604309082,0.46935880184173584,0.5177473425865173,0.4179501533508301,0.535457968711853,0.44713255763053894,0.5083121657371521,0.37849360704421997,0.4967515170574188,0.4432373642921448,0.5100695490837097,0.4977898895740509,0.5636817812919617,0.4358651041984558,0.5299115180969238,0.36680299043655396,0.5205227136611938,0.44584429264068604,0.5400040745735168,0.5001950263977051,0.6001078486442566,0.4289205074310303,0.5575301647186279,0.3666505813598633,0.5498104095458984,0.44666799902915955,0.5703639984130859,0.49893221259117126,0.6463398337364197,0.43240806460380554,0.5962110757827759,0.38610708713531494,0.586176872253418,0.4447341561317444,0.6048573851585388,0.4882805347442627
0.5968039631843567,0.6774505376815796,0.5257843136787415,0.6205143928527832,0.4929639995098114,0.5376258492469788,0.49829286336898804,0.4698372483253479,0.5083833336830139,0.4199688136577606,0.5291292071342468,0.44364169239997864,0.5014361143112183,0.3766077160835266,0.4922938942909241,0.44256144762039185,0.5064699649810791,0.49353981018066406,0.5589932799339294,0.4338035583496094,0.5275155305862427,0.3647449314594269,0.5191209316253662,0.4439171850681305,0.5388073325157166,0.49299800395965576,0.5969710350036621,0.42951643466949463,0.5590126514434814,0.36603718996047974,0.5521824359893799,0.44726407527923584,0.572587251663208,0.49454569816589355,0.6438571214675903,0.4362630844116211,0.5987182855606079,0.3865460455417633,0.5878046154975891,0.44609102606773376,0.6049275398254395,0.4861922860145569
0.5950595140457153,0.6762921214103699,0.5220770239830017,0.6284582614898682,0.4831344485282898,0.5457160472869873,0.4837322235107422,0.4761003851890564,0.48829543590545654,0.42350590229034424,0.5224165320396423,0.44378653168678284,0.4965086579322815,0.37594714760780334,0.4859534800052643,0.4377177059650421,0.4969746470451355,0.4897153079509735,0.5544911026954651,0.4336894452571869,0.5246202945709229,0.3626246452331543,0.5144377946853638,0.4406963288784027,0.5324628949165344,0.49043071269989014,0.5942018628120422,0.43009284138679504,0.5595279932022095,0.3620143532752991,0.5506062507629395,0.4429319500923157,0.5695170760154724,0.49044737219810486,0.6431731581687927,0.4385337829589844,0.6029052138328552,0.3846800923347473,0.5893121361732483,0.44315025210380554,0.6038665175437927,0.48283931612968445
0.5919670462608337,0.6739057302474976,0.513441264629364,0.6264917254447937,0.47251731157302856,0.5405551791191101,0.47407978773117065,0.4683345556259155,0.4790407717227936,0.4131687879562378,0.5117775201797485,0.4369528889656067,0.4849725365638733,0.37688395380973816,0.48117613792419434,0.44812870025634766,0.4975367784500122,0.4937782883644104,0.5478956699371338,0.4244961738586426,0.5186904072761536,0.3582209348678589,0.5121572017669678,0.4448513984680176,0.5334746837615967,0.4851658344268799,0.5904962420463562,0.42200160026550293,0.5590868592262268,0.35913461446762085,0.5508603453636169,0.444322794675827,0.5705463290214539,0.481123149394989,0.6414393782615662,0.43249019980430603,0.6044772267341614,0.38222557306289673,0.5904092192649841,0.44429048895835876,0.6046205163002014,0.47810259461402893
0.5968158841133118,0.6690669059753418,0.5088338255882263,0.6280250549316406,0.45778751373291016,0.5384088754653931,0.45826393365859985,0.4571543335914612,0.46919432282447815,0.40389782190322876,0.49512892961502075,0.44012245535850525,0.47029802203178406,0.37854984402656555,0.47426944971084595,0.4516870379447937,0.49102869629859924,0.4972011148929596,0.5371442437171936,0.4246262311935425,0.5116910934448242,0.3576575219631195,0.5132423639297485,0.44592010974884033,0.5333229303359985,0.48521438241004944,0.5850706100463867,0.41878557205200195,0.5592569708824158,0.35509592294692993,0.5569919943809509,0.4414988160133362,0.5748727321624756,0.47797054052352905,0.6399582624435425,0.4250499904155731,0.6093012094497681,0.36909618973731995,0.5985040664672852,0.43372204899787903,0.6103479862213135,0.46940475702285767
0.5970375537872314,0.6615673303604126,0.5062978863716125,0.6270606517791748,0.4510892629623413,0.5458284616470337,0.44410109519958496,0.46472424268722534,0.44530245661735535,0.4081093370914459,0.48325783014297485,0.4461607038974762,0.45678967237472534,0.38141006231307983,0.4659576117992401,0.45344746112823486,0.48296064138412476,0.4948314428329468,0.5273720026016235,0.425668329000473,0.5008480548858643,0.35662075877189636,0.5083479285240173,0.4428214132785797,0.5281004905700684,0.4752771556377411,0.5781024098396301,0.41598403453826904,0.5504738092422485,0.34837016463279724,0.55379319190979,0.43561312556266785,0.5709445476531982,0.4686579406261444,0.6364642977714539,0.4189828932285309,0.6059147119522095,0.3605867624282837,0.5980609655380249,0.4276404082775116,0.6089364290237427,0.46265909075737
0.59893798828125,0.6518175601959229,0.5023425817489624,0.6231147646903992,0.4429894983768463,0.5350968241691589,0.42954427003860474,0.4463353455066681,0.4160844683647156,0.38689377903938293,0.4766429364681244,0.43565088510513306,0.4555845558643341,0.37111276388168335,0.46914225816726685,0.445743590593338,0.48463553190231323,0.4913584291934967,0.5235374569892883,0.4143325090408325,0.5012304782867432,0.34512633085250854,0.5140849947929382,0.43590831756591797,0.5326213240623474,0.4758449196815491,0.5752769112586975,0.4054199159145355,0.5530819296836853,0.3371241092681885,0.5590944886207581,0.42720216512680054,0.5737126469612122,0.4690583646297455,0.6337776780128479,0.4088875353336334,0.6089993119239807,0.3493025302886963,0.6029105186462402,0.41734954714775085,0.61036616563797,0.45497143268585205
0.6035422682762146,0.6458300352096558,0.5040254592895508,0.622833251953125,0.44284355640411377,0.5339607000350952,0.42803579568862915,0.44081148505210876,0.410266637802124,0.3777601420879364,0.47384148836135864,0.4295925796031952,0.4543483853340149,0.3649245798587799,0.4699246883392334,0.43731310963630676,0.4850870370864868,0.4840095639228821,0.5220050811767578,0.4052918255329132,0.5021580457687378,0.33927273750305176,0.51686692237854,0.4266711473464966,0.532719075679779,0.46503928303718567,0.5745474696159363,0.3939817547798157,0.554521381855011,0.32789671421051025,0.5627962946891785,0.415738970041275,0.5751660466194153,0.45554766058921814,0.6333078742027283,0.3950837254524231,0.6113383173942566,0.33912885189056396,0.607455849647522,0.40749990940093994,0.6129385232925415,0.44316279888153076
0.6161797642707825,0.635394275188446,0.515015184879303,0.6201286315917969,0.44877567887306213,0.5301559567451477,0.42986252903938293,0.4340308606624603,0.40955957770347595,0.37175047397613525,0.47946178913116455,0.42805373668670654,0.4622480869293213,0.35973814129829407,0.4810766577720642,0.4316343367099762,0.49590760469436646,0.4799320697784424,0.5273756384849548,0.39844533801078796,0.5098223686218262,0.32943010330200195,0.5270017385482788,0.4149557054042816,0.5399366617202759,0.45440179109573364,0.5787836909294128,0.3816518783569336,0.5604350566864014,0.3132343590259552,0.5716421604156494,0.4006619453430176,0.5813978910446167,0.44085705280303955,0.6359281539916992,0.37692001461982727,0.6178127527236938,0.3234497904777527,0.6170628666877747,0.3926369249820709,0.6204701662063599,0.42766231298446655
0.623930811882019,0.6293917894363403,0.5261163115501404,0.6145094633102417,0.45966893434524536,0.5256595611572266,0.4396822452545166,0.43091467022895813,0.41944360733032227,0.36833655834198,0.49234673380851746,0.4199400246143341,0.47500550746917725,0.35265153646469116,0.4915720224380493,0.42589038610458374,0.5049536824226379,0.47019729018211365,0.5398229956626892,0.39124590158462524,0.5206983089447021,0.3233213424682617,0.5362353920936584,0.4094015955924988,0.5487125515937805,0.446225643157959,0.5903050303459167,0.3750370144844055,0.5698145627975464,0.3098500370979309,0.5817896723747253,0.3981313705444336,0.5916330814361572,0.4349175989627838,0.6471461057662964,0.3701009154319763,0.6243371963500977,0.3150807321071625,0.6268110871315002,0.38546937704086304,0.6328890323638916,0.419159859418869
0.6234699487686157,0.6295976638793945,0.5258228182792664,0.6159765124320984,0.45844900608062744,0.5255880355834961,0.4399990141391754,0.431084543466568,0.4216972291469574,0.36834317445755005,0.4932911992073059,0.4197178781032562,0.4742535650730133,0.35170161724090576,0.4908415675163269,0.4258153438568115,0.5038287043571472,0.4730730950832367,0.539618968963623,0.3914180099964142,0.5193962454795837,0.32650452852249146,0.5355806350708008,0.41050952672958374,0.5483924746513367,0.44796523451805115,0.5894666910171509,0.37513673305511475,0.5684813261032104,0.31055766344070435,0.5801257491111755,0.39875462651252747,0.5904630422592163,0.4386070966720581,0.6466999053955078,0.3696436583995819,0.6255884170532227,0.3124088644981384,0.6266531944274902,0.3835049867630005,0.6316914558410645,0.4197804629802704
0.6234090924263,0.6297323107719421,0.5256674885749817,0.6161044239997864,0.45845502614974976,0.5254814624786377,0.43993809819221497,0.43142133951187134,0.4219305217266083,0.36899739503860474,0.4927273392677307,0.41912129521369934,0.47302672266960144,0.3508880138397217,0.4906634986400604,0.42633211612701416,0.5039699077606201,0.47294196486473083,0.5389623045921326,0.3907069265842438,0.518580973148346,0.32609128952026367,0.5356550812721252,0.4118387997150421,0.5485642552375793,0.44800063967704773,0.5890735983848572,0.37404555082321167,0.5676659941673279,0.30964720249176025,0.5799728035926819,0.39967063069343567,0.5903288125991821,0.4385976791381836,0.6463024616241455,0.36822840571403503,0.6251060366630554,0.3112652897834778,0.6263152360916138,0.3834811747074127,0.6314405202865601,0.41949376463890076
0.6716576814651489,0.6019328236579895,0.5756956338882446,0.5991867184638977,0.5011125206947327,0.5165258646011353,0.4749916195869446,0.4180193245410919,0.4528276026248932,0.3521738648414612,0.5300942659378052,0.39818650484085083,0.5175305604934692,0.32335376739501953,0.541405975818634,0.3999861478805542,0.551157534122467,0.4485512971878052,0.5823200345039368,0.3642588257789612,0.5691262483596802,0.2924182415008545,0.5932816863059998,0.3884159326553345,0.5999268293380737,0.4285842478275299,0.6370458006858826,0.3451831340789795,0.6229385137557983,0.2759075164794922,0.6408462524414062,0.37054213881492615,0.6443862915039062,0.4121992886066437,0.6953670978546143,0.34111928939819336,0.6798850297927856,0.2889586091041565,0.6853799223899841,0.3621343970298767,0.6845229268074036,0.3975932002067566
0.6728524565696716,0.6006224751472473,0.5778627395629883,0.5980925559997559,0.5043359994888306,0.5091529488563538,0.48017486929893494,0.4091135263442993,0.4543207883834839,0.3461490869522095,0.5333754420280457,0.3958152234554291,0.5151865482330322,0.32311156392097473,0.5410924553871155,0.39763492345809937,0.55611652135849,0.445665568113327,0.5851094126701355,0.3643842041492462,0.5686110258102417,0.29142677783966064,0.5918737649917603,0.3832818269729614,0.6008355617523193,0.42430999875068665,0.6398996114730835,0.34689974784851074,0.6231685876846313,0.2737751007080078,0.6393611431121826,0.3674127459526062,0.643699049949646,0.41113436222076416,0.697650134563446,0.34340929985046387,0.6827958822250366,0.285108357667923,0.6846984028816223,0.35721200704574585,0.6832674145698547,0.3963906764984131
0.675861120223999,0.6033052802085876,0.5787343978881836,0.6008089780807495,0.505124568939209,0.5103026628494263,0.48363620042800903,0.409721702337265,0.4578819274902344,0.35009273886680603,0.5333470702171326,0.39905911684036255,0.5184074640274048,0.32291698455810547,0.5435216426849365,0.3993184268474579,0.5562809705734253,0.4487910866737366,0.5854219198226929,0.36772385239601135,0.5705636739730835,0.29438209533691406,0.5935678482055664,0.384836345911026,0.6013466119766235,0.4268385171890259,0.6403492093086243,0.3493133783340454,0.6234075427055359,0.2745809555053711,0.6406530141830444,0.36764004826545715,0.6454768776893616,0.4134739637374878,0.6991334557533264,0.34346437454223633,0.682421863079071,0.2821788191795349,0.6864067316055298,0.3549783229827881,0.6860915422439575,0.39615193009376526
0.6757329106330872,0.6058862805366516,0.5781987309455872,0.598462700843811,0.5046252608299255,0.5088427066802979,0.4819961190223694,0.4104354679584503,0.45707982778549194,0.3499712646007538,0.5327556133270264,0.3977877199649811,0.5172178745269775,0.3238312602043152,0.542117178440094,0.3984981179237366,0.5556248426437378,0.4493245780467987,0.5851159691810608,0.36652031540870667,0.5700408816337585,0.29396599531173706,0.5928330421447754,0.384580135345459,0.6011703610420227,0.4286196827888489,0.6402199268341064,0.34836193919181824,0.6239890456199646,0.27550506591796875,0.6407091617584229,0.3678184449672699,0.6461093425750732,0.41405025124549866,0.6994823813438416,0.3433482348918915,0.683570146560669,0.2821156978607178,0.6865222454071045,0.35336464643478394,0.6861639022827148,0.3942737281322479
0.703520655632019,0.6046096682548523,0.5961800217628479,0.5935205817222595,0.5178125500679016,0.5052440762519836,0.5007659196853638,0.4036075174808502,0.4932047426700592,0.3368741273880005,0.549186646938324,0.3742324411869049,0.5386004447937012,0.30786868929862976,0.5635779500007629,0.3845769464969635,0.5791136026382446,0.4440331757068634,0.6082484722137451,0.3377735912799835,0.5940999388694763,0.26716142892837524,0.6208875775337219,0.3786574602127075,0.6323549151420593,0.43359920382499695,0.6675261855125427,0.3220641016960144,0.6553966403007507,0.2498624175786972,0.6704055070877075,0.3594026267528534,0.6764125823974609,0.4163316488265991,0.7326703667640686,0.32499000430107117,0.7175122499465942,0.26896291971206665,0.7201424241065979,0.3480525612831116,0.7191511392593384,0.38803035020828247
0.7025724053382874,0.6099401712417603,0.5977155566215515,0.5953364968299866,0.5171898007392883,0.5001609325408936,0.4964573383331299,0.3948145806789398,0.482744961977005,0.32693421840667725,0.5493104457855225,0.3785078227519989,0.5350290536880493,0.3039577603340149,0.5606281757354736,0.3835814297199249,0.5764315724372864,0.44513195753097534,0.6066548824310303,0.345836341381073,0.588557243347168,0.27473247051239014,0.6143210530281067,0.3775230944156647,0.6267979741096497,0.4327440559864044,0.6676151752471924,0.32841384410858154,0.6480927467346191,0.2522398829460144,0.6640462279319763,0.35666343569755554,0.6717352867126465,0.41599395871162415,0.7339920997619629,0.32708752155303955,0.7142974734306335,0.265805184841156,0.7145472168922424,0.3442111909389496,0.7146173715591431,0.39237165451049805
0.7040345668792725,0.6122021079063416,0.5961753726005554,0.5965898036956787,0.516470193862915,0.4969537854194641,0.4976399540901184,0.3847869634628296,0.4874860644340515,0.3098072409629822,0.5486465692520142,0.37753745913505554,0.5338456630706787,0.303359717130661,0.5596864223480225,0.3827188014984131,0.5760058760643005,0.44425928592681885,0.6062179207801819,0.34568673372268677,0.5884968042373657,0.2748335301876068,0.6138863563537598,0.37725475430488586,0.6264573335647583,0.43286287784576416,0.6672170162200928,0.32900455594062805,0.647773265838623,0.25133076310157776,0.6633458733558655,0.3555837869644165,0.6714630126953125,0.41612014174461365,0.7336788177490234,0.3281416594982147,0.7135438919067383,0.265508234500885,0.7139288783073425,0.34346383810043335,0.7145846486091614,0.39205998182296753
0.7187718749046326,0.6196191310882568,0.6091976761817932,0.6018679141998291,0.5280894637107849,0.49953216314315796,0.5055081248283386,0.39067888259887695,0.494817316532135,0.3174341320991516,0.5611358284950256,0.3664633333683014,0.5478143692016602,0.30203717947006226,0.5758563876152039,0.38214144110679626,0.5913882255554199,0.4337429404258728,0.6214240193367004,0.33069005608558655,0.6071076989173889,0.2603759467601776,0.633059561252594,0.3669283390045166,0.6419987082481384,0.4121318757534027,0.6836578845977783,0.3138951063156128,0.6708848476409912,0.2447943240404129,0.6857690215110779,0.34839439392089844,0.6905952095985413,0.39397701621055603,0.7501842975616455,0.3151628077030182,0.7337221503257751,0.2621856927871704,0.734869658946991,0.33974966406822205,0.7337622046470642,0.3764452636241913
0.7277506589889526,0.6393910050392151,0.6122989058494568,0.6125261783599854,0.5309871435165405,0.5009473562240601,0.5085667371749878,0.38532134890556335,0.49451613426208496,0.30915895104408264,0.5737069845199585,0.37319138646125793,0.5543707609176636,0.2996361255645752,0.5809505581855774,0.3823585510253906,0.5962628722190857,0.436452716588974,0.6350568532943726,0.34012073278427124,0.61634761095047,0.26432281732559204,0.638915479183197,0.37008145451545715,0.6478760242462158,0.4151671826839447,0.699227511882782,0.3250812590122223,0.6812219023704529,0.24659378826618195,0.6938757300376892,0.3530098795890808,0.7003812789916992,0.40128853917121887,0.7701913118362427,0.32690516114234924,0.7482118010520935,0.26323291659355164,0.7482725977897644,0.34592992067337036,0.7505612373352051,0.38648414611816406
0.7269361019134521,0.6540401577949524,0.6136556267738342,0.6266050934791565,0.5321444272994995,0.5108927488327026,0.5087114572525024,0.3942391872406006,0.49158114194869995,0.3167427182197571,0.5780313014984131,0.38117605447769165,0.55818772315979,0.30505770444869995,0.582155168056488,0.3969170153141022,0.5973795056343079,0.4516662657260895,0.6397246718406677,0.34993451833724976,0.6197932958602905,0.271518349647522,0.6397316455841064,0.3841991126537323,0.6518301367759705,0.42609891295433044,0.7063303589820862,0.3370482623577118,0.6886208653450012,0.2528653144836426,0.6990517377853394,0.3645760118961334,0.706951916217804,0.40968507528305054,0.7788775563240051,0.3414711058139801,0.7604244947433472,0.2703362703323364,0.7556626200675964,0.35437285900115967,0.7564611434936523,0.39607012271881104
0.7234839797019958,0.6840099096298218,0.6101076602935791,0.6470288038253784,0.526680052280426,0.5299789905548096,0.5117316842079163,0.416157066822052,0.5122403502464294,0.3399389684200287,0.5724635720252991,0.38889452815055847,0.5552181005477905,0.31923308968544006,0.5766674280166626,0.41543373465538025,0.5891972184181213,0.4692465662956238,0.6374404430389404,0.35927635431289673,0.6210879683494568,0.2830168306827545,0.6401412487030029,0.4022848904132843,0.6510283350944519,0.4463299512863159,0.7076926231384277,0.34718477725982666,0.6923059821128845,0.2703058123588562,0.7014864683151245,0.3856886625289917,0.7082048654556274,0.43007418513298035,0.7840206027030945,0.35463497042655945,0.7644683122634888,0.2825915217399597,0.757225513458252,0.3686998188495636,0.757030725479126,0.41047772765159607
0.725341260433197,0.7154697179794312,0.6080232262611389,0.6773412823677063,0.5204485058784485,0.5668976306915283,0.5102569460868835,0.4614773988723755,0.5272024869918823,0.40015438199043274,0.5720975399017334,0.4235987663269043,0.55558842420578,0.343772292137146,0.5740917921066284,0.4401324987411499,0.5846366286277771,0.49449238181114197,0.637283444404602,0.39287468791007996,0.6195365190505981,0.30994904041290283,0.636769711971283,0.4254586398601532,0.6478152275085449,0.4679570198059082,0.7075442671775818,0.3778804540634155,0.6899421215057373,0.2897471785545349,0.6978645920753479,0.40352901816368103,0.7061440944671631,0.44927629828453064,0.7840537428855896,0.3820011019706726,0.7645584344863892,0.30300775170326233,0.7564253211021423,0.38878005743026733,0.758535623550415,0.4334498643875122
0.7226290702819824,0.7477930784225464,0.6086291670799255,0.7177131175994873,0.5247571468353271,0.5999984741210938,0.5075104832649231,0.4798754155635834,0.5064955949783325,0.4011693596839905,0.5684791803359985,0.4525601267814636,0.5461565852165222,0.37471312284469604,0.5661911964416504,0.4755491614341736,0.5802421569824219,0.5173444747924805,0.633388102054596,0.42582499980926514,0.6112256050109863,0.3443704843521118,0.6278281211853027,0.46191173791885376,0.6440475583076477,0.49184444546699524,0.7051776647567749,0.4139593541622162,0.6823354363441467,0.3274220824241638,0.6894661784172058,0.4414798319339752,0.7026243805885315,0.4761298894882202,0.7839053869247437,0.41753023862838745,0.76027911901474,0.3414533734321594,0.7507109642028809,0.4268142580986023,0.7571551203727722,0.4646964967250824
0.7215093374252319,0.7721076607704163,0.6050291061401367,0.7495380640029907,0.516200065612793,0.6295678615570068,0.49344488978385925,0.49913662672042847,0.4837482273578644,0.41011738777160645,0.556827962398529,0.482107549905777,0.53609699010849,0.4027433395385742,0.5624625086784363,0.5055332183837891,0.5768614411354065,0.5452320575714111,0.6230790019035339,0.4537025988101959,0.6024699211120605,0.3716406226158142,0.6251558065414429,0.4917446970939636,0.6381704211235046,0.516674816608429,0.6962067484855652,0.438962459564209,0.6744208335876465,0.35123997926712036,0.687425434589386,0.4683697521686554,0.6980999708175659,0.4989241361618042,0.7754080295562744,0.4386198818683624,0.7532410621643066,0.36445337533950806,0.7485829591751099,0.4536650478839874,0.7532792687416077,0.48976022005081177
0.7185729742050171,0.7699457406997681,0.600590169429779,0.7425255179405212,0.5136679410934448,0.6219263076782227,0.4934411644935608,0.49185481667518616,0.48086172342300415,0.40765440464019775,0.5580237507820129,0.48322442173957825,0.539635419845581,0.399614155292511,0.5596857070922852,0.49965763092041016,0.5707084536552429,0.5439203977584839,0.6250796318054199,0.45340487360954285,0.6050063967704773,0.37073978781700134,0.6232426166534424,0.4875653386116028,0.6364746689796448,0.5163766741752625,0.6978142261505127,0.43927323818206787,0.6772360801696777,0.35451647639274597,0.6863223314285278,0.46824949979782104,0.6952435374259949,0.49918580055236816,0.7769404649734497,0.4390743374824524,0.7537182569503784,0.3608091473579407,0.7460570335388184,0.44956737756729126,0.7484098672866821,0.4886036813259125
0.7151010632514954,0.7937883138656616,0.5997926592826843,0.769051194190979,0.5116110444068909,0.6421527862548828,0.4883834421634674,0.5097991824150085,0.4785502552986145,0.41883546113967896,0.5516519546508789,0.49653729796409607,0.5300482511520386,0.4161450266838074,0.5578165054321289,0.5212320685386658,0.5733343362808228,0.5699856281280518,0.6182457208633423,0.4681084156036377,0.5958098769187927,0.38729214668273926,0.6199943423271179,0.5113009214401245,0.6335268616676331,0.5450876355171204,0.6920641660690308,0.4538100063800812,0.6679254770278931,0.3673529326915741,0.68282550573349,0.48936939239501953,0.6941540837287903,0.5286927819252014,0.7721915245056152,0.45474207401275635,0.7470120787620544,0.38092315196990967,0.7440811991691589,0.4724494516849518,0.7504668831825256,0.5128535032272339
0.6830112338066101,0.8111556768417358,0.5521544814109802,0.7931725978851318,0.4680894613265991,0.6559728384017944,0.44814401865005493,0.5154222249984741,0.4301968514919281,0.420945942401886,0.5045872926712036,0.5077852606773376,0.4787595272064209,0.4190296530723572,0.5067421197891235,0.5416163206100464,0.5254078507423401,0.5960748195648193,0.5783835649490356,0.4772762656211853,0.5515445470809937,0.3890655040740967,0.575380802154541,0.5376356840133667,0.5934230089187622,0.5721487998962402,0.6588489413261414,0.46618980169296265,0.6302216053009033,0.3676639795303345,0.6428378224372864,0.5110588669776917,0.6591188311576843,0.5529499053955078,0.7473857998847961,0.46833574771881104,0.716094970703125,0.39154112339019775,0.7113900184631348,0.4950881898403168,0.719994306564331,0.5358642935752869
0.6909455060958862,0.8198126554489136,0.5576182007789612,0.7944821715354919,0.4701264500617981,0.6561368703842163,0.4478047490119934,0.5098536610603333,0.4253525733947754,0.4140625596046448,0.5072243213653564,0.5170706510543823,0.4847298264503479,0.4165072739124298,0.5127511024475098,0.5339654088020325,0.5304866433143616,0.5987003445625305,0.5803474187850952,0.4830400347709656,0.5560364127159119,0.3882451057434082,0.5813350081443787,0.5290149450302124,0.5995070934295654,0.5719399452209473,0.6599652767181396,0.4684606194496155,0.6350464820861816,0.3680969476699829,0.6492560505867004,0.5062049627304077,0.6629457473754883,0.5546804666519165,0.7475322484970093,0.4706873297691345,0.7189087867736816,0.38490891456604004,0.7163159847259521,0.48739561438560486,0.7250851988792419,0.5346075296401978
0.6860881447792053,0.8085811138153076,0.5482293367385864,0.7802227139472961,0.4617443382740021,0.638698399066925,0.4400733709335327,0.4952608346939087,0.4170188903808594,0.40272748470306396,0.4983519911766052,0.4940219521522522,0.4757435917854309,0.39900827407836914,0.5036854147911072,0.51576167345047,0.5214782953262329,0.5764668583869934,0.5706589221954346,0.46042048931121826,0.5448192358016968,0.3681294620037079,0.5707893967628479,0.5106590986251831,0.5891931056976318,0.5506876111030579,0.64964359998703,0.44840580224990845,0.625027596950531,0.3503186106681824,0.6390635371208191,0.48748210072517395,0.6546550989151001,0.5320035219192505,0.7363201379776001,0.45333707332611084,0.7105423808097839,0.37011441588401794,0.7062268257141113,0.47070667147636414,0.7145551443099976,0.513582170009613
0.6771934628486633,0.7919381260871887,0.5371578931808472,0.7552145719528198,0.4533844590187073,0.6144387722015381,0.43330538272857666,0.4756150543689728,0.4132869839668274,0.3858349919319153,0.4891716241836548,0.47002312541007996,0.4662402868270874,0.3806648254394531,0.4929392635822296,0.49457502365112305,0.5073306560516357,0.5465576648712158,0.560227632522583,0.43569862842559814,0.5354319214820862,0.3475028872489929,0.5591102242469788,0.4861643612384796,0.573722779750824,0.5173375606536865,0.6392548084259033,0.4223669767379761,0.6163647174835205,0.3282468616962433,0.6283799409866333,0.4631752669811249,0.6407880187034607,0.5007942318916321,0.7246057987213135,0.42731353640556335,0.7016138434410095,0.3444180488586426,0.694952130317688,0.4454038739204407,0.7010369300842285,0.48760998249053955
0.6734541654586792,0.7944210767745972,0.5398252606391907,0.7573739290237427,0.45652565360069275,0.6164984107017517,0.43632036447525024,0.4747765064239502,0.41349247097969055,0.3798251152038574,0.49260300397872925,0.47320541739463806,0.4678342044353485,0.37430161237716675,0.491534560918808,0.48314961791038513,0.5105456113815308,0.5499054193496704,0.5625215172767639,0.4407113790512085,0.5349815487861633,0.3421872556209564,0.55684494972229,0.4756927788257599,0.5771728754043579,0.5220187902450562,0.6409628987312317,0.4286496937274933,0.6154910326004028,0.32477813959121704,0.6255998015403748,0.4524827003479004,0.6409772038459778,0.5013588070869446,0.7260987162590027,0.4360558092594147,0.6985095143318176,0.3421458601951599,0.6920223236083984,0.4375952482223511,0.7016339898109436,0.4880860447883606
0.6663511395454407,0.7640447020530701,0.52413409948349,0.7215906381607056,0.4406200647354126,0.5845335721969604,0.42216774821281433,0.44975852966308594,0.39925438165664673,0.36274969577789307,0.4797568917274475,0.4446866810321808,0.4558870196342468,0.3523184657096863,0.48059824109077454,0.4600154161453247,0.4958529770374298,0.5165842771530151,0.5496440529823303,0.4095388352870941,0.5242953896522522,0.31738558411598206,0.5471173524856567,0.4497238099575043,0.5628869533538818,0.4890950620174408,0.6267955303192139,0.39458563923835754,0.6029932498931885,0.2984806299209595,0.6162548065185547,0.42737072706222534,0.629912257194519,0.47114211320877075,0.709744393825531,0.3982243239879608,0.6851285696029663,0.31494444608688354,0.680511474609375,0.4111202657222748,0.6885337829589844,0.454584538936615
0.6349508166313171,0.6993736624717712,0.4982171952724457,0.6384881734848022,0.42213964462280273,0.5119204521179199,0.4125814139842987,0.3905945420265198,0.40286731719970703,0.30905693769454956,0.4604305624961853,0.3742310702800751,0.4335077702999115,0.27682024240493774,0.4487009644508362,0.3704996109008789,0.4658006727695465,0.4405519664287567,0.5284421443939209,0.34556353092193604,0.5055992007255554,0.24439668655395508,0.5187031626701355,0.3623870611190796,0.535507321357727,0.42617249488830566,0.6023748517036438,0.33580446243286133,0.5806906223297119,0.23599866032600403,0.5870453119277954,0.352134108543396,0.6016160249710083,0.41574379801750183,0.6839605569839478,0.3451892137527466,0.6597141027450562,0.25396662950515747,0.6494459509849548,0.3371403217315674,0.6558903455734253,0.3928954005241394
0.6157700419425964,0.6438698768615723,0.48934710025787354,0.5855469703674316,0.41477489471435547,0.47388625144958496,0.4045059084892273,0.3607529103755951,0.3971349596977234,0.27826985716819763,0.45221805572509766,0.3375316858291626,0.4304228723049164,0.23709404468536377,0.4431752860546112,0.33169811964035034,0.45979756116867065,0.4022581875324249,0.5196803212165833,0.30610573291778564,0.500507116317749,0.19067159295082092,0.5113256573677063,0.31134897470474243,0.527834951877594,0.38158735632896423,0.5916945934295654,0.2933661937713623,0.571998119354248,0.17982976138591766,0.5766674876213074,0.29769963026046753,0.5904251933097839,0.3659207820892334,0.6687332987785339,0.3016846776008606,0.6467334628105164,0.20643498003482819,0.6368945837020874,0.29091593623161316,0.6430121660232544,0.3491375744342804
0.6095986366271973,0.6066473722457886,0.4837140440940857,0.5579701662063599,0.41053906083106995,0.4444943070411682,0.40171098709106445,0.32590535283088684,0.3962932825088501,0.24082118272781372,0.4449794590473175,0.3078879117965698,0.4240773320198059,0.2074904441833496,0.4397030472755432,0.3058973550796509,0.45537513494491577,0.37253057956695557,0.5098516345024109,0.27558016777038574,0.4893782138824463,0.1693919152021408,0.5044329762458801,0.28731223940849304,0.5214160084724426,0.3457326292991638,0.5804447531700134,0.2618733048439026,0.560002326965332,0.15634484589099884,0.5682647228240967,0.27180302143096924,0.5816583037376404,0.33004266023635864,0.6568531394004822,0.26882487535476685,0.6343790292739868,0.17877553403377533,0.6273037195205688,0.2654317319393158,0.6330092549324036,0.3168221712112427
0.5824514627456665,0.5711578130722046,0.4661829173564911,0.5121132731437683,0.40065091848373413,0.39282456040382385,0.3943084478378296,0.2843993306159973,0.38690149784088135,0.20460814237594604,0.44196122884750366,0.24454273283481598,0.4205991327762604,0.15932497382164001,0.43284836411476135,0.25996294617652893,0.4505225121974945,0.33153823018074036,0.5039532780647278,0.21981047093868256,0.4874546527862549,0.1287665069103241,0.49624866247177124,0.2519092261791229,0.5136324167251587,0.31732308864593506,0.5717374086380005,0.21127748489379883,0.5573602914810181,0.12497209012508392,0.5581221580505371,0.24179707467556,0.5711320042610168,0.30322080850601196,0.6451758742332458,0.22183552384376526,0.6273372769355774,0.1367349624633789,0.6159918308258057,0.2223832756280899,0.6210510730743408,0.2756223678588867
0.5879518389701843,0.5690887570381165,0.4677707850933075,0.5170111656188965,0.39676976203918457,0.4029884338378906,0.38932573795318604,0.29376858472824097,0.3873479664325714,0.21147876977920532,0.44066154956817627,0.2644003927707672,0.4168454706668854,0.1699935793876648,0.4279883801937103,0.2683357894420624,0.4456980228424072,0.3319748640060425,0.5020418167114258,0.23821032047271729,0.4812496304512024,0.13882292807102203,0.4915124177932739,0.25633448362350464,0.5125744342803955,0.31550493836402893,0.5695297122001648,0.22672635316848755,0.5489414930343628,0.13022509217262268,0.5511838793754578,0.24494007229804993,0.5675934553146362,0.303728848695755,0.6440831422805786,0.23277223110198975,0.6209173798561096,0.14371290802955627,0.6094254851341248,0.22914493083953857,0.6171081066131592,0.2832145690917969
0.5704653859138489,0.5316480398178101,0.458599716424942,0.4734954237937927,0.3898298144340515,0.3515351414680481,0.3868876099586487,0.2416800558567047,0.39147672057151794,0.16575884819030762,0.43369096517562866,0.21891570091247559,0.4103904366493225,0.13804861903190613,0.4260011911392212,0.23959316313266754,0.4432457983493805,0.30203577876091003,0.49497634172439575,0.1944456845521927,0.4772971272468567,0.11261050403118134,0.49037376046180725,0.2353326380252838,0.5083209276199341,0.29089975357055664,0.5632266998291016,0.18530556559562683,0.5472177267074585,0.1094750314950943,0.5510203838348389,0.2296394407749176,0.5629825592041016,0.2837778329849243,0.6368933916091919,0.19436998665332794,0.6194014549255371,0.11686182022094727,0.6097556352615356,0.20791958272457123,0.6147754788398743,0.25545984506607056
0.5687629580497742,0.5054903030395508,0.4514894485473633,0.45669418573379517,0.37051814794540405,0.3492307662963867,0.3474082946777344,0.2442820817232132,0.33226126432418823,0.16619735956192017,0.4070841073989868,0.22124674916267395,0.3776146173477173,0.1497628092765808,0.40271490812301636,0.25533661246299744,0.420564204454422,0.3008067309856415,0.4670019745826721,0.19713783264160156,0.4397956430912018,0.12773719429969788,0.4625009596347809,0.25158023834228516,0.48186931014060974,0.28756964206695557,0.5349268913269043,0.1825462281703949,0.5085878372192383,0.11458578705787659,0.5214731097221375,0.23739102482795715,0.537315309047699,0.2749333679676056,0.6095103621482849,0.18090584874153137,0.5839734077453613,0.11996825039386749,0.5780259966850281,0.21472999453544617,0.5844342708587646,0.25183144211769104
0.5620495080947876,0.4995273947715759,0.4507618546485901,0.45771145820617676,0.37692105770111084,0.3423299789428711,0.3621594309806824,0.23564161360263824,0.351775199174881,0.1582987904548645,0.4075818657875061,0.20979638397693634,0.38228338956832886,0.14832431077957153,0.406684547662735,0.24711044132709503,0.4229561984539032,0.2980639338493347,0.46652230620384216,0.18262821435928345,0.44466257095336914,0.12215472757816315,0.4675561785697937,0.2450210452079773,0.48434120416641235,0.28679582476615906,0.5325714349746704,0.17086201906204224,0.5124807953834534,0.11961323022842407,0.5251040458679199,0.2384195327758789,0.5374338626861572,0.27745646238327026,0.6048104763031006,0.1748378574848175,0.5804141163825989,0.12060971558094025,0.5768837332725525,0.21194857358932495,0.5827636122703552,0.24954061210155487
0.5730331540107727,0.5077997446060181,0.4622405767440796,0.4828147292137146,0.38214558362960815,0.36261361837387085,0.36375927925109863,0.24790219962596893,0.35449087619781494,0.1681385338306427,0.40497738122940063,0.23613597452640533,0.37530285120010376,0.16442495584487915,0.40616315603256226,0.2705747187137604,0.4227074682712555,0.30785712599754333,0.46632421016693115,0.2128925770521164,0.4435974657535553,0.1491195410490036,0.4690153896808624,0.2740381360054016,0.48194605112075806,0.2943710684776306,0.5337285995483398,0.20170804858207703,0.5135418772697449,0.13879019021987915,0.5297309160232544,0.2628600299358368,0.5405386686325073,0.290743887424469,0.6047834753990173,0.20175372064113617,0.5833446979522705,0.14541396498680115,0.5825724005699158,0.24057553708553314,0.5876941084861755,0.2742891311645508
0.5773462057113647,0.5215920805931091,0.4691934287548065,0.491441011428833,0.3890666663646698,0.3764222264289856,0.3650912940502167,0.2559628188610077,0.3468930423259735,0.1643323302268982,0.4155823588371277,0.2514728903770447,0.37718629837036133,0.19104935228824615,0.40693166851997375,0.2895350754261017,0.4307507574558258,0.3391892910003662,0.4765247106552124,0.2278212159872055,0.4420807957649231,0.17674040794372559,0.4683143198490143,0.29793286323547363,0.488502562046051,0.32738855481147766,0.5432432293891907,0.22035399079322815,0.5113967061042786,0.16235506534576416,0.5289242267608643,0.2853814363479614,0.5452697277069092,0.32246890664100647,0.613629162311554,0.22832679748535156,0.5831429958343506,0.1785755455493927,0.5837096571922302,0.2688041925430298,0.5939116477966309,0.30403265357017517
0.5864889621734619,0.5276311635971069,0.4674707055091858,0.4985118508338928,0.38905420899391174,0.3774643540382385,0.36748531460762024,0.2594558000564575,0.3442545533180237,0.16775865852832794,0.43055930733680725,0.2104051560163498,0.37912431359291077,0.22249796986579895,0.41639578342437744,0.3248562812805176,0.44583943486213684,0.35767030715942383,0.4913270175457001,0.1909903883934021,0.44133850932121277,0.21531115472316742,0.471658319234848,0.33982348442077637,0.4972241520881653,0.3550364375114441,0.5563596487045288,0.19532454013824463,0.51003497838974,0.20125967264175415,0.5292600989341736,0.3254367709159851,0.5517399311065674,0.3445677161216736,0.622486412525177,0.21709796786308289,0.5865501761436462,0.21773198246955872,0.5853648781776428,0.30877941846847534,0.5968949794769287,0.3250444233417511
0.588983416557312,0.5381115078926086,0.47662457823753357,0.510701060295105,0.3972693681716919,0.39315932989120483,0.3687981367111206,0.27733132243156433,0.34541481733322144,0.18072062730789185,0.44768980145454407,0.2159167379140854,0.38817697763442993,0.25742995738983154,0.4226452112197876,0.3580453097820282,0.45379385352134705,0.3830622732639313,0.5076814889907837,0.19517455995082855,0.44656673073768616,0.2547629475593567,0.4764445126056671,0.37257611751556396,0.5047927498817444,0.38065385818481445,0.5700276494026184,0.20397144556045532,0.5134954452514648,0.25106680393218994,0.5310326814651489,0.3626517653465271,0.5554401278495789,0.37018612027168274,0.6326761841773987,0.22906732559204102,0.5878785252571106,0.2584969699382782,0.5849511027336121,0.34522849321365356,0.5980213284492493,0.36054787039756775
0.5882285833358765,0.550054132938385,0.4827350378036499,0.5294578075408936,0.40157052874565125,0.41425594687461853,0.3691071569919586,0.2970530092716217,0.346147358417511,0.2036871761083603,0.44873371720314026,0.24476265907287598,0.3954773545265198,0.29142022132873535,0.43200385570526123,0.38759028911590576,0.4617552161216736,0.4123951196670532,0.5064131021499634,0.22067120671272278,0.45341646671295166,0.2848733067512512,0.48461925983428955,0.3950924873352051,0.5105412006378174,0.4049547612667084,0.5680252909660339,0.2270500361919403,0.5177537798881531,0.2816312313079834,0.536376416683197,0.38760340213775635,0.5583099126815796,0.39616483449935913,0.631060004234314,0.2500115633010864,0.5881109237670898,0.29018208384513855,0.5880345702171326,0.3751072883605957,0.6008875966072083,0.38917168974876404
0.5949625968933105,0.565314531326294,0.49044448137283325,0.5496724843978882,0.4074345529079437,0.4370051622390747,0.37241482734680176,0.32088175415992737,0.3439635634422302,0.23185083270072937,0.4513593018054962,0.2685418426990509,0.39794430136680603,0.31885290145874023,0.43549180030822754,0.41094788908958435,0.4656310975551605,0.43174904584884644,0.5079498887062073,0.24306589365005493,0.45676523447036743,0.3104473054409027,0.4879230260848999,0.41857248544692993,0.5139508247375488,0.4276757836341858,0.5700736045837402,0.24888598918914795,0.5239199995994568,0.3065785765647888,0.5414218902587891,0.410479873418808,0.5629575848579407,0.4174848794937134,0.6348766684532166,0.2710745930671692,0.5949066877365112,0.31347259879112244,0.5944103598594666,0.3963674306869507,0.6073161363601685,0.40857994556427
0.6021907925605774,0.5781970024108887,0.5017378330230713,0.567949116230011,0.4143873155117035,0.464102178812027,0.3749977946281433,0.35231131315231323,0.34852033853530884,0.26261067390441895,0.4492674469947815,0.2817874848842621,0.4006083011627197,0.3512605130672455,0.44005605578422546,0.4370724856853485,0.4699770510196686,0.4537108838558197,0.5057920217514038,0.2543303966522217,0.4572719931602478,0.34143972396850586,0.4919840097427368,0.4443463385105133,0.5182490348815918,0.45133745670318604,0.5685065388679504,0.2621840834617615,0.5252008438110352,0.3375571668148041,0.5456522703170776,0.43778690695762634,0.5664904117584229,0.4430764317512512,0.6348696947097778,0.28921011090278625,0.597450852394104,0.34909680485725403,0.5982969999313354,0.4310775101184845,0.6100200414657593,0.4419831335544586
0.6020458936691284,0.5956757068634033,0.5040231347084045,0.58238685131073,0.41654664278030396,0.47686803340911865,0.37451064586639404,0.36644893884658813,0.3423994183540344,0.2768020033836365,0.44673389196395874,0.2976444959640503,0.4041314721107483,0.38050413131713867,0.44284284114837646,0.466612845659256,0.47257184982299805,0.4893268942832947,0.5044499039649963,0.26847928762435913,0.46411269903182983,0.3716018497943878,0.4969421923160553,0.4716671407222748,0.5204759836196899,0.48621422052383423,0.56830233335495,0.2782413959503174,0.5310342311859131,0.36855024099349976,0.5491987466812134,0.4626551866531372,0.5666165947914124,0.47331926226615906,0.6338502168655396,0.30696162581443787,0.6004619002342224,0.3799690306186676,0.6006234884262085,0.45659831166267395,0.6103373765945435,0.4686899483203888
0.6064561009407043,0.6055759787559509,0.5024400949478149,0.5969582200050354,0.41594406962394714,0.49250632524490356,0.3760020136833191,0.3821687400341034,0.3410494327545166,0.2949790954589844,0.43960773944854736,0.32331863045692444,0.40520626306533813,0.41810697317123413,0.4475517272949219,0.5036031007766724,0.4774685800075531,0.516694188117981,0.4994293451309204,0.29099300503730774,0.470203697681427,0.40688440203666687,0.5013695359230042,0.5034589767456055,0.5239200592041016,0.5050982236862183,0.5657716393470764,0.30048954486846924,0.5381776690483093,0.40139466524124146,0.5528720021247864,0.4909014105796814,0.569840133190155,0.48931315541267395,0.6320685148239136,0.3289484977722168,0.6075741052627563,0.412296324968338,0.6046143174171448,0.48194777965545654,0.6141068935394287,0.4838023781776428
0.6066412925720215,0.6189600229263306,0.5044408440589905,0.608803391456604,0.41767045855522156,0.5056511759757996,0.37595462799072266,0.39782243967056274,0.33841782808303833,0.311003178358078,0.4422123432159424,0.3383340537548065,0.4073377251625061,0.4428838789463043,0.44828277826309204,0.522503137588501,0.47645077109336853,0.5304290652275085,0.5039240717887878,0.3067223131656647,0.4726848602294922,0.4339168667793274,0.5013920068740845,0.5251078009605408,0.5220184922218323,0.5237031579017639,0.5717097520828247,0.31760820746421814,0.541967511177063,0.43153610825538635,0.5559970140457153,0.5170125365257263,0.5730425715446472,0.5130084753036499,0.6381786465644836,0.3472406566143036,0.612204909324646,0.4388260245323181,0.6110839247703552,0.5066288113594055,0.6225759983062744,0.5064866542816162
0.6079980134963989,0.6256555318832397,0.5087339878082275,0.6179234981536865,0.4216277599334717,0.51659095287323,0.3785852789878845,0.41139113903045654,0.33682045340538025,0.32780641317367554,0.4426158666610718,0.3475627601146698,0.4084344804286957,0.4628596901893616,0.4482557773590088,0.5400851964950562,0.47526851296424866,0.5400065183639526,0.5054112672805786,0.3159469664096832,0.47438302636146545,0.45252761244773865,0.5027163028717041,0.541370153427124,0.5231771469116211,0.5337757468223572,0.5729901194572449,0.3275006413459778,0.5436853766441345,0.4515560269355774,0.5571380853652954,0.5343402624130249,0.574247419834137,0.5259266495704651,0.6380820870399475,0.3583880066871643,0.6129887104034424,0.45784687995910645,0.6116163730621338,0.5244650840759277,0.6228899359703064,0.5210838913917542
0.6066704988479614,0.628322184085846,0.5069506764411926,0.6205220222473145,0.4209878444671631,0.5198110342025757,0.37742507457733154,0.4157899022102356,0.3353103995323181,0.3327636420726776,0.442920058965683,0.35157960653305054,0.4087545573711395,0.4688134789466858,0.4482078552246094,0.5441440343856812,0.47522181272506714,0.5422343611717224,0.5055875182151794,0.32112616300582886,0.47401630878448486,0.46069231629371643,0.5020858645439148,0.5472675561904907,0.5222102999687195,0.5371920466423035,0.5730392932891846,0.33280622959136963,0.5431527495384216,0.4583893418312073,0.5559161901473999,0.5373338460922241,0.5726264119148254,0.5266607999801636,0.6386002898216248,0.36326363682746887,0.613717794418335,0.4598211348056793,0.6123520731925964,0.5212284922599792,0.6238189935684204,0.5153561234474182
0.6104642152786255,0.6288953423500061,0.5100690126419067,0.6231300234794617,0.4233679473400116,0.5226447582244873,0.3793421983718872,0.41812798380851746,0.3391566276550293,0.33450767397880554,0.44583216309547424,0.35306382179260254,0.41234636306762695,0.46927064657211304,0.45213499665260315,0.5454656481742859,0.47795212268829346,0.5408570766448975,0.5082937479019165,0.32272422313690186,0.47661077976226807,0.4601556658744812,0.5044034123420715,0.5478122234344482,0.5230703353881836,0.5364688634872437,0.575146496295929,0.3345082402229309,0.5450989007949829,0.4593490958213806,0.5581884980201721,0.5403223037719727,0.5737377405166626,0.5282794237136841,0.6394844055175781,0.36468207836151123,0.6156853437423706,0.46554550528526306,0.6148858666419983,0.5298312306404114,0.6254891157150269,0.5228695869445801
0.613288164138794,0.6315190196037292,0.51319819688797,0.6251699924468994,0.4269154667854309,0.524072527885437,0.38348931074142456,0.4192802309989929,0.34277135133743286,0.33614909648895264,0.4480746388435364,0.3543401062488556,0.41335153579711914,0.4653894603252411,0.4523490369319916,0.540686845779419,0.47795370221138,0.5383203029632568,0.5099332332611084,0.3219679892063141,0.47764185070991516,0.45312386751174927,0.5063714385032654,0.5433205962181091,0.5257337093353271,0.535592257976532,0.5765121579170227,0.3323490023612976,0.5467059016227722,0.4524998366832733,0.5597000122070312,0.5361887216567993,0.5745282173156738,0.5265514850616455,0.6406527161598206,0.3617311716079712,0.6164243817329407,0.4604245722293854,0.6144006848335266,0.5274237394332886,0.6231893301010132,0.5226989984512329
0.6190466284751892,0.6265519857406616,0.5161466598510742,0.620945930480957,0.4301533102989197,0.5219213962554932,0.38641607761383057,0.4178329110145569,0.3454127311706543,0.33571088314056396,0.45277419686317444,0.3503164052963257,0.41710034012794495,0.45631179213523865,0.4583902060985565,0.5292946100234985,0.48266297578811646,0.5221640467643738,0.51358562707901,0.31614211201667786,0.47903868556022644,0.4457468092441559,0.5108675956726074,0.5353982448577881,0.5309827923774719,0.5221779346466064,0.5797595381736755,0.32537341117858887,0.5486927628517151,0.4427863657474518,0.5627548694610596,0.52741938829422,0.5772557258605957,0.5157303214073181,0.642282247543335,0.3541073501110077,0.6200788617134094,0.4530273377895355,0.6169975399971008,0.5207997560501099,0.6244003176689148,0.5138236284255981
0.6156883239746094,0.6283636689186096,0.5159841179847717,0.6161428093910217,0.42970746755599976,0.5195194482803345,0.3871879577636719,0.4165394604206085,0.3486940264701843,0.3325843811035156,0.45407864451408386,0.34890833497047424,0.41799575090408325,0.4449639618396759,0.45653530955314636,0.5192217826843262,0.48084279894828796,0.5255535840988159,0.5146201252937317,0.3153054714202881,0.4804363250732422,0.4328056275844574,0.511245846748352,0.5236988663673401,0.5311804413795471,0.5225003957748413,0.580772876739502,0.32291656732559204,0.5501154661178589,0.43024417757987976,0.5642226934432983,0.5172232985496521,0.5781446099281311,0.5153815150260925,0.6444017887115479,0.3499346971511841,0.6208497881889343,0.4385020136833191,0.617659330368042,0.5098485350608826,0.6241776943206787,0.5119213461875916
0.6077945828437805,0.6267927885055542,0.5088365077972412,0.611857533454895,0.42663997411727905,0.5052277445793152,0.39032262563705444,0.3955130875110626,0.35077548027038574,0.31518223881721497,0.45657894015312195,0.33956411480903625,0.4189949929714203,0.4211251139640808,0.4566405713558197,0.5020233988761902,0.48412030935287476,0.518752932548523,0.5200334191322327,0.3093826174736023,0.4799249768257141,0.4072153866291046,0.5104086995124817,0.5070225596427917,0.5344616770744324,0.5162510275840759,0.5866082906723022,0.3187776803970337,0.5507979393005371,0.40283265709877014,0.5634910464286804,0.4996054470539093,0.5792679786682129,0.5082684755325317,0.6506282687187195,0.34804075956344604,0.6226705312728882,0.41976675391197205,0.6171701550483704,0.49739736318588257,0.6232757568359375,0.5090158581733704
0.6070412397384644,0.6313304901123047,0.5048834681510925,0.6193430423736572,0.4233182966709137,0.5106704235076904,0.39203718304634094,0.39672309160232544,0.3621532917022705,0.3087204098701477,0.4697318375110626,0.3298199772834778,0.4190182685852051,0.37833648920059204,0.4535663425922394,0.4736210107803345,0.48206642270088196,0.5025737881660461,0.5309126973152161,0.30274873971939087,0.47931385040283203,0.3702608644962311,0.5074613690376282,0.48149505257606506,0.5316634178161621,0.4950762689113617,0.5952323079109192,0.31254467368125916,0.5474555492401123,0.3632698357105255,0.5617179870605469,0.4737158417701721,0.5805665850639343,0.4912489056587219,0.658761203289032,0.3408947288990021,0.6194357872009277,0.38314470648765564,0.6127108931541443,0.4719749987125397,0.6192190647125244,0.4939160645008087
0.6128748059272766,0.6347621083259583,0.5071670413017273,0.6176024079322815,0.4235384464263916,0.5046857595443726,0.39117497205734253,0.3922705352306366,0.3587968647480011,0.3070489168167114,0.4720221757888794,0.32679852843284607,0.4217450022697449,0.3757370114326477,0.4553501307964325,0.4708389639854431,0.48307105898857117,0.49537819623947144,0.5325744152069092,0.3008563816547394,0.4827357232570648,0.36734431982040405,0.5082902312278748,0.4785585105419159,0.5324632525444031,0.49111703038215637,0.595770537853241,0.3124431371688843,0.5515089631080627,0.3646625876426697,0.5626887679100037,0.4741435945034027,0.5818193554878235,0.48877474665641785,0.6578001976013184,0.3426683843135834,0.6229610443115234,0.38404470682144165,0.614883542060852,0.46918103098869324,0.6224422454833984,0.48775285482406616
0.6152223348617554,0.630492091178894,0.5071204900741577,0.6215050220489502,0.4314587414264679,0.5064697265625,0.40746328234672546,0.3882850110530853,0.3829898238182068,0.30754899978637695,0.4653347134590149,0.3743879497051239,0.4352838099002838,0.3359060287475586,0.4639227092266083,0.4366433024406433,0.4835278391838074,0.4713958203792572,0.5248152613639832,0.3553583025932312,0.49368053674697876,0.316206693649292,0.5152548551559448,0.4357532858848572,0.5330952405929565,0.45235490798950195,0.5883858799934387,0.35385921597480774,0.5583621263504028,0.31202268600463867,0.5697356462478638,0.42900702357292175,0.5847876667976379,0.44689199328422546,0.6543526649475098,0.36335182189941406,0.6269357800483704,0.3334803581237793,0.6221194267272949,0.41482946276664734,0.6303562521934509,0.432378351688385
0.6132751703262329,0.6424978375434875,0.5126150250434875,0.6189658641815186,0.43696701526641846,0.512593686580658,0.4172372817993164,0.40415382385253906,0.40908151865005493,0.3273628354072571,0.47709596157073975,0.3889447748661041,0.4407409727573395,0.3310369551181793,0.464383065700531,0.4294191598892212,0.4841427803039551,0.463673859834671,0.5312833786010742,0.37079861760139465,0.4950508773326874,0.3136341869831085,0.513900101184845,0.4317614436149597,0.5342545509338379,0.4479130208492279,0.5904125571250916,0.36703038215637207,0.5557266473770142,0.30420470237731934,0.5673110485076904,0.4202424883842468,0.5859084129333496,0.4435409903526306,0.6546244025230408,0.37483248114585876,0.6217655539512634,0.32295718789100647,0.6174922585487366,0.40582600235939026,0.6296459436416626,0.43344610929489136
0.617328941822052,0.6449564695358276,0.5138218402862549,0.6211890578269958,0.43677467107772827,0.5158907771110535,0.4183051288127899,0.4051159620285034,0.4149633049964905,0.327355295419693,0.4756520390510559,0.3896362781524658,0.44045794010162354,0.3313475251197815,0.4634287357330322,0.43142005801200867,0.48218533396720886,0.4628440737724304,0.5306184887886047,0.37074148654937744,0.49621155858039856,0.31249409914016724,0.5144946575164795,0.43141013383865356,0.5340273380279541,0.4460722804069519,0.5902019739151001,0.3663215637207031,0.5570964813232422,0.3037874698638916,0.5683491230010986,0.4203580617904663,0.5861655473709106,0.44189319014549255,0.6545372009277344,0.37373626232147217,0.6213993430137634,0.3244699239730835,0.6177602410316467,0.40699583292007446,0.6300290822982788,0.4322550296783447
0.6101328730583191,0.6580987572669983,0.5070716738700867,0.6274469494819641,0.4391731321811676,0.5146914720535278,0.42658552527427673,0.4060295522212982,0.41847243905067444,0.33412981033325195,0.4748028516769409,0.39576825499534607,0.4381270408630371,0.33475539088249207,0.46099328994750977,0.4300631284713745,0.48097848892211914,0.46594947576522827,0.5289095640182495,0.377390593290329,0.49505534768104553,0.31662362813949585,0.5129928588867188,0.4323694109916687,0.5327516794204712,0.44946858286857605,0.5886072516441345,0.37329351902008057,0.555493175983429,0.3055095672607422,0.5651875138282776,0.4192916750907898,0.5835703611373901,0.44398486614227295,0.6531699299812317,0.381507933139801,0.6204296350479126,0.326391339302063,0.6149252653121948,0.4068603217601776,0.6275694966316223,0.4357684552669525
0.6167567372322083,0.713562548160553,0.5074775218963623,0.6708946824073792,0.4572637379169464,0.597705602645874,0.44940584897994995,0.5235166549682617,0.44430720806121826,0.47550565004348755,0.4977157711982727,0.4958725571632385,0.46517762541770935,0.4168943762779236,0.47405147552490234,0.4845878481864929,0.49589017033576965,0.5503292083740234,0.5389169454574585,0.472165048122406,0.5040451884269714,0.38331910967826843,0.5130245089530945,0.47191494703292847,0.5375531315803528,0.5373532772064209,0.5845881700515747,0.45134031772613525,0.5479443669319153,0.3605724275112152,0.5492367744445801,0.4496907889842987,0.5747010707855225,0.515230119228363,0.6417526006698608,0.4367506504058838,0.6029197573661804,0.3653251528739929,0.5910528302192688,0.4291686713695526,0.6070272922515869,0.48269543051719666
0.6247420907020569,0.7079215049743652,0.5048083066940308,0.6663019061088562,0.4568401575088501,0.5944692492485046,0.45235201716423035,0.5137020349502563,0.45162883400917053,0.4626561403274536,0.49523913860321045,0.4941249489784241,0.4645635485649109,0.4233761727809906,0.4757511019706726,0.4927356541156769,0.4982304275035858,0.556250810623169,0.5377168655395508,0.46870508790016174,0.5026670694351196,0.39066827297210693,0.5172632336616516,0.48500755429267883,0.5449669361114502,0.5446614027023315,0.5854262709617615,0.44600239396095276,0.5489157438278198,0.3691050410270691,0.554181694984436,0.4640805721282959,0.5816840529441833,0.5259612798690796,0.6430459022521973,0.4284488260746002,0.6044617891311646,0.36311662197113037,0.5955209136009216,0.4304773807525635,0.6146185994148254,0.47967833280563354
0.6222982406616211,0.7054191827774048,0.5070903301239014,0.6648104786872864,0.46215325593948364,0.5953508019447327,0.46051692962646484,0.5208888053894043,0.4605264663696289,0.47221407294273376,0.500254213809967,0.49865424633026123,0.4685068726539612,0.4281237721443176,0.47651299834251404,0.4920809268951416,0.4982275366783142,0.5533928871154785,0.5404224991798401,0.4754507541656494,0.5044546723365784,0.3969135880470276,0.5170515179634094,0.4864102900028229,0.5438871383666992,0.5439605712890625,0.5855896472930908,0.4530928432941437,0.5498136878013611,0.371593177318573,0.5535848140716553,0.46217963099479675,0.5808179378509521,0.5218968391418457,0.6416675448417664,0.4338701367378235,0.6050536036491394,0.36370986700057983,0.59535813331604,0.42561137676239014,0.6132140755653381,0.47272369265556335
0.6147947311401367,0.6957482099533081,0.5075870156288147,0.6571876406669617,0.46266472339630127,0.5886578559875488,0.4577619135379791,0.5162188410758972,0.4560328722000122,0.46779295802116394,0.5007625818252563,0.4935564398765564,0.47321343421936035,0.42440590262413025,0.47677454352378845,0.48292964696884155,0.49579453468322754,0.542988657951355,0.5392736792564392,0.4692824184894562,0.5073319673538208,0.38885530829429626,0.5158885717391968,0.475667268037796,0.5420595407485962,0.5345081090927124,0.583774745464325,0.4487762451171875,0.552695095539093,0.36712926626205444,0.5538861751556396,0.4537282884120941,0.5794126987457275,0.5125598907470703,0.6397739052772522,0.4337746500968933,0.6070783138275146,0.36265623569488525,0.5963526964187622,0.42169466614723206,0.6122598052024841,0.46889129281044006
0.6114950776100159,0.6898910403251648,0.5046021342277527,0.6476654410362244,0.46064382791519165,0.5802246928215027,0.45611822605133057,0.5099801421165466,0.45282021164894104,0.46239569783210754,0.49983617663383484,0.48608845472335815,0.47463810443878174,0.421260803937912,0.48091423511505127,0.48104965686798096,0.5000119209289551,0.5392388701438904,0.5395611524581909,0.46293821930885315,0.5095739960670471,0.3852825462818146,0.5194903016090393,0.4715191423892975,0.5445488691329956,0.5286274552345276,0.5841978788375854,0.4435560703277588,0.5542237162590027,0.3665562868118286,0.5562590956687927,0.4531107246875763,0.5806550979614258,0.5111516714096069,0.6401615142822266,0.42990514636039734,0.6087380647659302,0.3600176274776459,0.5979649424552917,0.41828545928001404,0.6122686266899109,0.46452873945236206
0.6044949889183044,0.6837599873542786,0.5008019208908081,0.6361072659492493,0.4577358067035675,0.5682754516601562,0.448641300201416,0.5010745525360107,0.4393048584461212,0.45316338539123535,0.49925974011421204,0.47586870193481445,0.47567877173423767,0.4129318594932556,0.47746556997299194,0.4723690152168274,0.49460873007774353,0.5294822454452515,0.5378357768058777,0.45363813638687134,0.5104754567146301,0.3791826367378235,0.5160605907440186,0.4661365747451782,0.5407390594482422,0.5215045809745789,0.5819172859191895,0.4362180829048157,0.5547211766242981,0.36331793665885925,0.5535842180252075,0.44948166608810425,0.5778340101242065,0.5047540664672852,0.6373549103736877,0.4263315796852112,0.6074458360671997,0.357677698135376,0.5948054194450378,0.4159470200538635,0.6099565029144287,0.4607101380825043
0.5944960117340088,0.6798033714294434,0.4947175681591034,0.632910966873169,0.45348992943763733,0.5647276043891907,0.44699129462242126,0.49825629591941833,0.4396972954273224,0.45188432931900024,0.4961545765399933,0.46925249695777893,0.4725661277770996,0.40570977330207825,0.4724085330963135,0.4653626084327698,0.48818865418434143,0.5218931436538696,0.5339764356613159,0.4491858184337616,0.5066607594490051,0.37681788206100464,0.511019229888916,0.4620974659919739,0.535232663154602,0.5153800845146179,0.5774967670440674,0.43216049671173096,0.5502974987030029,0.3599775433540344,0.5487326979637146,0.4450439512729645,0.5723752975463867,0.49854740500450134,0.6320030093193054,0.42265239357948303,0.6014062762260437,0.35468238592147827,0.5883689522743225,0.41208136081695557,0.6035051941871643,0.4559021592140198
0.5942341685295105,0.675815999507904,0.49731963872909546,0.6267447471618652,0.459306538105011,0.5573694705963135,0.4570665657520294,0.48871132731437683,0.45905494689941406,0.44184744358062744,0.4942055940628052,0.465116024017334,0.47175362706184387,0.4063297212123871,0.4750373363494873,0.4662668704986572,0.49219077825546265,0.5192273259162903,0.5322832465171814,0.44319474697113037,0.505866527557373,0.37582990527153015,0.5128048658370972,0.46340879797935486,0.5379585027694702,0.5134181380271912,0.5774853229522705,0.42560482025146484,0.5501664876937866,0.36272895336151123,0.5503000617027283,0.4494953751564026,0.5751959085464478,0.49967309832572937,0.6331654787063599,0.4165760576725006,0.6017686724662781,0.35512423515319824,0.5902808308601379,0.4155195355415344,0.6080224514007568,0.4575352072715759
0.5933937430381775,0.6743713617324829,0.4946105480194092,0.6244164705276489,0.45743995904922485,0.55742347240448,0.4560175836086273,0.4894232749938965,0.4585132598876953,0.44417640566825867,0.49611636996269226,0.4679679274559021,0.4704605042934418,0.4075367748737335,0.47434693574905396,0.46748602390289307,0.4935017228126526,0.5236102938652039,0.5342227220535278,0.44713541865348816,0.506499707698822,0.3757089078426361,0.5132274627685547,0.461363822221756,0.5376988649368286,0.516097366809845,0.578380823135376,0.4297272264957428,0.5506904721260071,0.3569931387901306,0.5493277907371521,0.44229060411453247,0.5733079314231873,0.4989388585090637,0.6330357789993286,0.4197607636451721,0.6014502048492432,0.3522036075592041,0.5886232852935791,0.41079360246658325,0.6044156551361084,0.4574113190174103
0.5954334139823914,0.6576728224754333,0.5025616884231567,0.6084587574005127,0.46527791023254395,0.5380825400352478,0.46432024240493774,0.4760851562023163,0.4606209397315979,0.431307852268219,0.5114650726318359,0.4442055821418762,0.4886414110660553,0.38033509254455566,0.4841632544994354,0.43513408303260803,0.49651914834976196,0.4888855516910553,0.5487321019172668,0.4260495603084564,0.52357017993927,0.3526952862739563,0.5220791697502136,0.4381905794143677,0.543708860874176,0.4934779405593872,0.5932577252388,0.4138147830963135,0.5669703483581543,0.33979299664497375,0.5611665844917297,0.4270564913749695,0.5823253393173218,0.4824008643627167,0.6483466625213623,0.41176265478134155,0.6216924786567688,0.3435853123664856,0.6040016412734985,0.3985903859138489,0.6139782667160034,0.44315263628959656
0.6010087728500366,0.6468868255615234,0.5051130652427673,0.5904783606529236,0.47050198912620544,0.5180919170379639,0.4714111089706421,0.452041894197464,0.468618780374527,0.40622761845588684,0.5160098075866699,0.4340718984603882,0.4918844699859619,0.3713315725326538,0.4906959533691406,0.42785441875457764,0.5046885013580322,0.4807771146297455,0.5538504719734192,0.41747376322746277,0.5280846953392029,0.3463733196258545,0.5284765362739563,0.42960622906684875,0.5505440831184387,0.48414599895477295,0.5983067750930786,0.4054458439350128,0.5707557201385498,0.335175484418869,0.5656710863113403,0.4201129078865051,0.5880743265151978,0.47663089632987976,0.6528446674346924,0.40194231271743774,0.6226609349250793,0.3364381194114685,0.6077401041984558,0.39529815316200256,0.6228327751159668,0.4421660304069519
0.5907688140869141,0.6302282214164734,0.5007451176643372,0.5695844888687134,0.46792206168174744,0.4901314377784729,0.468690425157547,0.42160388827323914,0.46286195516586304,0.3716995120048523,0.5170491933822632,0.4138389825820923,0.49696457386016846,0.3491460978984833,0.49341708421707153,0.4102729856967926,0.5058222413063049,0.46444979310035706,0.5555697083473206,0.40058213472366333,0.5349816679954529,0.3272128701210022,0.5304473042488098,0.412791907787323,0.5502092838287354,0.4660060405731201,0.601382315158844,0.39217978715896606,0.5789929032325745,0.3193967342376709,0.5702929496765137,0.40728455781936646,0.5894373655319214,0.46116727590560913,0.6557015180587769,0.39417654275894165,0.6288337707519531,0.3247472643852234,0.6122282147407532,0.3833193778991699,0.6249204874038696,0.42766237258911133
0.5822893977165222,0.6242564916610718,0.4943539798259735,0.5665305852890015,0.46296778321266174,0.48888078331947327,0.4663419723510742,0.4235888719558716,0.46658802032470703,0.3749454617500305,0.5172021985054016,0.4060480296611786,0.4941256046295166,0.3410944640636444,0.4867296814918518,0.39943116903305054,0.4976363480091095,0.454050213098526,0.5547757744789124,0.39382433891296387,0.5290253758430481,0.32084333896636963,0.5210763216018677,0.4064122140407562,0.541291356086731,0.4621727764606476,0.5994732975959778,0.3854030668735504,0.5710657238960266,0.3109530508518219,0.5595865249633789,0.4000547528266907,0.5801263451576233,0.45589399337768555,0.6536741256713867,0.38765764236450195,0.6232750415802002,0.3177978992462158,0.6050287485122681,0.37843942642211914,0.6195419430732727,0.4245544672012329
0.5855091214179993,0.6235848665237427,0.4970083236694336,0.5674555897712708,0.46762436628341675,0.49330389499664307,0.47150805592536926,0.4257592558860779,0.4718579053878784,0.3733367323875427,0.514937162399292,0.4075806140899658,0.4918034076690674,0.34423065185546875,0.48716500401496887,0.40282362699508667,0.500078022480011,0.45830169320106506,0.5531437397003174,0.3941037654876709,0.5279045701026917,0.3217230439186096,0.5222405195236206,0.40586909651756287,0.5426344871520996,0.46310657262802124,0.5987629890441895,0.38445013761520386,0.569510817527771,0.3123864531517029,0.5593507289886475,0.4005887806415558,0.5805978178977966,0.45834997296333313,0.6540441513061523,0.3859826326370239,0.623083233833313,0.3191682696342468,0.6040864586830139,0.3803565204143524,0.6178170442581177,0.428766131401062
0.5582770705223083,0.6049814820289612,0.485584020614624,0.5425511002540588,0.46755892038345337,0.453416109085083,0.48621320724487305,0.39064180850982666,0.4970523416996002,0.3449866473674774,0.5133928656578064,0.37486445903778076,0.493299275636673,0.30558788776397705,0.4808923602104187,0.3699292242527008,0.48967409133911133,0.426004022359848,0.5478973388671875,0.3665348291397095,0.5249747037887573,0.29067373275756836,0.5085726976394653,0.377498596906662,0.5248525738716125,0.43405386805534363,0.5898007154464722,0.3662435710430145,0.5645596981048584,0.29006755352020264,0.5453836917877197,0.3779321610927582,0.5610816478729248,0.4322294592857361,0.6417688131332397,0.37784335017204285,0.6138429045677185,0.3112821578979492,0.5899426341056824,0.3690564036369324,0.5990946292877197,0.4136291742324829
0.5557487607002258,0.6090235710144043,0.48168423771858215,0.5356391072273254,0.47009989619255066,0.44819286465644836,0.49285730719566345,0.385296106338501,0.508233368396759,0.333728164434433,0.5195073485374451,0.37224745750427246,0.4971298277378082,0.3029879927635193,0.4815194606781006,0.36875343322753906,0.4899873733520508,0.4289494752883911,0.5531520247459412,0.3660672605037689,0.5270439386367798,0.2863752841949463,0.5084667205810547,0.3743436932563782,0.5245584845542908,0.4347642958164215,0.5948891043663025,0.36579060554504395,0.5657258629798889,0.2830240726470947,0.5445599555969238,0.37196433544158936,0.5628744959831238,0.4317546486854553,0.6468234062194824,0.37737393379211426,0.6166405081748962,0.3038831353187561,0.5902834534645081,0.3627920150756836,0.6002766489982605,0.41405990719795227
0.5425319671630859,0.6150141954421997,0.4860774278640747,0.534285843372345,0.4795866310596466,0.4357558786869049,0.4933379590511322,0.3652304708957672,0.5059484243392944,0.30994218587875366,0.5324821472167969,0.35993072390556335,0.5189419984817505,0.28791362047195435,0.48706331849098206,0.34174272418022156,0.4810560345649719,0.40577495098114014,0.5609856843948364,0.35605454444885254,0.5394657850265503,0.2797054052352905,0.503942608833313,0.34839022159576416,0.5031686425209045,0.41184136271476746,0.5984456539154053,0.36265334486961365,0.5655373334884644,0.2907761037349701,0.5318637490272522,0.363639235496521,0.5353953242301941,0.4238106310367584,0.6438001990318298,0.3827068507671356,0.6017930507659912,0.3205757439136505,0.571877658367157,0.369579553604126,0.5763360857963562,0.4190994203090668
0.5520398616790771,0.6292204856872559,0.49236932396888733,0.5318199992179871,0.4913293123245239,0.4339282810688019,0.5020931959152222,0.36331021785736084,0.512614369392395,0.3001953661441803,0.5652050375938416,0.3221046030521393,0.4989081025123596,0.28431642055511475,0.4771880507469177,0.3627820611000061,0.4860110878944397,0.41886261105537415,0.5936831831932068,0.3193873465061188,0.5040256977081299,0.27917665243148804,0.4808085858821869,0.36928725242614746,0.4968082904815674,0.418885737657547,0.6227571964263916,0.3326209783554077,0.5242860913276672,0.2978859841823578,0.5060864090919495,0.3891392648220062,0.5292747616767883,0.433634489774704,0.6470080614089966,0.36320003867149353,0.558646023273468,0.333517849445343,0.5461272597312927,0.39113348722457886,0.5700348615646362,0.4265081286430359
0.5580323934555054,0.6369794011116028,0.4951479732990265,0.524760901927948,0.49445897340774536,0.4231247305870056,0.501023530960083,0.35066118836402893,0.5072903037071228,0.28217095136642456,0.5785138607025146,0.3266202211380005,0.5047529935836792,0.2820690870285034,0.4804708957672119,0.35903823375701904,0.4933832883834839,0.4084358811378479,0.6028256416320801,0.32591360807418823,0.5054195523262024,0.2802785634994507,0.4818078875541687,0.3740447759628296,0.5048444867134094,0.41976913809776306,0.6268646121025085,0.3382972776889801,0.5207408666610718,0.2971184253692627,0.49994584918022156,0.3929726779460907,0.5272694826126099,0.43418431282043457,0.6457841992378235,0.3666761815547943,0.5513158440589905,0.3340614438056946,0.5387573838233948,0.39703211188316345,0.5657374858856201,0.4325554370880127
0.5667901635169983,0.6446126103401184,0.5032655596733093,0.5245957374572754,0.5092166066169739,0.42099323868751526,0.5187518000602722,0.35046857595443726,0.5275823473930359,0.28431767225265503,0.6058139204978943,0.3220450282096863,0.5126844048500061,0.27826911211013794,0.48645731806755066,0.3553731441497803,0.49974387884140015,0.40733787417411804,0.6272009015083313,0.32394349575042725,0.5083225965499878,0.27649879455566406,0.48333460092544556,0.37010666728019714,0.5052952170372009,0.41930827498435974,0.6416308283805847,0.3393275737762451,0.5178284645080566,0.2937943935394287,0.49552226066589355,0.3895268440246582,0.5235894918441772,0.43433231115341187,0.6460723876953125,0.36651355028152466,0.5376856923103333,0.33635959029197693,0.5243463516235352,0.40203654766082764,0.5520821809768677,0.43842628598213196
0.5660534501075745,0.6477218866348267,0.5034587979316711,0.5158858299255371,0.5128496885299683,0.4163942039012909,0.526563286781311,0.3447435200214386,0.5373809933662415,0.2775766849517822,0.6161953806877136,0.32713818550109863,0.5172924399375916,0.276276558637619,0.4936515986919403,0.35741397738456726,0.5107528567314148,0.4106801450252533,0.6357840895652771,0.333053320646286,0.5106282830238342,0.27695879340171814,0.48792797327041626,0.3746272623538971,0.5132213234901428,0.42569923400878906,0.6465343236923218,0.34943047165870667,0.5188306570053101,0.29332250356674194,0.49732476472854614,0.3918270468711853,0.5279917120933533,0.4388643205165863,0.6467152833938599,0.3750706911087036,0.5366557240486145,0.33665668964385986,0.5229130387306213,0.40387803316116333,0.5518164038658142,0.4419206976890564
0.5726474523544312,0.656256914138794,0.5074726939201355,0.5236330032348633,0.5150256156921387,0.42081478238105774,0.5287009477615356,0.3489987254142761,0.5403525233268738,0.2828599214553833,0.6206872463226318,0.3311172127723694,0.517496645450592,0.27944380044937134,0.4944010376930237,0.3632315695285797,0.5134126543998718,0.41303765773773193,0.6392245292663574,0.33550670742988586,0.5088297128677368,0.2797398865222931,0.48804783821105957,0.37822598218917847,0.5180694460868835,0.42487478256225586,0.6480044722557068,0.350789874792099,0.5185962319374084,0.29471683502197266,0.497383177280426,0.3937019407749176,0.5298775434494019,0.43846020102500916,0.6462005376815796,0.3749038279056549,0.5367388129234314,0.3389967978000641,0.5232809782028198,0.40765276551246643,0.5532041788101196,0.4446927309036255
0.5742303729057312,0.6602768898010254,0.506868302822113,0.526628315448761,0.510115921497345,0.42493635416030884,0.5178993940353394,0.3519819676876068,0.5259072184562683,0.2816367447376251,0.6126911640167236,0.3318618834018707,0.5144535899162292,0.2805140018463135,0.48959463834762573,0.3630533218383789,0.5055644512176514,0.41652512550354004,0.6331858038902283,0.3362073302268982,0.5069482326507568,0.2810245156288147,0.48433345556259155,0.3786550462245941,0.5107294321060181,0.430214524269104,0.6446763277053833,0.3515746295452118,0.5164653062820435,0.2965220808982849,0.4953082799911499,0.39579033851623535,0.526179313659668,0.444217711687088,0.6454342007637024,0.37618184089660645,0.5366284251213074,0.3384583592414856,0.5231497883796692,0.40572214126586914,0.5518980622291565,0.44504380226135254
0.5596943497657776,0.6544346809387207,0.4946800172328949,0.5330872535705566,0.49618861079216003,0.42824670672416687,0.5070988535881042,0.3527188003063202,0.5170879364013672,0.2825790345668793,0.582573652267456,0.33137282729148865,0.5045349597930908,0.28117305040359497,0.47955894470214844,0.36189332604408264,0.49190330505371094,0.4186798334121704,0.607220470905304,0.33175963163375854,0.5045469403266907,0.281089186668396,0.47926414012908936,0.3774794936180115,0.49953144788742065,0.43058326840400696,0.6297729015350342,0.3454146087169647,0.5181342959403992,0.2974533438682556,0.4957469701766968,0.39543890953063965,0.520243763923645,0.4447231590747833,0.6457220911979675,0.3728281557559967,0.5461790561676025,0.3362259864807129,0.532317042350769,0.4005244970321655,0.5570279359817505,0.4399126172065735
0.5476823449134827,0.6468775272369385,0.4870147705078125,0.5416881442070007,0.48161211609840393,0.43879228830337524,0.48957914113998413,0.36247894167900085,0.49709367752075195,0.29199862480163574,0.5494293570518494,0.33821195363998413,0.49799707531929016,0.28109973669052124,0.47295621037483215,0.3596252202987671,0.481029212474823,0.41430336236953735,0.577306866645813,0.33740559220314026,0.503006100654602,0.2781510651111603,0.47719836235046387,0.3752077519893646,0.4968470335006714,0.42599624395370483,0.6097466349601746,0.35004401206970215,0.5228404998779297,0.29831624031066895,0.501076340675354,0.3979533016681671,0.5258500576019287,0.44495341181755066,0.641012966632843,0.3791426122188568,0.5604751110076904,0.3351510465145111,0.5453347563743591,0.39688050746917725,0.5692270398139954,0.43684548139572144
0.5489044785499573,0.6555735468864441,0.4867040514945984,0.5573862791061401,0.47703471779823303,0.46002987027168274,0.4855719804763794,0.3857192397117615,0.49477285146713257,0.3163318634033203,0.5392167568206787,0.3571203052997589,0.49247777462005615,0.2939297556877136,0.47080370783805847,0.36698392033576965,0.4806896448135376,0.42577141523361206,0.5651160478591919,0.35432112216949463,0.5020012855529785,0.28578847646713257,0.4786100387573242,0.37787359952926636,0.495851993560791,0.436038613319397,0.5995236039161682,0.3601248264312744,0.5249754190444946,0.2963920533657074,0.5049547553062439,0.39209574460983276,0.5284491181373596,0.44633251428604126,0.638204038143158,0.3821485638618469,0.5650253891944885,0.3293471038341522,0.5478206276893616,0.3920004665851593,0.5698071718215942,0.43930894136428833
0.550411581993103,0.6605060696601868,0.48637521266937256,0.5724875926971436,0.4699399471282959,0.4718930721282959,0.48338449001312256,0.39879414439201355,0.4991275668144226,0.33454665541648865,0.5187711119651794,0.36928045749664307,0.483976274728775,0.29650041460990906,0.4624604284763336,0.3655361235141754,0.4713616967201233,0.4253188669681549,0.5477100610733032,0.36568161845207214,0.5044244527816772,0.28843989968299866,0.4816271960735321,0.3778911530971527,0.49899277091026306,0.4354942739009857,0.5868598222732544,0.3695593476295471,0.5333540439605713,0.2969878315925598,0.5138888955116272,0.39189833402633667,0.5358696579933167,0.4472994804382324,0.6341159343719482,0.38877159357070923,0.574885368347168,0.32624581456184387,0.5555228590965271,0.3919816017150879,0.5748367309570312,0.4412437379360199
0.5537776947021484,0.6672928333282471,0.48415258526802063,0.587283730506897,0.4620148539543152,0.48736611008644104,0.47960197925567627,0.414404034614563,0.4972596764564514,0.3534083962440491,0.506737232208252,0.3825576603412628,0.4748576283454895,0.3059237003326416,0.4573844373226166,0.37387943267822266,0.46870672702789307,0.43479302525520325,0.5384820699691772,0.37667354941368103,0.5009095072746277,0.2924012243747711,0.48205626010894775,0.3824664354324341,0.5013427138328552,0.4421558678150177,0.580383837223053,0.37691399455070496,0.5363789200782776,0.2928988039493561,0.5180624127388,0.38606175780296326,0.5397769212722778,0.4437454342842102,0.6323267817497253,0.39081403613090515,0.5808210968971252,0.3215765953063965,0.560395359992981,0.39002060890197754,0.5784894824028015,0.4429831802845001
0.5543246865272522,0.6640340089797974,0.4861696660518646,0.5876834988594055,0.4645426273345947,0.4860191345214844,0.4805130660533905,0.4106388986110687,0.4980778098106384,0.3499729037284851,0.5087093710899353,0.38069042563438416,0.4775061011314392,0.3000001609325409,0.4558674097061157,0.36867791414260864,0.4655008018016815,0.4325556457042694,0.5391311645507812,0.3738262355327606,0.5027874708175659,0.28758513927459717,0.48145991563796997,0.3797580599784851,0.4999164044857025,0.4429875910282135,0.5802834630012512,0.37482643127441406,0.5370330214500427,0.29253989458084106,0.5171887278556824,0.387104868888855,0.5382897257804871,0.4468991458415985,0.6314613223075867,0.38955584168434143,0.5808098316192627,0.3198157846927643,0.558148980140686,0.3882834315299988,0.5750625729560852,0.44217830896377563
0.5544363856315613,0.6650817394256592,0.48564639687538147,0.5909044742584229,0.46276918053627014,0.49128779768943787,0.4785884618759155,0.41732585430145264,0.4956793487071991,0.3569972515106201,0.5066308379173279,0.38200610876083374,0.47461482882499695,0.3028351068496704,0.4547656774520874,0.37192487716674805,0.46583327651023865,0.4336904287338257,0.5379698872566223,0.374620258808136,0.500715434551239,0.28953850269317627,0.48073992133140564,0.38341832160949707,0.5010693073272705,0.44434940814971924,0.5797932147979736,0.3748137652873993,0.5364565849304199,0.2924884557723999,0.5172383785247803,0.3872847259044647,0.5402504205703735,0.4440663456916809,0.6315999031066895,0.3889961242675781,0.581849217414856,0.3183719217777252,0.5591579079627991,0.3871421217918396,0.5771042108535767,0.44024279713630676
0.5700966715812683,0.66184401512146,0.46922367811203003,0.6158288717269897,0.40942269563674927,0.5177267789840698,0.4082809090614319,0.42686453461647034,0.4151648283004761,0.35838574171066284,0.4574478268623352,0.3880900740623474,0.42944249510765076,0.31911635398864746,0.4400164783000946,0.40970322489738464,0.45797958970069885,0.46362337470054626,0.5118173360824585,0.37039342522621155,0.48443537950515747,0.2949337959289551,0.4928562641143799,0.407748818397522,0.5145075917243958,0.4518931210041046,0.5724331140518188,0.3621932864189148,0.5441481471061707,0.27883481979370117,0.5421319007873535,0.3907167911529541,0.5609758496284485,0.43764644861221313,0.6408513784408569,0.36991196870803833,0.6088823080062866,0.3017280101776123,0.5931288003921509,0.3837377429008484,0.6017423868179321,0.42712798714637756
0.5743772983551025,0.6646120548248291,0.4683929681777954,0.6240737438201904,0.40697526931762695,0.5157352089881897,0.40936100482940674,0.41249901056289673,0.41893285512924194,0.34106120467185974,0.4528796374797821,0.40066176652908325,0.4307268261909485,0.3264768421649933,0.4427746534347534,0.41280800104141235,0.45997095108032227,0.46623528003692627,0.5072863698005676,0.37825629115104675,0.4868500828742981,0.29740896821022034,0.4958055913448334,0.40507248044013977,0.5151311755180359,0.45166146755218506,0.567099928855896,0.3695288300514221,0.5460503101348877,0.2852364182472229,0.5463790893554688,0.39325016736984253,0.5618393421173096,0.4442186951637268,0.6335352063179016,0.37647801637649536,0.6103848814964294,0.30296212434768677,0.5967087745666504,0.3801143765449524,0.603445291519165,0.4256414771080017
0.585943877696991,0.6651241779327393,0.4739476442337036,0.6309555172920227,0.40838518738746643,0.5230828523635864,0.4028150141239166,0.4141106903553009,0.3966229557991028,0.34129369258880615,0.44954022765159607,0.40983879566192627,0.42891359329223633,0.3286074697971344,0.4454520344734192,0.41901373863220215,0.4609456956386566,0.4754768908023834,0.506489098072052,0.38188570737838745,0.486708402633667,0.30416733026504517,0.5015893578529358,0.4140987694263458,0.5184984803199768,0.4584210515022278,0.5677863359451294,0.3683008551597595,0.5473796725273132,0.28984177112579346,0.5531653761863708,0.4003807306289673,0.5669804811477661,0.4476258158683777,0.6362824440002441,0.36971646547317505,0.6117396950721741,0.3017388582229614,0.6026464700698853,0.3833119869232178,0.6094151735305786,0.4246734082698822
0.6264464855194092,0.6823132634162903,0.5073815584182739,0.6697918176651001,0.4308817982673645,0.5572174191474915,0.4103848934173584,0.4345313310623169,0.3850190043449402,0.3495205044746399,0.46248283982276917,0.42855244874954224,0.44452565908432007,0.35410863161087036,0.4684142768383026,0.44660452008247375,0.48281288146972656,0.49867668747901917,0.5235415697097778,0.3921678960323334,0.5030033588409424,0.31250059604644775,0.5260676145553589,0.43015605211257935,0.5395867824554443,0.4717182517051697,0.5893392562866211,0.37205347418785095,0.5675439238548279,0.28656020760536194,0.5806959867477417,0.4024660885334015,0.5911780595779419,0.45095109939575195,0.6614447832107544,0.36850762367248535,0.6395449042320251,0.3011467456817627,0.6353187561035156,0.38449376821517944,0.637799084186554,0.4259404242038727
0.6257427930831909,0.6867533922195435,0.5128699541091919,0.675988495349884,0.43197569251060486,0.5571321249008179,0.4113069176673889,0.43396881222724915,0.3802383542060852,0.35265690088272095,0.4633634686470032,0.4213971197605133,0.445199191570282,0.34986600279808044,0.472122460603714,0.4413700997829437,0.49129000306129456,0.49865037202835083,0.523235023021698,0.3865266442298889,0.5039948225021362,0.31085753440856934,0.527275025844574,0.4264426529407501,0.5415652394294739,0.4706130623817444,0.5885217785835266,0.36896950006484985,0.5703352689743042,0.2871277928352356,0.5842006802558899,0.40129604935646057,0.594171404838562,0.44916996359825134,0.6594520807266235,0.36709973216056824,0.6421917676925659,0.29868200421333313,0.638055682182312,0.3814605474472046,0.6388281583786011,0.4228367209434509
0.6262324452400208,0.6889280080795288,0.5119719505310059,0.675054132938385,0.4317798316478729,0.5572906732559204,0.4122207760810852,0.435368150472641,0.38292762637138367,0.35366079211235046,0.4649415612220764,0.42265018820762634,0.44523388147354126,0.34975236654281616,0.4690924882888794,0.44113704562187195,0.4881857633590698,0.49953538179397583,0.5246566534042358,0.38905417919158936,0.5035929083824158,0.3122768998146057,0.5249884724617004,0.4269578456878662,0.541486918926239,0.4727109372615814,0.5902418494224548,0.3715754747390747,0.5693215131759644,0.2862001657485962,0.581053614616394,0.40069979429244995,0.5933051109313965,0.4522523880004883,0.6616788506507874,0.3689115047454834,0.6400786638259888,0.2956621050834656,0.6342289447784424,0.37845057249069214,0.6374444365501404,0.42340168356895447
0.6352903842926025,0.6901472806930542,0.5186460614204407,0.6811130046844482,0.43364641070365906,0.5625650882720947,0.40924400091171265,0.4383297264575958,0.376206636428833,0.35671406984329224,0.4654444456100464,0.42838144302368164,0.4439797103404999,0.35263359546661377,0.47078564763069153,0.44428351521492004,0.49076956510543823,0.5007855296134949,0.5248215198516846,0.391143262386322,0.5020625591278076,0.312536358833313,0.5267269015312195,0.4267432391643524,0.5440356731414795,0.47003862261772156,0.5900914072990417,0.3692241907119751,0.5669717192649841,0.28405123949050903,0.5818129777908325,0.3979303538799286,0.5951018333435059,0.4478139281272888,0.6607117056846619,0.3617224395275116,0.6377551555633545,0.2897412180900574,0.634644627571106,0.3728947639465332,0.6398968696594238,0.416591078042984
0.652091383934021,0.6840139627456665,0.5303957462310791,0.6810325384140015,0.44270777702331543,0.5691081881523132,0.4123851954936981,0.4451712965965271,0.37226414680480957,0.3693023920059204,0.4733147919178009,0.436433345079422,0.4477689564228058,0.3554445803165436,0.4795980155467987,0.44281724095344543,0.5000068545341492,0.4985882639884949,0.5313352346420288,0.39208731055259705,0.5058673620223999,0.3119117021560669,0.536354660987854,0.42058801651000977,0.5511878728866577,0.46035459637641907,0.5944378972053528,0.36394622921943665,0.5698363184928894,0.27521687746047974,0.5892274975776672,0.3831831216812134,0.5995835661888123,0.4286283254623413,0.662667453289032,0.35135936737060547,0.6428704261779785,0.28125837445259094,0.6426288485527039,0.3615390658378601,0.6449129581451416,0.4020935893058777
0.662357747554779,0.6835154294967651,0.5412001609802246,0.6831983327865601,0.4526378810405731,0.5724723935127258,0.42043447494506836,0.4490479826927185,0.37881672382354736,0.37335091829299927,0.47758588194847107,0.4342597723007202,0.4529535174369812,0.3602274954319,0.48491600155830383,0.4446491599082947,0.506712794303894,0.5010303854942322,0.5353755950927734,0.3874061703681946,0.5082295536994934,0.30864787101745605,0.5396867990493774,0.4177822172641754,0.5566797852516174,0.4595617651939392,0.5990043878555298,0.35844749212265015,0.5746216773986816,0.274131715297699,0.5945748686790466,0.37930992245674133,0.60707688331604,0.423391193151474,0.6688491702079773,0.3455123007297516,0.6481760144233704,0.2759087383747101,0.6491706967353821,0.3532044291496277,0.6537837386131287,0.39154112339019775
0.6745692491531372,0.6822882294654846,0.5491442680358887,0.6791452765464783,0.4613889455795288,0.5688397288322449,0.42918771505355835,0.44542697072029114,0.38604623079299927,0.37258508801460266,0.48718729615211487,0.43653491139411926,0.4618353247642517,0.35460492968559265,0.4933299422264099,0.4407045245170593,0.5157256722450256,0.5041452050209045,0.5451216101646423,0.38871341943740845,0.5171487927436829,0.3024125099182129,0.5495233535766602,0.41340935230255127,0.567714273929596,0.46507349610328674,0.6089422702789307,0.35854455828666687,0.5832635164260864,0.26600509881973267,0.6047877669334412,0.37397485971450806,0.6189638376235962,0.42708685994148254,0.6789838075637817,0.3449435830116272,0.6579973697662354,0.27060431241989136,0.660017192363739,0.34894710779190063,0.6644420623779297,0.39235055446624756
0.6897375583648682,0.6870608925819397,0.5618574619293213,0.6841633319854736,0.47046032547950745,0.5702129602432251,0.43648841977119446,0.44735077023506165,0.393599271774292,0.37284135818481445,0.49898993968963623,0.4354773759841919,0.46957477927207947,0.35338732600212097,0.5016974806785583,0.4415957033634186,0.523609459400177,0.5039647817611694,0.5561138391494751,0.3891224265098572,0.5248377919197083,0.3048740327358246,0.5590258836746216,0.41596120595932007,0.5777307748794556,0.46418824791908264,0.6199936866760254,0.35973840951919556,0.5887991786003113,0.2616514563560486,0.6128044128417969,0.3724462389945984,0.6283635497093201,0.42762914299964905,0.6902564167976379,0.3470267653465271,0.6677591800689697,0.27238425612449646,0.6704554557800293,0.3530387878417969,0.6758815050125122,0.39854559302330017
0.6999022960662842,0.6891682147979736,0.5713400840759277,0.6887349486351013,0.4791354238986969,0.5763927698135376,0.4439144730567932,0.45265260338783264,0.40087026357650757,0.37882596254348755,0.5034515261650085,0.4417608678340912,0.47569766640663147,0.3553119897842407,0.5120213627815247,0.4425659775733948,0.534324049949646,0.5088191032409668,0.5620899200439453,0.39232444763183594,0.5319387316703796,0.3052920997142792,0.5703966617584229,0.41515839099884033,0.5870802402496338,0.4672887325286865,0.6266734600067139,0.36138349771499634,0.5973429083824158,0.26013633608818054,0.6248266100883484,0.36882367730140686,0.6381195783615112,0.4275490343570709,0.6967682838439941,0.34839197993278503,0.6776950359344482,0.26865875720977783,0.6821632385253906,0.3474496603012085,0.6840660572052002,0.39667144417762756
0.7089598178863525,0.6903852224349976,0.581619918346405,0.691612720489502,0.4879867434501648,0.5842021703720093,0.4522043466567993,0.4614253640174866,0.4090149402618408,0.3871336579322815,0.5097657442092896,0.44642120599746704,0.48129725456237793,0.35858315229415894,0.5182330012321472,0.4437142014503479,0.5420991778373718,0.5116453170776367,0.568095862865448,0.39703360199928284,0.5359036922454834,0.30884045362472534,0.5759406089782715,0.4189426004886627,0.5950767993927002,0.47604483366012573,0.6324313879013062,0.3657512664794922,0.6013824939727783,0.2618449330329895,0.6304690837860107,0.3712480068206787,0.6456643342971802,0.43440011143684387,0.7034770846366882,0.35228535532951355,0.6837041974067688,0.2681063413619995,0.6890440583229065,0.3473634719848633,0.6911594271659851,0.4007209241390228
0.7171239852905273,0.694593071937561,0.5901815295219421,0.6954485177993774,0.49643078446388245,0.5882778167724609,0.4601813852787018,0.4642353057861328,0.41785097122192383,0.3889956474304199,0.5167150497436523,0.45294690132141113,0.4882635772228241,0.36416423320770264,0.5247441530227661,0.44850513339042664,0.5485595464706421,0.516457736492157,0.5748854875564575,0.4028290808200836,0.5424042344093323,0.3136231601238251,0.5824089050292969,0.4211421012878418,0.602629542350769,0.4808385968208313,0.6386489868164062,0.36987173557281494,0.6062563061714172,0.2615429759025574,0.6352239847183228,0.368149995803833,0.6521968245506287,0.43684595823287964,0.708233654499054,0.3543849587440491,0.6878657341003418,0.26539430022239685,0.6933131217956543,0.3419753909111023,0.6970272064208984,0.40073978900909424
0.7224114537239075,0.699256181716919,0.593369722366333,0.6970933675765991,0.5007255673408508,0.5895545482635498,0.4644949436187744,0.46657851338386536,0.42319539189338684,0.3888411223888397,0.5226258635520935,0.45556554198265076,0.49465519189834595,0.36582159996032715,0.5287266373634338,0.4503416419029236,0.5536009669303894,0.5207244753837585,0.5807170867919922,0.40524330735206604,0.549038290977478,0.3137701749801636,0.5855278968811035,0.4223276376724243,0.607601523399353,0.48470497131347656,0.6445967555046082,0.37200766801834106,0.6134026050567627,0.259623259305954,0.6372807621955872,0.3641117215156555,0.6550672650337219,0.4335179328918457,0.7149184346199036,0.35617247223854065,0.6933208703994751,0.2598572373390198,0.694742739200592,0.33464258909225464,0.6983979940414429,0.39575615525245667
0.7311971187591553,0.7017008662223816,0.6015974283218384,0.6992225646972656,0.5081232190132141,0.5914440155029297,0.4726444482803345,0.46719029545783997,0.43280282616615295,0.39183568954467773,0.5280887484550476,0.462216317653656,0.5013426542282104,0.3681308627128601,0.5365738272666931,0.4488547444343567,0.558232843875885,0.52065509557724,0.5873668789863586,0.41094109416007996,0.5563147068023682,0.317432701587677,0.5943982601165771,0.4212476313114166,0.6127691864967346,0.48682069778442383,0.6515598297119141,0.376002699136734,0.6195339560508728,0.26332685351371765,0.6464340090751648,0.36423927545547485,0.6619395017623901,0.4369911551475525,0.7216569781303406,0.3579140305519104,0.7004398107528687,0.26170992851257324,0.704894483089447,0.3339979648590088,0.7072001695632935,0.3967937231063843
0.7374286651611328,0.701744794845581,0.6084098815917969,0.7007036209106445,0.5141066908836365,0.593070387840271,0.4790925979614258,0.46974000334739685,0.4424620270729065,0.39389723539352417,0.534736156463623,0.4595017731189728,0.5072660446166992,0.3686777949333191,0.5417603254318237,0.4518749415874481,0.5628370642662048,0.5146312713623047,0.5932753086090088,0.40858471393585205,0.5643184185028076,0.3194946050643921,0.5994052886962891,0.4241641163825989,0.6156776547431946,0.47810783982276917,0.6574898362159729,0.3749348223209381,0.627953052520752,0.2683868408203125,0.6526172757148743,0.37216800451278687,0.666657567024231,0.4354444742202759,0.7287013530731201,0.3578646779060364,0.7084552645683289,0.2647640109062195,0.7111880779266357,0.34180352091789246,0.7130696177482605,0.4005133807659149
0.7429452538490295,0.7048364877700806,0.6145347952842712,0.705181360244751,0.5193484425544739,0.5958337783813477,0.4847206473350525,0.47149422764778137,0.4489486813545227,0.39314329624176025,0.5380305647850037,0.46383175253868103,0.5101067423820496,0.3679683208465576,0.5469290018081665,0.4521474540233612,0.5695613622665405,0.5189194083213806,0.5980408787727356,0.4124593436717987,0.5693407654762268,0.318469762802124,0.6068094372749329,0.4254004657268524,0.6242640614509583,0.4835543930530548,0.6633352637290955,0.37839508056640625,0.6334938406944275,0.2685655355453491,0.6597583293914795,0.3735148310661316,0.6743394732475281,0.4397238492965698,0.7348033785820007,0.36109769344329834,0.711772084236145,0.26626479625701904,0.7168289422988892,0.3447103500366211,0.7203184366226196,0.4054718017578125
0.7448955774307251,0.706401526927948,0.6155655980110168,0.7012564539909363,0.522350549697876,0.5941057801246643,0.4881247878074646,0.4714462459087372,0.4521262049674988,0.3928009569644928,0.5425050854682922,0.4600694179534912,0.5142024755477905,0.36606910824775696,0.5496959686279297,0.449060320854187,0.5738877654075623,0.5159847140312195,0.6020684242248535,0.4086705148220062,0.5737058520317078,0.31589558720588684,0.610309362411499,0.42355188727378845,0.6291911005973816,0.48465073108673096,0.6669515371322632,0.3750120997428894,0.6383785009384155,0.2669961452484131,0.6634107828140259,0.37287503480911255,0.6791724562644958,0.4415524899959564,0.7394804358482361,0.3584878146648407,0.7176600098609924,0.2636082172393799,0.7210065126419067,0.3423213064670563,0.7244453430175781,0.4052108824253082
0.7471073865890503,0.7071583271026611,0.6183186173439026,0.7011458277702332,0.5255811810493469,0.5911039710044861,0.49166110157966614,0.46812424063682556,0.4551122188568115,0.3878328204154968,0.5438029766082764,0.4570573568344116,0.5186029076576233,0.36166703701019287,0.5540727376937866,0.444879949092865,0.5774468779563904,0.5163366794586182,0.6051135063171387,0.4057593047618866,0.5784740447998047,0.31123507022857666,0.6145552396774292,0.42139244079589844,0.6325086951255798,0.48794278502464294,0.6706088185310364,0.37315815687179565,0.644947350025177,0.26420438289642334,0.6680318117141724,0.3680838346481323,0.6826120615005493,0.43842563033103943,0.7430108189582825,0.35764604806900024,0.7235193848609924,0.26065337657928467,0.7263151407241821,0.33483099937438965,0.7285364866256714,0.3975098133087158
0.7438169717788696,0.7063635587692261,0.6163414716720581,0.6946567296981812,0.5253901481628418,0.5836003422737122,0.4922019839286804,0.461487352848053,0.4562779664993286,0.38239139318466187,0.5460003018379211,0.44714605808258057,0.5227212309837341,0.35999786853790283,0.5568223595619202,0.44537216424942017,0.5803890824317932,0.512591540813446,0.6070406436920166,0.39802253246307373,0.5822837352752686,0.30557551980018616,0.6159477233886719,0.41540277004241943,0.6343629956245422,0.48088210821151733,0.673254132270813,0.367171972990036,0.6499192714691162,0.2617742419242859,0.6712234020233154,0.3668486475944519,0.6850714087486267,0.4365077018737793,0.746449887752533,0.3536946177482605,0.7291371822357178,0.2585713267326355,0.7308060526847839,0.3347872495651245,0.7322949767112732,0.3979959487915039
0.7468087077140808,0.7022484540939331,0.6175349354743958,0.6956471800804138,0.5249083638191223,0.5841900110244751,0.49211832880973816,0.4625832438468933,0.45623666048049927,0.3845740258693695,0.5471724271774292,0.44616907835006714,0.5190470218658447,0.34951961040496826,0.5562177896499634,0.44069865345954895,0.5802997350692749,0.5097245573997498,0.6083068251609802,0.3975725769996643,0.5813171863555908,0.2998840808868408,0.6183804869651794,0.41452401876449585,0.6369591355323792,0.4806085228919983,0.6742456555366516,0.3664495050907135,0.6475690007209778,0.255859375,0.670986533164978,0.36615538597106934,0.6852038502693176,0.4382026791572571,0.7478719353675842,0.35103297233581543,0.7274554967880249,0.251253604888916,0.7285153865814209,0.32710886001586914,0.7290802001953125,0.39125433564186096
0.7524356245994568,0.7093218564987183,0.6188302040100098,0.6951127052307129,0.5276346206665039,0.5815093517303467,0.49498212337493896,0.45799586176872253,0.4589494466781616,0.380362331867218,0.5512602925300598,0.4467971920967102,0.5239906907081604,0.35471785068511963,0.5599857568740845,0.44207724928855896,0.5855603218078613,0.5135133266448975,0.6124134659767151,0.3965347409248352,0.5843340754508972,0.3010932207107544,0.6210463047027588,0.41422510147094727,0.6426498889923096,0.48194751143455505,0.6784932613372803,0.3650536835193634,0.6513636708259583,0.25597938895225525,0.6734471917152405,0.36653122305870056,0.6908251047134399,0.44044190645217896,0.7536708116531372,0.3504589796066284,0.7336989641189575,0.2484429031610489,0.7326459288597107,0.3235601782798767,0.7346349954605103,0.38795235753059387
0.7523787021636963,0.7114858627319336,0.6195228695869446,0.6936160326004028,0.5292825698852539,0.5804548859596252,0.49737390875816345,0.4577452540397644,0.4611158072948456,0.3802866041660309,0.556255578994751,0.4463229775428772,0.5285264849662781,0.35737746953964233,0.5611263513565063,0.4429622292518616,0.5855931639671326,0.5129045248031616,0.6158977746963501,0.39703091979026794,0.5881542563438416,0.3037092685699463,0.6219417452812195,0.4139608144760132,0.642768144607544,0.48008930683135986,0.6817839741706848,0.36489588022232056,0.6534350514411926,0.25348401069641113,0.674580454826355,0.3627132475376129,0.6919815540313721,0.4360819458961487,0.7566179633140564,0.3504860997200012,0.7356711030006409,0.25007298588752747,0.7346737384796143,0.32761967182159424,0.7380141019821167,0.3927430212497711
0.7542928457260132,0.7130223512649536,0.6248939037322998,0.6978594064712524,0.5341129302978516,0.5831519365310669,0.5036866068840027,0.46023324131965637,0.4683859646320343,0.3808514475822449,0.5624334812164307,0.4482417702674866,0.535400927066803,0.3550647497177124,0.5662391781806946,0.44129425287246704,0.5915699005126953,0.5109676122665405,0.6242100596427917,0.3996216654777527,0.5966429114341736,0.2989766597747803,0.625939667224884,0.41017988324165344,0.6472762823104858,0.4782334864139557,0.690991997718811,0.36934342980384827,0.6636160612106323,0.2503920793533325,0.6794706583023071,0.3599241375923157,0.6961924433708191,0.4350658357143402,0.7657509446144104,0.35653042793273926,0.7441758513450623,0.2513611614704132,0.7401901483535767,0.3260686993598938,0.7435475587844849,0.39099645614624023
0.7661881446838379,0.7206410765647888,0.6328296661376953,0.7044494152069092,0.5398868322372437,0.5874197483062744,0.5082389116287231,0.4605010151863098,0.4708094000816345,0.37818554043769836,0.5655748248100281,0.4494924247264862,0.5410135388374329,0.3584558069705963,0.5753788352012634,0.44372648000717163,0.6003013253211975,0.514886736869812,0.6284984350204468,0.39831864833831787,0.6049131751060486,0.30186936259269714,0.638114333152771,0.4133782982826233,0.6571712493896484,0.4844195246696472,0.6959241032600403,0.3658391237258911,0.6738476753234863,0.26136818528175354,0.6933099031448364,0.37403643131256104,0.7063693404197693,0.4493280351161957,0.7718536853790283,0.35182446241378784,0.7541082501411438,0.2617657482624054,0.7530117034912109,0.34312546253204346,0.7531058192253113,0.4055406153202057
0.7723715305328369,0.7255046367645264,0.6382738351821899,0.7145853042602539,0.5451231002807617,0.5948890447616577,0.5134744644165039,0.4622679352760315,0.477298766374588,0.3740745484828949,0.5707542896270752,0.45438912510871887,0.5466634631156921,0.3577216863632202,0.5826367139816284,0.4468296766281128,0.6076016426086426,0.5163178443908691,0.635063886642456,0.4009009301662445,0.61183762550354,0.3022543787956238,0.6444551944732666,0.4156119227409363,0.6625137329101562,0.4824134111404419,0.7040046453475952,0.3669254779815674,0.6818764209747314,0.25639447569847107,0.700714647769928,0.36751842498779297,0.7134274244308472,0.4390941262245178,0.7801266312599182,0.3521023690700531,0.7630462050437927,0.2552964687347412,0.761856198310852,0.33615899085998535,0.7625446319580078,0.3985712230205536
0.7754793167114258,0.7300789952278137,0.6430779099464417,0.7222113609313965,0.5476524829864502,0.5969426035881042,0.5157378911972046,0.460144579410553,0.48064959049224854,0.37314051389694214,0.574187159538269,0.45500850677490234,0.5524378418922424,0.3568822145462036,0.5903681516647339,0.4493073523044586,0.6139189004898071,0.5207298398017883,0.6391180753707886,0.4028159976005554,0.6160221099853516,0.3045409917831421,0.6530535221099854,0.42326465249061584,0.6700941324234009,0.4894281029701233,0.7087481021881104,0.3702716529369354,0.6876173615455627,0.2572039067745209,0.7100244164466858,0.3738652169704437,0.7217519879341125,0.4471622407436371,0.7864065766334534,0.3556595742702484,0.7710576057434082,0.25905829668045044,0.7705076336860657,0.3444342017173767,0.7681809067726135,0.4082705080509186
0.7758388519287109,0.7334609031677246,0.64296555519104,0.7248485088348389,0.5463820695877075,0.6038453578948975,0.5137747526168823,0.46491801738739014,0.4822327494621277,0.3742484152317047,0.572530210018158,0.4587438702583313,0.5547698736190796,0.35971665382385254,0.59394371509552,0.4531574845314026,0.6158405542373657,0.5306096076965332,0.6403062343597412,0.4052520990371704,0.6195526123046875,0.30495685338974,0.6593211889266968,0.4264496862888336,0.6748530864715576,0.49876871705055237,0.7112080454826355,0.37321901321411133,0.6935637593269348,0.26141729950904846,0.7188052535057068,0.3784402310848236,0.727992832660675,0.4542365074157715,0.7883848547935486,0.36137527227401733,0.7766028046607971,0.2667466402053833,0.779618501663208,0.35149988532066345,0.7761197090148926,0.41432082653045654
0.7706048488616943,0.7356952428817749,0.6386061310768127,0.7266169190406799,0.5412254929542542,0.6093916296958923,0.5109670162200928,0.4718013107776642,0.48496121168136597,0.37879419326782227,0.5660683512687683,0.46051380038261414,0.548735499382019,0.363736629486084,0.58689284324646,0.4543488323688507,0.6101891398429871,0.5275139212608337,0.6347553730010986,0.40702590346336365,0.6154986023902893,0.30880996584892273,0.6545031070709229,0.42830899357795715,0.6722323894500732,0.4969780743122101,0.7071793675422668,0.37441715598106384,0.6907033324241638,0.26803192496299744,0.7152639031410217,0.3840285837650299,0.7253040075302124,0.4555944502353668,0.78575199842453,0.36144351959228516,0.7723290920257568,0.2678053677082062,0.7751882672309875,0.3537534475326538,0.7731003761291504,0.41553178429603577
0.7589095830917358,0.7439274787902832,0.6269288063049316,0.7243462204933167,0.5326332449913025,0.6033653020858765,0.5080565810203552,0.47071412205696106,0.48384132981300354,0.3808830976486206,0.5612655878067017,0.45634907484054565,0.5441019535064697,0.36563584208488464,0.5759706497192383,0.4542275667190552,0.5973570346832275,0.5230240225791931,0.6297587752342224,0.40635526180267334,0.6105801463127136,0.30507156252861023,0.6419858932495117,0.4263896644115448,0.6594634056091309,0.4916640520095825,0.7030971050262451,0.3771962523460388,0.684514045715332,0.26880449056625366,0.7031680345535278,0.38613399863243103,0.7156221866607666,0.4518645703792572,0.7833306193351746,0.3690059781074524,0.7655820250511169,0.2699960470199585,0.7642452120780945,0.35493773221969604,0.7655786275863647,0.4137193262577057
0.7449865341186523,0.7461967468261719,0.6142379641532898,0.7298892140388489,0.5182752013206482,0.6041349768638611,0.4938262701034546,0.46897831559181213,0.47228366136550903,0.37647801637649536,0.551386296749115,0.4586006999015808,0.5321269035339355,0.36125171184539795,0.5635594725608826,0.4570099413394928,0.5828744173049927,0.5236066579818726,0.6202502846717834,0.4091898202896118,0.5993199944496155,0.31044965982437134,0.6288498640060425,0.428937166929245,0.6456077098846436,0.48702970147132874,0.6943961977958679,0.3801612854003906,0.672186017036438,0.27072378993034363,0.6913274526596069,0.3872462809085846,0.7036194801330566,0.44922637939453125,0.7740253210067749,0.3706757724285126,0.7553970813751221,0.2737744450569153,0.754721462726593,0.3589942455291748,0.7568928003311157,0.41620171070098877
0.7205883264541626,0.7464228868484497,0.5944810509681702,0.715976357460022,0.5092172026634216,0.588182270526886,0.4916866421699524,0.4571525454521179,0.4658551514148712,0.3678889870643616,0.5442194938659668,0.44206157326698303,0.5240031480789185,0.3539373278617859,0.5514752864837646,0.4499925971031189,0.5740138292312622,0.5222542881965637,0.61217200756073,0.39914023876190186,0.5905742645263672,0.30207812786102295,0.6152469515800476,0.42394062876701355,0.63627690076828,0.49030953645706177,0.6854535937309265,0.3758988678455353,0.6644738912582397,0.26771754026412964,0.6773995757102966,0.38596269488334656,0.6942306160926819,0.4524732232093811,0.76678067445755,0.3723871111869812,0.7467131018638611,0.27518415451049805,0.740032970905304,0.35967886447906494,0.7451502084732056,0.417595773935318
0.715865969657898,0.7491767406463623,0.5856916308403015,0.7156776785850525,0.5010719299316406,0.5837210416793823,0.4810534119606018,0.4526417553424835,0.454026997089386,0.36128371953964233,0.5395312905311584,0.4413008689880371,0.5183358788490295,0.3436281681060791,0.5445271134376526,0.4395459294319153,0.5645724534988403,0.5148988366127014,0.6079147458076477,0.40053844451904297,0.5859589576721191,0.3026273250579834,0.6084734201431274,0.42028990387916565,0.6266016960144043,0.4871886074542999,0.6811489462852478,0.3773185610771179,0.659268319606781,0.26551181077957153,0.6692347526550293,0.37807247042655945,0.6831486225128174,0.4490991532802582,0.7605788111686707,0.37163245677948,0.7392892837524414,0.27127206325531006,0.7294459342956543,0.3495076596736908,0.7318555116653442,0.41094455122947693
0.7079719305038452,0.7455672025680542,0.5754815340042114,0.7106436491012573,0.49194055795669556,0.5754684209823608,0.475192666053772,0.44272035360336304,0.4494117498397827,0.3554612994194031,0.5296880602836609,0.4396160840988159,0.5121079683303833,0.3443939685821533,0.5385625958442688,0.4386100769042969,0.5574948787689209,0.5151429772377014,0.5986750721931458,0.3975316882133484,0.5787345170974731,0.30088305473327637,0.6031962037086487,0.4165998101234436,0.6212784647941589,0.4861812889575958,0.6722283959388733,0.37441176176071167,0.6521413326263428,0.26660221815109253,0.6642442345619202,0.37920963764190674,0.6771442890167236,0.45182883739471436,0.752094566822052,0.3691720962524414,0.7325462102890015,0.2743021249771118,0.7245413064956665,0.35347092151641846,0.7257727980613708,0.41351941227912903
0.6979730129241943,0.7466030120849609,0.566568911075592,0.7078577280044556,0.48810499906539917,0.5720930695533752,0.4740006923675537,0.4402945637702942,0.4478437900543213,0.35116609930992126,0.530371904373169,0.4316711127758026,0.5085444450378418,0.33912327885627747,0.5320721864700317,0.4295147657394409,0.55274498462677,0.5125656127929688,0.5975905656814575,0.39363032579421997,0.5722342133522034,0.2974740266799927,0.5940293669700623,0.4123423397541046,0.6154127717018127,0.48920750617980957,0.6700634360313416,0.37445658445358276,0.6453244090080261,0.2580610513687134,0.653480589389801,0.3673580288887024,0.6701372861862183,0.4466182589530945,0.7512665390968323,0.3725951313972473,0.7292657494544983,0.2735821604728699,0.7169065475463867,0.3476828932762146,0.7193589210510254,0.41092461347579956
0.6896410584449768,0.7522023916244507,0.5611481666564941,0.7015424370765686,0.48719966411590576,0.5706828832626343,0.4740227460861206,0.4417843520641327,0.4491505026817322,0.3481684923171997,0.5304450392723083,0.4313562214374542,0.5081042051315308,0.3381745219230652,0.5257431864738464,0.42456555366516113,0.544603168964386,0.5090742111206055,0.5973702669143677,0.39473220705986023,0.5709546208381653,0.2971397042274475,0.5866760015487671,0.40971073508262634,0.6076961159706116,0.4889562129974365,0.6706721782684326,0.37590253353118896,0.6443683505058289,0.25846683979034424,0.6472023129463196,0.36669644713401794,0.6635490655899048,0.44936519861221313,0.7523713111877441,0.37582457065582275,0.7303786277770996,0.272952139377594,0.7134507298469543,0.3438583016395569,0.714604914188385,0.4101582169532776
0.6824660301208496,0.7542145252227783,0.5586121678352356,0.6981325149536133,0.48751819133758545,0.5593828558921814,0.4754565954208374,0.43114766478538513,0.4517984390258789,0.3381834626197815,0.5280275344848633,0.42022958397865295,0.5097969770431519,0.3270703852176666,0.5251486301422119,0.4154367744922638,0.5407394170761108,0.49945157766342163,0.5964614748954773,0.3862506151199341,0.5738189220428467,0.2871290445327759,0.5870842337608337,0.40445783734321594,0.606143057346344,0.4856770932674408,0.6707866191864014,0.3703499138355255,0.6510950326919556,0.25320568680763245,0.6508722305297852,0.36560484766960144,0.6640159487724304,0.45080652832984924,0.7520836591720581,0.37315496802330017,0.7344214916229248,0.270060658454895,0.7153331637382507,0.3425822854042053,0.7137655019760132,0.4111673831939697
0.6783953309059143,0.7470766305923462,0.5566533803939819,0.6841742992401123,0.4873447120189667,0.5430701971054077,0.4806807041168213,0.41728475689888,0.46761050820350647,0.32925230264663696,0.5345445275306702,0.4091741144657135,0.5160282850265503,0.31483155488967896,0.527665913105011,0.4012899100780487,0.5402183532714844,0.48317059874534607,0.6030516624450684,0.37661194801330566,0.5840064883232117,0.27857890725135803,0.5905763506889343,0.389500230550766,0.605431854724884,0.4672907888889313,0.6774263381958008,0.3636787235736847,0.6624191403388977,0.24719473719596863,0.655481219291687,0.35516148805618286,0.6637575626373291,0.4391641616821289,0.7566525936126709,0.3698000907897949,0.7426285743713379,0.2647611200809479,0.7202578783035278,0.33205699920654297,0.7164390683174133,0.39961254596710205
0.6701418161392212,0.7412698268890381,0.5531829595565796,0.6705695986747742,0.48976051807403564,0.5281791090965271,0.4893990159034729,0.4056546986103058,0.4834368824958801,0.32254558801651,0.5431482791900635,0.3959001302719116,0.5274791717529297,0.30143725872039795,0.5359627604484558,0.38730165362358093,0.546930730342865,0.4708968698978424,0.6118344068527222,0.36793020367622375,0.5955910086631775,0.2692834138870239,0.5979458093643188,0.37923792004585266,0.6107853651046753,0.4599400460720062,0.686110258102417,0.36016902327537537,0.6741146445274353,0.2434103637933731,0.6622606515884399,0.350665420293808,0.6667773723602295,0.43547144532203674,0.7655754089355469,0.37209755182266235,0.7525252103805542,0.2659990191459656,0.7265417575836182,0.33364710211753845,0.7189668416976929,0.4022180140018463
0.6706830859184265,0.7387514710426331,0.5468390583992004,0.6556204557418823,0.48517918586730957,0.5157365202903748,0.4946586787700653,0.4051555395126343,0.5040298700332642,0.3375456929206848,0.5440767407417297,0.386482298374176,0.5277804136276245,0.2933253049850464,0.5324181914329529,0.3764294981956482,0.539055347442627,0.4569162428379059,0.6132504343986511,0.3592594861984253,0.5965657830238342,0.263738751411438,0.5973390340805054,0.3718612790107727,0.6093773245811462,0.45239630341529846,0.6896830797195435,0.35104432702064514,0.674701452255249,0.24737997353076935,0.6618345379829407,0.35348212718963623,0.6660360097885132,0.43476447463035583,0.7718943357467651,0.36382609605789185,0.7533645629882812,0.26532578468322754,0.7275010347366333,0.3361653983592987,0.7236789464950562,0.4023872911930084
0.6651597023010254,0.7253638505935669,0.5414504408836365,0.6368422508239746,0.4845984876155853,0.49904128909111023,0.49235254526138306,0.38097161054611206,0.49698150157928467,0.30800825357437134,0.5481874942779541,0.37839582562446594,0.5352162718772888,0.2808353006839752,0.5372904539108276,0.3616890609264374,0.5421363711357117,0.44733238220214844,0.6163154244422913,0.3546585142612457,0.6005687713623047,0.2537289261817932,0.5990581512451172,0.3609321713447571,0.6111111044883728,0.4476330876350403,0.6912310719490051,0.3500562906265259,0.6777201890945435,0.23959577083587646,0.662195086479187,0.3423420488834381,0.6660153269767761,0.4296753406524658,0.7724250555038452,0.36479315161705017,0.75623619556427,0.2635897099971771,0.7289717197418213,0.3256511390209198,0.7237796187400818,0.3916708528995514
0.656139612197876,0.7185567617416382,0.5329594612121582,0.6252113580703735,0.4802384376525879,0.48668479919433594,0.49260616302490234,0.3680958151817322,0.5010976195335388,0.29631173610687256,0.5483013987541199,0.37202954292297363,0.5358628630638123,0.2712799310684204,0.537213921546936,0.35878586769104004,0.5440840125083923,0.44555050134658813,0.6153160929679871,0.3497633635997772,0.6032830476760864,0.2447039633989334,0.6018290519714355,0.360679030418396,0.6149994730949402,0.44786766171455383,0.687638521194458,0.3465871214866638,0.6779361367225647,0.22684477269649506,0.6615502238273621,0.33915597200393677,0.6669119596481323,0.4298046827316284,0.767253041267395,0.3625037670135498,0.7570497393608093,0.25290417671203613,0.7270042896270752,0.31890660524368286,0.7201492190361023,0.38725465536117554
0.6461821794509888,0.7136385440826416,0.5244820713996887,0.6162429451942444,0.4739201068878174,0.47847169637680054,0.4909844398498535,0.36153891682624817,0.5064544081687927,0.2910538911819458,0.5451270341873169,0.36360910534858704,0.5341741442680359,0.2610597610473633,0.5342987775802612,0.3488054871559143,0.5399137139320374,0.43880850076675415,0.6122186779975891,0.3448219895362854,0.5999715924263,0.2348644733428955,0.596838653087616,0.3517947494983673,0.6085321307182312,0.4433489441871643,0.6839388012886047,0.34587156772613525,0.6763361096382141,0.21897649765014648,0.6579469442367554,0.327155202627182,0.662764310836792,0.4216032922267914,0.7644628286361694,0.3662714660167694,0.7582958936691284,0.25278812646865845,0.7268437147140503,0.3101825714111328,0.7181650400161743,0.3781709671020508
0.6383089423179626,0.7064350843429565,0.5178735256195068,0.6044803261756897,0.4713170826435089,0.4643841087818146,0.4926969110965729,0.3414674997329712,0.5162205696105957,0.27619054913520813,0.5420696139335632,0.355574369430542,0.5325702428817749,0.2551995515823364,0.5333720445632935,0.3449309468269348,0.5406581163406372,0.4362890124320984,0.609571635723114,0.3378069996833801,0.5992951989173889,0.22479921579360962,0.5939253568649292,0.3417379558086395,0.6051537394523621,0.4337756335735321,0.680648148059845,0.34002453088760376,0.6759161353111267,0.2086057960987091,0.6543559432029724,0.31697210669517517,0.6581998467445374,0.41261130571365356,0.7610979080200195,0.36154842376708984,0.757366418838501,0.24509850144386292,0.7230461239814758,0.303905189037323,0.711515486240387,0.374748557806015
0.6332285404205322,0.7018829584121704,0.5083632469177246,0.5908939838409424,0.4645482897758484,0.4528629183769226,0.4917674660682678,0.32951629161834717,0.5218838453292847,0.26731598377227783,0.5389704704284668,0.3479726016521454,0.5310929417610168,0.24923914670944214,0.5308719873428345,0.3406592011451721,0.5391800403594971,0.4354763925075531,0.6073315143585205,0.3308940529823303,0.5988554358482361,0.21686021983623505,0.5912625193595886,0.33706310391426086,0.6026344895362854,0.4311150014400482,0.6785653233528137,0.3337821662425995,0.6773375272750854,0.2000640630722046,0.6531727313995361,0.30999666452407837,0.6572470664978027,0.4083192050457001,0.7588587403297424,0.356250137090683,0.758213996887207,0.23754508793354034,0.722507655620575,0.2988698184490204,0.7115061283111572,0.3719002604484558
0.6260769367218018,0.6914631724357605,0.502594530582428,0.5899612307548523,0.45599278807640076,0.44269540905952454,0.4855189323425293,0.32118916511535645,0.5205659866333008,0.2586071491241455,0.5359405279159546,0.33602651953697205,0.5260062217712402,0.23515529930591583,0.5245003700256348,0.3303523659706116,0.5321970582008362,0.425838828086853,0.6040441989898682,0.32201242446899414,0.5950313806533813,0.20810680091381073,0.5863333940505981,0.3332251310348511,0.5966740846633911,0.42771151661872864,0.676413893699646,0.3265412449836731,0.6739364266395569,0.19041383266448975,0.6498683094978333,0.3061598539352417,0.6531357169151306,0.4044847786426544,0.756428599357605,0.3498764932155609,0.7564581632614136,0.22979004681110382,0.7213919162750244,0.2893050014972687,0.7103308439254761,0.35800597071647644
0.616580605506897,0.6900502443313599,0.4923780858516693,0.5799019932746887,0.45048660039901733,0.44027137756347656,0.47881054878234863,0.3271920084953308,0.5049703121185303,0.2610800862312317,0.5297513008117676,0.33418452739715576,0.5198197364807129,0.23303845524787903,0.5186234712600708,0.32878828048706055,0.5258448123931885,0.42429518699645996,0.5990075469017029,0.32069069147109985,0.5897994637489319,0.2087411880493164,0.5807816386222839,0.32899484038352966,0.5896984338760376,0.4230387210845947,0.6714296340942383,0.32497692108154297,0.6685600876808167,0.19503998756408691,0.6447744369506836,0.3055080473423004,0.6473515033721924,0.40209677815437317,0.7514316439628601,0.3479442000389099,0.7532048225402832,0.22781938314437866,0.7162613868713379,0.28239816427230835,0.7011674642562866,0.3522438704967499
0.608687162399292,0.6862525939941406,0.48481282591819763,0.5775136947631836,0.44198501110076904,0.44116270542144775,0.4704638719558716,0.32862454652786255,0.4915682375431061,0.257937490940094,0.5204176902770996,0.33266639709472656,0.5114070773124695,0.2344743311405182,0.5097924470901489,0.3269060254096985,0.5144486427307129,0.42248401045799255,0.5901045799255371,0.3194863796234131,0.580282986164093,0.21315911412239075,0.5701468586921692,0.33669549226760864,0.5774357914924622,0.4301099181175232,0.6625603437423706,0.3244485855102539,0.6602360606193542,0.1940811574459076,0.6352494359016418,0.3059732913970947,0.6375885605812073,0.40216195583343506,0.7436577677726746,0.34941527247428894,0.7425152063369751,0.2320849746465683,0.7067208290100098,0.29037249088287354,0.69483882188797,0.35853686928749084
0.6037510633468628,0.6879326105117798,0.4791454076766968,0.5774778723716736,0.4354381561279297,0.44306594133377075,0.4625605344772339,0.33650651574134827,0.4821350574493408,0.27098050713539124,0.5141177773475647,0.3336658775806427,0.5063058733940125,0.2365095317363739,0.5009205937385559,0.3244454860687256,0.502528727054596,0.41799020767211914,0.5833999514579773,0.31921836733818054,0.5743814706802368,0.21203799545764923,0.5607747435569763,0.32941973209381104,0.5669769644737244,0.42074957489967346,0.6557334661483765,0.3236256539821625,0.6513084769248962,0.20099502801895142,0.6254382729530334,0.3085399866104126,0.6280084848403931,0.399848997592926,0.7359136343002319,0.3492158353328705,0.7336297035217285,0.23282071948051453,0.6985525488853455,0.29085642099380493,0.6882975697517395,0.3573317527770996
0.601487398147583,0.6889223456382751,0.47496750950813293,0.5814152956008911,0.4312014579772949,0.44947439432144165,0.4546475410461426,0.33260810375213623,0.4724208414554596,0.2625199556350708,0.5070371627807617,0.33814024925231934,0.4980105757713318,0.24113431572914124,0.49416595697402954,0.3271283805370331,0.4973640441894531,0.42034009099006653,0.575727641582489,0.32003292441368103,0.5662106275558472,0.20926575362682343,0.5553385019302368,0.32498154044151306,0.563956081867218,0.41738152503967285,0.6466540098190308,0.3239843249320984,0.6437126398086548,0.19539524614810944,0.6178280115127563,0.30060452222824097,0.6215095520019531,0.39736002683639526,0.72746741771698,0.34930577874183655,0.7251888513565063,0.23311181366443634,0.6890434622764587,0.2881874144077301,0.6779083013534546,0.3576790392398834
0.6002945303916931,0.7016083598136902,0.472853422164917,0.599712610244751,0.4255260229110718,0.4616854786872864,0.4431525468826294,0.34718260169029236,0.45130521059036255,0.2727833390235901,0.49652543663978577,0.35079526901245117,0.48720309138298035,0.24760951101779938,0.48773783445358276,0.33945971727371216,0.49125298857688904,0.43183138966560364,0.5666006803512573,0.3322453498840332,0.5541124939918518,0.22115978598594666,0.5488531589508057,0.33985841274261475,0.5578300952911377,0.42895105481147766,0.6399481296539307,0.3329918682575226,0.6333490014076233,0.19555184245109558,0.6133416295051575,0.3031044900417328,0.6170302629470825,0.39749857783317566,0.7199550271034241,0.3549305200576782,0.7175016403198242,0.23233607411384583,0.6840915679931641,0.2910405695438385,0.6713268756866455,0.3634085953235626
0.5971026420593262,0.7111158967018127,0.4724055528640747,0.6141947507858276,0.41891950368881226,0.4793245792388916,0.43196961283683777,0.3662068843841553,0.44046011567115784,0.29440730810165405,0.47995609045028687,0.3595468997955322,0.4710828363895416,0.25614503026008606,0.47499579191207886,0.34082481265068054,0.4775175452232361,0.4296732544898987,0.5523404479026794,0.3377326428890228,0.5396602153778076,0.22811543941497803,0.5366156101226807,0.34189939498901367,0.5442266464233398,0.43073999881744385,0.628643810749054,0.3371080458164215,0.6207703351974487,0.20130068063735962,0.6028392910957336,0.3056783676147461,0.6046533584594727,0.4013131558895111,0.7103686332702637,0.3594931364059448,0.708122193813324,0.2394779473543167,0.6765449047088623,0.2917291522026062,0.6630798578262329,0.36019936203956604
0.5945237874984741,0.7173994183540344,0.467973530292511,0.6280686855316162,0.41142216324806213,0.4943980276584625,0.4180258512496948,0.3777199387550354,0.42264148592948914,0.297908753156662,0.47026684880256653,0.3679344058036804,0.4618823826313019,0.26892590522766113,0.4685017466545105,0.3560431897640228,0.4719806909561157,0.4422379434108734,0.5418436527252197,0.34382522106170654,0.5317820310592651,0.2377334088087082,0.5324113368988037,0.34974604845046997,0.540321409702301,0.4334723651409149,0.6185582876205444,0.3414071202278137,0.6102308630943298,0.21458926796913147,0.5968981981277466,0.31680968403816223,0.6000416874885559,0.40430259704589844,0.7011644244194031,0.3624956011772156,0.6989932060241699,0.24466417729854584,0.6708546876907349,0.2964423894882202,0.6589052081108093,0.3599343001842499
0.5878357291221619,0.7237981557846069,0.4641052186489105,0.640265941619873,0.4075874984264374,0.5049651861190796,0.41710060834884644,0.3930254280567169,0.42134279012680054,0.32123002409935,0.4666175842285156,0.3765484094619751,0.45397883653640747,0.2752751111984253,0.46002674102783203,0.3651638329029083,0.46631646156311035,0.4536585807800293,0.5378599166870117,0.35126960277557373,0.5214306712150574,0.23936842381954193,0.521234393119812,0.354209840297699,0.5337113738059998,0.43894609808921814,0.6139563322067261,0.3475813567638397,0.6008337736129761,0.21870917081832886,0.586854875087738,0.32358381152153015,0.5935873985290527,0.4093748927116394,0.6977290511131287,0.36688947677612305,0.6917273998260498,0.24423030018806458,0.6617609858512878,0.2920687198638916,0.6513012051582336,0.3513370454311371
0.5942397117614746,0.7316938638687134,0.4644840657711029,0.6579636931419373,0.40094709396362305,0.5169613361358643,0.41253721714019775,0.40383070707321167,0.42176955938339233,0.3273395001888275,0.4582570791244507,0.38262641429901123,0.44280824065208435,0.27700573205947876,0.45310086011886597,0.3710925281047821,0.4625791311264038,0.46080049872398376,0.5300419330596924,0.3545379340648651,0.5102394223213196,0.2353152185678482,0.5156017541885376,0.35624268651008606,0.5310125350952148,0.44499510526657104,0.6075690388679504,0.3471467196941376,0.5891472697257996,0.2120543271303177,0.58079993724823,0.3259090185165405,0.5906378626823425,0.4152648150920868,0.6927981972694397,0.36212465167045593,0.6781846880912781,0.2416934221982956,0.6529034376144409,0.3011195659637451,0.6483810544013977,0.3649614453315735
0.5959945321083069,0.7395706176757812,0.4625129997730255,0.6647921800613403,0.3971157670021057,0.5238049626350403,0.398274302482605,0.39951449632644653,0.396055668592453,0.3119949400424957,0.4555554986000061,0.3894044756889343,0.4419049024581909,0.2768043279647827,0.4519173502922058,0.3726224899291992,0.46201881766319275,0.4597409963607788,0.5280393362045288,0.35811951756477356,0.5112863779067993,0.2345331460237503,0.5169945359230042,0.3527783453464508,0.5327979922294617,0.43838921189308167,0.6057484149932861,0.34822195768356323,0.5911755561828613,0.2145313322544098,0.5821595191955566,0.3248960077762604,0.5900532007217407,0.4136900305747986,0.6907404661178589,0.35932865738868713,0.6822556853294373,0.2383287101984024,0.6541042327880859,0.2936725616455078,0.643223226070404,0.3581681251525879
0.5959980487823486,0.7415728569030762,0.4606989920139313,0.6633699536323547,0.39712050557136536,0.5247070789337158,0.39964160323143005,0.39912179112434387,0.4005923867225647,0.3094695806503296,0.45742878317832947,0.3925926089286804,0.4427516460418701,0.2755244970321655,0.4494139552116394,0.3719307780265808,0.4592055678367615,0.46044132113456726,0.5292510986328125,0.3624187707901001,0.5104640126228333,0.23423394560813904,0.5145177245140076,0.3542170524597168,0.5310117602348328,0.44054561853408813,0.6072790622711182,0.35165247321128845,0.5904319882392883,0.21064257621765137,0.581636369228363,0.322494238615036,0.5916438102722168,0.41260895133018494,0.6928697228431702,0.36099058389663696,0.6810452938079834,0.23580697178840637,0.6536010503768921,0.2949602007865906,0.6457865238189697,0.36210760474205017
0.6044183373451233,0.7413104772567749,0.46979206800460815,0.6779353618621826,0.3993576169013977,0.5294683575630188,0.3951718807220459,0.3995573818683624,0.39024806022644043,0.30684614181518555,0.450661838054657,0.3887205719947815,0.4360920786857605,0.27704864740371704,0.449192076921463,0.3819272816181183,0.4624998867511749,0.4685300886631012,0.5250755548477173,0.3535948097705841,0.5078433156013489,0.22632600367069244,0.5165144801139832,0.35757821798324585,0.5351365208625793,0.4409980773925781,0.6059262752532959,0.33939746022224426,0.5889378190040588,0.20583704113960266,0.5836304426193237,0.33051323890686035,0.5952814221382141,0.4151144325733185,0.6929323077201843,0.34580060839653015,0.6798936128616333,0.232622429728508,0.6539019346237183,0.3069416284561157,0.6486135721206665,0.3730420470237732
0.6107760071754456,0.7501373291015625,0.47620689868927,0.6825249195098877,0.4058353900909424,0.534757137298584,0.4015907049179077,0.4046704173088074,0.3983538746833801,0.3094247877597809,0.452381432056427,0.3917941451072693,0.43571311235427856,0.2801800072193146,0.45154428482055664,0.3768673837184906,0.4647781550884247,0.4660606384277344,0.5275546312332153,0.3550131022930145,0.507802426815033,0.23551906645298004,0.5199101567268372,0.3574506342411041,0.5374960899353027,0.4432993531227112,0.6097900867462158,0.3392096757888794,0.5927605628967285,0.20947468280792236,0.5889346599578857,0.32330331206321716,0.5983073115348816,0.41120243072509766,0.6978843212127686,0.3446652889251709,0.6843767166137695,0.23737716674804688,0.661780059337616,0.30496078729629517,0.6567142605781555,0.37117552757263184
0.6102480888366699,0.7536978721618652,0.4780072271823883,0.6834903359413147,0.40909838676452637,0.5362666845321655,0.4077516198158264,0.4050736129283905,0.40772461891174316,0.30846136808395386,0.4549886882305145,0.3887297511100769,0.43867847323417664,0.2810261845588684,0.4547336995601654,0.3793652653694153,0.4693411588668823,0.46597784757614136,0.5316789746284485,0.35286203026771545,0.5135625004768372,0.236219584941864,0.5229668617248535,0.3611156940460205,0.5396586656570435,0.4445485770702362,0.6146074533462524,0.33930227160453796,0.602542519569397,0.21553172171115875,0.5945231914520264,0.3307819366455078,0.6004098653793335,0.41363558173179626,0.7029772996902466,0.34834668040275574,0.6920453906059265,0.2391594797372818,0.6667381525039673,0.3116825819015503,0.6582879424095154,0.37710249423980713
0.6162182688713074,0.759424090385437,0.48146170377731323,0.6929178237915039,0.4104028344154358,0.5417013764381409,0.4092235565185547,0.403371125459671,0.41138744354248047,0.30508363246917725,0.4551665782928467,0.3973428010940552,0.44090646505355835,0.28454354405403137,0.45999476313591003,0.3884006142616272,0.4765903055667877,0.4745924472808838,0.5346055626869202,0.36090904474258423,0.5200520157814026,0.23820017278194427,0.5301229953765869,0.36735039949417114,0.5463019609451294,0.45124560594558716,0.6187405586242676,0.3475308418273926,0.6088111400604248,0.21564048528671265,0.6013730764389038,0.33593854308128357,0.6080198884010315,0.42338329553604126,0.7073331475257874,0.35610321164131165,0.6979447603225708,0.24393285810947418,0.6732402443885803,0.3176882266998291,0.6658850908279419,0.3870115578174591
0.6151930093765259,0.7692908048629761,0.48024633526802063,0.699398398399353,0.4117867350578308,0.5428145527839661,0.41203993558883667,0.4040057361125946,0.4109170734882355,0.30774348974227905,0.46232515573501587,0.4082667827606201,0.44638901948928833,0.290534645318985,0.46530330181121826,0.39555299282073975,0.4816783666610718,0.48383837938308716,0.5395523905754089,0.3731231689453125,0.5225885510444641,0.25014588236808777,0.5329366326332092,0.38022753596305847,0.5493037104606628,0.4607023000717163,0.6222710609436035,0.359834223985672,0.6096147894859314,0.22241690754890442,0.6022670269012451,0.34312868118286133,0.6099170446395874,0.4278889298439026,0.7105820178985596,0.36761730909347534,0.7031645774841309,0.25176113843917847,0.6755863428115845,0.3245219886302948,0.6664114594459534,0.391937792301178
0.616739809513092,0.7755573987960815,0.4808386564254761,0.7106466293334961,0.4105921983718872,0.5533995628356934,0.4143478274345398,0.4128071665763855,0.41982966661453247,0.3176589608192444,0.4601353108882904,0.41596609354019165,0.4452514946460724,0.30033159255981445,0.4652348458766937,0.407545268535614,0.480912446975708,0.49059930443763733,0.5377917289733887,0.382458359003067,0.522358775138855,0.2641962468624115,0.5325508713722229,0.3935680687427521,0.5465675592422485,0.466634064912796,0.6207382678985596,0.3692803382873535,0.607344925403595,0.23798824846744537,0.6022011637687683,0.3617529571056366,0.6092045903205872,0.44053030014038086,0.709094762802124,0.3760821223258972,0.698464035987854,0.26405420899391174,0.6735391616821289,0.3424895405769348,0.6662586331367493,0.4075373113155365
0.6126471161842346,0.7839401960372925,0.4804571270942688,0.7173598408699036,0.41236943006515503,0.5614829063415527,0.41406795382499695,0.4249662756919861,0.41258805990219116,0.33439791202545166,0.4617840349674225,0.4251111149787903,0.44532424211502075,0.31429463624954224,0.46396708488464355,0.41474542021751404,0.4807925820350647,0.4991265535354614,0.5376137495040894,0.3910539150238037,0.5214585065841675,0.27555298805236816,0.5310414433479309,0.4009065330028534,0.5469207167625427,0.47591954469680786,0.6188820600509644,0.37772563099861145,0.6055646538734436,0.24446722865104675,0.5991464257240295,0.36572888493537903,0.6082432866096497,0.44857558608055115,0.7064256072044373,0.3844011425971985,0.6960909366607666,0.26569199562072754,0.6693263649940491,0.3425056040287018,0.6627010703086853,0.4147377610206604
0.6096462607383728,0.7982624173164368,0.4789903163909912,0.7386474609375,0.4080464839935303,0.5853208303451538,0.40736088156700134,0.44870325922966003,0.40739256143569946,0.35272741317749023,0.45339369773864746,0.44243472814559937,0.43742644786834717,0.33220529556274414,0.4573279023170471,0.4285772144794464,0.4710380733013153,0.5111204385757446,0.5305445194244385,0.40752220153808594,0.5147234797477722,0.29480019211769104,0.5266947150230408,0.4178093373775482,0.5397481918334961,0.4877190887928009,0.6135178208351135,0.3940200209617615,0.6012780070304871,0.26512646675109863,0.5977142453193665,0.3807041347026825,0.6049128770828247,0.45779895782470703,0.7013582587242126,0.4011910557746887,0.6942504048347473,0.28237730264663696,0.6703818440437317,0.3544004559516907,0.6623004078865051,0.4231126606464386
0.6094105839729309,0.8169440627098083,0.48072588443756104,0.7576612830162048,0.4120379686355591,0.6014897227287292,0.41383612155914307,0.4601181745529175,0.4188845753669739,0.3585951328277588,0.4484151005744934,0.4581804573535919,0.4350099563598633,0.34930920600891113,0.4557955265045166,0.44869810342788696,0.4698585867881775,0.5333139300346375,0.5267759561538696,0.42145735025405884,0.511585533618927,0.30738091468811035,0.5259560346603394,0.43755796551704407,0.5397863388061523,0.5059948563575745,0.6112911701202393,0.40762901306152344,0.6012082099914551,0.2893763482570648,0.5987257957458496,0.409156858921051,0.6050436496734619,0.47815123200416565,0.7004917860031128,0.4149521291255951,0.6885775923728943,0.3094182014465332,0.6671226620674133,0.38900426030158997,0.6604092717170715,0.4505973160266876
0.6083437204360962,0.8392078876495361,0.47838687896728516,0.7712886333465576,0.41150516271591187,0.61273592710495,0.41512221097946167,0.4732409715652466,0.42178797721862793,0.37264585494995117,0.4522618353366852,0.4682460129261017,0.4371625483036041,0.36402958631515503,0.45698702335357666,0.47041207551956177,0.46907612681388855,0.5475063323974609,0.529426097869873,0.4333721697330475,0.5154168009757996,0.3234706521034241,0.5290378928184509,0.4579882025718689,0.5406275987625122,0.5189215540885925,0.6134921312332153,0.4215507507324219,0.6051907539367676,0.30388545989990234,0.6023579835891724,0.4274333119392395,0.6064198613166809,0.4912366271018982,0.7016935348510742,0.43158507347106934,0.6910741925239563,0.32737451791763306,0.6704168915748596,0.41079992055892944,0.6637980937957764,0.4696635603904724
0.6158270835876465,0.8534506559371948,0.4816600978374481,0.7897205948829651,0.41031816601753235,0.6409890651702881,0.4137665629386902,0.5030181407928467,0.4213520288467407,0.40573635697364807,0.44919824600219727,0.4874723553657532,0.43341130018234253,0.3854680061340332,0.4554902911186218,0.4949056804180145,0.4669124484062195,0.565243661403656,0.5275474786758423,0.44922104477882385,0.5137254595756531,0.3452826738357544,0.532014787197113,0.4847833514213562,0.5432577133178711,0.538152813911438,0.6132581233978271,0.4343429207801819,0.6024600267410278,0.3163539171218872,0.6050677299499512,0.450043261051178,0.6110365390777588,0.5103005170822144,0.7039921283721924,0.44339603185653687,0.6927802562713623,0.3449886739253998,0.6751362681388855,0.4398868978023529,0.671106219291687,0.4966066777706146
0.6236702799797058,0.8699671030044556,0.4874476194381714,0.809463620185852,0.41728782653808594,0.6636174321174622,0.41728347539901733,0.5164515972137451,0.41759228706359863,0.41104477643966675,0.44836926460266113,0.5121166706085205,0.43538475036621094,0.4036332368850708,0.45854824781417847,0.5146909356117249,0.46849173307418823,0.5871433615684509,0.5281762480735779,0.47426724433898926,0.5142227411270142,0.3679879307746887,0.5363276600837708,0.510811984539032,0.5486930012702942,0.5617655515670776,0.6140052676200867,0.45821285247802734,0.6042492985725403,0.34696799516677856,0.6100742816925049,0.47815221548080444,0.6161912083625793,0.5319894552230835,0.7053748965263367,0.4642779231071472,0.6945661306381226,0.3656718134880066,0.679997444152832,0.45846807956695557,0.6760314702987671,0.5126343965530396
0.62456214427948,0.8830174207687378,0.49373942613601685,0.8289633989334106,0.41822725534439087,0.6783409118652344,0.4148576259613037,0.5232792496681213,0.4154183864593506,0.41433221101760864,0.45916563272476196,0.5408886075019836,0.4368536174297333,0.4205922484397888,0.4596356749534607,0.5467769503593445,0.47080734372138977,0.6112096309661865,0.5385836362838745,0.5134075880050659,0.5188393592834473,0.4121667444705963,0.5360071659088135,0.5555244088172913,0.544192373752594,0.5898203253746033,0.6232281923294067,0.5034107565879822,0.6056346297264099,0.3877509832382202,0.6097553968429565,0.525991678237915,0.6139593124389648,0.5728945136070251,0.7120832800865173,0.5084952712059021,0.6914939880371094,0.41153019666671753,0.6785624623298645,0.5090301036834717,0.6780270338058472,0.5568785667419434
0.6210011839866638,0.8900500535964966,0.49532338976860046,0.8477064967155457,0.4179876446723938,0.6941669583320618,0.40999090671539307,0.5318860411643982,0.4033348262310028,0.4195724129676819,0.46782374382019043,0.5472928285598755,0.44078391790390015,0.42919522523880005,0.4668180048465729,0.5680138468742371,0.48495665192604065,0.6296972632408142,0.5476929545402527,0.5261214375495911,0.5264988541603088,0.42697247862815857,0.5438007712364197,0.5877934694290161,0.5553736686706543,0.6154451966285706,0.6314599514007568,0.5222618579864502,0.6115593314170837,0.4107306897640228,0.6165292263031006,0.5658845901489258,0.624674379825592,0.604665219783783,0.7193647623062134,0.5335776805877686,0.6979379653930664,0.4396408498287201,0.6867779493331909,0.5502206087112427,0.6905101537704468,0.5949256420135498
0.6189808249473572,0.8937643766403198,0.4942331314086914,0.8523736000061035,0.4197431802749634,0.7010241746902466,0.4148067831993103,0.5381410717964172,0.4078695774078369,0.4247489869594574,0.4741404950618744,0.5525001883506775,0.4454609751701355,0.4407339096069336,0.4684354066848755,0.5800766348838806,0.48814740777015686,0.6353258490562439,0.554105818271637,0.5361839532852173,0.53174889087677,0.44555795192718506,0.5443491339683533,0.6081997752189636,0.5575023293495178,0.6279608607292175,0.6366236209869385,0.5357944965362549,0.61594158411026,0.4355888366699219,0.6169172525405884,0.5939887166023254,0.6266627907752991,0.6230078935623169,0.7236271500587463,0.5487227439880371,0.7021539211273193,0.46362635493278503,0.6893505454063416,0.5772625207901001,0.6943854093551636,0.6154483556747437
0.6205962896347046,0.8965499401092529,0.4966519773006439,0.8549982309341431,0.42122817039489746,0.7071417570114136,0.4163379371166229,0.5470950603485107,0.41883713006973267,0.4345598518848419,0.4779861867427826,0.5595073103904724,0.4523965120315552,0.450452983379364,0.4725044071674347,0.5890246629714966,0.4900169372558594,0.6408228874206543,0.5581663250923157,0.5447970628738403,0.5369518995285034,0.45587337017059326,0.5484679341316223,0.6156328320503235,0.5620681643486023,0.6319601535797119,0.6401278972625732,0.5449280142784119,0.61969393491745,0.4455541968345642,0.6200972199440002,0.6019931435585022,0.6309605836868286,0.6285639405250549,0.7272253632545471,0.5575616359710693,0.7055165767669678,0.47565969824790955,0.6921933889389038,0.5891300439834595,0.6979005336761475,0.6258172392845154
0.619087815284729,0.8939540982246399,0.49864399433135986,0.8596689105033875,0.42293086647987366,0.7098299264907837,0.4174179434776306,0.5472301244735718,0.4207783639431,0.4364139139652252,0.47815781831741333,0.5624229311943054,0.4522935152053833,0.45223021507263184,0.4745740294456482,0.587576150894165,0.49267497658729553,0.6418430805206299,0.5580023527145386,0.5458853840827942,0.5379829406738281,0.45652857422828674,0.5505437254905701,0.6159435510635376,0.5624672174453735,0.6332024335861206,0.6396848559379578,0.5456094741821289,0.6205233931541443,0.4480552077293396,0.6218048930168152,0.604153573513031,0.6309640407562256,0.6302220821380615,0.7267342209815979,0.5582258105278015,0.7062103748321533,0.47673168778419495,0.6941149234771729,0.5894753336906433,0.698605477809906,0.6259097456932068
0.6191672682762146,0.8906124830245972,0.5013048052787781,0.8579019904136658,0.4274287223815918,0.7070329189300537,0.42327558994293213,0.5468972325325012,0.4256284236907959,0.43770718574523926,0.47791987657546997,0.5571101307868958,0.45317840576171875,0.44283318519592285,0.47419267892837524,0.5792868733406067,0.49258244037628174,0.6405733823776245,0.5580549240112305,0.540728747844696,0.5389835834503174,0.4485268294811249,0.5495322942733765,0.610914945602417,0.5636428594589233,0.6335409283638,0.6399742960929871,0.5427232980728149,0.6228315830230713,0.4430467188358307,0.6210641860961914,0.6014206409454346,0.6310980319976807,0.632470965385437,0.7270094156265259,0.5582423806190491,0.7079535722732544,0.4761054515838623,0.6928234100341797,0.5890156030654907,0.6966407299041748,0.6281235814094543
0.6238459348678589,0.8884705305099487,0.5033403038978577,0.8552829027175903,0.4264329969882965,0.7036679983139038,0.4223370850086212,0.5420788526535034,0.42580872774124146,0.43357598781585693,0.4793741703033447,0.5589510798454285,0.45748370885849,0.4397498369216919,0.47838783264160156,0.5742058753967285,0.49407804012298584,0.6390821933746338,0.5595356822013855,0.5419459939002991,0.5411167740821838,0.4419187307357788,0.5527645349502563,0.6004990339279175,0.5635363459587097,0.6301360130310059,0.641569972038269,0.5425633788108826,0.6251079440116882,0.4337838888168335,0.6256021857261658,0.591201663017273,0.6321142911911011,0.6301039457321167,0.7285155057907104,0.5581644773483276,0.7098086476325989,0.4700581431388855,0.6974461078643799,0.5846140384674072,0.6994027495384216,0.6287572383880615
0.6191887855529785,0.8931050300598145,0.5022540092468262,0.850044310092926,0.4305707812309265,0.699295163154602,0.4264678359031677,0.5399303436279297,0.42532458901405334,0.4288829565048218,0.4851624369621277,0.5557413697242737,0.4637579917907715,0.44456443190574646,0.48100224137306213,0.5761509537696838,0.4975831210613251,0.6342165470123291,0.5636847615242004,0.537349283695221,0.5441078543663025,0.43826547265052795,0.5529565811157227,0.5965011715888977,0.5682553052902222,0.6228107810020447,0.6450437307357788,0.5387344360351562,0.6292071342468262,0.42960402369499207,0.6265725493431091,0.5844566226005554,0.6362895965576172,0.6214351654052734,0.731804609298706,0.5569981336593628,0.7150871157646179,0.4656599164009094,0.6983087062835693,0.5768162608146667,0.7005510926246643,0.6215503811836243
0.6220057010650635,0.8876920938491821,0.5060631632804871,0.8450055122375488,0.43445906043052673,0.6952826380729675,0.4327481985092163,0.5384271144866943,0.43633919954299927,0.43296122550964355,0.4850391149520874,0.5475671291351318,0.4645213484764099,0.43602895736694336,0.4836806654930115,0.5688111782073975,0.5003297328948975,0.6324306726455688,0.564461886882782,0.5316377878189087,0.5484596490859985,0.4317869544029236,0.5585855841636658,0.5915033221244812,0.5737141966819763,0.6230617761611938,0.6467181444168091,0.5360863208770752,0.6338898539543152,0.42936384677886963,0.6307336688041687,0.5836693048477173,0.6407701373100281,0.6218230724334717,0.7343785166740417,0.5574050545692444,0.7177354097366333,0.46676334738731384,0.7009342908859253,0.5767108798027039,0.7036392092704773,0.6207019090652466
0.6295217871665955,0.8857972025871277,0.5105261206626892,0.8463204503059387,0.4383677840232849,0.690122127532959,0.4348739981651306,0.5291552543640137,0.43821263313293457,0.42204245924949646,0.4902987480163574,0.5468117594718933,0.4682895541191101,0.4378489851951599,0.48784834146499634,0.5745757222175598,0.5043725967407227,0.6291860342025757,0.5701724290847778,0.5313597917556763,0.5508064031600952,0.4368951916694641,0.5589885711669922,0.5954543948173523,0.5720695853233337,0.6152837872505188,0.651977002620697,0.5348063707351685,0.6347241997718811,0.4330277442932129,0.6317052245140076,0.5875391364097595,0.6417040824890137,0.6163408756256104,0.7379626035690308,0.551911473274231,0.7187802195549011,0.47036170959472656,0.702935516834259,0.5816084146499634,0.707283079624176,0.6190219521522522
0.6229117512702942,0.8856858015060425,0.5082118511199951,0.8464010953903198,0.43758389353752136,0.6871591806411743,0.43432700634002686,0.5240151286125183,0.44069814682006836,0.41547486186027527,0.49410808086395264,0.5484621524810791,0.4731374680995941,0.439575731754303,0.4903551936149597,0.5746846199035645,0.5065158605575562,0.6236740946769714,0.5744835138320923,0.5359761118888855,0.5553441643714905,0.4398517608642578,0.56072598695755,0.6007384657859802,0.5730831623077393,0.6168913841247559,0.6555548906326294,0.5420886874198914,0.6389458775520325,0.43880969285964966,0.6332520246505737,0.5944594740867615,0.6427058577537537,0.6195405125617981,0.7410215735435486,0.5613691210746765,0.7239972949028015,0.4777195155620575,0.7068759799003601,0.5876356959342957,0.7110636830329895,0.623288094997406
0.6233455538749695,0.8761554956436157,0.5079800486564636,0.837352454662323,0.43744945526123047,0.6808270812034607,0.4325398802757263,0.5210825800895691,0.4432505667209625,0.4130692183971405,0.4971262216567993,0.538817286491394,0.47148653864860535,0.4425022602081299,0.48695847392082214,0.5749491453170776,0.5049868226051331,0.6181138157844543,0.5775057673454285,0.5298433899879456,0.5548683404922485,0.4464878737926483,0.5596340894699097,0.6076887249946594,0.5754472017288208,0.6150742173194885,0.6586331129074097,0.5406618714332581,0.6391472220420837,0.4479754865169525,0.6311790347099304,0.6017824411392212,0.6420250535011292,0.617280125617981,0.7426198720932007,0.5636557936668396,0.7248700857162476,0.4887244403362274,0.7047357559204102,0.5956887006759644,0.7093306183815002,0.6237834692001343
0.6214784383773804,0.8721464276313782,0.5038473606109619,0.8313544392585754,0.4350070357322693,0.6740038394927979,0.4306972324848175,0.5155881643295288,0.4390294551849365,0.4078056216239929,0.49769046902656555,0.5317262411117554,0.4713853895664215,0.44546273350715637,0.48826780915260315,0.5795937776565552,0.5068976879119873,0.6189271211624146,0.5761834383010864,0.5252751708030701,0.5526735186576843,0.45073646306991577,0.5579513311386108,0.6106447577476501,0.5748425126075745,0.6134031414985657,0.6560178399085999,0.5362656712532043,0.6348485350608826,0.45158496499061584,0.6282594203948975,0.6034945845603943,0.6418966054916382,0.6144847273826599,0.7393736243247986,0.5574418902397156,0.7191861271858215,0.49022191762924194,0.7005212903022766,0.5961411595344543,0.7080410122871399,0.619749903678894
0.61793452501297,0.865187406539917,0.5006056427955627,0.8272028565406799,0.4304136335849762,0.6688463091850281,0.4274061918258667,0.5122312307357788,0.43455982208251953,0.40991079807281494,0.4965205490589142,0.5240234136581421,0.4707051217556,0.44077491760253906,0.48695945739746094,0.5795617699623108,0.5051740407943726,0.6215701103210449,0.575012743473053,0.5202975869178772,0.5509961843490601,0.4508257210254669,0.5555816888809204,0.6113179326057434,0.5728557705879211,0.6157466173171997,0.6541615128517151,0.5337278842926025,0.6325802803039551,0.45704013109207153,0.6254496574401855,0.6076491475105286,0.6397444009780884,0.6175945997238159,0.7371760606765747,0.5561292171478271,0.7159215211868286,0.4941942095756531,0.6965857744216919,0.5982226729393005,0.7042505145072937,0.6198294758796692
0.6151913404464722,0.8644002676010132,0.4981258511543274,0.827136218547821,0.4281116724014282,0.6678988337516785,0.4252097010612488,0.5099035501480103,0.43746232986450195,0.40951985120773315,0.4941447973251343,0.5259329676628113,0.46742013096809387,0.4424341917037964,0.4839271306991577,0.5790298581123352,0.5032770037651062,0.621181845664978,0.5725106596946716,0.5216845273971558,0.5477568507194519,0.4540160298347473,0.5528439283370972,0.6112421154975891,0.5718989372253418,0.6155599355697632,0.6507923007011414,0.534650444984436,0.6285054683685303,0.459991991519928,0.621749758720398,0.6081305146217346,0.6372450590133667,0.6171043515205383,0.732734739780426,0.5561488270759583,0.7113072872161865,0.4942159354686737,0.6922326683998108,0.5968310236930847,0.7008533477783203,0.6179066300392151
0.6146529912948608,0.8574493527412415,0.4981544613838196,0.821259617805481,0.427665650844574,0.6652203798294067,0.42538636922836304,0.5106420516967773,0.43729549646377563,0.40852054953575134,0.49276426434516907,0.5179720520973206,0.4592069089412689,0.4331931471824646,0.4767877757549286,0.5713310241699219,0.49808043241500854,0.6186164021492004,0.5699688792228699,0.5148681998252869,0.5394952297210693,0.4481753706932068,0.5478488206863403,0.6086738109588623,0.5691100358963013,0.6145356893539429,0.6483252048492432,0.5285420417785645,0.6198316812515259,0.4541638493537903,0.6157316565513611,0.6065618991851807,0.6332075595855713,0.617327868938446,0.7299867272377014,0.5511334538459778,0.7038543820381165,0.4881587028503418,0.686255693435669,0.5919368267059326,0.6965332627296448,0.6139742732048035
0.6196287870407104,0.8556190729141235,0.5000015497207642,0.811806857585907,0.4319632053375244,0.656365156173706,0.42854803800582886,0.5055084824562073,0.4346841871738434,0.4021863043308258,0.4916019141674042,0.5163119435310364,0.4602853059768677,0.4295286238193512,0.4773326516151428,0.5592319369316101,0.49648579955101013,0.6120529174804688,0.5675395727157593,0.5091184377670288,0.537202775478363,0.4384143352508545,0.5460586547851562,0.5912045836448669,0.5657645463943481,0.6066360473632812,0.6458317637443542,0.5208413600921631,0.6169804930686951,0.44273531436920166,0.6136637926101685,0.5899286270141602,0.6283312439918518,0.611021101474762,0.7263739109039307,0.5444065928459167,0.6990204453468323,0.47848549485206604,0.682192325592041,0.579017698764801,0.6907395124435425,0.6067355871200562
0.6214765310287476,0.8447221517562866,0.5050780773162842,0.8028084635734558,0.4373825192451477,0.6538479924201965,0.4350461959838867,0.506712794303894,0.44332432746887207,0.40603315830230713,0.48982763290405273,0.5096540451049805,0.45810022950172424,0.41463181376457214,0.4741602838039398,0.5434872508049011,0.49317488074302673,0.593181848526001,0.5645681619644165,0.500773012638092,0.5356160402297974,0.4238247871398926,0.5439035296440125,0.5776301026344299,0.5632991194725037,0.5890756249427795,0.6421194672584534,0.5101176500320435,0.6141693592071533,0.4264001250267029,0.6104852557182312,0.5749508738517761,0.6267502307891846,0.5943133234977722,0.7221213579177856,0.5311008095741272,0.6939129829406738,0.46430307626724243,0.6777770519256592,0.564412534236908,0.6885890960693359,0.5909462571144104
0.6172698140144348,0.8329193592071533,0.4990232586860657,0.7795117497444153,0.4375641345977783,0.6271950006484985,0.43763214349746704,0.48237359523773193,0.4362785220146179,0.3878975212574005,0.4929344058036804,0.5010610818862915,0.4655340909957886,0.4063369035720825,0.47938671708106995,0.5266218185424805,0.49418002367019653,0.5772562623023987,0.5638864040374756,0.490963876247406,0.5339628458023071,0.4120672345161438,0.5428069829940796,0.555057942867279,0.5606871843338013,0.5725600123405457,0.6384209990501404,0.4988223910331726,0.6099412441253662,0.41181308031082153,0.6085730195045471,0.5502427220344543,0.6234166622161865,0.5756989121437073,0.715603768825531,0.5198523998260498,0.6865625381469727,0.4488781690597534,0.6725037097930908,0.5429338216781616,0.6825398206710815,0.5727779269218445
0.612999677658081,0.8109797239303589,0.49669426679611206,0.7500417232513428,0.4347611665725708,0.603212833404541,0.4316498041152954,0.4682839810848236,0.4304423928260803,0.3792906403541565,0.49567633867263794,0.4790220260620117,0.4676559865474701,0.39429140090942383,0.47911152243614197,0.5108691453933716,0.4953102469444275,0.5554299354553223,0.5629449486732483,0.470819890499115,0.5341149568557739,0.39158380031585693,0.5393847823143005,0.5327131152153015,0.5585581660270691,0.5531123280525208,0.634446382522583,0.480052649974823,0.606890857219696,0.3944321870803833,0.6039440631866455,0.5296178460121155,0.620834469795227,0.5547646880149841,0.7091010808944702,0.5032967925071716,0.681225597858429,0.4312526285648346,0.6661977767944336,0.522483766078949,0.6776334047317505,0.5513483881950378
0.6130765676498413,0.7841410636901855,0.4975431561470032,0.7268860340118408,0.43207043409347534,0.5892420411109924,0.42635321617126465,0.4598638415336609,0.42527180910110474,0.37356841564178467,0.48469769954681396,0.4629631042480469,0.45149338245391846,0.3832435607910156,0.4665225148200989,0.49473893642425537,0.4834279417991638,0.5368309020996094,0.551612138748169,0.45023953914642334,0.5195440649986267,0.3791221082210541,0.5296328663825989,0.5143612027168274,0.5478644967079163,0.5348583459854126,0.6237246990203857,0.4554033577442169,0.5939581990242004,0.3810269832611084,0.5962169170379639,0.5102955102920532,0.6129170656204224,0.5316582322120667,0.699665904045105,0.47485747933387756,0.66876620054245,0.4141717553138733,0.6562977433204651,0.504020094871521,0.6672158241271973,0.5287690758705139
0.6115941405296326,0.7633675336837769,0.4960142970085144,0.7129213213920593,0.4291987419128418,0.5756620764732361,0.4220333695411682,0.447902113199234,0.4196970462799072,0.3674085736274719,0.4826749563217163,0.45621973276138306,0.4557284116744995,0.37554147839546204,0.46789559721946716,0.48559460043907166,0.48179227113723755,0.5298782587051392,0.5460891723632812,0.44130733609199524,0.5159718990325928,0.36979636549949646,0.5256339907646179,0.49825263023376465,0.542628288269043,0.520108163356781,0.6152907609939575,0.44274502992630005,0.5849822163581848,0.3675077557563782,0.5894259214401245,0.48963987827301025,0.6046350002288818,0.511588454246521,0.6886368989944458,0.4577895998954773,0.6564345359802246,0.40307655930519104,0.6482694149017334,0.4883168637752533,0.6601020693778992,0.5093202590942383
0.6074531078338623,0.743740975856781,0.49350619316101074,0.69581538438797,0.4272259473800659,0.5648476481437683,0.42060643434524536,0.4411681294441223,0.4194214344024658,0.36508941650390625,0.48183387517929077,0.44934195280075073,0.4536442458629608,0.37112921476364136,0.467420756816864,0.4751604199409485,0.48293164372444153,0.5196929574012756,0.5422051548957825,0.43414610624313354,0.5104485750198364,0.3608718812465668,0.5213820934295654,0.48424816131591797,0.5397137403488159,0.5083692669868469,0.608473002910614,0.4339158236980438,0.5754613280296326,0.35603010654449463,0.581429123878479,0.4764646291732788,0.5986035466194153,0.5012802481651306,0.6797757744789124,0.4474063813686371,0.6447082757949829,0.3922632932662964,0.6371100544929504,0.47510629892349243,0.650908350944519,0.49738678336143494
0.5992053151130676,0.7413392663002014,0.49053576588630676,0.6917676329612732,0.42645496129989624,0.5628826022148132,0.4197964668273926,0.4437955617904663,0.4137948751449585,0.36496925354003906,0.48905107378959656,0.44650569558143616,0.45636042952537537,0.3715696930885315,0.4685012400150299,0.47450828552246094,0.4879831075668335,0.5158606171607971,0.5438592433929443,0.43504324555397034,0.5099650025367737,0.3575561046600342,0.5182140469551086,0.4837532639503479,0.5416113138198853,0.5046800374984741,0.6050293445587158,0.43410855531692505,0.5708909630775452,0.35293394327163696,0.5739479660987854,0.47713834047317505,0.5961129665374756,0.5027894973754883,0.6727093458175659,0.44577324390411377,0.6401527523994446,0.3738344609737396,0.6284267902374268,0.459993839263916,0.6433681845664978,0.4914088845252991
0.6009321212768555,0.7326303720474243,0.4935007691383362,0.6824206113815308,0.42966917157173157,0.5688090920448303,0.42172402143478394,0.45538991689682007,0.4232555627822876,0.37647172808647156,0.48295095562934875,0.446994811296463,0.4527280926704407,0.37848126888275146,0.46899330615997314,0.4792618453502655,0.4867064952850342,0.5117406249046326,0.5391467809677124,0.4335215091705322,0.5102695226669312,0.36360079050064087,0.5218634009361267,0.48450276255607605,0.5426592826843262,0.4990929365158081,0.6010555028915405,0.4300830364227295,0.5723406076431274,0.3571159243583679,0.5759085416793823,0.4754020571708679,0.5958205461502075,0.494949609041214,0.6685760617256165,0.43935060501098633,0.6418035626411438,0.37108147144317627,0.6296385526657104,0.45549720525741577,0.6418606638908386,0.4843800961971283
0.6028792858123779,0.7241381406784058,0.5009338855743408,0.6824784278869629,0.4362076222896576,0.5785481333732605,0.43509939312934875,0.47509750723838806,0.45326071977615356,0.41116806864738464,0.48148471117019653,0.45881468057632446,0.45336419343948364,0.3860701620578766,0.46938619017601013,0.4794386625289917,0.4859994649887085,0.5172733664512634,0.5356044173240662,0.4399335980415344,0.5082340836524963,0.3670169711112976,0.5213950872421265,0.4818229675292969,0.5401951670646667,0.504296600818634,0.5966759920120239,0.43121856451034546,0.5688554644584656,0.3569159507751465,0.5756120681762695,0.47166672348976135,0.5936864614486694,0.49837368726730347,0.6639208197593689,0.4362030625343323,0.6375153064727783,0.3659166097640991,0.6280093789100647,0.45022889971733093,0.6385035514831543,0.48406144976615906
0.6011486053466797,0.7160836458206177,0.4985237121582031,0.6728537082672119,0.4418873190879822,0.5672968029975891,0.4424859881401062,0.4657214879989624,0.443539023399353,0.4057576060295105,0.489142507314682,0.45564666390419006,0.4607509672641754,0.38794392347335815,0.4716496765613556,0.47994640469551086,0.48855939507484436,0.5259747505187988,0.5394549369812012,0.43678247928619385,0.5121034979820251,0.36763185262680054,0.5221870541572571,0.48112431168556213,0.5431815385818481,0.5106458067893982,0.5977771878242493,0.42799240350723267,0.5691690444946289,0.35754355788230896,0.5732108950614929,0.4713701009750366,0.592035710811615,0.5039845108985901,0.6640452146530151,0.4324609041213989,0.6350752115249634,0.3658522367477417,0.6253448128700256,0.4495945870876312,0.6373392343521118,0.48553842306137085
0.6086967587471008,0.7135556936264038,0.5040777325630188,0.673793613910675,0.4452502429485321,0.5702322125434875,0.4458335041999817,0.47090864181518555,0.45169776678085327,0.4178871512413025,0.49158966541290283,0.46559444069862366,0.46214717626571655,0.39826536178588867,0.4751003384590149,0.4871300756931305,0.49335548281669617,0.5349608659744263,0.5403396487236023,0.44625258445739746,0.5107077956199646,0.37679523229599,0.525129497051239,0.4897879958152771,0.5477099418640137,0.5231586694717407,0.5978490114212036,0.4335026144981384,0.5673097968101501,0.36325928568840027,0.5739976763725281,0.47790729999542236,0.5945059061050415,0.5149045586585999,0.6638919711112976,0.43218356370925903,0.6341820955276489,0.36633503437042236,0.625682532787323,0.44952499866485596,0.6385070085525513,0.48689672350883484
0.6151014566421509,0.7112477421760559,0.5040608644485474,0.6656544208526611,0.4522230923175812,0.5749209523200989,0.45744580030441284,0.48145586252212524,0.46327218413352966,0.4242400825023651,0.49513471126556396,0.4716087579727173,0.4685330092906952,0.40474599599838257,0.4777929186820984,0.48125162720680237,0.49500760436058044,0.5364893674850464,0.54389888048172,0.4491785764694214,0.5163785815238953,0.3786427974700928,0.5289872884750366,0.48487773537635803,0.5518087148666382,0.5300841331481934,0.599582850933075,0.43553805351257324,0.5714548826217651,0.36512404680252075,0.576215922832489,0.4730071425437927,0.5969299077987671,0.5207487940788269,0.665773868560791,0.4349380135536194,0.6356892585754395,0.36550700664520264,0.6270739436149597,0.4439055323600769,0.6400895714759827,0.4864901006221771
0.6168076992034912,0.7091759443283081,0.5072141885757446,0.6617878079414368,0.45671719312667847,0.5756435394287109,0.4645228385925293,0.4877869188785553,0.47524595260620117,0.42917972803115845,0.5003576278686523,0.47385454177856445,0.4743219316005707,0.40647631883621216,0.4819832444190979,0.48111680150032043,0.4987269639968872,0.5353637933731079,0.5486748218536377,0.4525860548019409,0.5218861103057861,0.3790591359138489,0.5327184796333313,0.484258234500885,0.5552401542663574,0.5309661030769348,0.6031032204627991,0.4387170374393463,0.5751463174819946,0.36628639698028564,0.5789049863815308,0.47406935691833496,0.5997142791748047,0.5238170623779297,0.668205201625824,0.4372193515300751,0.6373438239097595,0.3633483946323395,0.6286875605583191,0.4409678876399994,0.6422141790390015,0.4857655167579651
0.6186983585357666,0.7066722512245178,0.5106600522994995,0.6593976020812988,0.46130651235580444,0.573838472366333,0.46737006306648254,0.48501455783843994,0.47460439801216125,0.42760854959487915,0.5056330561637878,0.47294947504997253,0.4806045889854431,0.40682995319366455,0.4869545102119446,0.4783862829208374,0.5030311942100525,0.5331037044525146,0.5530860424041748,0.4521244764328003,0.5272228717803955,0.3795921206474304,0.5356448292732239,0.48146769404411316,0.5563157200813293,0.5304925441741943,0.6063452959060669,0.4394245743751526,0.5790393352508545,0.3663288354873657,0.5807362794876099,0.47130608558654785,0.6003791689872742,0.5234758853912354,0.6705379486083984,0.4391651749610901,0.6405418515205383,0.36577528715133667,0.6308203935623169,0.44051364064216614,0.643344521522522,0.48543059825897217
0.622696578502655,0.7096067667007446,0.5139164328575134,0.660256028175354,0.46547770500183105,0.5756022930145264,0.47000348567962646,0.4870743751525879,0.4768247902393341,0.4296409487724304,0.5080429911613464,0.47358232736587524,0.4825913608074188,0.41352197527885437,0.49057644605636597,0.4823419153690338,0.508177638053894,0.5364533066749573,0.5556814670562744,0.45159912109375,0.5292734503746033,0.38410696387290955,0.5391482710838318,0.4854511618614197,0.5595999360084534,0.5354785323143005,0.6085706949234009,0.43895775079727173,0.5818342566490173,0.370516300201416,0.5837130546569824,0.47343671321868896,0.6035982966423035,0.5257020592689514,0.6729711890220642,0.43924298882484436,0.6437709927558899,0.3694576323032379,0.6338884234428406,0.4433547556400299,0.6461070775985718,0.4873681962490082
0.6230376958847046,0.7082030773162842,0.5160398483276367,0.6603811383247375,0.4669828712940216,0.574135959148407,0.4701673984527588,0.4854230284690857,0.475992351770401,0.4273040294647217,0.5096687078475952,0.47515198588371277,0.4846465587615967,0.413430780172348,0.49275556206703186,0.4830639660358429,0.5098411440849304,0.5386806130409241,0.5568068027496338,0.4540121555328369,0.5300295352935791,0.38728979229927063,0.5403605103492737,0.4884622097015381,0.5611603856086731,0.540306568145752,0.6097127199172974,0.44132769107818604,0.5822598934173584,0.37202173471450806,0.5850211381912231,0.4766339361667633,0.6046891808509827,0.5326108932495117,0.6732051372528076,0.4415706396102905,0.6446674466133118,0.3718695044517517,0.6347009539604187,0.4452679455280304,0.6456543207168579,0.4903416931629181
0.6254653334617615,0.7054142355918884,0.52057945728302,0.6623570919036865,0.4701356589794159,0.5793315172195435,0.471958190202713,0.490865021944046,0.47839632630348206,0.4327881932258606,0.5114867687225342,0.4772140681743622,0.48650264739990234,0.4141639471054077,0.49544304609298706,0.4851911664009094,0.5127316117286682,0.540170431137085,0.5586405992507935,0.45621606707572937,0.5325899720191956,0.38838887214660645,0.5439888834953308,0.49017763137817383,0.5649579763412476,0.5415410399436951,0.6113262176513672,0.44344085454940796,0.5849075317382812,0.37513548135757446,0.5885577201843262,0.4796668291091919,0.6077737212181091,0.5340073108673096,0.6743623614311218,0.44340088963508606,0.6460420489311218,0.3741369843482971,0.6370015144348145,0.44733014702796936,0.6477741003036499,0.49157950282096863
0.6265198588371277,0.7052498459815979,0.5219080448150635,0.6618043184280396,0.4729624390602112,0.5803549289703369,0.47648298740386963,0.49258485436439514,0.48290368914604187,0.43476760387420654,0.5126949548721313,0.4781096577644348,0.4889587461948395,0.416156142950058,0.4977795481681824,0.48644280433654785,0.5145742297172546,0.5420306324958801,0.5599464774131775,0.45667314529418945,0.5351341366767883,0.3899937868118286,0.5464036464691162,0.4910154342651367,0.5662751197814941,0.543832540512085,0.6118400692939758,0.4443739950656891,0.5876112580299377,0.37616974115371704,0.5901665687561035,0.4788542091846466,0.6086623668670654,0.5345596075057983,0.6748906970024109,0.4443540573120117,0.6488438844680786,0.3769843876361847,0.6386635303497314,0.44759923219680786,0.648032546043396,0.49111127853393555
0.6248763799667358,0.7042160034179688,0.5204111337661743,0.6602451801300049,0.47274836897850037,0.5764647722244263,0.4792112708091736,0.49098795652389526,0.4880181550979614,0.43401116132736206,0.5130164623260498,0.476435124874115,0.48989206552505493,0.4165147840976715,0.49743103981018066,0.48660364747047424,0.5134530067443848,0.5430290699005127,0.5603805184364319,0.4550301730632782,0.5358157753944397,0.3898468315601349,0.5461896061897278,0.49097341299057007,0.566166341304779,0.5433188080787659,0.6126176118850708,0.4435555338859558,0.5888015031814575,0.37624332308769226,0.590682327747345,0.47910597920417786,0.6092121601104736,0.5336401462554932,0.6759076118469238,0.4444216191768646,0.6501645445823669,0.3786545395851135,0.6393564343452454,0.4501498341560364,0.6485654711723328,0.4929470121860504
0.6222370862960815,0.7045477628707886,0.5205510854721069,0.6625151634216309,0.4727783203125,0.5778234004974365,0.4755348563194275,0.4898790121078491,0.47707927227020264,0.43091028928756714,0.5145286321640015,0.47476714849472046,0.49141544103622437,0.4157907962799072,0.49945732951164246,0.4883027672767639,0.5163922309875488,0.5456826090812683,0.5615302324295044,0.45463305711746216,0.5368478894233704,0.388322651386261,0.5467360019683838,0.490705668926239,0.5672621130943298,0.543589174747467,0.6132611036300659,0.4438266456127167,0.5887113213539124,0.37558627128601074,0.5901429653167725,0.4793626368045807,0.6091557145118713,0.533746600151062,0.6761971116065979,0.4446474015712738,0.6498191356658936,0.37784630060195923,0.6391723155975342,0.4496852159500122,0.6490340828895569,0.49272871017456055
0.6231705546379089,0.7037496566772461,0.522490918636322,0.661960244178772,0.4724033772945404,0.5786498188972473,0.47250568866729736,0.4919178783893585,0.47395801544189453,0.43207862973213196,0.5153579115867615,0.472238689661026,0.4905082881450653,0.41505131125450134,0.49631527066230774,0.48802581429481506,0.51337069272995,0.5433652400970459,0.5613276958465576,0.4532298445701599,0.5352116227149963,0.3874688148498535,0.5428459644317627,0.49062561988830566,0.5635573267936707,0.5409552454948425,0.6127124428749084,0.44337427616119385,0.5873261094093323,0.37843039631843567,0.5874559879302979,0.4825426936149597,0.6070313453674316,0.5333062410354614,0.6758502721786499,0.44537168741226196,0.6489816904067993,0.378544420003891,0.6378821134567261,0.4512031674385071,0.6486316919326782,0.49279722571372986
0.6225977540016174,0.6992805004119873,0.5227628350257874,0.659599781036377,0.4710022807121277,0.5719472169876099,0.4732106328010559,0.48307257890701294,0.47846660017967224,0.4243631362915039,0.5131111741065979,0.4698309898376465,0.4891211986541748,0.41024595499038696,0.49586617946624756,0.48618605732917786,0.5120019316673279,0.5402596592903137,0.5590233206748962,0.4509720802307129,0.5336112380027771,0.38512855768203735,0.5424886345863342,0.48937633633613586,0.5635948777198792,0.5370794534683228,0.6118403673171997,0.44029057025909424,0.5857036709785461,0.3741203844547272,0.5876044631004333,0.4799882173538208,0.6065666079521179,0.5299815535545349,0.6743526458740234,0.441437304019928,0.6470375061035156,0.37530404329299927,0.6368281841278076,0.4488345980644226,0.6475062370300293,0.4906405508518219
0.6233314871788025,0.6941948533058167,0.5206685066223145,0.6515527963638306,0.470445454120636,0.5647271871566772,0.47568535804748535,0.4783661365509033,0.485383003950119,0.4210945665836334,0.5118175745010376,0.4682747423648834,0.4889013469219208,0.40784114599227905,0.4964120388031006,0.48132166266441345,0.5116963386535645,0.5361486673355103,0.5582422018051147,0.44803568720817566,0.533402681350708,0.3816864490509033,0.5440794825553894,0.48424121737480164,0.5651034116744995,0.5330894589424133,0.611378014087677,0.43691518902778625,0.5854772329330444,0.37009871006011963,0.5885372757911682,0.47435179352760315,0.6078500151634216,0.5251505970954895,0.6744850277900696,0.43785545229911804,0.6472697854042053,0.371529221534729,0.637378454208374,0.4437609016895294,0.6478607654571533,0.48560792207717896
0.6227695345878601,0.6913427710533142,0.521414577960968,0.6453073620796204,0.4746319055557251,0.5588636994361877,0.4855371117591858,0.47604241967201233,0.5001503229141235,0.4229806065559387,0.5124002695083618,0.4655221998691559,0.491023451089859,0.40181589126586914,0.49700939655303955,0.4722461402416229,0.5105230212211609,0.5276470184326172,0.5595340132713318,0.4448874294757843,0.5361231565475464,0.37767326831817627,0.5454851388931274,0.4780738055706024,0.565185010433197,0.5272039175033569,0.6131128072738647,0.4332258701324463,0.588777482509613,0.36739087104797363,0.5900947451591492,0.46944549679756165,0.6071110367774963,0.5204076170921326,0.6750558614730835,0.4338568150997162,0.648729681968689,0.367312490940094,0.6380258798599243,0.43921077251434326,0.6470667719841003,0.48316851258277893
0.6225207448005676,0.687779426574707,0.5235691666603088,0.6402102112770081,0.47948330640792847,0.553167462348938,0.4941858649253845,0.4725923538208008,0.5128629207611084,0.42279568314552307,0.5167679786682129,0.46032989025115967,0.4968850910663605,0.3950359523296356,0.5006958842277527,0.46375635266304016,0.5140775442123413,0.5189186334609985,0.5645820498466492,0.44008854031562805,0.5429943203926086,0.36962616443634033,0.5492480993270874,0.46813490986824036,0.5679763555526733,0.518681526184082,0.6177220940589905,0.4303489327430725,0.5961813926696777,0.36158227920532227,0.5939627885818481,0.4613686203956604,0.6096357703208923,0.5134456157684326,0.6792876720428467,0.4334406554698944,0.6556091904640198,0.36620384454727173,0.6427055597305298,0.4348832964897156,0.650368332862854,0.4779421389102936
0.6249663233757019,0.6843615770339966,0.5267924666404724,0.6390767097473145,0.4805801212787628,0.5469275116920471,0.49157246947288513,0.46329066157341003,0.5047930479049683,0.41253694891929626,0.5203869342803955,0.451548308134079,0.5008813738822937,0.38806241750717163,0.5063070058822632,0.46354377269744873,0.519936203956604,0.5166930556297302,0.5677168965339661,0.43143218755722046,0.5473781824111938,0.3670416474342346,0.5537806749343872,0.46878427267074585,0.5722953081130981,0.5152446031570435,0.6209378242492676,0.42098888754844666,0.5995838642120361,0.35721108317375183,0.5980547070503235,0.46083924174308777,0.6136505007743835,0.5102301836013794,0.6819585561752319,0.4237825274467468,0.658460795879364,0.3631003797054291,0.6457198858261108,0.4356251060962677,0.653531014919281,0.47683513164520264
0.631385862827301,0.6782234907150269,0.5332980751991272,0.6343743205070496,0.48496299982070923,0.5441897511482239,0.49983832240104675,0.46062979102134705,0.5245785713195801,0.41153135895729065,0.5248797535896301,0.4508184790611267,0.5046980381011963,0.3829178214073181,0.5110020637512207,0.45923835039138794,0.5244908928871155,0.5115691423416138,0.5722792744636536,0.4307897686958313,0.5510128140449524,0.36336833238601685,0.558832585811615,0.464565634727478,0.5779976844787598,0.5090099573135376,0.6256100535392761,0.41915372014045715,0.6031719446182251,0.3509446680545807,0.6030586957931519,0.4545890688896179,0.6191673278808594,0.5030215382575989,0.6863058805465698,0.42006218433380127,0.6615095734596252,0.35743820667266846,0.65010005235672,0.4301481246948242,0.6587458252906799,0.4714803993701935
0.6266888976097107,0.6739340424537659,0.5328032970428467,0.6279622316360474,0.4874684810638428,0.5346370935440063,0.5051329135894775,0.45131441950798035,0.5306853652000427,0.40224915742874146,0.5281826257705688,0.44368457794189453,0.5072192549705505,0.3771003782749176,0.5126874446868896,0.45219165086746216,0.5278415083885193,0.5072511434555054,0.5763015747070312,0.42603611946105957,0.5544928312301636,0.35613924264907837,0.5612552762031555,0.45949164032936096,0.5809929966926575,0.5097446441650391,0.6288752555847168,0.4182370901107788,0.6074797511100769,0.35081809759140015,0.6060407757759094,0.45514780282974243,0.6229900121688843,0.506183385848999,0.689582109451294,0.4227072596549988,0.6663405299186707,0.35918211936950684,0.653588056564331,0.429763525724411,0.6616066694259644,0.47037553787231445
0.6265615820884705,0.6778922080993652,0.5358215570449829,0.6338762044906616,0.48886197805404663,0.5390853881835938,0.5088451504707336,0.4609675109386444,0.539696455001831,0.41629502177238464,0.5328798294067383,0.4462383985519409,0.5089422464370728,0.37943246960639954,0.5125229954719543,0.4579083323478699,0.5285475254058838,0.5074969530105591,0.5788136720657349,0.4296417236328125,0.5537897944450378,0.35811883211135864,0.5575833916664124,0.4613838791847229,0.5791943073272705,0.5042573809623718,0.6305823922157288,0.4207039475440979,0.605628490447998,0.35177215933799744,0.603264570236206,0.45535916090011597,0.6222408413887024,0.49829885363578796,0.6912304162979126,0.4237349033355713,0.6663498282432556,0.35771849751472473,0.6528522968292236,0.42879948019981384,0.6630104184150696,0.46741965413093567
0.6226290464401245,0.6790814399719238,0.5365457534790039,0.631635308265686,0.4950452446937561,0.5290114879608154,0.5211279392242432,0.44744956493377686,0.5539032816886902,0.39980053901672363,0.5361693501472473,0.4420888423919678,0.5147085785865784,0.36801016330718994,0.5139962434768677,0.44381892681121826,0.5276366472244263,0.4996669292449951,0.5827156901359558,0.42737483978271484,0.5602890253067017,0.3509289026260376,0.5599582195281982,0.45277222990989685,0.5787606239318848,0.5013781189918518,0.634808361530304,0.4207313656806946,0.6119835376739502,0.34902992844581604,0.6068041324615479,0.45181193947792053,0.6236685514450073,0.49891266226768494,0.695101261138916,0.4256308376789093,0.6704357266426086,0.35528144240379333,0.6557455062866211,0.4272422194480896,0.6647972464561462,0.4701230823993683
0.6317383646965027,0.682149350643158,0.5422455668449402,0.6364729404449463,0.49513834714889526,0.5376181602478027,0.5163153409957886,0.4571738839149475,0.5508842468261719,0.41416919231414795,0.5419217348098755,0.4353722035884857,0.5210731029510498,0.36317503452301025,0.52297043800354,0.44675397872924805,0.5382134914398193,0.49411410093307495,0.591516375541687,0.42132362723350525,0.5714571475982666,0.34463316202163696,0.5716772079467773,0.4484499990940094,0.5929036736488342,0.48482826352119446,0.64621901512146,0.4161382019519806,0.625519335269928,0.33761948347091675,0.6190395355224609,0.4408951699733734,0.6379450559616089,0.4798276722431183,0.7093592882156372,0.42322900891304016,0.6843505501747131,0.35091328620910645,0.6676713824272156,0.42664965987205505,0.6779107451438904,0.46879780292510986
0.6349157094955444,0.6857683658599854,0.5426996946334839,0.6371864080429077,0.49198269844055176,0.5420351624488831,0.5101575255393982,0.46221357583999634,0.546015202999115,0.41923290491104126,0.540281355381012,0.43860578536987305,0.51877361536026,0.3666304051876068,0.5206886529922485,0.4457319676876068,0.5354395508766174,0.49301135540008545,0.5899680852890015,0.4241260290145874,0.568424642086029,0.3477121591567993,0.5686858296394348,0.4505861699581146,0.588891327381134,0.4871162176132202,0.6453303694725037,0.4188121259212494,0.6250991821289062,0.3425384759902954,0.6193503737449646,0.4438494145870209,0.6373252868652344,0.4796272814273834,0.7089275121688843,0.42672842741012573,0.6865206956863403,0.3548731505870819,0.6697962880134583,0.42779314517974854,0.6788268685340881,0.46495315432548523
0.6338678002357483,0.6840941309928894,0.5410244464874268,0.6361773014068604,0.4917904734611511,0.5345397591590881,0.5052633881568909,0.44616061449050903,0.5274662375450134,0.3925904631614685,0.5410211682319641,0.4368683099746704,0.520226001739502,0.361814022064209,0.5222816467285156,0.44272488355636597,0.5369762182235718,0.49375683069229126,0.590792179107666,0.421964168548584,0.571334719657898,0.34388601779937744,0.5722374320030212,0.447062611579895,0.5917140245437622,0.4868459701538086,0.6455937027931213,0.41729477047920227,0.6262509226799011,0.3408377766609192,0.6212241053581238,0.4428318440914154,0.6384300589561462,0.48230087757110596,0.7076756358146667,0.42574650049209595,0.6858562231063843,0.35418927669525146,0.6696211099624634,0.42742305994033813,0.6781117916107178,0.46682170033454895
0.636605441570282,0.6885255575180054,0.5442000031471252,0.6403469443321228,0.49522438645362854,0.5487657785415649,0.5115896463394165,0.4751517176628113,0.5435562133789062,0.43713638186454773,0.5406317114830017,0.43968769907951355,0.518234133720398,0.36569586396217346,0.5226365923881531,0.44762325286865234,0.5382211208343506,0.4942818582057953,0.5912982225418091,0.4263077676296234,0.571277379989624,0.3483373522758484,0.5733963847160339,0.449931263923645,0.5932660698890686,0.48533955216407776,0.6460832357406616,0.4225230813026428,0.6271636486053467,0.34110361337661743,0.6222737431526184,0.4404909908771515,0.6402561068534851,0.4774620532989502,0.7084290385246277,0.43212825059890747,0.687606930732727,0.3579707145690918,0.6712021827697754,0.42910921573638916,0.6800731420516968,0.46699774265289307
0.6403339505195618,0.6939762830734253,0.5454270839691162,0.646981954574585,0.4920400083065033,0.5473225712776184,0.5037494897842407,0.4627191722393036,0.5322612524032593,0.4130920171737671,0.5396580696105957,0.43964695930480957,0.5174528360366821,0.36775338649749756,0.5227435231208801,0.4521586000919342,0.5382126569747925,0.4936993420124054,0.5903995633125305,0.423583984375,0.570724368095398,0.3475167751312256,0.573777973651886,0.4526199400424957,0.593940019607544,0.4833640456199646,0.6461348533630371,0.4194859266281128,0.627772867679596,0.34283119440078735,0.6238037347793579,0.444181352853775,0.6421380043029785,0.4761330187320709,0.7092679142951965,0.4297180473804474,0.6888971328735352,0.3597720265388489,0.6730059385299683,0.4315735995769501,0.6821500658988953,0.46589431166648865
0.6373955607414246,0.6979830861091614,0.5460916757583618,0.65361487865448,0.49286165833473206,0.5502194166183472,0.5033365488052368,0.45853349566459656,0.5308415293693542,0.40344512462615967,0.5412019491195679,0.44276586174964905,0.5153799653053284,0.3668775260448456,0.5206919312477112,0.45307832956314087,0.5377692580223083,0.4956108331680298,0.5915207862854004,0.42805156111717224,0.5667571425437927,0.3489658236503601,0.5699812769889832,0.45579293370246887,0.5913328528404236,0.4872501790523529,0.6473566293716431,0.424085408449173,0.623173177242279,0.34174996614456177,0.6201737523078918,0.44620853662490845,0.6390498280525208,0.4795225262641907,0.7104529738426208,0.43318963050842285,0.6861440539360046,0.3611912131309509,0.6704306602478027,0.43543848395347595,0.679933488368988,0.47085797786712646
0.6353079080581665,0.6989941596984863,0.5439932942390442,0.6513566970825195,0.4914706349372864,0.5479828119277954,0.5050973296165466,0.45900455117225647,0.5356968641281128,0.4064357876777649,0.5400490760803223,0.44334864616394043,0.5135512948036194,0.3685412108898163,0.5184223055839539,0.4543747305870056,0.5348626375198364,0.49714726209640503,0.5903739929199219,0.4289390444755554,0.5645702481269836,0.3510759472846985,0.5669953227043152,0.45697474479675293,0.5882303714752197,0.4885474145412445,0.6467255353927612,0.42481163144111633,0.6212123036384583,0.34231334924697876,0.6175644993782043,0.4476053714752197,0.636434018611908,0.48226791620254517,0.7105417847633362,0.4338650703430176,0.6849154233932495,0.35902923345565796,0.6688650846481323,0.4339769780635834,0.6789355278015137,0.471464604139328
0.6292335987091064,0.71500563621521,0.5190267562866211,0.6793140172958374,0.4574018716812134,0.5656433701515198,0.4468068778514862,0.4511905014514923,0.4337371587753296,0.36705920100212097,0.5042902827262878,0.44484618306159973,0.4807014763355255,0.3760708272457123,0.49710339307785034,0.4754374921321869,0.5157997608184814,0.5223327875137329,0.5611602067947388,0.42561930418014526,0.5391247868537903,0.35593730211257935,0.550236165523529,0.4728245735168457,0.5699933171272278,0.5003014802932739,0.6243162155151367,0.41854894161224365,0.599798321723938,0.3415570557117462,0.6025933027267456,0.4559032917022705,0.6195946335792542,0.49116337299346924,0.69358891248703,0.42499539256095886,0.667206346988678,0.3558405339717865,0.6554502844810486,0.4386950433254242,0.6635491847991943,0.4771212935447693
0.6320968866348267,0.7201392650604248,0.522917628288269,0.6825230121612549,0.45854681730270386,0.564269483089447,0.4475415050983429,0.44829678535461426,0.42934590578079224,0.36959710717201233,0.505786657333374,0.4512249231338501,0.48408496379852295,0.37463366985321045,0.49969297647476196,0.46798843145370483,0.515885055065155,0.5183516144752502,0.5620406270027161,0.4291864037513733,0.5391853451728821,0.3560445010662079,0.5514504909515381,0.46691009402275085,0.5712698101997375,0.4960229694843292,0.6246129870414734,0.4217045307159424,0.6005924940109253,0.34140682220458984,0.6051613688468933,0.4504917860031128,0.6214017271995544,0.48421141505241394,0.6929538249969482,0.42875441908836365,0.6693856120109558,0.356984406709671,0.659492015838623,0.43843743205070496,0.668268620967865,0.4759838879108429
0.630730926990509,0.7240450382232666,0.5219212174415588,0.6872406005859375,0.4538978934288025,0.5669846534729004,0.44104430079460144,0.4487360119819641,0.4265032410621643,0.36780157685279846,0.5009841322898865,0.451984703540802,0.4831514358520508,0.3780914843082428,0.4983883202075958,0.4708824157714844,0.5124927759170532,0.5210090279579163,0.5576774477958679,0.4288027286529541,0.5380167961120605,0.35559791326522827,0.550346851348877,0.4662594199180603,0.5668942332267761,0.4979880154132843,0.6203896403312683,0.4200756251811981,0.6001015305519104,0.3389536738395691,0.6042879223823547,0.447983980178833,0.6177615523338318,0.4855706989765167,0.6894834041595459,0.4256725609302521,0.669072687625885,0.35132646560668945,0.6578451991081238,0.4329987168312073,0.6630674600601196,0.47399961948394775
0.632887601852417,0.7253299951553345,0.5240833163261414,0.6892221570014954,0.45362013578414917,0.5672273635864258,0.44081228971481323,0.4467003047466278,0.42449116706848145,0.3658381700515747,0.49788418412208557,0.449119508266449,0.4824165999889374,0.3800845742225647,0.4988458752632141,0.47106558084487915,0.512118935585022,0.5227262377738953,0.5555030107498169,0.4238162636756897,0.5378284454345703,0.35191062092781067,0.5511059165000916,0.46277713775634766,0.5652256011962891,0.5000221729278564,0.6190336346626282,0.4135948419570923,0.6013409495353699,0.33362531661987305,0.6061151027679443,0.44409069418907166,0.6171563863754272,0.48736321926116943,0.6893873810768127,0.41816601157188416,0.6711952090263367,0.3435060381889343,0.6599685549736023,0.4267025887966156,0.662026584148407,0.4704577624797821
0.6373012065887451,0.7211173176765442,0.5264700651168823,0.6888092160224915,0.45372238755226135,0.5685854554176331,0.4394119083881378,0.4490910470485687,0.42165225744247437,0.3680322766304016,0.4950121343135834,0.45160478353500366,0.4820442199707031,0.37727826833724976,0.5001857280731201,0.4626277685165405,0.5125468969345093,0.5218327641487122,0.5539109110832214,0.4236365854740143,0.5369767546653748,0.34578925371170044,0.5531379580497742,0.45261576771736145,0.5658462643623352,0.5026258826255798,0.6182205080986023,0.4112996757030487,0.6017463803291321,0.3255729079246521,0.6090001463890076,0.4341592788696289,0.617650032043457,0.4886418282985687,0.6893632411956787,0.4141305387020111,0.6721986532211304,0.3377339243888855,0.6635221242904663,0.4206097722053528,0.6633517146110535,0.4692550301551819
0.6382395625114441,0.712284505367279,0.5276205539703369,0.6868557929992676,0.4534910321235657,0.5691142082214355,0.4385107159614563,0.44748982787132263,0.41975587606430054,0.36868107318878174,0.49010542035102844,0.4500889480113983,0.47681811451911926,0.3739682734012604,0.5001020431518555,0.4613581895828247,0.5119021534919739,0.5162432789802551,0.5497270226478577,0.4180499315261841,0.5342580676078796,0.34428495168685913,0.5556559562683105,0.44947028160095215,0.5655531883239746,0.49173736572265625,0.614590585231781,0.402143657207489,0.5986283421516418,0.32149267196655273,0.6115738153457642,0.4290804862976074,0.6179015040397644,0.4768446385860443,0.6849678158760071,0.4010300636291504,0.6687254905700684,0.32832831144332886,0.665805459022522,0.41356247663497925,0.6653094291687012,0.45803704857826233
0.6404682397842407,0.7042807340621948,0.5311355590820312,0.6791108250617981,0.4586752653121948,0.5610277056694031,0.44225215911865234,0.4429193437099457,0.4207298159599304,0.3673552870750427,0.4951096475124359,0.44208064675331116,0.4836445450782776,0.36651939153671265,0.5088120102882385,0.452820360660553,0.5214523077011108,0.5111506581306458,0.5531014204025269,0.4077373445034027,0.5404096841812134,0.33479517698287964,0.5640082359313965,0.44032222032546997,0.5727830529212952,0.4854181110858917,0.6158698797225952,0.38944557309150696,0.6037301421165466,0.3118726909160614,0.6180915832519531,0.4193064570426941,0.6224325895309448,0.4677845239639282,0.6845887899398804,0.3865097761154175,0.673263669013977,0.3172060251235962,0.6710700988769531,0.40207844972610474,0.6675570011138916,0.44522789120674133
0.6516212224960327,0.6918876767158508,0.5414553880691528,0.6708284616470337,0.46627041697502136,0.5551765561103821,0.4475109577178955,0.4386034905910492,0.4238596260547638,0.3649393320083618,0.5021700263023376,0.43319588899612427,0.4895437955856323,0.3582378625869751,0.5155162811279297,0.44823697209358215,0.5280647277832031,0.500366747379303,0.5591064095497131,0.3982403874397278,0.5478600859642029,0.3291487395763397,0.572296679019928,0.43667662143707275,0.5801065564155579,0.4753066897392273,0.6210502982139587,0.3784882724285126,0.6099512577056885,0.3061968684196472,0.6255583167076111,0.4156567454338074,0.6289606690406799,0.458972692489624,0.688197135925293,0.37356817722320557,0.678510308265686,0.3119354248046875,0.6771387457847595,0.3982735276222229,0.6734188199043274,0.43662431836128235
0.657950222492218,0.6815800666809082,0.5477069616317749,0.6622101068496704,0.4739420413970947,0.5482434630393982,0.45650333166122437,0.4344448745250702,0.4325506091117859,0.3623790740966797,0.5088363289833069,0.4227534830570221,0.49522024393081665,0.3503499925136566,0.520774781703949,0.4362281560897827,0.5348817706108093,0.4927493631839752,0.5662683844566345,0.3883155882358551,0.553692102432251,0.3193691074848175,0.5777745842933655,0.42168325185775757,0.5874223113059998,0.4657883942127228,0.627961277961731,0.3682449758052826,0.6148861646652222,0.297443687915802,0.6297234892845154,0.40063583850860596,0.6356133222579956,0.4472709000110626,0.6955744624137878,0.36229583621025085,0.6819297671318054,0.29562926292419434,0.6815693974494934,0.3770067095756531,0.6807447075843811,0.4181315004825592
0.6750569343566895,0.6796518564224243,0.5620942711830139,0.6627213954925537,0.4871947169303894,0.5476375818252563,0.4663003087043762,0.433062344789505,0.44142037630081177,0.3589615821838379,0.5184974670410156,0.42387425899505615,0.5017574429512024,0.34579139947891235,0.5284355878829956,0.4301755428314209,0.5418463349342346,0.48385611176490784,0.5762258172035217,0.38591769337654114,0.5619955658912659,0.3141913414001465,0.5868293642997742,0.41572391986846924,0.595447301864624,0.4560157358646393,0.6375900506973267,0.36254891753196716,0.6245793104171753,0.2893623113632202,0.6401093602180481,0.3869650363922119,0.6458694338798523,0.4292818009853363,0.7031060457229614,0.3526858687400818,0.6917139291763306,0.28504854440689087,0.6931778192520142,0.359917014837265,0.6934423446655273,0.39812177419662476
0.6855078935623169,0.6779490113258362,0.5730686187744141,0.6585652828216553,0.49832776188850403,0.546382486820221,0.47550657391548157,0.4322170615196228,0.4492836594581604,0.3561003804206848,0.5306257605552673,0.42621085047721863,0.511649489402771,0.3425787091255188,0.5374419689178467,0.42266014218330383,0.5516690611839294,0.48142507672309875,0.5888749957084656,0.3885200023651123,0.5717038512229919,0.3084331750869751,0.5951804518699646,0.4044525921344757,0.6037846803665161,0.45242685079574585,0.6510707139968872,0.3651871681213379,0.6345237493515015,0.28088945150375366,0.6494144201278687,0.37460586428642273,0.655015230178833,0.4251493811607361,0.7170272469520569,0.35576358437538147,0.7043782472610474,0.28241491317749023,0.7043094038963318,0.3531900942325592,0.7029374837875366,0.3976759910583496
0.7011205554008484,0.6789923906326294,0.5863455533981323,0.6642098426818848,0.5064718127250671,0.5507838726043701,0.4816521406173706,0.4339917004108429,0.451665461063385,0.3572556674480438,0.5409685373306274,0.4291681945323944,0.5210084319114685,0.3459281325340271,0.5473600625991821,0.4274929165840149,0.5622665882110596,0.4842351973056793,0.5992252230644226,0.39148208498954773,0.5799470543861389,0.30941081047058105,0.6046128273010254,0.40901699662208557,0.6151323914527893,0.45651158690452576,0.6618133783340454,0.367497980594635,0.6423315405845642,0.27711009979248047,0.657896101474762,0.376479834318161,0.6643466353416443,0.42828765511512756,0.728666365146637,0.35752230882644653,0.7140198945999146,0.27823737263679504,0.7132939696311951,0.3535821735858917,0.7117525339126587,0.400177001953125
0.7114719152450562,0.6844132542610168,0.592525839805603,0.6667079925537109,0.5130050182342529,0.5484951734542847,0.4906514883041382,0.42929187417030334,0.45976316928863525,0.35636329650878906,0.5462517738342285,0.4275050163269043,0.5289475321769714,0.34871143102645874,0.5562080144882202,0.433807909488678,0.5680494904518127,0.48475319147109985,0.6049614548683167,0.38729923963546753,0.5891483426094055,0.3110315799713135,0.6135260462760925,0.4149031937122345,0.6199834942817688,0.4554941952228546,0.6683295369148254,0.364601731300354,0.6526373624801636,0.2802717983722687,0.6685373783111572,0.38349801301956177,0.6722815632820129,0.4288983941078186,0.7367537021636963,0.3576844036579132,0.7252983450889587,0.28433769941329956,0.7244700193405151,0.36431023478507996,0.721077024936676,0.40721622109413147
0.7161943912506104,0.6825241446495056,0.6015535593032837,0.6634742617607117,0.517995297908783,0.5462993383407593,0.49213823676109314,0.43003055453300476,0.46258848905563354,0.3578118681907654,0.5531387329101562,0.4238739609718323,0.5370067954063416,0.34672221541404724,0.5632671117782593,0.4324459433555603,0.5774359703063965,0.49023595452308655,0.6117598414421082,0.3833363652229309,0.5956888794898987,0.3056216239929199,0.6205735206604004,0.4097856283187866,0.6307976841926575,0.45826318860054016,0.6751849055290222,0.35879892110824585,0.6592272520065308,0.2784615159034729,0.6748919486999512,0.38152843713760376,0.6808983683586121,0.43101024627685547,0.7438435554504395,0.3495858907699585,0.7283948659896851,0.27655547857284546,0.7285609841346741,0.3567427098751068,0.7283670902252197,0.4005773067474365
0.7232532501220703,0.6882407665252686,0.6102400422096252,0.6679036617279053,0.5252726078033447,0.553429365158081,0.49563777446746826,0.43724364042282104,0.468269944190979,0.35794517397880554,0.5558732151985168,0.42860057950019836,0.5424196720123291,0.34950047731399536,0.5756272673606873,0.43743494153022766,0.5899590849876404,0.49419331550598145,0.6158096790313721,0.38624852895736694,0.602465808391571,0.30993491411209106,0.633573591709137,0.4165523648262024,0.6418826580047607,0.46362757682800293,0.6802552342414856,0.3604271411895752,0.6668736934661865,0.2814183831214905,0.6872161030769348,0.3874676823616028,0.6901346445083618,0.4390283226966858,0.7480065226554871,0.35193562507629395,0.7376022934913635,0.28030824661254883,0.7400313019752502,0.3622942864894867,0.7362537384033203,0.40886545181274414
0.7303537130355835,0.6910595297813416,0.6152011156082153,0.6696445941925049,0.530113935470581,0.5620578527450562,0.502332329750061,0.4495868682861328,0.4823542833328247,0.3735552728176117,0.5634111762046814,0.43613290786743164,0.5494896173477173,0.3516426086425781,0.5783751010894775,0.4362015128135681,0.5907566547393799,0.4930158257484436,0.6221310496330261,0.39472299814224243,0.6076300740242004,0.3093522787094116,0.6350609064102173,0.4138004779815674,0.6412637233734131,0.4635891914367676,0.6851033568382263,0.37078332901000977,0.6708371639251709,0.2795132100582123,0.6887683272361755,0.38306185603141785,0.6903631091117859,0.437208890914917,0.7517349720001221,0.36523985862731934,0.7425446510314941,0.28534743189811707,0.7422596216201782,0.36211681365966797,0.7359209656715393,0.41062280535697937
0.7292265892028809,0.6943838000297546,0.6146342754364014,0.6742531657218933,0.5319393277168274,0.5660575032234192,0.5074235200881958,0.45322492718696594,0.4858718812465668,0.3788822591304779,0.5643365979194641,0.4364878237247467,0.54893559217453,0.3550657033920288,0.5769412517547607,0.4366507828235626,0.59190833568573,0.49661168456077576,0.6223131418228149,0.3954465985298157,0.6065312623977661,0.31133490800857544,0.63341224193573,0.41476374864578247,0.6421483159065247,0.4680633544921875,0.6852654814720154,0.3733164072036743,0.670112133026123,0.28037500381469727,0.6870156526565552,0.38513535261154175,0.691474199295044,0.44392549991607666,0.7532949447631836,0.3703732490539551,0.7423592805862427,0.28872978687286377,0.7410777807235718,0.3652247488498688,0.7361060976982117,0.4165189266204834
0.7247147560119629,0.6978868842124939,0.6115902066230774,0.6768283843994141,0.5278693437576294,0.5637730360031128,0.5027389526367188,0.44742435216903687,0.47654926776885986,0.3708723783493042,0.5616109371185303,0.43552109599113464,0.5468541979789734,0.3548308312892914,0.5745537281036377,0.4379565417766571,0.5886411070823669,0.4984135329723358,0.6203144192695618,0.39545994997024536,0.6066489219665527,0.314638614654541,0.6316225528717041,0.41741281747817993,0.6387861967086792,0.4694298803806305,0.6836196184158325,0.37345409393310547,0.6709123849868774,0.2840503454208374,0.6859421730041504,0.3869478404521942,0.6886460781097412,0.44378870725631714,0.751349687576294,0.3698969781398773,0.7418379187583923,0.28980910778045654,0.7396942377090454,0.36561131477355957,0.7339911460876465,0.415814071893692
0.7224721312522888,0.7025438547134399,0.6083850860595703,0.6789237856864929,0.5265464186668396,0.5636054277420044,0.5022496581077576,0.4480088949203491,0.4744202196598053,0.37114089727401733,0.5623353123664856,0.43672147393226624,0.5471618175506592,0.3559958338737488,0.573409378528595,0.43987447023391724,0.5884819030761719,0.5019201040267944,0.621062159538269,0.3980828821659088,0.6073453426361084,0.3147769570350647,0.6303776502609253,0.41944560408592224,0.6380537152290344,0.47547292709350586,0.6842725872993469,0.3777700364589691,0.6714544296264648,0.2857605218887329,0.6843597292900085,0.39029639959335327,0.6874651312828064,0.4505595862865448,0.7523121237754822,0.3759097158908844,0.7427695989608765,0.2954936623573303,0.7388738393783569,0.37078502774238586,0.7328723669052124,0.42200830578804016
0.722470223903656,0.7052667140960693,0.6091871857643127,0.6824446320533752,0.5264395475387573,0.5661160945892334,0.5019140839576721,0.45017242431640625,0.4762292802333832,0.3720698356628418,0.5616159439086914,0.4405204653739929,0.5471835732460022,0.35851114988327026,0.573224663734436,0.44339519739151,0.5880301594734192,0.5046567916870117,0.6210788488388062,0.40151119232177734,0.6075900197029114,0.31488561630249023,0.6297598481178284,0.42039212584495544,0.6375786066055298,0.4769420027732849,0.6848185062408447,0.3806123733520508,0.6715975999832153,0.2845131456851959,0.6839955449104309,0.3899824321269989,0.6871470808982849,0.45188406109809875,0.7525079250335693,0.37804025411605835,0.7436805367469788,0.29440838098526,0.7389672994613647,0.3698996305465698,0.73276686668396,0.42322540283203125
0.7227419018745422,0.7051000595092773,0.6097595691680908,0.6823027729988098,0.5265023708343506,0.5662950277328491,0.5017640590667725,0.4504316449165344,0.4758758544921875,0.37239977717399597,0.5616083145141602,0.44036564230918884,0.5474461913108826,0.3587532937526703,0.5728939771652222,0.4424435496330261,0.587559700012207,0.5040355920791626,0.6209223866462708,0.40105152130126953,0.6078048944473267,0.31404638290405273,0.6293849349021912,0.4179459810256958,0.636887788772583,0.475077748298645,0.6842768788337708,0.38021230697631836,0.6719419956207275,0.2846854329109192,0.6839932799339294,0.38837358355522156,0.6867951154708862,0.44962799549102783,0.7517580389976501,0.3775601089000702,0.7433793544769287,0.29411977529525757,0.7389526963233948,0.36886894702911377,0.7327328324317932,0.42149418592453003
0.7279446125030518,0.7077745199203491,0.6112468242645264,0.6832547187805176,0.5267022848129272,0.5685347318649292,0.5006957054138184,0.45275014638900757,0.4758480489253998,0.3764181435108185,0.5631083250045776,0.4494136869907379,0.546938419342041,0.35936522483825684,0.5730447173118591,0.4428190290927887,0.5851224660873413,0.5039132237434387,0.6228355169296265,0.40874600410461426,0.6072872281074524,0.31746339797973633,0.6309118866920471,0.4194372892379761,0.6371030211448669,0.47414612770080566,0.6861799955368042,0.386473685503006,0.6712942719459534,0.28605276346206665,0.6856803894042969,0.3879390358924866,0.6881603598594666,0.4480457901954651,0.7535694241523743,0.38233017921447754,0.7437231540679932,0.2958945333957672,0.7404873967170715,0.3682118058204651,0.7339572310447693,0.41999733448028564
0.7302424907684326,0.7101972103118896,0.6103910207748413,0.6810609102249146,0.5283795595169067,0.5678832530975342,0.5060842037200928,0.4530208706855774,0.48630818724632263,0.38011619448661804,0.5643233060836792,0.45201796293258667,0.5511844754219055,0.3639605641365051,0.5775826573371887,0.447013258934021,0.5897690057754517,0.5063831806182861,0.6243221163749695,0.41002747416496277,0.6103457808494568,0.3215101957321167,0.6353217363357544,0.42505890130996704,0.6420674920082092,0.4770491123199463,0.688603401184082,0.3870682120323181,0.6745496988296509,0.28897199034690857,0.6902300119400024,0.3936041593551636,0.6928911209106445,0.4510343372821808,0.758168637752533,0.3834950625896454,0.7489766478538513,0.30082517862319946,0.7461034059524536,0.3785514533519745,0.7391191720962524,0.42890626192092896
0.7303323745727539,0.7088329195976257,0.6108756065368652,0.6791623830795288,0.5288492441177368,0.5681180953979492,0.5052318572998047,0.4535062313079834,0.48419323563575745,0.37852928042411804,0.5656765103340149,0.44571223855018616,0.5538336038589478,0.3629286289215088,0.5811179280281067,0.44738733768463135,0.5927562713623047,0.5062651038169861,0.6251460909843445,0.40356937050819397,0.6122862100601196,0.31602755188941956,0.6370102763175964,0.4224415719509125,0.6437018513679504,0.4735492169857025,0.6893492937088013,0.38163286447525024,0.6765141487121582,0.2873038947582245,0.6907628774642944,0.3935738801956177,0.6935091018676758,0.44918620586395264,0.7586247324943542,0.3799865245819092,0.7492793798446655,0.29539287090301514,0.7454146146774292,0.3719547688961029,0.7390694618225098,0.42087727785110474
0.7307506203651428,0.7145438194274902,0.6114301085472107,0.6837198734283447,0.5306485295295715,0.5695316195487976,0.5068896412849426,0.4539031684398651,0.48768800497055054,0.37703555822372437,0.5639739036560059,0.4511212110519409,0.5525577068328857,0.36474770307540894,0.5801650285720825,0.44748175144195557,0.5920954346656799,0.5109280347824097,0.6259217858314514,0.4081494212150574,0.6124570369720459,0.32310307025909424,0.6392022371292114,0.4285530149936676,0.6459987163543701,0.48308804631233215,0.6915363669395447,0.38500428199768066,0.6786905527114868,0.2917294502258301,0.6944515705108643,0.3965582251548767,0.6966943740844727,0.45500436425209045,0.7618817090988159,0.3817909359931946,0.7527770400047302,0.3014487624168396,0.7497754096984863,0.3797451853752136,0.7423639893531799,0.42996689677238464
0.7321557998657227,0.7146362662315369,0.6155737638473511,0.6866547465324402,0.53463214635849,0.5764685869216919,0.5127407908439636,0.4647783935070038,0.4980406165122986,0.39070600271224976,0.5659881830215454,0.45033925771713257,0.5545122027397156,0.3673127293586731,0.5831571817398071,0.4502984285354614,0.5959911942481995,0.5122838020324707,0.6267750859260559,0.4057997167110443,0.6141498684883118,0.3227512240409851,0.6416526436805725,0.4297401010990143,0.648414134979248,0.48198840022087097,0.6922486424446106,0.3807269334793091,0.6790242791175842,0.28888726234436035,0.6962271332740784,0.3960679769515991,0.6993707418441772,0.45257118344306946,0.7627195119857788,0.3757772147655487,0.7523516416549683,0.2951905131340027,0.7509841322898865,0.37528300285339355,0.7456755638122559,0.4241185188293457
