0.7059409618377686,0.7721023559570312,0.6275405287742615,0.7311992645263672,0.5779886841773987,0.6441943645477295,0.5849938988685608,0.5476397275924683,0.6221906542778015,0.4982025921344757,0.587073802947998,0.48751118779182434,0.5514956116676331,0.3891291916370392,0.5377479791641235,0.3309575319290161,0.5334736108779907,0.2813399136066437,0.6325396299362183,0.45808783173561096,0.6040621399879456,0.3339347839355469,0.590370237827301,0.2570529282093048,0.5844283699989319,0.19990119338035583,0.682902455329895,0.45822063088417053,0.6747404932975769,0.3304423987865448,0.670053243637085,0.24936413764953613,0.6669825911521912,0.18174120783805847,0.7362697720527649,0.4832356572151184,0.7443631887435913,0.3861575126647949,0.747215747833252,0.32269659638404846,0.7487647533416748,0.26361167430877686
0.7077981233596802,0.773838996887207,0.6278547048568726,0.7314623594284058,0.5796086192131042,0.641493558883667,0.5871138572692871,0.5437780022621155,0.62493896484375,0.4957634210586548,0.5865813493728638,0.4885908365249634,0.5528119802474976,0.39160239696502686,0.5385289788246155,0.3333094120025635,0.5330305695533752,0.28301411867141724,0.6318999528884888,0.4589729309082031,0.6046282649040222,0.3357360363006592,0.591074526309967,0.2580031752586365,0.5850522518157959,0.19886896014213562,0.6822846531867981,0.45868805050849915,0.6737877726554871,0.3317655920982361,0.6699602603912354,0.2511654794216156,0.6675439476966858,0.18347632884979248,0.7357207536697388,0.48259037733078003,0.7417032122612,0.3852385878562927,0.7434461116790771,0.3218841850757599,0.7440489530563354,0.263119101524353
0.710427463054657,0.774779200553894,0.6314747929573059,0.732932984828949,0.5829036831855774,0.643488347530365,0.5888597965240479,0.5454509258270264,0.6255744099617004,0.4942712187767029,0.5902121067047119,0.4887433350086212,0.5545758008956909,0.3899989426136017,0.5401934385299683,0.33113789558410645,0.5349583625793457,0.2813529968261719,0.6354457139968872,0.45908406376838684,0.6072385907173157,0.33393436670303345,0.593264102935791,0.2572539448738098,0.5863509178161621,0.2000499665737152,0.6862345337867737,0.4586716592311859,0.6775941848754883,0.32914531230926514,0.6728870272636414,0.2478981912136078,0.6693178415298462,0.1800125539302826,0.7403525114059448,0.48304033279418945,0.7486945390701294,0.3840729594230652,0.7517122626304626,0.3204832971096039,0.7527529001235962,0.26171422004699707
0.712083101272583,0.7756167650222778,0.6314915418624878,0.7339067459106445,0.5813348889350891,0.6424950361251831,0.5886597037315369,0.5425959229469299,0.6285427212715149,0.493408203125,0.5895218849182129,0.4879761040210724,0.5555564761161804,0.3906155228614807,0.5408663749694824,0.33282470703125,0.5344663858413696,0.2833673357963562,0.6350828409194946,0.4590267539024353,0.6071313619613647,0.33602961897850037,0.5930731296539307,0.2593575417995453,0.5859888792037964,0.20080015063285828,0.6857771277427673,0.4594408869743347,0.6765459775924683,0.3336767554283142,0.6715261340141296,0.2537044882774353,0.6674097776412964,0.1861744225025177,0.7396148443222046,0.48375651240348816,0.7470908164978027,0.38590294122695923,0.7506322860717773,0.32225266098976135,0.7526817321777344,0.2632148563861847
0.7341189384460449,0.7873083353042603,0.65472412109375,0.753029465675354,0.6018342971801758,0.647482693195343,0.6165568232536316,0.5390815734863281,0.6678741574287415,0.5201459527015686,0.6004553437232971,0.49393680691719055,0.5614874958992004,0.3930653929710388,0.5419114828109741,0.32804614305496216,0.5328965187072754,0.27074378728866577,0.650659441947937,0.46148598194122314,0.6182777881622314,0.33612900972366333,0.6020820140838623,0.25577929615974426,0.5938077569007874,0.19288092851638794,0.7059805393218994,0.46166664361953735,0.6935398578643799,0.33378875255584717,0.6859596371650696,0.25444552302360535,0.6808137893676758,0.1889573037624359,0.7631587982177734,0.48699048161506653,0.7667434215545654,0.3885602056980133,0.7686378955841064,0.3253113031387329,0.770321786403656,0.26828163862228394
0.7514426708221436,0.7903033494949341,0.6674028038978577,0.7557686567306519,0.6077679395675659,0.6481585502624512,0.6410918235778809,0.5462310910224915,0.7028864026069641,0.5317298173904419,0.602063000202179,0.504745364189148,0.5532580614089966,0.4029618501663208,0.5268141031265259,0.33490124344825745,0.5110059380531311,0.2751837372779846,0.6543699502944946,0.46735936403274536,0.6159864664077759,0.34177446365356445,0.5949037075042725,0.2612992525100708,0.5836082696914673,0.197566419839859,0.7127147316932678,0.46288689970970154,0.6934248805046082,0.3364413380622864,0.6819820404052734,0.25550907850265503,0.6752220988273621,0.18892011046409607,0.7743315100669861,0.4835027754306793,0.7725293040275574,0.380781352519989,0.7710183262825012,0.3176254630088806,0.7707309722900391,0.2641792297363281
0.7582138180732727,0.7930153608322144,0.6754510402679443,0.758651077747345,0.6158629059791565,0.653276801109314,0.647058367729187,0.5502151846885681,0.7100390791893005,0.5360218286514282,0.6089051961898804,0.5073267817497253,0.5583665370941162,0.4054860472679138,0.5295259356498718,0.3365354835987091,0.512822687625885,0.2757124900817871,0.6603761315345764,0.46961134672164917,0.6218670010566711,0.34117811918258667,0.6005825400352478,0.25803548097610474,0.590993344783783,0.19255056977272034,0.718451976776123,0.46571648120880127,0.7013348340988159,0.337573766708374,0.6907599568367004,0.25477930903434753,0.6858211755752563,0.18808403611183167,0.7799580097198486,0.48762720823287964,0.7826638221740723,0.3855614960193634,0.78199303150177,0.31954437494277954,0.7829902172088623,0.26370489597320557
0.7653810381889343,0.8014517426490784,0.6820053458213806,0.7682580947875977,0.6229932308197021,0.6620305776596069,0.6570929884910583,0.557658314704895,0.7230157256126404,0.538922905921936,0.6167134046554565,0.507355272769928,0.5665491819381714,0.40259724855422974,0.5375368595123291,0.33150726556777954,0.5201200246810913,0.2686842083930969,0.6701202392578125,0.47084981203079224,0.6318947076797485,0.3403712511062622,0.6090909242630005,0.2575971186161041,0.5966051816940308,0.19110354781150818,0.7289153337478638,0.46777161955833435,0.7098950147628784,0.3393828272819519,0.696811318397522,0.25438958406448364,0.6885408163070679,0.18440192937850952,0.7902635931968689,0.48995622992515564,0.787441611289978,0.38487374782562256,0.7823418378829956,0.3159882426261902,0.7785470485687256,0.2566603124141693
0.7640506625175476,0.8043795824050903,0.6816325783729553,0.7698825597763062,0.6223312616348267,0.663527250289917,0.6568814516067505,0.5592301487922668,0.7223467826843262,0.5389492511749268,0.6133844256401062,0.5067340731620789,0.5630435943603516,0.40212124586105347,0.533702552318573,0.3308904767036438,0.5165813565254211,0.2675270140171051,0.6677433848381042,0.47087687253952026,0.6288440227508545,0.34121227264404297,0.6050967574119568,0.25813814997673035,0.5917031764984131,0.1908383071422577,0.7270436882972717,0.46798309683799744,0.7080238461494446,0.3428778648376465,0.6944206357002258,0.2613297998905182,0.6854569315910339,0.1937088668346405,0.788726806640625,0.4890191853046417,0.7838675379753113,0.3837713897228241,0.7776814699172974,0.3161788582801819,0.7735999226570129,0.25680604577064514
0.7640451192855835,0.8054066896438599,0.6807556748390198,0.7714532613754272,0.6235029697418213,0.661276638507843,0.6554638743400574,0.5556435585021973,0.7134498953819275,0.5336928367614746,0.6129032373428345,0.5083463788032532,0.5669357776641846,0.39890986680984497,0.5421639084815979,0.3254908323287964,0.5284673571586609,0.26006561517715454,0.6671689748764038,0.4738742411136627,0.6280678510665894,0.34374427795410156,0.6043243408203125,0.2605421543121338,0.5905351042747498,0.19090387225151062,0.7261138558387756,0.4700254201889038,0.7018349766731262,0.3417258858680725,0.6859275102615356,0.25590142607688904,0.6758217215538025,0.18183234333992004,0.7871419191360474,0.48949071764945984,0.7751069068908691,0.38479912281036377,0.7661734819412231,0.3169526755809784,0.7606334686279297,0.25554636120796204
0.7325003743171692,0.7871166467666626,0.6463654637336731,0.7362974286079407,0.5905758738517761,0.6187632083892822,0.6223021745681763,0.5317416787147522,0.6859704852104187,0.530873715877533,0.5997099876403809,0.47649651765823364,0.5801141858100891,0.35822179913520813,0.5719687938690186,0.2875909209251404,0.5678750276565552,0.22271892428398132,0.6459000110626221,0.4535338580608368,0.6223098039627075,0.32233792543411255,0.6086932420730591,0.23921725153923035,0.5979358553886414,0.16844865679740906,0.6955798864364624,0.45822426676750183,0.6701563596725464,0.3329920768737793,0.6548423767089844,0.25333213806152344,0.6405923962593079,0.18452811241149902,0.7480644583702087,0.4837200939655304,0.7254143953323364,0.3815990388393402,0.7128147482872009,0.32037049531936646,0.7030943632125854,0.26706528663635254
0.7328806519508362,0.7834136486053467,0.6496769189834595,0.7382156848907471,0.5930167436599731,0.6301655769348145,0.6214931607246399,0.5341399312019348,0.6785194873809814,0.5238311886787415,0.5964177250862122,0.477653831243515,0.5776787996292114,0.3605634570121765,0.5710492730140686,0.2872680425643921,0.5679954290390015,0.22017407417297363,0.6456398367881775,0.4545131027698517,0.6239620447158813,0.3238600194454193,0.6111205816268921,0.24108359217643738,0.5993080139160156,0.16916269063949585,0.6970236897468567,0.4612048268318176,0.6732111573219299,0.3388824760913849,0.6553729176521301,0.2570025622844696,0.6381936073303223,0.18414244055747986,0.7495936155319214,0.49071216583251953,0.720214307308197,0.3894881308078766,0.7038947939872742,0.3361118733882904,0.6919487714767456,0.29267317056655884
0.7246904969215393,0.7784556150436401,0.6436108350753784,0.7384453415870667,0.5847873091697693,0.6295255422592163,0.6140978932380676,0.534613847732544,0.6715889573097229,0.521793782711029,0.5859279036521912,0.47207584977149963,0.5681142807006836,0.35562843084335327,0.5609444379806519,0.28334516286849976,0.558597981929779,0.21765539050102234,0.6341186761856079,0.4486390948295593,0.6095585227012634,0.3177742660045624,0.5967646837234497,0.2352776825428009,0.5867010951042175,0.16412991285324097,0.6861683130264282,0.45376795530319214,0.6592620611190796,0.3283627927303314,0.6427947878837585,0.2483839988708496,0.6271291375160217,0.17686566710472107,0.7411036491394043,0.48206159472465515,0.7134794592857361,0.380432665348053,0.6989207863807678,0.3222748041152954,0.687996506690979,0.2723095118999481
0.7242898941040039,0.7774502635002136,0.6406491994857788,0.7367408275604248,0.581857442855835,0.6257139444351196,0.6102302670478821,0.5295781493186951,0.6662918925285339,0.5250684022903442,0.5817137360572815,0.4705846309661865,0.5627385377883911,0.35627859830856323,0.5561106204986572,0.28422755002975464,0.5540927648544312,0.21806976199150085,0.6294764280319214,0.4458169937133789,0.6065189838409424,0.3169955611228943,0.5945004820823669,0.23489540815353394,0.5843949317932129,0.1636979579925537,0.6804360747337341,0.4518917500972748,0.6557144522666931,0.3305187225341797,0.6390858292579651,0.25126057863235474,0.6226304769515991,0.18099942803382874,0.7342979311943054,0.480892539024353,0.7067246437072754,0.37781450152397156,0.6916037797927856,0.32238274812698364,0.68015056848526,0.2762281894683838
0.7199616432189941,0.7755762338638306,0.6378229856491089,0.7362929582595825,0.5787114500999451,0.627489447593689,0.6044742465019226,0.5336927771568298,0.6588588953018188,0.5232834815979004,0.5747184157371521,0.47396668791770935,0.5561504364013672,0.3592447340488434,0.5501343607902527,0.28791624307632446,0.5485447645187378,0.22225907444953918,0.6203345656394958,0.44959017634391785,0.5973734855651855,0.3192513585090637,0.5853410959243774,0.23739033937454224,0.5760180950164795,0.1669727861881256,0.6701666116714478,0.4544298052787781,0.6440576314926147,0.32938075065612793,0.6279916167259216,0.2521423101425171,0.6132974028587341,0.1840974986553192,0.7238425016403198,0.48187941312789917,0.6999947428703308,0.38048291206359863,0.6864832639694214,0.32252800464630127,0.6768100261688232,0.27297383546829224
0.7138789892196655,0.7778422236442566,0.6325587034225464,0.7372528314590454,0.5730932354927063,0.6286352872848511,0.5982205867767334,0.5363519787788391,0.6544762849807739,0.523686408996582,0.5731198787689209,0.4787905812263489,0.5565353631973267,0.3624824285507202,0.5497235059738159,0.28996795415878296,0.5457512140274048,0.2240561544895172,0.6194533705711365,0.45510363578796387,0.5988611578941345,0.32262325286865234,0.5870549082756042,0.23778036236763,0.5769144296646118,0.16583365201950073,0.6695660948753357,0.46091288328170776,0.6443931460380554,0.3357203006744385,0.6268182992935181,0.25355347990989685,0.610728919506073,0.18258824944496155,0.7220080494880676,0.4898688495159149,0.6921521425247192,0.3887375593185425,0.6749202609062195,0.3373022675514221,0.6626722812652588,0.2974080443382263
0.7070671319961548,0.77899169921875,0.6260890960693359,0.7398186922073364,0.5683401823043823,0.6324738264083862,0.5949061512947083,0.5395296812057495,0.6555113196372986,0.5292949676513672,0.5694233179092407,0.47842270135879517,0.5536353588104248,0.36553382873535156,0.5465419292449951,0.2934492230415344,0.5433762669563293,0.22693777084350586,0.613513171672821,0.45450359582901,0.5918263792991638,0.32376664876937866,0.5798490643501282,0.24057039618492126,0.5699793100357056,0.16715747117996216,0.6617786884307861,0.4597255289554596,0.6383580565452576,0.33410540223121643,0.6225184798240662,0.25623413920402527,0.6078447699546814,0.18618091940879822,0.7142120599746704,0.48711898922920227,0.6915844678878784,0.38622820377349854,0.6765812635421753,0.32390210032463074,0.664320170879364,0.26913830637931824
0.7042145133018494,0.7800604104995728,0.6246275305747986,0.7407833933830261,0.5654116272926331,0.6327012777328491,0.5911640524864197,0.5398011207580566,0.6508092284202576,0.532619297504425,0.5683830380439758,0.4785979092121124,0.5515381693840027,0.3663216233253479,0.5437216758728027,0.2943415343761444,0.5398438572883606,0.22851508855819702,0.6129580140113831,0.45450443029403687,0.5909544229507446,0.3252560496330261,0.5783401727676392,0.24207744002342224,0.5677523016929626,0.1691533327102661,0.6616344451904297,0.4609180986881256,0.6371935606002808,0.33814573287963867,0.6202547550201416,0.2599554657936096,0.6044322848320007,0.18915578722953796,0.7138097882270813,0.48971623182296753,0.6873795986175537,0.3879076838493347,0.6710782647132874,0.3291007876396179,0.6582185626029968,0.27901238203048706
0.6998180747032166,0.7812047004699707,0.6213962435722351,0.7396076917648315,0.5639432668685913,0.6323193907737732,0.5892187356948853,0.5412734746932983,0.6507486701011658,0.5330718159675598,0.5643868446350098,0.4844827950000763,0.5469258427619934,0.3707156181335449,0.5404014587402344,0.29799187183380127,0.5381103157997131,0.23077845573425293,0.6081315875053406,0.46158409118652344,0.5859692692756653,0.3308630585670471,0.5750889182090759,0.24673306941986084,0.5663574934005737,0.17171120643615723,0.6559605002403259,0.4659098982810974,0.6316174268722534,0.3407818675041199,0.6159512400627136,0.26268458366394043,0.6017045974731445,0.19208955764770508,0.7077876329421997,0.4905749261379242,0.683223307132721,0.389967143535614,0.6680182814598083,0.3276718854904175,0.6563536524772644,0.273386687040329
0.6945692300796509,0.7829846739768982,0.6153780817985535,0.7470757961273193,0.5549783706665039,0.6402940154075623,0.5787971019744873,0.5461286306381226,0.6395686268806458,0.5355917811393738,0.5562314987182617,0.48805251717567444,0.5374982357025146,0.37515100836753845,0.5310932397842407,0.3035196363925934,0.5293319821357727,0.23784881830215454,0.60102778673172,0.4641473889350891,0.5786153078079224,0.3367477059364319,0.5677849650382996,0.2552986741065979,0.5597944855690002,0.18378928303718567,0.6500332951545715,0.4685472249984741,0.6246552467346191,0.34746015071868896,0.6086651682853699,0.2713789939880371,0.5947689414024353,0.20321741700172424,0.7026635408401489,0.4943315386772156,0.676377534866333,0.39338046312332153,0.6614348292350769,0.3337146043777466,0.6504894495010376,0.28228145837783813
0.6944104433059692,0.7807365655899048,0.6157615184783936,0.7405390739440918,0.557553231716156,0.6391410231590271,0.5820891857147217,0.544985294342041,0.6389516592025757,0.53408282995224,0.5572028756141663,0.48684144020080566,0.541241466999054,0.3766469359397888,0.53437340259552,0.30470478534698486,0.5303787589073181,0.23919475078582764,0.6047905087471008,0.4626771807670593,0.5843561291694641,0.33645838499069214,0.5734046101570129,0.254334032535553,0.5634284019470215,0.1823326051235199,0.655856192111969,0.46937885880470276,0.6316943168640137,0.35534924268722534,0.6119685769081116,0.2762898802757263,0.5937237739562988,0.20299088954925537,0.709537148475647,0.5011224746704102,0.6745476126670837,0.41415920853614807,0.6529582142829895,0.3809037506580353,0.63786381483078,0.354575514793396
0.6899122595787048,0.7853341102600098,0.6099348664283752,0.7466169595718384,0.5509830713272095,0.6442149877548218,0.5747848749160767,0.5512812733650208,0.6361714005470276,0.5440347790718079,0.5532981157302856,0.4940550625324249,0.5345298647880554,0.38135629892349243,0.5279239416122437,0.3092900514602661,0.5262612700462341,0.24257203936576843,0.5977073907852173,0.4684189260005951,0.5748572945594788,0.34053993225097656,0.5643148422241211,0.25842204689979553,0.5563912391662598,0.1864839494228363,0.6461398005485535,0.4712875485420227,0.6213011741638184,0.3488413095474243,0.6066164970397949,0.2705244719982147,0.5935947895050049,0.20102453231811523,0.698650598526001,0.4961682856082916,0.6713857054710388,0.39461052417755127,0.6564972400665283,0.3358648419380188,0.6454607248306274,0.2873205542564392
0.6851138472557068,0.7917351126670837,0.6061064600944519,0.7527191042900085,0.5475634932518005,0.6516865491867065,0.5697537660598755,0.5615924000740051,0.6292486190795898,0.5484049320220947,0.5509941577911377,0.4968215227127075,0.5316725373268127,0.3845483362674713,0.5239935517311096,0.31312012672424316,0.5209013223648071,0.24724525213241577,0.59525465965271,0.47404181957244873,0.5725057125091553,0.3453654646873474,0.5603633522987366,0.2635168433189392,0.5512393712997437,0.1918623149394989,0.643138587474823,0.47902312874794006,0.617787778377533,0.35528364777565,0.6008434891700745,0.27673888206481934,0.5866310596466064,0.20676910877227783,0.694694459438324,0.5061467289924622,0.667803943157196,0.4061662256717682,0.6507505774497986,0.34565216302871704,0.6378064155578613,0.29378971457481384
0.6777380704879761,0.7979918122291565,0.5980597138404846,0.7614120244979858,0.5401843190193176,0.6594623923301697,0.5636588931083679,0.5685038566589355,0.6241387724876404,0.5581501722335815,0.5411937832832336,0.5039566159248352,0.5211713910102844,0.39098989963531494,0.5143874287605286,0.31899362802505493,0.5128385424613953,0.25328952074050903,0.5852137804031372,0.47971534729003906,0.5615333914756775,0.35091733932495117,0.5496754050254822,0.2690887451171875,0.5415109992027283,0.19792872667312622,0.633210301399231,0.48334479331970215,0.6087989211082458,0.35637137293815613,0.5926933884620667,0.2795698046684265,0.5790418386459351,0.21175968647003174,0.6852127909660339,0.5102341771125793,0.662259578704834,0.4101753830909729,0.6460372805595398,0.3472995162010193,0.6332427859306335,0.2927646338939667
0.6693374514579773,0.8008033037185669,0.5904355645179749,0.7665655612945557,0.5312360525131226,0.6658424139022827,0.5518057942390442,0.5759485363960266,0.6107191443443298,0.5666356682777405,0.5323265194892883,0.5081614255905151,0.5119428038597107,0.395751416683197,0.5051561594009399,0.3247627913951874,0.5039135813713074,0.26043856143951416,0.575430154800415,0.48540252447128296,0.5512443780899048,0.3562696576118469,0.5381988286972046,0.27460241317749023,0.5291929244995117,0.20401713252067566,0.622527539730072,0.48939940333366394,0.5975147485733032,0.36279866099357605,0.5812283158302307,0.28623998165130615,0.5682276487350464,0.21917927265167236,0.6735114455223083,0.5161880850791931,0.6516042947769165,0.4166126847267151,0.6360005140304565,0.35340654850006104,0.6236990690231323,0.29891496896743774
0.6622869372367859,0.7974408864974976,0.5792022347450256,0.7595506906509399,0.5189293026924133,0.655218780040741,0.5352174043655396,0.5657514929771423,0.5916991233825684,0.5686488151550293,0.5206307768821716,0.5055545568466187,0.5058730244636536,0.39720478653907776,0.5011698007583618,0.32709991931915283,0.5020508170127869,0.2621273994445801,0.561708927154541,0.48248621821403503,0.5409395098686218,0.3576359748840332,0.5318248271942139,0.27418360114097595,0.5267341136932373,0.20212498307228088,0.6078087091445923,0.488785982131958,0.584632933139801,0.3670199513435364,0.5724028944969177,0.2898557186126709,0.5624585151672363,0.2212652862071991,0.6577279567718506,0.5188670754432678,0.6350850462913513,0.42004960775375366,0.6227758526802063,0.36110323667526245,0.614250898361206,0.3118920922279358
0.6407471299171448,0.7985944151878357,0.5609686970710754,0.7491799592971802,0.5052253603935242,0.6440259218215942,0.5185829997062683,0.5623724460601807,0.571664571762085,0.5682209730148315,0.5139117240905762,0.49632883071899414,0.504145622253418,0.3856557011604309,0.5021140575408936,0.3159596920013428,0.505763828754425,0.252299427986145,0.5535715818405151,0.48143506050109863,0.540199339389801,0.3509065508842468,0.5369716286659241,0.2654440104961395,0.5375376343727112,0.19238868355751038,0.5988152623176575,0.49478399753570557,0.5810136795043945,0.3676968812942505,0.5737470388412476,0.2865738272666931,0.5693080425262451,0.21454620361328125,0.6471310257911682,0.5309014916419983,0.6276705265045166,0.4304977357387543,0.6166060566902161,0.3657289147377014,0.6089547872543335,0.30851036310195923
0.6279107332229614,0.7992391586303711,0.5513439178466797,0.7435133457183838,0.4974847435951233,0.6429933309555054,0.49968692660331726,0.5590380430221558,0.5488759279251099,0.5585720539093018,0.5082728266716003,0.4904596209526062,0.5021250247955322,0.3754398822784424,0.5025831460952759,0.3045775890350342,0.5078232288360596,0.23951855301856995,0.5450786352157593,0.48337239027023315,0.5375252366065979,0.3494277596473694,0.5377263426780701,0.26441171765327454,0.5418538451194763,0.1913626492023468,0.5872703194618225,0.5026925802230835,0.5738124251365662,0.3692874610424042,0.5690495371818542,0.288912832736969,0.5680031776428223,0.217816561460495,0.63185715675354,0.5446832776069641,0.6190950870513916,0.4399060308933258,0.6110962629318237,0.371011883020401,0.6061711311340332,0.309590607881546
0.6260553598403931,0.7879761457443237,0.545006513595581,0.7336075305938721,0.49453961849212646,0.6394227743148804,0.4894827902317047,0.5585829615592957,0.5241863131523132,0.5436225533485413,0.5103644132614136,0.4861721396446228,0.5052083134651184,0.37190526723861694,0.5079025030136108,0.30352702736854553,0.5155028104782104,0.24176448583602905,0.545049250125885,0.4777778685092926,0.5402246713638306,0.34298086166381836,0.5437395572662354,0.2576625943183899,0.5512661933898926,0.18520385026931763,0.5836201310157776,0.49408620595932007,0.574277937412262,0.3609004616737366,0.5747708082199097,0.2799455523490906,0.5790303349494934,0.210506409406662,0.6228162050247192,0.5326845645904541,0.6126832962036133,0.4326162338256836,0.606753408908844,0.3663182258605957,0.6044036149978638,0.3088001012802124
0.619621992111206,0.7884842157363892,0.533498227596283,0.7148926258087158,0.49444881081581116,0.6028075814247131,0.49274587631225586,0.5288465023040771,0.5207115411758423,0.5252366065979004,0.5283496975898743,0.46993619203567505,0.5302770137786865,0.3495450019836426,0.5360075235366821,0.2733059823513031,0.5463608503341675,0.2068139612674713,0.5559510588645935,0.4706224799156189,0.5536612272262573,0.33915120363235474,0.5591395497322083,0.2518272399902344,0.5701382160186768,0.1787107288837433,0.5864588022232056,0.4936037063598633,0.5791090726852417,0.3613954782485962,0.5808550119400024,0.2808673679828644,0.5867387652397156,0.21093463897705078,0.6157688498497009,0.5347654223442078,0.6084138751029968,0.4326765537261963,0.6033914089202881,0.36636966466903687,0.6019200086593628,0.30904167890548706
0.6145341396331787,0.7820694446563721,0.5382168889045715,0.7171440124511719,0.49847835302352905,0.6164703369140625,0.49537405371665955,0.5444300174713135,0.5222089886665344,0.5309649109840393,0.5216146111488342,0.47003674507141113,0.5178446173667908,0.34972164034843445,0.5238679051399231,0.27255764603614807,0.5379912257194519,0.20600363612174988,0.5465245842933655,0.4689579904079437,0.5410860180854797,0.33613961935043335,0.5494840741157532,0.25027185678482056,0.5652188658714294,0.1787365972995758,0.5776143670082092,0.4899936318397522,0.5693564414978027,0.3556497097015381,0.5742693543434143,0.2726541757583618,0.5852025747299194,0.20240381360054016,0.6119915246963501,0.5318845510482788,0.6071199178695679,0.43017226457595825,0.6036504507064819,0.3635338842868805,0.6041151285171509,0.3065602779388428
0.6173412799835205,0.7796909213066101,0.5394986867904663,0.7163158059120178,0.5003340840339661,0.6141889691352844,0.4984724819660187,0.5386842489242554,0.5236166715621948,0.5228877663612366,0.5264264941215515,0.46767279505729675,0.5242305994033813,0.35143518447875977,0.5294313430786133,0.2752043902873993,0.5419277548789978,0.2078486979007721,0.5530271530151367,0.4655965268611908,0.547116219997406,0.3385527729988098,0.5528746843338013,0.2527903616428375,0.5651119351387024,0.17936334013938904,0.5841831564903259,0.4851504862308502,0.5751909017562866,0.35769689083099365,0.5766923427581787,0.27763816714286804,0.5833398699760437,0.209221750497818,0.6168332695960999,0.523633599281311,0.6099776029586792,0.4226759970188141,0.605451762676239,0.3583946228027344,0.6042245626449585,0.30233651399612427
0.5993401408195496,0.7645681500434875,0.5263007283210754,0.7087211012840271,0.48217254877090454,0.6068556904792786,0.48337385058403015,0.5245414972305298,0.5188260078430176,0.5242294669151306,0.49906373023986816,0.465000718832016,0.4916277527809143,0.3561530113220215,0.4946824908256531,0.29085302352905273,0.5039551258087158,0.2327377200126648,0.5319666862487793,0.45626595616340637,0.5207451581954956,0.328271746635437,0.521411120891571,0.24705201387405396,0.5266836285591125,0.1806681752204895,0.5705748200416565,0.4723990261554718,0.5607594847679138,0.3415621519088745,0.5596407055854797,0.26315009593963623,0.5607561469078064,0.1964113414287567,0.6114050149917603,0.5092926025390625,0.6068016290664673,0.41157639026641846,0.6045572757720947,0.3470439910888672,0.6039246320724487,0.2901779115200043
0.6126564741134644,0.7724655866622925,0.5357741117477417,0.7328858375549316,0.4821426272392273,0.6300659775733948,0.4897715747356415,0.5394816994667053,0.5386301279067993,0.5433722734451294,0.4929891526699066,0.4748004972934723,0.48052364587783813,0.363931268453598,0.47725972533226013,0.2946814000606537,0.4796876609325409,0.2331717312335968,0.529965341091156,0.45741984248161316,0.5135695934295654,0.3299487829208374,0.5085480809211731,0.2477065920829773,0.5081965923309326,0.17917409539222717,0.5712782144546509,0.466932475566864,0.5573963522911072,0.3425464630126953,0.5502912998199463,0.2636227607727051,0.5456631183624268,0.19554945826530457,0.6167920827865601,0.4997398257255554,0.6060290932655334,0.4025074541568756,0.5984361171722412,0.3398391008377075,0.5930454730987549,0.2848503589630127
0.6180790066719055,0.7795565128326416,0.5407497882843018,0.7435944676399231,0.48675310611724854,0.639611005783081,0.5044311881065369,0.5422672629356384,0.5605192184448242,0.5398200750350952,0.49102646112442017,0.486904114484787,0.47245144844055176,0.3811739683151245,0.46360692381858826,0.3166736364364624,0.4597753584384918,0.2571685314178467,0.5300015807151794,0.462439626455307,0.5037482976913452,0.3394933342933655,0.4899810254573822,0.26236653327941895,0.4800448417663574,0.1981082558631897,0.5743376016616821,0.46575623750686646,0.5514923930168152,0.3448253273963928,0.5362415909767151,0.2699589729309082,0.5229451060295105,0.2055920958518982,0.6242514252662659,0.4933583438396454,0.6079626083374023,0.39787277579307556,0.5955933332443237,0.33739596605300903,0.5853314995765686,0.2847093939781189
0.6288649439811707,0.7770311832427979,0.54642254114151,0.7428102493286133,0.4895648956298828,0.6458547711372375,0.5112031102180481,0.5477355122566223,0.5700914859771729,0.5413637757301331,0.4883456826210022,0.492863267660141,0.4646576941013336,0.37965381145477295,0.4564304053783417,0.3103938102722168,0.45402172207832336,0.24739819765090942,0.532019317150116,0.46547359228134155,0.5034005045890808,0.33927321434020996,0.4894149899482727,0.25946229696273804,0.479624480009079,0.1919744908809662,0.5802114605903625,0.4655746519565582,0.5533716082572937,0.34677398204803467,0.5347357988357544,0.2722632884979248,0.5184625387191772,0.20818570256233215,0.6337530016899109,0.48892754316329956,0.6117710471153259,0.39386850595474243,0.59673011302948,0.33715224266052246,0.5844910144805908,0.289919912815094
0.6306366920471191,0.779704213142395,0.5481607913970947,0.7489252090454102,0.4888474941253662,0.6468960642814636,0.5085399746894836,0.5457810759544373,0.5668942332267761,0.540982186794281,0.4894852042198181,0.49274638295173645,0.4670737385749817,0.37988048791885376,0.45896250009536743,0.31061869859695435,0.4559370279312134,0.24708858132362366,0.5333687663078308,0.46531131863594055,0.505486011505127,0.33869802951812744,0.49161773920059204,0.2574603259563446,0.4814489781856537,0.1882529854774475,0.582231342792511,0.46673259139060974,0.5549821257591248,0.3481154143810272,0.5366089940071106,0.2721203565597534,0.5206605195999146,0.20720696449279785,0.6358881592750549,0.49176812171936035,0.612318217754364,0.3960271179676056,0.596518874168396,0.3397029638290405,0.583626925945282,0.29353010654449463
0.6352108120918274,0.7797319889068604,0.5518661737442017,0.748705267906189,0.4915817379951477,0.6470720767974854,0.5187802910804749,0.5497658252716064,0.581515908241272,0.5443671345710754,0.4919581413269043,0.49345463514328003,0.4676302373409271,0.3806891441345215,0.45671385526657104,0.31022918224334717,0.4510357081890106,0.24744653701782227,0.5384514927864075,0.4661387503147125,0.5085959434509277,0.3392413258552551,0.4923948645591736,0.25758710503578186,0.48063766956329346,0.18971866369247437,0.5886878967285156,0.4677724838256836,0.5604761838912964,0.3507899045944214,0.5394485592842102,0.2717931270599365,0.52214115858078,0.20492199063301086,0.6418272256851196,0.49305784702301025,0.6146979331970215,0.39915767312049866,0.5978637933731079,0.3472484350204468,0.5859700441360474,0.3074805438518524
0.6368744373321533,0.7781165838241577,0.5530421137809753,0.7471411228179932,0.4931105673313141,0.6496410369873047,0.5193277597427368,0.550339937210083,0.5833138823509216,0.5447714328765869,0.48958539962768555,0.4943518340587616,0.46456772089004517,0.3802761435508728,0.4546820819377899,0.3095671534538269,0.4504297077655792,0.24579772353172302,0.5355390310287476,0.46600794792175293,0.504993736743927,0.33857184648513794,0.4896909296512604,0.257206529378891,0.47907882928848267,0.18838313221931458,0.5862263441085815,0.46609577536582947,0.5578897595405579,0.3481996953487396,0.5377722978591919,0.27087777853012085,0.5213310122489929,0.20504552125930786,0.6409449577331543,0.48932570219039917,0.6130987405776978,0.3929806053638458,0.5962358117103577,0.33866605162620544,0.5842093229293823,0.2958422899246216
0.6722197532653809,0.7765282392501831,0.5919458866119385,0.7480380535125732,0.5347703695297241,0.6590419411659241,0.5654202103614807,0.5685371160507202,0.6269437074661255,0.5468693375587463,0.5248849987983704,0.4970044791698456,0.49707674980163574,0.3836546540260315,0.48614370822906494,0.31135502457618713,0.4797559976577759,0.24633488059043884,0.5699147582054138,0.4701874256134033,0.5382423400878906,0.34334462881088257,0.5216060876846313,0.2630809545516968,0.5079026222229004,0.19364571571350098,0.6191084384918213,0.4693976044654846,0.5900194048881531,0.3513666093349457,0.5698444843292236,0.2775358259677887,0.5525835752487183,0.21383452415466309,0.6743373870849609,0.48896539211273193,0.6507085561752319,0.3967618942260742,0.6331381797790527,0.3402903079986572,0.6172181367874146,0.2926323413848877
0.6778452396392822,0.7790079116821289,0.5984687805175781,0.7512273788452148,0.5424022674560547,0.6562142372131348,0.577683687210083,0.5652872323989868,0.6397985816001892,0.539031982421875,0.5304098725318909,0.5032162666320801,0.5015740394592285,0.38989007472991943,0.4887848496437073,0.3166735768318176,0.480438768863678,0.2510719895362854,0.5761550664901733,0.47508886456489563,0.5421587824821472,0.3492555022239685,0.522376537322998,0.27080613374710083,0.5055270195007324,0.20263263583183289,0.625790536403656,0.4720727801322937,0.5952669382095337,0.35347700119018555,0.571499228477478,0.2797645330429077,0.5497751235961914,0.21564707159996033,0.6805968880653381,0.48821568489074707,0.657111406326294,0.39362919330596924,0.6362396478652954,0.3342893719673157,0.6162580251693726,0.28233790397644043
0.6789966821670532,0.7763369083404541,0.6008702516555786,0.747734546661377,0.5452687740325928,0.6539796590805054,0.5813472270965576,0.5661129951477051,0.6443318128585815,0.5370895266532898,0.530087947845459,0.5063518285751343,0.5025674700737,0.3909805715084076,0.4916810989379883,0.3162229061126709,0.48560047149658203,0.24887338280677795,0.5765809416770935,0.477099746465683,0.544613778591156,0.34780946373939514,0.5256739258766174,0.2665008306503296,0.5101579427719116,0.1960049271583557,0.6266510486602783,0.47270187735557556,0.5979993343353271,0.35148492455482483,0.5755311250686646,0.2764444947242737,0.5555437207221985,0.2111368179321289,0.6806692481040955,0.48750609159469604,0.6564465165138245,0.3908308148384094,0.6364701390266418,0.3303202986717224,0.618422269821167,0.2771969437599182
0.6793946027755737,0.77625572681427,0.600419819355011,0.7463192939758301,0.545326292514801,0.6504480838775635,0.5820788741111755,0.564102292060852,0.6448591351509094,0.5351454019546509,0.5326141715049744,0.5034840703010559,0.506039559841156,0.3888999819755554,0.4952128529548645,0.3150365352630615,0.48899364471435547,0.2486717402935028,0.57932049036026,0.47508183121681213,0.5481564998626709,0.34521549940109253,0.5286616086959839,0.26429733633995056,0.5124146938323975,0.19463485479354858,0.6292315721511841,0.47148430347442627,0.6004518866539001,0.34908294677734375,0.5766661763191223,0.2748054265975952,0.5551004409790039,0.21051588654518127,0.6826234459877014,0.4868984818458557,0.6584991216659546,0.38960927724838257,0.6381248235702515,0.32951945066452026,0.6191419363021851,0.27715736627578735
0.6790776252746582,0.7765488624572754,0.600255012512207,0.7466500401496887,0.544516384601593,0.6511930823326111,0.581152081489563,0.5644596815109253,0.6437023878097534,0.5346064567565918,0.5333940982818604,0.5019661784172058,0.5069709420204163,0.3866198658943176,0.4958210587501526,0.313186377286911,0.4890499413013458,0.24733981490135193,0.5810407400131226,0.4748923182487488,0.5507619976997375,0.34473687410354614,0.5311060547828674,0.264590322971344,0.5151029825210571,0.1961304247379303,0.6314517259597778,0.4721180200576782,0.6060020327568054,0.35266900062561035,0.5855076909065247,0.28026506304740906,0.5675724744796753,0.218167245388031,0.6838457584381104,0.4879761040210724,0.660196840763092,0.3914288878440857,0.640885591506958,0.3321906328201294,0.6234054565429688,0.28037846088409424
0.6782873868942261,0.7750494480133057,0.5995516777038574,0.7448489665985107,0.5445552468299866,0.6506354212760925,0.581590473651886,0.5638642907142639,0.6441625356674194,0.5346561074256897,0.5328664779663086,0.5015594959259033,0.5055021643638611,0.38664376735687256,0.49435508251190186,0.3127369284629822,0.48813557624816895,0.24601736664772034,0.5799709558486938,0.47453752160072327,0.5484083890914917,0.34590327739715576,0.5292305946350098,0.26552459597587585,0.5143037438392639,0.19636186957359314,0.6302180290222168,0.4713267683982849,0.6028753519058228,0.35217487812042236,0.5814554691314697,0.27881091833114624,0.5630730390548706,0.21533381938934326,0.6834002137184143,0.4865388870239258,0.6593177914619446,0.3901553750038147,0.6400061249732971,0.33019548654556274,0.6226880550384521,0.2775788903236389
0.6765353679656982,0.7705174088478088,0.5961557626724243,0.749167799949646,0.5354738831520081,0.655805766582489,0.569176197052002,0.5649988055229187,0.6339594125747681,0.5411843061447144,0.522671639919281,0.5017110109329224,0.49469539523124695,0.39051562547683716,0.48211973905563354,0.3188847303390503,0.4743371307849884,0.2544492483139038,0.5676940679550171,0.47258085012435913,0.5322315692901611,0.3485221266746521,0.5115394592285156,0.2691872715950012,0.49517762660980225,0.20080599188804626,0.6170588731765747,0.4682425558567047,0.5837322473526001,0.3496732711791992,0.5604978799819946,0.2776104211807251,0.5405166745185852,0.21392199397087097,0.6716686487197876,0.48320090770721436,0.644340991973877,0.38964158296585083,0.6237295269966125,0.3322649598121643,0.6061906814575195,0.2820638418197632
0.6734618544578552,0.7762202620506287,0.5935367345809937,0.748333215713501,0.5357909798622131,0.6533433198928833,0.5696247220039368,0.5665956139564514,0.6297688484191895,0.5382248163223267,0.5253650546073914,0.4981904923915863,0.4971029758453369,0.3894489109516144,0.4831654131412506,0.31889116764068604,0.47330307960510254,0.25373682379722595,0.5705575942993164,0.47292184829711914,0.534393846988678,0.35107743740081787,0.5133441090583801,0.27312415838241577,0.4951103925704956,0.20292651653289795,0.6200950741767883,0.472711443901062,0.5872167348861694,0.3561909794807434,0.5632491707801819,0.2848151922225952,0.5404124855995178,0.22044214606285095,0.6748791933059692,0.4912606179714203,0.6486700177192688,0.3979412913322449,0.6282787322998047,0.3407890200614929,0.6085553169250488,0.28925183415412903
0.6734915375709534,0.7787619829177856,0.594146728515625,0.7501862049102783,0.5363584756851196,0.6551777124404907,0.5693193078041077,0.5667656064033508,0.6305069923400879,0.5418580174446106,0.524946928024292,0.5031540393829346,0.498211532831192,0.39281409978866577,0.4857351779937744,0.32044434547424316,0.47711262106895447,0.2528185546398163,0.5711046457290649,0.4759385585784912,0.5372791886329651,0.35306835174560547,0.5178160667419434,0.27388763427734375,0.5005983710289001,0.2022741138935089,0.6213321685791016,0.4740819036960602,0.5893427729606628,0.35767999291419983,0.5657030940055847,0.28471383452415466,0.5440549254417419,0.2185111939907074,0.675619900226593,0.49098992347717285,0.6467636823654175,0.39642423391342163,0.6253006458282471,0.33662140369415283,0.6061813235282898,0.28255343437194824
0.6752187013626099,0.7793089747428894,0.596707284450531,0.7516570091247559,0.538124680519104,0.6564812660217285,0.5699605345726013,0.5677206516265869,0.6324509978294373,0.5436080098152161,0.5261865258216858,0.5013335347175598,0.5014824867248535,0.3917997479438782,0.4902029037475586,0.320533812046051,0.48337477445602417,0.25506001710891724,0.5703961253166199,0.47448602318763733,0.5376346707344055,0.3518717586994171,0.5189107060432434,0.2724682092666626,0.5032364130020142,0.20217964053153992,0.6195297837257385,0.473200261592865,0.587420642375946,0.3553842306137085,0.5641781687736511,0.2834136486053467,0.5431044697761536,0.2186337411403656,0.6744509935379028,0.49131274223327637,0.6483054161071777,0.39653676748275757,0.6279599070549011,0.3365190327167511,0.6097580194473267,0.28246620297431946
0.6750791668891907,0.780941367149353,0.5966513752937317,0.7505422830581665,0.5385979413986206,0.6554514169692993,0.5697331428527832,0.5690159797668457,0.6297494173049927,0.5431686639785767,0.5275445580482483,0.501833975315094,0.5044719576835632,0.3899957537651062,0.4940585792064667,0.3179936408996582,0.48750168085098267,0.2519552409648895,0.573218822479248,0.4772171080112457,0.5427707433700562,0.35195693373680115,0.5254889726638794,0.27133670449256897,0.5106562972068787,0.19981715083122253,0.623479962348938,0.47738635540008545,0.5926222801208496,0.3594224452972412,0.5704036355018616,0.28537097573280334,0.5499528646469116,0.21834415197372437,0.6785441637039185,0.4962320625782013,0.6509630680084229,0.4001409113407135,0.6300707459449768,0.33941206336021423,0.6113753318786621,0.28445205092430115
0.6753114461898804,0.7789509296417236,0.5960737466812134,0.747565507888794,0.5393111705780029,0.6561613082885742,0.570486307144165,0.5701671242713928,0.6305997371673584,0.5456082224845886,0.5296849012374878,0.49952399730682373,0.507493257522583,0.38861554861068726,0.4989662170410156,0.3173852562904358,0.49448972940444946,0.2516002953052521,0.5754018425941467,0.47437092661857605,0.5457178950309753,0.34990352392196655,0.5305665731430054,0.2700952887535095,0.518328845500946,0.19943150877952576,0.6249399781227112,0.47384724020957947,0.5957033634185791,0.35552331805229187,0.5752124190330505,0.2832123637199402,0.5568106770515442,0.21880578994750977,0.679449200630188,0.4921586513519287,0.6526811122894287,0.39645645022392273,0.6334059238433838,0.33740127086639404,0.6163040995597839,0.2849937975406647
0.6749404668807983,0.7805932760238647,0.5967814326286316,0.7459058165550232,0.5398576259613037,0.6510286331176758,0.5689639449119568,0.5648559927940369,0.6290928721427917,0.5433205962181091,0.5369687080383301,0.4992491900920868,0.5147560834884644,0.39163047075271606,0.5053581595420837,0.3228561282157898,0.4999484121799469,0.25849997997283936,0.5816531777381897,0.47335028648376465,0.5520876049995422,0.3515945076942444,0.5370190143585205,0.2745552659034729,0.5244155526161194,0.20537006855010986,0.6305291056632996,0.4719409644603729,0.6020480394363403,0.3534921109676361,0.5826997756958008,0.2802219092845917,0.5649546384811401,0.21486219763755798,0.684512734413147,0.4901916980743408,0.6594359278678894,0.39652419090270996,0.6404499411582947,0.33732175827026367,0.6232123970985413,0.28502577543258667
0.6740003228187561,0.7784634232521057,0.5968479514122009,0.7407608032226562,0.5407217741012573,0.6435986161231995,0.5696570873260498,0.5536651611328125,0.6303892135620117,0.5356033444404602,0.5413718819618225,0.4924652874469757,0.5216481685638428,0.38156944513320923,0.5143673419952393,0.31205397844314575,0.5119259357452393,0.24862900376319885,0.5871728658676147,0.4690230190753937,0.5602123737335205,0.34584420919418335,0.547715425491333,0.2680393159389496,0.539097011089325,0.20093348622322083,0.6370377540588379,0.4706994593143463,0.6113490462303162,0.35330548882484436,0.5940941572189331,0.27764827013015747,0.5792183876037598,0.2117466926574707,0.6908996105194092,0.4929867088794708,0.6661397218704224,0.40156957507133484,0.6486653089523315,0.3463185727596283,0.6336212754249573,0.2989768981933594
0.6762742400169373,0.776786744594574,0.5974646210670471,0.7333422899246216,0.5441295504570007,0.6363332867622375,0.5706208348274231,0.5448987483978271,0.632347822189331,0.5331369638442993,0.5492158532142639,0.4871477484703064,0.5291900038719177,0.38284245133399963,0.5209301710128784,0.3198671042919159,0.5178595781326294,0.25917932391166687,0.5932928323745728,0.4618339538574219,0.5677081346511841,0.3402625322341919,0.5555452108383179,0.2642544209957123,0.5466240644454956,0.19669359922409058,0.641902506351471,0.4638391137123108,0.618076741695404,0.34488093852996826,0.6032299995422363,0.2711820602416992,0.5894744992256165,0.20558834075927734,0.6957842707633972,0.4885060489177704,0.6732326745986938,0.3955705463886261,0.6581067442893982,0.33953532576560974,0.6443225741386414,0.2908252477645874
0.677430272102356,0.774048924446106,0.598122775554657,0.7293713092803955,0.5463518500328064,0.6278654336929321,0.5710866451263428,0.5326268076896667,0.6322686672210693,0.5241036415100098,0.5554700493812561,0.47626906633377075,0.5394539833068848,0.3672380745410919,0.5323745012283325,0.30073606967926025,0.5303266048431396,0.23931455612182617,0.5997047424316406,0.4547106623649597,0.5771408677101135,0.33337634801864624,0.5671308040618896,0.25864219665527344,0.5597277879714966,0.19357240200042725,0.647799015045166,0.4597601294517517,0.6257921457290649,0.3433600068092346,0.6104131937026978,0.2718738913536072,0.5961571335792542,0.20851963758468628,0.700229287147522,0.48625779151916504,0.6761254668235779,0.39227136969566345,0.6595464944839478,0.33546775579452515,0.6451318860054016,0.28444936871528625
0.680680513381958,0.7726294994354248,0.6000196933746338,0.7278410196304321,0.5495897531509399,0.6210732460021973,0.5766127705574036,0.5243407487869263,0.6364855766296387,0.5161917209625244,0.5584734678268433,0.47341108322143555,0.5429859161376953,0.362679123878479,0.5376760959625244,0.2948955297470093,0.5377727746963501,0.23345401883125305,0.6019390225410461,0.45268216729164124,0.5803647041320801,0.32964396476745605,0.5708552598953247,0.25372618436813354,0.5647650957107544,0.18956288695335388,0.648915708065033,0.4577881693840027,0.6280416250228882,0.34001433849334717,0.6139941215515137,0.2680545449256897,0.6017301678657532,0.20616325736045837,0.7001336216926575,0.4837530255317688,0.6786106824874878,0.3878009617328644,0.6644989848136902,0.330626904964447,0.6533756256103516,0.2799075245857239
0.6779329180717468,0.7709047794342041,0.5990262627601624,0.7234078645706177,0.5472102165222168,0.6198406219482422,0.5707815289497375,0.5249705910682678,0.6305551528930664,0.5184899568557739,0.5579785704612732,0.4677043557167053,0.5459244251251221,0.3595573306083679,0.5437707901000977,0.29430511593818665,0.5455994009971619,0.23409923911094666,0.6041891574859619,0.44938504695892334,0.5896533131599426,0.32631731033325195,0.5842428803443909,0.25178003311157227,0.5805555582046509,0.18709373474121094,0.6524722576141357,0.4557763934135437,0.6367595195770264,0.3395644724369049,0.6251859068870544,0.26886627078056335,0.6145220994949341,0.2085191309452057,0.7032184600830078,0.4824903607368469,0.6820147037506104,0.3875088393688202,0.6688265204429626,0.33246591687202454,0.6586371660232544,0.28415292501449585
0.6774883270263672,0.7664721012115479,0.5979490280151367,0.725193202495575,0.5446398854255676,0.6224895715713501,0.5681126117706299,0.5249184966087341,0.6290265917778015,0.5139811635017395,0.5578542351722717,0.46578407287597656,0.5490370988845825,0.3592838644981384,0.5471770167350769,0.2944556474685669,0.5490736365318298,0.23503077030181885,0.6025429368019104,0.44571465253829956,0.5896804332733154,0.32326480746269226,0.584617018699646,0.2488764524459839,0.5815553069114685,0.1855204999446869,0.6494610905647278,0.4514737129211426,0.636302649974823,0.33628150820732117,0.6265160441398621,0.26638317108154297,0.6169986724853516,0.2066148817539215,0.6994011402130127,0.47928550839424133,0.682648241519928,0.3859345018863678,0.6716974377632141,0.3315248191356659,0.6628656983375549,0.2836839556694031
0.6734392046928406,0.7622781991958618,0.5941406488418579,0.7201757431030273,0.5404216647148132,0.6183525919914246,0.5529233813285828,0.512449324131012,0.6110188961029053,0.49653565883636475,0.5566798448562622,0.4745180606842041,0.550574779510498,0.37065595388412476,0.5501141548156738,0.3068807125091553,0.5530384182929993,0.2507220506668091,0.5982915759086609,0.4565192759037018,0.5873351693153381,0.33881425857543945,0.5830736756324768,0.26818323135375977,0.5808459520339966,0.20798659324645996,0.6433768272399902,0.45939797163009644,0.6301161050796509,0.3475008010864258,0.621414840221405,0.2769128084182739,0.6150307655334473,0.21689555048942566,0.6923351883888245,0.48021644353866577,0.6723775267601013,0.38622239232063293,0.661684513092041,0.3337463438510895,0.6545961499214172,0.2899956703186035
0.6703601479530334,0.7569602131843567,0.5894724726676941,0.7166370153427124,0.5388108491897583,0.615650475025177,0.5565713047981262,0.5153822898864746,0.6133515238761902,0.5033222436904907,0.5579439997673035,0.4701569080352783,0.5500237941741943,0.37033575773239136,0.5474370121955872,0.30994558334350586,0.5485741496086121,0.2559766471385956,0.5987680554389954,0.45084238052368164,0.5846848487854004,0.3381004333496094,0.5780986547470093,0.2701866626739502,0.5738117694854736,0.21277353167533875,0.6424360871315002,0.4545643925666809,0.6290010213851929,0.3466964364051819,0.6186745762825012,0.280446320772171,0.609472930431366,0.22519215941429138,0.6906870603561401,0.47761741280555725,0.6737855076789856,0.3863040804862976,0.6632679104804993,0.3351338505744934,0.6543964147567749,0.29105043411254883
0.6662660241127014,0.7513742446899414,0.5859209299087524,0.7147707939147949,0.5358088612556458,0.6174808740615845,0.5475121736526489,0.5154596567153931,0.6012054681777954,0.49479788541793823,0.554175615310669,0.4751165211200714,0.5464180111885071,0.37674975395202637,0.5448463559150696,0.31411996483802795,0.5481555461883545,0.2605263292789459,0.5934908986091614,0.45538395643234253,0.5798044800758362,0.3444330096244812,0.5737764835357666,0.275924414396286,0.5705209374427795,0.21805664896965027,0.6360540986061096,0.45684877038002014,0.6228153109550476,0.35084742307662964,0.6128644347190857,0.2839062511920929,0.6049134135246277,0.22777870297431946,0.683948814868927,0.4760681986808777,0.6679880023002625,0.38527384400367737,0.6574190258979797,0.33393579721450806,0.6479208469390869,0.29012250900268555
0.646622359752655,0.7306654453277588,0.5710048079490662,0.6940536499023438,0.5211597681045532,0.6040255427360535,0.5240014791488647,0.5037754774093628,0.5674722194671631,0.48127952218055725,0.5343875288963318,0.4658772051334381,0.5287708640098572,0.37471961975097656,0.5299602746963501,0.31799718737602234,0.5350199341773987,0.2714199423789978,0.5738635659217834,0.4491082429885864,0.5633135437965393,0.34828823804855347,0.5614064335823059,0.2898584008216858,0.5606362223625183,0.23950394988059998,0.6168293356895447,0.4475243091583252,0.60498046875,0.35244816541671753,0.5975544452667236,0.29331696033477783,0.5923889875411987,0.2447516918182373,0.6627524495124817,0.459542453289032,0.6429241895675659,0.37802648544311523,0.6335435509681702,0.3321591913700104,0.6267001628875732,0.2934783697128296
0.6336790323257446,0.7135559320449829,0.5568275451660156,0.6786061525344849,0.5111435055732727,0.5910086631774902,0.5133821368217468,0.4912629723548889,0.5545162558555603,0.474317342042923,0.5310945510864258,0.459323912858963,0.5218546390533447,0.3735352158546448,0.5182971954345703,0.3214486241340637,0.519234836101532,0.27600187063217163,0.5676494240760803,0.4411587119102478,0.5554103851318359,0.34588927030563354,0.5505198836326599,0.29132238030433655,0.5477753281593323,0.2437361180782318,0.6070920825004578,0.43951666355133057,0.5953183770179749,0.3490237891674042,0.5858255624771118,0.2958908677101135,0.5785532593727112,0.25213533639907837,0.6502118706703186,0.4525591731071472,0.6363815069198608,0.37707120180130005,0.628818690776825,0.3331305682659149,0.6227195858955383,0.2944104075431824
0.6312910318374634,0.7104187607765198,0.5541176199913025,0.6734741926193237,0.5107823610305786,0.5875001549720764,0.5150051116943359,0.49053314328193665,0.5561907291412354,0.46841055154800415,0.5318190455436707,0.462612509727478,0.5231530666351318,0.37886837124824524,0.5215495228767395,0.3286890983581543,0.5234547853469849,0.28374552726745605,0.569271981716156,0.44280561804771423,0.5573455095291138,0.34997934103012085,0.5523046851158142,0.29634350538253784,0.5489890575408936,0.24941137433052063,0.6079917550086975,0.4401131868362427,0.5964493751525879,0.3519512712955475,0.5871061682701111,0.29954999685287476,0.5802284479141235,0.25730663537979126,0.6517800092697144,0.45168960094451904,0.6386843919754028,0.37433674931526184,0.6307086944580078,0.3305175006389618,0.6237618923187256,0.2930503785610199
0.6158278584480286,0.6918608546257019,0.5438051819801331,0.6600725054740906,0.5007011294364929,0.5806053876876831,0.5062979459762573,0.4919283986091614,0.5452143549919128,0.4658464789390564,0.5115863680839539,0.46476417779922485,0.4992900490760803,0.3786691725254059,0.49905985593795776,0.32576119899749756,0.5052365064620972,0.2807804346084595,0.5489198565483093,0.4437496066093445,0.5350657105445862,0.3463820815086365,0.5299482941627502,0.2873755097389221,0.5295714139938354,0.23929056525230408,0.5891591310501099,0.4385899603366852,0.5747780799865723,0.345483660697937,0.5664823651313782,0.28846222162246704,0.5624576807022095,0.24178379774093628,0.6330320835113525,0.4480319023132324,0.6182124614715576,0.3711550235748291,0.6103878617286682,0.32515984773635864,0.6044484376907349,0.28474754095077515
0.6103683710098267,0.6913052797317505,0.5387201905250549,0.65782630443573,0.4960518181324005,0.5792833566665649,0.4979519248008728,0.48940712213516235,0.5356029272079468,0.4632145166397095,0.5087575316429138,0.46200984716415405,0.4970363974571228,0.38158366084098816,0.4956713020801544,0.3345617949962616,0.4984302222728729,0.2929958701133728,0.5453246831893921,0.4402317702770233,0.5327945947647095,0.35045599937438965,0.5285593271255493,0.2992667555809021,0.526846706867218,0.255875825881958,0.5839585661888123,0.4354744851589203,0.5731609463691711,0.3505496680736542,0.5657010078430176,0.30084145069122314,0.5607379674911499,0.26037752628326416,0.6277976036071777,0.44505661725997925,0.615943193435669,0.37305063009262085,0.6084613800048828,0.3326510190963745,0.601475715637207,0.29720425605773926
0.6038203835487366,0.6866686344146729,0.5339646339416504,0.6538727283477783,0.49203136563301086,0.5782698392868042,0.4949862062931061,0.4922621250152588,0.53272944688797,0.4635523855686188,0.5048959255218506,0.4614858329296112,0.4920580983161926,0.3811337947845459,0.4909321367740631,0.3333657383918762,0.4947720170021057,0.29177433252334595,0.5411403775215149,0.44000837206840515,0.529082179069519,0.349094420671463,0.5256694555282593,0.29721367359161377,0.5251268744468689,0.2534951865673065,0.5793407559394836,0.43506336212158203,0.5689152479171753,0.3485622704029083,0.56138014793396,0.29723724722862244,0.5567809343338013,0.25542640686035156,0.622724175453186,0.44398507475852966,0.6123530268669128,0.36987730860710144,0.6061145663261414,0.32814204692840576,0.6000270247459412,0.2913825511932373
0.6039420366287231,0.686693549156189,0.5353865623474121,0.6566951274871826,0.4904448986053467,0.5848218202590942,0.49285584688186646,0.49924349784851074,0.5324817895889282,0.467070609331131,0.5051761269569397,0.45952802896499634,0.4932573735713959,0.3793085217475891,0.49118274450302124,0.3308643698692322,0.4936143755912781,0.2888357639312744,0.5406888127326965,0.4387568533420563,0.528009831905365,0.3490317463874817,0.5239498615264893,0.29657793045043945,0.5230523347854614,0.2531503438949585,0.5785949230194092,0.4351125657558441,0.5679799318313599,0.3515773415565491,0.5610213875770569,0.2997448444366455,0.5568207502365112,0.25767412781715393,0.6214423775672913,0.44706639647483826,0.6100378632545471,0.37612342834472656,0.6034261584281921,0.33631327748298645,0.5978078842163086,0.30125850439071655
0.6020203828811646,0.6883838772773743,0.5346838235855103,0.6586412787437439,0.49213936924934387,0.5862089991569519,0.4978472590446472,0.5050383806228638,0.5350874066352844,0.473241925239563,0.5055317878723145,0.4622317850589752,0.4940108358860016,0.3812652826309204,0.49183809757232666,0.33247244358062744,0.4932572543621063,0.2894747853279114,0.5416001081466675,0.442327618598938,0.528618335723877,0.3505403399467468,0.5248256921768188,0.2972862720489502,0.5237998962402344,0.2532961368560791,0.5788315534591675,0.4400661885738373,0.5667314529418945,0.35468894243240356,0.5598278641700745,0.30249640345573425,0.555575430393219,0.2594931721687317,0.6212968826293945,0.4532073140144348,0.60760498046875,0.38151460886001587,0.6003495454788208,0.34174245595932007,0.5940054655075073,0.30708587169647217
0.6034700274467468,0.7001566886901855,0.535783052444458,0.6720308065414429,0.4898603856563568,0.6040288805961609,0.4923255145549774,0.5219345092773438,0.5309557318687439,0.49458593130111694,0.5053027868270874,0.47067463397979736,0.4930665194988251,0.3883745074272156,0.49297627806663513,0.3414958715438843,0.49665555357933044,0.3007493019104004,0.5413848757743835,0.45246174931526184,0.5294447541236877,0.3614587187767029,0.5270972847938538,0.3100687265396118,0.5276444554328918,0.2680967450141907,0.57901531457901,0.4512489438056946,0.5677855014801025,0.3669475317001343,0.5614498853683472,0.31616514921188354,0.5578424334526062,0.2750300168991089,0.6219998002052307,0.46660280227661133,0.6081355810165405,0.3937978744506836,0.6002675294876099,0.3542131781578064,0.5940452814102173,0.32021471858024597
0.6027159690856934,0.7060827612876892,0.5349142551422119,0.6786495447158813,0.4926210045814514,0.6068156361579895,0.4971693158149719,0.5249490141868591,0.5319106578826904,0.4986644685268402,0.5047236084938049,0.47836601734161377,0.49198561906814575,0.39454007148742676,0.49196624755859375,0.3470088243484497,0.496155709028244,0.30612626671791077,0.540890097618103,0.4599355459213257,0.5273124575614929,0.3670468330383301,0.524118185043335,0.31482869386672974,0.5242326855659485,0.27358168363571167,0.5779067873954773,0.4582793712615967,0.5653315782546997,0.37197765707969666,0.5576279163360596,0.3204643428325653,0.5529789924621582,0.2791161835193634,0.6201082468032837,0.4717629849910736,0.6058416366577148,0.3986782729625702,0.5974991917610168,0.3589392900466919,0.5903668403625488,0.3249199390411377
0.6031925678253174,0.7062044739723206,0.5361303687095642,0.680050790309906,0.49401044845581055,0.6099530458450317,0.4977578818798065,0.5280123353004456,0.5338788032531738,0.5008744597434998,0.5076577663421631,0.4811040461063385,0.49377119541168213,0.39761942625045776,0.49257785081863403,0.35124170780181885,0.49581414461135864,0.3107112646102905,0.5428425669670105,0.4631373882293701,0.5286739468574524,0.36976757645606995,0.5247670412063599,0.317854106426239,0.524416446685791,0.2765412926673889,0.5785790085792542,0.4621414840221405,0.5659376382827759,0.37530717253685,0.5580106973648071,0.3244679570198059,0.5533921718597412,0.28352078795433044,0.6195744276046753,0.47579225897789,0.6057991981506348,0.40271085500717163,0.5979081392288208,0.36205923557281494,0.5914338231086731,0.3266015648841858
0.6051209568977356,0.7074187994003296,0.5383478403091431,0.6833281517028809,0.49537381529808044,0.6130579113960266,0.5005799531936646,0.5314072966575623,0.5370010733604431,0.5053001046180725,0.5081095695495605,0.48408743739128113,0.49526554346084595,0.4017879366874695,0.4939098060131073,0.35384565591812134,0.4972507357597351,0.3112277388572693,0.5427849888801575,0.46427708864212036,0.5283152461051941,0.3703768253326416,0.524238646030426,0.3160838484764099,0.5241270065307617,0.27246683835983276,0.5789484977722168,0.4625733494758606,0.5655296444892883,0.37495195865631104,0.5576539039611816,0.32195934653282166,0.5527504086494446,0.2789088785648346,0.6198284029960632,0.47672608494758606,0.6052824854850769,0.4027901291847229,0.5968459248542786,0.3608439564704895,0.5899078249931335,0.3243986964225769
0.6054107546806335,0.7069405913352966,0.5385808944702148,0.6832829713821411,0.49522408843040466,0.6132310032844543,0.5004919767379761,0.5312669277191162,0.5374178290367126,0.5037559866905212,0.507994532585144,0.4834657907485962,0.49479028582572937,0.40092507004737854,0.4929310083389282,0.3525557518005371,0.49574118852615356,0.30997732281684875,0.5426569581031799,0.4639511704444885,0.5281583070755005,0.3703291416168213,0.5237413048744202,0.3161170482635498,0.5234653949737549,0.27273574471473694,0.5788206458091736,0.46237263083457947,0.5653973817825317,0.37480902671813965,0.5575072169303894,0.3219476342201233,0.5528934001922607,0.2791113257408142,0.6198911070823669,0.4765594005584717,0.6059842109680176,0.4033869802951813,0.597873866558075,0.3623145818710327,0.5913200378417969,0.3267478346824646
0.6103553175926208,0.7083792686462402,0.5438337922096252,0.6832798719406128,0.5011442303657532,0.6128157377243042,0.5065189599990845,0.5313141345977783,0.5446413159370422,0.5114694237709045,0.5098855495452881,0.4849730432033539,0.4984656870365143,0.4028160274028778,0.4965243935585022,0.35222524404525757,0.4989613890647888,0.30803561210632324,0.5451259613037109,0.4652985632419586,0.5329631567001343,0.3709656000137329,0.529421329498291,0.314863383769989,0.5286085605621338,0.2693513035774231,0.5820614099502563,0.46382811665534973,0.5702517032623291,0.37507787346839905,0.562076985836029,0.3200782239437103,0.5562238097190857,0.2748252749443054,0.6228904724121094,0.4780034124851227,0.6106089949607849,0.403786838054657,0.6035186052322388,0.36012041568756104,0.5978107452392578,0.3217446208000183
0.6017261743545532,0.6350266337394714,0.56148362159729,0.6158880591392517,0.5319424271583557,0.5749387741088867,0.5296372175216675,0.5374943614006042,0.5502628087997437,0.5156974792480469,0.5325533747673035,0.5102747678756714,0.5224828720092773,0.4705832898616791,0.524234414100647,0.48769673705101013,0.5334951877593994,0.5065844058990479,0.5619073510169983,0.49107497930526733,0.5459224581718445,0.42296960949897766,0.5403957366943359,0.3764849305152893,0.5415824055671692,0.3354072868824005,0.595118522644043,0.48613107204437256,0.5785083770751953,0.4281402826309204,0.5782719254493713,0.41156673431396484,0.5832818746566772,0.39760226011276245,0.6328492760658264,0.4907185733318329,0.6190350651741028,0.4410918056964874,0.6138860583305359,0.41450798511505127,0.6130505204200745,0.3923025131225586
0.6181097030639648,0.709882915019989,0.5520450472831726,0.68474280834198,0.5070260763168335,0.6173320412635803,0.5111969709396362,0.5395827889442444,0.5504119992256165,0.5205047726631165,0.5180193185806274,0.4822201132774353,0.5037117600440979,0.39856573939323425,0.4992499351501465,0.34773069620132446,0.49958711862564087,0.30278122425079346,0.5525156855583191,0.46312209963798523,0.5380632877349854,0.36551517248153687,0.5328193306922913,0.3074336051940918,0.5307271480560303,0.25966590642929077,0.5896136164665222,0.4628998935222626,0.5763206481933594,0.37095776200294495,0.5683282017707825,0.3141922950744629,0.5624426007270813,0.26749536395072937,0.6309705972671509,0.47962120175361633,0.6171438694000244,0.4031462073326111,0.6091541647911072,0.3586425185203552,0.6025410294532776,0.32045912742614746
0.6017261743545532,0.6350266337394714,0.56148362159729,0.6158880591392517,0.5319424271583557,0.5749387741088867,0.5296372175216675,0.5374943614006042,0.5502628087997437,0.5156974792480469,0.5325533747673035,0.5102747678756714,0.5224828720092773,0.4705832898616791,0.524234414100647,0.48769673705101013,0.5334951877593994,0.5065844058990479,0.5619073510169983,0.49107497930526733,0.5459224581718445,0.42296960949897766,0.5403957366943359,0.3764849305152893,0.5415824055671692,0.3354072868824005,0.595118522644043,0.48613107204437256,0.5785083770751953,0.4281402826309204,0.5782719254493713,0.41156673431396484,0.5832818746566772,0.39760226011276245,0.6328492760658264,0.4907185733318329,0.6190350651741028,0.4410918056964874,0.6138860583305359,0.41450798511505127,0.6130505204200745,0.3923025131225586
0.6659979224205017,0.7425589561462402,0.6005591750144958,0.7198240756988525,0.5539964437484741,0.642002284526825,0.5719583630561829,0.5699107050895691,0.6186255216598511,0.5596986413002014,0.5647870898246765,0.49729427695274353,0.5539733171463013,0.39993545413017273,0.5528066158294678,0.33920732140541077,0.5543736219406128,0.2859828472137451,0.6028358340263367,0.47983232140541077,0.588299036026001,0.37343353033065796,0.5820382833480835,0.30322742462158203,0.5778570175170898,0.24493449926376343,0.6429234743118286,0.4856279790401459,0.629814624786377,0.3807527422904968,0.6216098666191101,0.3150002956390381,0.6151676177978516,0.26014310121536255,0.6867384910583496,0.5107892155647278,0.6744310855865479,0.42659878730773926,0.6658754348754883,0.37487757205963135,0.6581013202667236,0.33045122027397156
0.690548837184906,0.7678911089897156,0.6196995973587036,0.7413547039031982,0.5712553262710571,0.6562973260879517,0.5984866619110107,0.5841965675354004,0.651932418346405,0.5742144584655762,0.5887830257415771,0.5090462565422058,0.5775859951972961,0.4106178879737854,0.5755102038383484,0.3482639789581299,0.5769173502922058,0.29410144686698914,0.6296459436416626,0.4892369210720062,0.6159225702285767,0.3761071562767029,0.6083465814590454,0.3033421039581299,0.6032911539077759,0.2441297471523285,0.6704390048980713,0.4930066466331482,0.6582502126693726,0.38437461853027344,0.6480441093444824,0.31516537070274353,0.6404247283935547,0.2589167356491089,0.7139946222305298,0.518215537071228,0.701353132724762,0.4305284321308136,0.6910321116447449,0.37488847970962524,0.6822291612625122,0.3273959755897522
0.7096120119094849,0.7824440598487854,0.638678789138794,0.7466022372245789,0.5921064019203186,0.661264955997467,0.6189378499984741,0.5891641974449158,0.6726418733596802,0.5802536606788635,0.6100730299949646,0.514955461025238,0.6012811660766602,0.40991324186325073,0.5967965722084045,0.3429495394229889,0.5952441096305847,0.2840031683444977,0.6522500514984131,0.4971759021282196,0.6386702060699463,0.3788450360298157,0.6307902932167053,0.3020949959754944,0.6238737106323242,0.23733940720558167,0.6944209933280945,0.5023275017738342,0.6812084913253784,0.39008474349975586,0.6719763278961182,0.3177410662174225,0.6638762950897217,0.2581779360771179,0.7387200593948364,0.5267680287361145,0.7220795154571533,0.4348376989364624,0.711057722568512,0.37641656398773193,0.7017914056777954,0.3264773488044739
0.7335602045059204,0.803593635559082,0.6578636765480042,0.7660918831825256,0.6119465231895447,0.6727883815765381,0.6445592641830444,0.598587691783905,0.7006810307502747,0.5924776792526245,0.6326334476470947,0.5192142128944397,0.6212092041969299,0.41320082545280457,0.6142777800559998,0.34439563751220703,0.6098694205284119,0.28460556268692017,0.6738088130950928,0.502038300037384,0.6587795615196228,0.3838087320327759,0.6486092805862427,0.3062472939491272,0.6400288939476013,0.2414766252040863,0.7145678400993347,0.5074120163917542,0.700323224067688,0.395932137966156,0.6888134479522705,0.3213645815849304,0.6792303919792175,0.2601557970046997,0.7581390738487244,0.533106803894043,0.7432401180267334,0.4401092231273651,0.7314378619194031,0.38005131483078003,0.7208580374717712,0.32924365997314453
0.7384991645812988,0.807094156742096,0.6594948172569275,0.7693829536437988,0.6114650964736938,0.6772080659866333,0.6436133980751038,0.5969197154045105,0.6997606754302979,0.595950722694397,0.6265724897384644,0.5258514285087585,0.6119069457054138,0.4182169437408447,0.6068369150161743,0.3498353362083435,0.6054806709289551,0.2880994379520416,0.6693248152732849,0.5061609148979187,0.6517486572265625,0.3874640464782715,0.6417658925056458,0.3110226094722748,0.634372353553772,0.24619132280349731,0.7117199301719666,0.5097209811210632,0.6969270706176758,0.39612525701522827,0.6856090426445007,0.32307344675064087,0.6761966347694397,0.2624034583568573,0.7576829195022583,0.5337786078453064,0.7443920373916626,0.43837887048721313,0.7334367036819458,0.37830811738967896,0.7241042852401733,0.3283800184726715
0.838911235332489,0.8023131489753723,0.7591736912727356,0.7526021599769592,0.7164180278778076,0.6555750966072083,0.7663933634757996,0.586320161819458,0.8363966941833496,0.5798380374908447,0.7352330684661865,0.5016990303993225,0.7313633561134338,0.38281694054603577,0.7306779026985168,0.30982300639152527,0.7325712442398071,0.2467104196548462,0.7824347019195557,0.4831826686859131,0.7784050703048706,0.3557779788970947,0.7745901346206665,0.2753957509994507,0.7708772420883179,0.21024927496910095,0.8275671601295471,0.4928707480430603,0.8233311772346497,0.3762044906616211,0.8170738220214844,0.29632246494293213,0.812307596206665,0.2332633137702942,0.8730190992355347,0.523870587348938,0.8663107752799988,0.4280356764793396,0.8593782186508179,0.36834490299224854,0.8528257608413696,0.3222564458847046
0.8540326356887817,0.8051091432571411,0.7768544554710388,0.7488153576850891,0.73494952917099,0.6499634385108948,0.7804437279701233,0.574502170085907,0.8463554978370667,0.5696181654930115,0.7500130534172058,0.4999217391014099,0.7398504018783569,0.38347458839416504,0.7367523312568665,0.3102099895477295,0.7368218302726746,0.24676817655563354,0.7952150106430054,0.4820597171783447,0.7815381288528442,0.3541697859764099,0.77546226978302,0.2739126682281494,0.7710068225860596,0.20740851759910583,0.8397049903869629,0.48853710293769836,0.826291561126709,0.36835145950317383,0.8177831172943115,0.2921110987663269,0.810451090335846,0.23116755485534668,0.8877277970314026,0.5167773365974426,0.8745514750480652,0.4174667298793793,0.8644554615020752,0.3570100665092468,0.8561136722564697,0.30797094106674194
0.8677877187728882,0.7962559461593628,0.7906558513641357,0.7403146028518677,0.7511770129203796,0.6425725221633911,0.7978069186210632,0.5669898986816406,0.8659508228302002,0.5599747896194458,0.7669310569763184,0.4924771785736084,0.7567971348762512,0.37268999218940735,0.7541643977165222,0.29734164476394653,0.7556698322296143,0.23119887709617615,0.8126878142356873,0.47367677092552185,0.7981669306755066,0.3400353789329529,0.7919865846633911,0.25509095191955566,0.7880662083625793,0.18399882316589355,0.8582245707511902,0.48060616850852966,0.844781756401062,0.35719043016433716,0.835757315158844,0.28085121512413025,0.827354371547699,0.21930676698684692,0.9068335294723511,0.5098556280136108,0.8932765126228333,0.4086896777153015,0.8818619251251221,0.3482394218444824,0.8707715272903442,0.29915955662727356
0.8741939067840576,0.7807822227478027,0.800727128982544,0.7227263450622559,0.7640038728713989,0.6231027841567993,0.8098229169845581,0.5501701235771179,0.8762331008911133,0.5497755408287048,0.7781399488449097,0.47421327233314514,0.769183337688446,0.3540142774581909,0.766218364238739,0.28005897998809814,0.7668465971946716,0.21460434794425964,0.822284996509552,0.45612552762031555,0.8092215061187744,0.32151323556900024,0.8020448088645935,0.23624655604362488,0.7965132594108582,0.16420355439186096,0.8661714792251587,0.46477171778678894,0.8536719679832458,0.33868837356567383,0.8446763157844543,0.2624603807926178,0.8359428644180298,0.19963723421096802,0.9125474095344543,0.4963425397872925,0.899427592754364,0.3935163617134094,0.8888906836509705,0.33191871643066406,0.8794347643852234,0.28164923191070557
0.7978857159614563,0.657723069190979,0.7462552785873413,0.6019159555435181,0.7049511671066284,0.5287982225418091,0.7077912092208862,0.46191808581352234,0.7376297116279602,0.44219154119491577,0.6891078352928162,0.38327455520629883,0.6807295680046082,0.2851247787475586,0.67658531665802,0.2255539745092392,0.6717091202735901,0.17266681790351868,0.717271625995636,0.3756784498691559,0.6994593739509583,0.2744740843772888,0.6899083852767944,0.21761123836040497,0.6788161396980286,0.16697096824645996,0.7504956722259521,0.39081254601478577,0.7416258454322815,0.33326470851898193,0.7554702162742615,0.3174186944961548,0.7639501094818115,0.3052465319633484,0.7867418527603149,0.42321860790252686,0.7826904058456421,0.380746990442276,0.7886130809783936,0.38332200050354004,0.7954840660095215,0.39503809809684753
0.7984029054641724,0.6458745002746582,0.7487849593162537,0.5951433181762695,0.7073155045509338,0.5112497210502625,0.7043085098266602,0.4425757825374603,0.7230743765830994,0.441975474357605,0.6872566938400269,0.38461029529571533,0.6777417659759521,0.28592783212661743,0.6734595894813538,0.22677938640117645,0.6692142486572266,0.17607033252716064,0.7140547633171082,0.3723592460155487,0.6970323324203491,0.272560179233551,0.6870057582855225,0.21333865821361542,0.676173746585846,0.1640836000442505,0.7479475736618042,0.3831372857093811,0.7434260249137878,0.30830663442611694,0.7572590112686157,0.28345945477485657,0.7646588087081909,0.26823076605796814,0.7859991192817688,0.4121197462081909,0.7862387299537659,0.346172034740448,0.7903221249580383,0.32565248012542725,0.7937449216842651,0.3182872235774994
0.7554840445518494,0.658112108707428,0.6893490552902222,0.6145827174186707,0.6506847739219666,0.5241155028343201,0.6782954931259155,0.4510881006717682,0.7313509583473206,0.44267693161964417,0.656107485294342,0.3942652642726898,0.6451153755187988,0.2977754473686218,0.6400980949401855,0.23906493186950684,0.6382623910903931,0.188022643327713,0.6937324404716492,0.3797149956226349,0.6758120059967041,0.2725067138671875,0.6652482151985168,0.2062654346227646,0.6568284630775452,0.1520085334777832,0.733821451663971,0.38535866141319275,0.7151697874069214,0.2825409770011902,0.7029009461402893,0.21918025612831116,0.6909955739974976,0.16842865943908691,0.7779176235198975,0.40850141644477844,0.7638829946517944,0.32973557710647583,0.7518872618675232,0.28424733877182007,0.7399815320968628,0.24815379083156586
0.7492223381996155,0.6576722860336304,0.6862615346908569,0.6143321394920349,0.6477698087692261,0.5251723527908325,0.6774322390556335,0.4513382613658905,0.7295460104942322,0.4444682002067566,0.6497162580490112,0.40140533447265625,0.6390239000320435,0.30768483877182007,0.6355931162834167,0.251159131526947,0.6343086957931519,0.20121654868125916,0.6865769624710083,0.3852883577346802,0.670804500579834,0.2815921902656555,0.6621519327163696,0.21820954978466034,0.6555203199386597,0.16548991203308105,0.7252611517906189,0.38926228880882263,0.7085214257240295,0.29005342721939087,0.6967593431472778,0.22948861122131348,0.686028003692627,0.17898839712142944,0.7678189277648926,0.41053876280784607,0.7552257776260376,0.33067578077316284,0.7445814609527588,0.2842981815338135,0.7348183393478394,0.24644649028778076
0.7425612211227417,0.6520401239395142,0.683489203453064,0.609355092048645,0.6454375982284546,0.5213308334350586,0.668686032295227,0.4511861503124237,0.7160810232162476,0.4410518705844879,0.6461440920829773,0.3998700976371765,0.636315643787384,0.3083336353302002,0.6335369348526001,0.25411635637283325,0.6332277655601501,0.20719489455223083,0.6811234354972839,0.38545534014701843,0.6658067107200623,0.28291457891464233,0.6585568785667419,0.2214653342962265,0.6533218026161194,0.17080751061439514,0.7189670205116272,0.3893139660358429,0.7014825344085693,0.29061639308929443,0.6910302639007568,0.23011350631713867,0.6815382242202759,0.17923444509506226,0.7610743641853333,0.4091527760028839,0.7486173510551453,0.329020231962204,0.7396968603134155,0.2824432849884033,0.7319492697715759,0.24378567934036255
0.7418463230133057,0.6503099799156189,0.680050253868103,0.608268141746521,0.6426022052764893,0.5201736092567444,0.6710280776023865,0.44683733582496643,0.7233168482780457,0.43794289231300354,0.6464442610740662,0.3985667824745178,0.6363398432731628,0.3083909749984741,0.6330735683441162,0.25430071353912354,0.6330382227897644,0.20665811002254486,0.6821942329406738,0.3835009038448334,0.6663575768470764,0.2816259264945984,0.6577780246734619,0.2194386124610901,0.651901364326477,0.1684078872203827,0.7200903296470642,0.387794554233551,0.7039870619773865,0.29043254256248474,0.6925629377365112,0.23035460710525513,0.6819263696670532,0.1806514859199524,0.7619432806968689,0.4089632034301758,0.7510808110237122,0.3295513391494751,0.7414859533309937,0.2819748520851135,0.7320166230201721,0.24258114397525787
0.6828077435493469,0.6123387217521667,0.6221774816513062,0.5612560510635376,0.5895296335220337,0.4866490364074707,0.6044378876686096,0.41706356406211853,0.6386570334434509,0.40457478165626526,0.5876291990280151,0.37605375051498413,0.5762621760368347,0.29648661613464355,0.5706679224967957,0.24803566932678223,0.5659087300300598,0.20531488955020905,0.6203250288963318,0.3626132011413574,0.6027471423149109,0.2737478017807007,0.5927140712738037,0.22326575219631195,0.5825703740119934,0.18070334196090698,0.6540154218673706,0.3667869567871094,0.6307836174964905,0.2894108295440674,0.6190906763076782,0.23993375897407532,0.6098135709762573,0.1990845799446106,0.6906691789627075,0.3875015676021576,0.6638079285621643,0.34092384576797485,0.6528564691543579,0.3346349596977234,0.6494513750076294,0.33678779006004333
0.6828480958938599,0.6016823649406433,0.6246394515037537,0.5623595714569092,0.5889003276824951,0.4890822768211365,0.6072743535041809,0.4218539893627167,0.648114800453186,0.4075222909450531,0.5853614211082458,0.3807622194290161,0.574008047580719,0.30089813470840454,0.5691862106323242,0.25299572944641113,0.5654826164245605,0.2113993614912033,0.6189512610435486,0.3673343062400818,0.602486252784729,0.2797054350376129,0.5931260585784912,0.23070716857910156,0.5851972103118896,0.1896413266658783,0.6541808247566223,0.3698207139968872,0.6361694931983948,0.2888479232788086,0.6244537234306335,0.24192887544631958,0.614526629447937,0.20377622544765472,0.6929508447647095,0.3863826096057892,0.6792801022529602,0.3235973119735718,0.669977068901062,0.2942889928817749,0.6637113094329834,0.2719481587409973
0.6658303141593933,0.582066535949707,0.6009096503257751,0.5562743544578552,0.5608707666397095,0.4802970290184021,0.5837655067443848,0.4083436131477356,0.6327431797981262,0.401572585105896,0.558535099029541,0.3799508213996887,0.5437167286872864,0.30638250708580017,0.5379305481910706,0.2623576521873474,0.5343739986419678,0.2235020399093628,0.5936859250068665,0.36357977986335754,0.5742257237434387,0.28337758779525757,0.5644644498825073,0.2359657734632492,0.5563747882843018,0.19693557918071747,0.629430890083313,0.36252936720848083,0.612059473991394,0.28740888833999634,0.5995231866836548,0.23997019231319427,0.5891417860984802,0.20307670533657074,0.6671744585037231,0.37319648265838623,0.6498681306838989,0.3119490146636963,0.6380879878997803,0.2779594957828522,0.6296765804290771,0.25151175260543823
0.6552433967590332,0.5798938274383545,0.5982393026351929,0.5565343499183655,0.556191086769104,0.48621827363967896,0.576346755027771,0.4176459312438965,0.6207449436187744,0.40359213948249817,0.554274320602417,0.3813665509223938,0.5378398895263672,0.3063230812549591,0.5314528942108154,0.2612369656562805,0.5272910594940186,0.22250869870185852,0.5900598168373108,0.3665112257003784,0.571109414100647,0.2850089967250824,0.5607120990753174,0.23652666807174683,0.551376461982727,0.19682539999485016,0.6265076994895935,0.3682691752910614,0.6101763844490051,0.2960130572319031,0.597771167755127,0.24852049350738525,0.5873921513557434,0.2112443894147873,0.6632603406906128,0.3835122883319855,0.6418609023094177,0.33267083764076233,0.6277561187744141,0.313111275434494,0.6179671883583069,0.30103254318237305
0.6527981758117676,0.578321099281311,0.5956830978393555,0.5533560514450073,0.5560065507888794,0.4834566116333008,0.5766966938972473,0.4153095483779907,0.6220132112503052,0.40125834941864014,0.5528339743614197,0.3801315128803253,0.5378432869911194,0.30464208126068115,0.5316035747528076,0.25994569063186646,0.5282207727432251,0.22080309689044952,0.5874573588371277,0.36537301540374756,0.5687035918235779,0.2837781608104706,0.5583710670471191,0.23605132102966309,0.5501805543899536,0.19638188183307648,0.6228847503662109,0.3656737804412842,0.6055667996406555,0.29032760858535767,0.5919161438941956,0.2427843064069748,0.5804806351661682,0.20491918921470642,0.6596601605415344,0.3775780498981476,0.6430261731147766,0.3176528811454773,0.6313804984092712,0.2839560806751251,0.6226992011070251,0.25693702697753906
0.652990460395813,0.5783007144927979,0.5958342552185059,0.5541754364967346,0.5554839372634888,0.48411017656326294,0.5756370425224304,0.4142930507659912,0.6214345097541809,0.40071648359298706,0.5528591871261597,0.3810662627220154,0.5379689931869507,0.3056844174861908,0.5317325592041016,0.2608516216278076,0.5283540487289429,0.22176766395568848,0.5871663093566895,0.3658161163330078,0.5690662860870361,0.28418153524398804,0.5588943958282471,0.23661893606185913,0.5507231950759888,0.1970689594745636,0.6225801110267639,0.3658616244792938,0.6054434180259705,0.289567232131958,0.5919066667556763,0.24160444736480713,0.580680251121521,0.2032480239868164,0.6596507430076599,0.3778638243675232,0.642724871635437,0.3172262907028198,0.6312370896339417,0.28339052200317383,0.6228431463241577,0.25631287693977356
0.644757866859436,0.5792614221572876,0.5886802673339844,0.5558373928070068,0.5485653281211853,0.48582059144973755,0.5709885358810425,0.4194106161594391,0.6159761548042297,0.40580642223358154,0.546836793422699,0.38197556138038635,0.5300707817077637,0.30540627241134644,0.5238128900527954,0.2605322003364563,0.5204594135284424,0.22136329114437103,0.5818374156951904,0.3675747215747833,0.5632096529006958,0.28415414690971375,0.5527029037475586,0.2359667867422104,0.5452042818069458,0.19642946124076843,0.617380678653717,0.36824291944503784,0.6025135517120361,0.2932403087615967,0.5923755764961243,0.2488517314195633,0.5852848887443542,0.21334530413150787,0.6534508466720581,0.3810141384601593,0.6363070011138916,0.3196784257888794,0.6251713037490845,0.2855958938598633,0.6173983216285706,0.2573155164718628
0.5846838355064392,0.5905364751815796,0.5200607180595398,0.5707824230194092,0.47650671005249023,0.504408061504364,0.4808456599712372,0.4313485324382782,0.504404604434967,0.4065573215484619,0.4659913182258606,0.39026254415512085,0.446597158908844,0.3151296377182007,0.43719542026519775,0.26903074979782104,0.4303992986679077,0.22905823588371277,0.49739187955856323,0.37049341201782227,0.4751526117324829,0.2882382869720459,0.4614958167076111,0.23607318103313446,0.44972237944602966,0.19351375102996826,0.5318422913551331,0.3682079315185547,0.5094436407089233,0.29068416357040405,0.49498528242111206,0.24362041056156158,0.48250144720077515,0.20621530711650848,0.5726283192634583,0.3800380825996399,0.5513847470283508,0.31632429361343384,0.5366597771644592,0.2797883152961731,0.5229285955429077,0.24954353272914886
0.5741725564002991,0.5942189693450928,0.5134220719337463,0.5790516138076782,0.4703773558139801,0.5193788409233093,0.4716452360153198,0.44978323578834534,0.4973577857017517,0.417266309261322,0.46048039197921753,0.3952507972717285,0.44188645482063293,0.32091301679611206,0.43361884355545044,0.2757169306278229,0.4267246127128601,0.23533669114112854,0.49320295453071594,0.37591180205345154,0.4728207588195801,0.29047465324401855,0.4614103436470032,0.24282023310661316,0.4498811662197113,0.2020048052072525,0.5277809500694275,0.3740590810775757,0.5079013109207153,0.2961631715297699,0.4957387447357178,0.2524191439151764,0.4844089448451996,0.21669092774391174,0.5665071606636047,0.3859861493110657,0.5495381951332092,0.3232751190662384,0.5387500524520874,0.2873098850250244,0.5286630392074585,0.2563737630844116
0.5576146245002747,0.5945079922676086,0.4960845410823822,0.5826797485351562,0.44464677572250366,0.5228002071380615,0.4385259449481964,0.4473339915275574,0.46442097425460815,0.4070061445236206,0.43364372849464417,0.39627721905708313,0.4160533547401428,0.31863728165626526,0.4077617824077606,0.272044837474823,0.4002479016780853,0.23065674304962158,0.4666007459163666,0.37438148260116577,0.44477465748786926,0.2874528765678406,0.4336525499820709,0.2357027232646942,0.422298789024353,0.1914074420928955,0.5026553869247437,0.3719320297241211,0.47949519753456116,0.29147303104400635,0.4674244821071625,0.24527645111083984,0.45514029264450073,0.2064368575811386,0.5426837205886841,0.3850475549697876,0.5196977257728577,0.3222900629043579,0.5070340037345886,0.28630077838897705,0.4960390031337738,0.25520849227905273
0.5182787775993347,0.5671614408493042,0.4674452841281891,0.5571736097335815,0.42900270223617554,0.515644907951355,0.42380234599113464,0.4616870880126953,0.4411013722419739,0.4214763045310974,0.4331067204475403,0.44475603103637695,0.4211655259132385,0.40458282828330994,0.4154980778694153,0.4151584208011627,0.41134220361709595,0.43523702025413513,0.46460506319999695,0.4219852089881897,0.4495936334133148,0.38402894139289856,0.4388212263584137,0.3867917060852051,0.4280954897403717,0.39694786071777344,0.49926894903182983,0.4124767780303955,0.48287925124168396,0.3747732937335968,0.4658733904361725,0.37074097990989685,0.44839364290237427,0.3731900751590729,0.5369735956192017,0.41469424962997437,0.5203918218612671,0.38092678785324097,0.5002527832984924,0.3684062361717224,0.4787219166755676,0.3594210743904114
0.49649590253829956,0.5645689368247986,0.44566574692726135,0.5618044137954712,0.4040425419807434,0.5073685646057129,0.40700191259384155,0.4432317912578583,0.42873695492744446,0.40195393562316895,0.4150463342666626,0.4357224106788635,0.40058159828186035,0.39714479446411133,0.403186559677124,0.40291717648506165,0.40916499495506287,0.4146987199783325,0.4433852732181549,0.414044588804245,0.43075332045555115,0.3777725398540497,0.4248763620853424,0.38033348321914673,0.42038494348526,0.3866425156593323,0.47405242919921875,0.40491369366645813,0.46223318576812744,0.36715787649154663,0.44584259390830994,0.36179688572883606,0.431863009929657,0.3584563434123993,0.5100364685058594,0.40587514638900757,0.4934785068035126,0.37460047006607056,0.4725262522697449,0.36875706911087036,0.4527215361595154,0.3653186559677124
0.514926552772522,0.5909039974212646,0.4514012634754181,0.573643684387207,0.404535710811615,0.5119526982307434,0.41033846139907837,0.4415440559387207,0.43196624517440796,0.4120648205280304,0.39043718576431274,0.39209502935409546,0.37014079093933105,0.31671279668807983,0.3609442114830017,0.27042996883392334,0.35378140211105347,0.2296653389930725,0.4245525002479553,0.36834588646888733,0.4024697542190552,0.282073974609375,0.3903115689754486,0.23115646839141846,0.3787703514099121,0.18797291815280914,0.46138355135917664,0.3651871085166931,0.43983346223831177,0.2891124188899994,0.4263696074485779,0.24282628297805786,0.41224005818367004,0.20367251336574554,0.5006966590881348,0.37872937321662903,0.4782554805278778,0.3212428390979767,0.4624541699886322,0.29021114110946655,0.4473174214363098,0.2630690932273865
0.4299040138721466,0.5883541107177734,0.3522699475288391,0.562587320804596,0.3009048104286194,0.4958118498325348,0.2943688929080963,0.41743984818458557,0.32145583629608154,0.38966691493988037,0.2968614995479584,0.37714824080467224,0.2764832377433777,0.2976432144641876,0.26269304752349854,0.2518512010574341,0.2516466975212097,0.2102942317724228,0.32438424229621887,0.35686126351356506,0.2999120354652405,0.2710312604904175,0.2834019362926483,0.21597442030906677,0.2700146436691284,0.17097169160842896,0.35707277059555054,0.3535221815109253,0.3335583508014679,0.27297836542129517,0.31802135705947876,0.22282369434833527,0.3042396903038025,0.18106436729431152,0.39768463373184204,0.36525601148605347,0.3730218708515167,0.30034756660461426,0.3588480055332184,0.26287809014320374,0.34590426087379456,0.229447141289711
0.4143926203250885,0.5767094492912292,0.34483301639556885,0.5653483867645264,0.2932926416397095,0.5133539438247681,0.28191590309143066,0.43905019760131836,0.3105442523956299,0.4014558494091034,0.290078341960907,0.380095511674881,0.26877373456954956,0.30074936151504517,0.2573509216308594,0.25688883662223816,0.24872496724128723,0.2168356329202652,0.31827718019485474,0.35935354232788086,0.29224076867103577,0.26855015754699707,0.2769501209259033,0.21865825355052948,0.26421400904655457,0.17757731676101685,0.3505811095237732,0.35554981231689453,0.3259328007698059,0.2688688039779663,0.3099953830242157,0.2212599664926529,0.29552584886550903,0.18240471184253693,0.3895242214202881,0.36644643545150757,0.3680741786956787,0.299152672290802,0.35346782207489014,0.25990599393844604,0.33988165855407715,0.22517314553260803
0.41134846210479736,0.5777644515037537,0.3457238972187042,0.5716431140899658,0.29368871450424194,0.5223919153213501,0.28171828389167786,0.449069619178772,0.31040242314338684,0.41521990299224854,0.2895757257938385,0.3858695328235626,0.2660730481147766,0.30533143877983093,0.25440454483032227,0.2588611841201782,0.24579034745693207,0.21711772680282593,0.31739452481269836,0.3632277846336365,0.2906292676925659,0.27322036027908325,0.276535302400589,0.22039580345153809,0.2655273973941803,0.17687289416790009,0.3495483100414276,0.357974112033844,0.3226269483566284,0.2729346752166748,0.30798977613449097,0.2235829383134842,0.2949475049972534,0.18226347863674164,0.38884472846984863,0.3682546615600586,0.36647844314575195,0.3025398254394531,0.35240882635116577,0.263131320476532,0.34011825919151306,0.22852453589439392
0.38434070348739624,0.5796453356742859,0.31728288531303406,0.5727025270462036,0.26217663288116455,0.5183637738227844,0.24847212433815002,0.443548321723938,0.283339262008667,0.4163597524166107,0.2603395879268646,0.3872984051704407,0.23794835805892944,0.30881863832473755,0.22707584500312805,0.2648332715034485,0.2191566675901413,0.22532185912132263,0.28689777851104736,0.3649579882621765,0.26011645793914795,0.27499181032180786,0.24591465294361115,0.22339734435081482,0.23476427793502808,0.1810789257287979,0.31827038526535034,0.3592262268066406,0.29464614391326904,0.2707449197769165,0.2799994647502899,0.22100386023521423,0.2676626443862915,0.18026936054229736,0.3555034101009369,0.36776798963546753,0.3354755640029907,0.30089086294174194,0.3227038085460663,0.2606324255466461,0.31165727972984314,0.22556297481060028
0.3600429892539978,0.5856946706771851,0.29358774423599243,0.5755388140678406,0.2412143498659134,0.5262278914451599,0.22609686851501465,0.45893871784210205,0.2564575970172882,0.42833492159843445,0.2273806482553482,0.4001602828502655,0.20641840994358063,0.3206199109554291,0.19842848181724548,0.27518126368522644,0.19294703006744385,0.23462899029254913,0.256597101688385,0.3759886920452118,0.23353451490402222,0.2836858630180359,0.22133636474609375,0.23093543946743011,0.2108761966228485,0.18791328370571136,0.29043060541152954,0.3678477704524994,0.2683528661727905,0.2804791331291199,0.2540633976459503,0.23115330934524536,0.24124813079833984,0.19136552512645721,0.32856595516204834,0.37476009130477905,0.30891019105911255,0.3092305362224579,0.2974482476711273,0.26989927887916565,0.28786221146583557,0.23791982233524323
0.3506234288215637,0.5928127765655518,0.28425732254981995,0.5851767063140869,0.23186536133289337,0.5357219576835632,0.21661412715911865,0.46954768896102905,0.2442777007818222,0.4358072280883789,0.21547093987464905,0.40508949756622314,0.19282986223697662,0.32695090770721436,0.18420788645744324,0.2798396050930023,0.1787474900484085,0.2372497171163559,0.24374671280384064,0.38027024269104004,0.21951474249362946,0.2897845208644867,0.20730382204055786,0.2366788685321808,0.19659364223480225,0.19193220138549805,0.27723604440689087,0.37278053164482117,0.2535269260406494,0.2866978347301483,0.23928706347942352,0.2376619130373001,0.22537833452224731,0.19606061279773712,0.31675460934638977,0.38023579120635986,0.2946789264678955,0.3132310211658478,0.28183531761169434,0.27287107706069946,0.26945066452026367,0.2370164841413498
0.34125372767448425,0.5985094308853149,0.27456361055374146,0.5921916961669922,0.22358189523220062,0.5463289618492126,0.20492753386497498,0.48073965311050415,0.22587521374225616,0.43951892852783203,0.20719437301158905,0.4093470275402069,0.1833181381225586,0.33202892541885376,0.17317676544189453,0.2847219705581665,0.16635319590568542,0.24072454869747162,0.2331540435552597,0.384588360786438,0.20825296640396118,0.2940841317176819,0.19485604763031006,0.24060142040252686,0.18296697735786438,0.19413618743419647,0.26439905166625977,0.3775699734687805,0.2408858984708786,0.29049527645111084,0.22620466351509094,0.24075815081596375,0.2120174616575241,0.19837145507335663,0.3022828996181488,0.38548168540000916,0.2801850736141205,0.3178008496761322,0.2666720449924469,0.27701812982559204,0.25357168912887573,0.24075622856616974
0.33126088976860046,0.6001331210136414,0.2647741436958313,0.5983352661132812,0.2090473771095276,0.5552709102630615,0.18829701840877533,0.4874039888381958,0.2133646309375763,0.4452821910381317,0.1925555020570755,0.4169260263442993,0.16728633642196655,0.34027621150016785,0.15767784416675568,0.292608380317688,0.15240024030208588,0.24900983273983002,0.21840843558311462,0.39033618569374084,0.19147740304470062,0.30063098669052124,0.17815262079238892,0.2474987804889679,0.16758227348327637,0.20167352259159088,0.2496415376663208,0.38068991899490356,0.2251676470041275,0.29358208179473877,0.2101617157459259,0.2446233332157135,0.19724725186824799,0.20279817283153534,0.2878067195415497,0.3855600953102112,0.2652989625930786,0.31800976395606995,0.25313204526901245,0.27845925092697144,0.24236255884170532,0.2434149831533432
0.33263444900512695,0.5967658162117004,0.2672954797744751,0.5947859287261963,0.2139483243227005,0.5539299249649048,0.1911705881357193,0.4906232953071594,0.2116241753101349,0.44732344150543213,0.19346056878566742,0.4190504550933838,0.16841092705726624,0.3439719080924988,0.15642160177230835,0.2972344756126404,0.14819179475307465,0.25447359681129456,0.2189502865076065,0.39128798246383667,0.19113849103450775,0.3026459813117981,0.17731061577796936,0.249728724360466,0.16593268513679504,0.20394077897071838,0.25030842423439026,0.3803100883960724,0.2239496260881424,0.2942923307418823,0.20947712659835815,0.2427307665348053,0.1972704827785492,0.19896648824214935,0.2881060242652893,0.38415268063545227,0.2646624445915222,0.3180929124355316,0.2511124312877655,0.2780265212059021,0.23915551602840424,0.24282702803611755
0.3038593530654907,0.6038328409194946,0.2378220409154892,0.6039714217185974,0.18069115281105042,0.5582582950592041,0.1587991714477539,0.48757120966911316,0.18675097823143005,0.4537625312805176,0.16445155441761017,0.42649298906326294,0.13874880969524384,0.35436081886291504,0.1276988685131073,0.3112110495567322,0.12046494334936142,0.2709917426109314,0.18859648704528809,0.39904728531837463,0.15772774815559387,0.3127366602420807,0.14214253425598145,0.26082760095596313,0.1299227774143219,0.217074915766716,0.21985109150409698,0.3881820738315582,0.19333644211292267,0.30307865142822266,0.17710991203784943,0.25233739614486694,0.16322234272956848,0.2094629853963852,0.2584770917892456,0.3907754719257355,0.23733118176460266,0.32299938797950745,0.22514910995960236,0.28203487396240234,0.2140662521123886,0.24614250659942627
0.30587148666381836,0.6034518480300903,0.2396794855594635,0.6051337718963623,0.18406055867671967,0.5615139603614807,0.16188134253025055,0.49359962344169617,0.18748566508293152,0.4522893726825714,0.16740842163562775,0.4254354238510132,0.14083272218704224,0.35407137870788574,0.12761235237121582,0.31066378951072693,0.11813823878765106,0.2701548933982849,0.19203147292137146,0.39833134412765503,0.16230812668800354,0.3124721646308899,0.1472221165895462,0.2609403729438782,0.13527481257915497,0.21624277532100677,0.22329245507717133,0.38718897104263306,0.19565163552761078,0.3025529682636261,0.18037988245487213,0.2505500912666321,0.16738207638263702,0.2059691846370697,0.26188361644744873,0.3899426758289337,0.23860086500644684,0.32247480750083923,0.22527062892913818,0.28070080280303955,0.21321973204612732,0.24359393119812012
0.28502291440963745,0.5991017818450928,0.2180933654308319,0.60648512840271,0.1563360095024109,0.5644636750221252,0.13416969776153564,0.4957306981086731,0.1666138470172882,0.4591241478919983,0.1435740888118744,0.42208221554756165,0.11876901984214783,0.3494921028614044,0.11076349020004272,0.3046641945838928,0.10753801465034485,0.2619096040725708,0.16957350075244904,0.3956311047077179,0.14042484760284424,0.30898988246917725,0.12799763679504395,0.2559199333190918,0.11859604716300964,0.20808307826519012,0.20138660073280334,0.3864118456840515,0.1742541790008545,0.3008400499820709,0.15878139436244965,0.25102299451828003,0.14598241448402405,0.20682688057422638,0.24021276831626892,0.390657901763916,0.2159324437379837,0.3237380385398865,0.20260213315486908,0.2838953733444214,0.19087523221969604,0.2481074333190918
0.275759220123291,0.6010459661483765,0.2098577320575714,0.6051406860351562,0.15081286430358887,0.5650390982627869,0.12575338780879974,0.49841949343681335,0.15644089877605438,0.4588811993598938,0.1380348801612854,0.4243614673614502,0.11239451915025711,0.35239309072494507,0.10218505561351776,0.3089423179626465,0.09647022932767868,0.26797783374786377,0.1626691073179245,0.39663922786712646,0.13337306678295135,0.3086632490158081,0.12054575234651566,0.2554861605167389,0.11078766733407974,0.20873501896858215,0.19357076287269592,0.3866390287876129,0.1651906818151474,0.30258381366729736,0.15026243031024933,0.2516080141067505,0.13808757066726685,0.20803886651992798,0.2323409914970398,0.390592098236084,0.20667664706707,0.32285624742507935,0.1928309202194214,0.2822331488132477,0.1808212399482727,0.24606794118881226
0.2742480933666229,0.6002607345581055,0.20567795634269714,0.6036557555198669,0.14615590870380402,0.5666685104370117,0.11809493601322174,0.498422771692276,0.14961297810077667,0.45751887559890747,0.13235577940940857,0.4250468611717224,0.10534723103046417,0.3513867259025574,0.09523158520460129,0.30856627225875854,0.0887327641248703,0.2675170302391052,0.15609483420848846,0.396557092666626,0.12723380327224731,0.30951839685440063,0.11672796308994293,0.2593325972557068,0.1071397215127945,0.21348953247070312,0.18604972958564758,0.3873128294944763,0.15841585397720337,0.30425018072128296,0.14428897202014923,0.25496363639831543,0.13295209407806396,0.2126990407705307,0.22528254985809326,0.3925931751728058,0.19830270111560822,0.3251394033432007,0.18476593494415283,0.28506624698638916,0.1734602302312851,0.24850274622440338
0.268816202878952,0.6024693250656128,0.2001316249370575,0.6067229509353638,0.13987302780151367,0.5675522685050964,0.11430499702692032,0.4971488118171692,0.14645525813102722,0.455168753862381,0.12601998448371887,0.4248407781124115,0.09967748820781708,0.3518860340118408,0.08977058529853821,0.308889240026474,0.0832175686955452,0.26795053482055664,0.15055003762245178,0.3970416784286499,0.12148032337427139,0.3123050630092621,0.110590860247612,0.2627214193344116,0.10195135325193405,0.21759319305419922,0.1814279854297638,0.38682129979133606,0.15430423617362976,0.3052609860897064,0.14053186774253845,0.25561201572418213,0.1298433542251587,0.2123347669839859,0.22138004004955292,0.3906463086605072,0.19452130794525146,0.3240458071231842,0.1812475174665451,0.28476381301879883,0.170220285654068,0.2487117350101471
0.26717400550842285,0.6007119417190552,0.1979556679725647,0.6046766042709351,0.1386767476797104,0.5711325407028198,0.11025543510913849,0.5033363699913025,0.14185301959514618,0.4587900936603546,0.12239070236682892,0.4272201359272003,0.0955679789185524,0.35405200719833374,0.08597610890865326,0.312002956867218,0.07947525382041931,0.2718600034713745,0.1464068442583084,0.39870569109916687,0.11752751469612122,0.3139997720718384,0.10768039524555206,0.2659132480621338,0.09922497719526291,0.22187098860740662,0.1766599863767624,0.3886360228061676,0.14985355734825134,0.30698972940444946,0.13648584485054016,0.25798022747039795,0.12632238864898682,0.21546077728271484,0.21666312217712402,0.39303460717201233,0.1898329257965088,0.32617244124412537,0.17684075236320496,0.28715723752975464,0.1664278507232666,0.25138938426971436
0.2641419470310211,0.6034098863601685,0.19392280280590057,0.6059899926185608,0.13746508955955505,0.572631299495697,0.10828019678592682,0.5062692761421204,0.13746163249015808,0.4606032371520996,0.12076722085475922,0.430721253156662,0.09264466166496277,0.35633790493011475,0.08285883069038391,0.3141458034515381,0.07679078727960587,0.274006724357605,0.14415346086025238,0.4023269712924957,0.11448535323143005,0.31608617305755615,0.10476168990135193,0.26762855052948,0.09655583649873734,0.22380559146404266,0.1737358570098877,0.3924306035041809,0.1459650844335556,0.30988994240760803,0.13249526917934418,0.26055020093917847,0.12294456362724304,0.21790991723537445,0.2131069302558899,0.3974386155605316,0.18585680425167084,0.32992619276046753,0.172566756606102,0.29082417488098145,0.16244933009147644,0.25494498014450073
0.2617955803871155,0.6053726673126221,0.19082221388816833,0.6083800196647644,0.13552697002887726,0.5766080617904663,0.10570871829986572,0.5105427503585815,0.13403281569480896,0.4654831886291504,0.11841743439435959,0.4349099099636078,0.09035946428775787,0.3610652685165405,0.08025281131267548,0.3190131187438965,0.07350848615169525,0.27864134311676025,0.14092956483364105,0.40598148107528687,0.11163052916526794,0.32020872831344604,0.10195595771074295,0.2722780108451843,0.09331529587507248,0.22830793261528015,0.16950199007987976,0.39546269178390503,0.14248928427696228,0.31377866864204407,0.12913954257965088,0.2652778625488281,0.1197599321603775,0.2233474850654602,0.20835059881210327,0.3993290662765503,0.1816176325082779,0.3320709764957428,0.16904643177986145,0.29377853870391846,0.15974515676498413,0.25873038172721863
0.26142606139183044,0.6072051525115967,0.18896804749965668,0.6090037226676941,0.13500647246837616,0.5790353417396545,0.10472600162029266,0.5138685703277588,0.13160362839698792,0.4685610234737396,0.11729289591312408,0.4395105838775635,0.08912165462970734,0.36583730578422546,0.07880307734012604,0.32383060455322266,0.07189931720495224,0.2835640013217926,0.13949981331825256,0.4107453227043152,0.10955090820789337,0.32572758197784424,0.09951622784137726,0.27823054790496826,0.0904991626739502,0.23460406064987183,0.1678091287612915,0.40021973848342896,0.14054295420646667,0.31914448738098145,0.12662509083747864,0.2710074186325073,0.11686273664236069,0.22965140640735626,0.20685307681560516,0.4036485254764557,0.17985127866268158,0.33684277534484863,0.16690033674240112,0.2988765835762024,0.15726129710674286,0.2645106315612793
0.2611818015575409,0.6113592386245728,0.190629243850708,0.6134651303291321,0.13714027404785156,0.582395613193512,0.10737809538841248,0.5178785920143127,0.13287514448165894,0.4731273651123047,0.11999381333589554,0.44429126381874084,0.09198004007339478,0.37184929847717285,0.08172446489334106,0.32955488562583923,0.07529174536466599,0.2894498407840729,0.1418835073709488,0.41523534059524536,0.11176818609237671,0.33134523034095764,0.10144264996051788,0.28363505005836487,0.09269317239522934,0.2400432676076889,0.16994762420654297,0.4038161039352417,0.14203107357025146,0.3226483464241028,0.12820011377334595,0.27426064014434814,0.11849196255207062,0.23268738389015198,0.20807050168514252,0.4063339829444885,0.181245356798172,0.3403613567352295,0.16780675947666168,0.3024124205112457,0.15731962025165558,0.2684735655784607
0.26401063799858093,0.6174486875534058,0.19595780968666077,0.6205703020095825,0.1412956863641739,0.584907591342926,0.11175966262817383,0.5195591449737549,0.13719463348388672,0.4774210453033447,0.1271239072084427,0.44837668538093567,0.09996849298477173,0.37455490231513977,0.08907155692577362,0.33046025037765503,0.08202961832284927,0.2893555462360382,0.14904209971427917,0.42069175839424133,0.12015244364738464,0.3355911374092102,0.10892082750797272,0.28530004620552063,0.10002191364765167,0.23969009518623352,0.17697395384311676,0.409631609916687,0.14931780099868774,0.3273317217826843,0.13491006195545197,0.2775566577911377,0.12392863631248474,0.23452456295490265,0.2128107249736786,0.4124163091182709,0.18765032291412354,0.34523534774780273,0.17385128140449524,0.3042924702167511,0.1623045951128006,0.26849842071533203
0.27071720361709595,0.6185516119003296,0.2047347128391266,0.6229023337364197,0.15001274645328522,0.5868748426437378,0.12096808850765228,0.5236616134643555,0.14386439323425293,0.4825001060962677,0.135308638215065,0.4486232399940491,0.10935027152299881,0.3737378716468811,0.09946342557668686,0.3280147910118103,0.09387839585542679,0.2859325408935547,0.15777993202209473,0.4217466413974762,0.13107267022132874,0.3364998698234558,0.12008574604988098,0.28546473383903503,0.11239390075206757,0.24016210436820984,0.18597429990768433,0.40982481837272644,0.1604398787021637,0.3278856575489044,0.14670710265636444,0.2776697278022766,0.1365109086036682,0.23432675004005432,0.22006511688232422,0.4119968116283417,0.19730761647224426,0.34692442417144775,0.18472935259342194,0.3058561086654663,0.17476004362106323,0.2702556550502777
0.2684571146965027,0.6179549694061279,0.2038520872592926,0.6197418570518494,0.1505776345729828,0.5842279195785522,0.12439635396003723,0.5235555768013,0.14641651511192322,0.4821127951145172,0.13470999896526337,0.4471142292022705,0.10894332826137543,0.3759549558162689,0.09861553460359573,0.3321831226348877,0.0926777645945549,0.29144132137298584,0.15724773705005646,0.42031705379486084,0.12970459461212158,0.3358493447303772,0.11800476908683777,0.28564900159835815,0.10941114276647568,0.24144703149795532,0.18576273322105408,0.4079764485359192,0.1602553427219391,0.3265441060066223,0.14675305783748627,0.27611806988716125,0.13636653125286102,0.23307441174983978,0.22097179293632507,0.4102109372615814,0.19729205965995789,0.3454362154006958,0.1849767118692398,0.3064344525337219,0.1747312843799591,0.2725141644477844
0.2902190089225769,0.6176986694335938,0.22581134736537933,0.6185703277587891,0.17175403237342834,0.579579770565033,0.14812396466732025,0.5190783143043518,0.1707528829574585,0.48498180508613586,0.16047334671020508,0.44199997186660767,0.13550972938537598,0.37139272689819336,0.12514109909534454,0.32561641931533813,0.11912089586257935,0.2837978005409241,0.1850505769252777,0.4176793694496155,0.15698997676372528,0.33467531204223633,0.1432809829711914,0.28122401237487793,0.13434553146362305,0.23545119166374207,0.21408122777938843,0.4084601402282715,0.18660765886306763,0.32880616188049316,0.17161349952220917,0.2790161073207855,0.1603953093290329,0.23643772304058075,0.24882850050926208,0.41252511739730835,0.22603434324264526,0.34924253821372986,0.2136693298816681,0.30941784381866455,0.2036154717206955,0.2753172814846039
0.30466821789741516,0.6192818284034729,0.24215564131736755,0.6215456128120422,0.18816867470741272,0.5809407234191895,0.16589561104774475,0.5182093381881714,0.18882408738136292,0.4874231815338135,0.17385700345039368,0.44637757539749146,0.14992208778858185,0.3770991563796997,0.13775798678398132,0.3339184522628784,0.12860262393951416,0.29466718435287476,0.19784343242645264,0.42113491892814636,0.17108376324176788,0.3384937644004822,0.15639911592006683,0.2882178723812103,0.1446284055709839,0.2450801283121109,0.22722361981868744,0.41201645135879517,0.2023206353187561,0.3313302993774414,0.1873670369386673,0.2823348641395569,0.17468079924583435,0.24000537395477295,0.26273584365844727,0.41701653599739075,0.24362033605575562,0.3532125949859619,0.2315583974123001,0.3132084012031555,0.2203468233346939,0.2783132791519165
0.31896916031837463,0.6267558336257935,0.2557220160961151,0.6243299245834351,0.20341426134109497,0.5830342769622803,0.1843239963054657,0.5206591486930847,0.20763806998729706,0.4873843789100647,0.18892239034175873,0.45444241166114807,0.16393867135047913,0.3857489228248596,0.15127608180046082,0.3423197269439697,0.14224478602409363,0.30186837911605835,0.21317245066165924,0.4286971390247345,0.186174675822258,0.34563884139060974,0.17204484343528748,0.29479488730430603,0.1613682061433792,0.2511953115463257,0.24305222928524017,0.4192771315574646,0.21815140545368195,0.3373611867427826,0.20399679243564606,0.28840774297714233,0.19242338836193085,0.24716968834400177,0.2790141701698303,0.42377907037734985,0.2598862648010254,0.3593384623527527,0.24730883538722992,0.31918343901634216,0.23564915359020233,0.2845348119735718
0.32294076681137085,0.629029393196106,0.259896844625473,0.6298015117645264,0.2062227725982666,0.5874343514442444,0.1861894279718399,0.5248823761940002,0.21066397428512573,0.49468472599983215,0.19170551002025604,0.458185076713562,0.1647920161485672,0.39090701937675476,0.15149888396263123,0.34776628017425537,0.1427382230758667,0.30736488103866577,0.215370774269104,0.43189918994903564,0.18546363711357117,0.35012131929397583,0.17032766342163086,0.29856547713279724,0.15886801481246948,0.25374695658683777,0.24531541764736176,0.4207223355770111,0.21858736872673035,0.33941876888275146,0.20405313372612,0.2882407307624817,0.19194479286670685,0.2453012615442276,0.2814655601978302,0.4228464663028717,0.2593788802623749,0.35718560218811035,0.2466006726026535,0.31690654158592224,0.2355216145515442,0.2821612060070038
0.35188648104667664,0.6508495807647705,0.2879171669483185,0.6523841619491577,0.22959758341312408,0.6101093292236328,0.20958085358142853,0.5477725863456726,0.23652710020542145,0.5050051212310791,0.2156616449356079,0.4777041971683502,0.18831060826778412,0.4033184051513672,0.1754850447177887,0.3577246069908142,0.16705435514450073,0.31655168533325195,0.2404641956090927,0.4517630636692047,0.20948714017868042,0.3657473027706146,0.19371730089187622,0.3121820390224457,0.18349407613277435,0.266574889421463,0.2715141773223877,0.4427891969680786,0.24077607691287994,0.359974205493927,0.2249952107667923,0.30932343006134033,0.21351847052574158,0.26613849401474,0.3086089789867401,0.44741109013557434,0.283347487449646,0.3808515667915344,0.2671952545642853,0.34099218249320984,0.2527328431606293,0.30699414014816284
0.3612108528614044,0.6618595123291016,0.29429009556770325,0.6666185259819031,0.23323391377925873,0.6240348815917969,0.21508318185806274,0.5591988563537598,0.2456967681646347,0.5211938619613647,0.22272740304470062,0.4916219413280487,0.19629475474357605,0.41796860098838806,0.18233805894851685,0.3727404773235321,0.1720522940158844,0.33273136615753174,0.2482350468635559,0.46560707688331604,0.21818266808986664,0.38010263442993164,0.2025269865989685,0.32791072130203247,0.1917119026184082,0.28326407074928284,0.2793397009372711,0.4562890827655792,0.2507759630680084,0.3749929368495941,0.2347995936870575,0.3256461024284363,0.22226524353027344,0.2831425368785858,0.31637537479400635,0.46042749285697937,0.29147201776504517,0.3936959207057953,0.2759189307689667,0.35272690653800964,0.2623332142829895,0.3172171115875244
0.3705437183380127,0.6783016324043274,0.306732714176178,0.6850666999816895,0.24779242277145386,0.646290123462677,0.22226284444332123,0.583545982837677,0.24949271976947784,0.5504273176193237,0.22739869356155396,0.5084790587425232,0.20073939859867096,0.4345064163208008,0.1866215467453003,0.3895025849342346,0.17529261112213135,0.34894418716430664,0.2527278661727905,0.483479380607605,0.2213202565908432,0.3982855975627899,0.20450381934642792,0.34606635570526123,0.1915988028049469,0.3005221486091614,0.2843017578125,0.4759868085384369,0.25411614775657654,0.3940852880477905,0.23724853992462158,0.34478625655174255,0.2229437530040741,0.30117663741111755,0.3225235044956207,0.48248881101608276,0.295907586812973,0.41469690203666687,0.27972880005836487,0.3732791543006897,0.2651824951171875,0.3363868296146393
0.3752513527870178,0.6980379223823547,0.31107190251350403,0.7068326473236084,0.25147685408592224,0.6695407629013062,0.22741922736167908,0.6049233078956604,0.25600185990333557,0.5719965696334839,0.2281653881072998,0.5282584428787231,0.1992093175649643,0.4518994688987732,0.18554675579071045,0.40649962425231934,0.17530879378318787,0.3661791682243347,0.25442808866500854,0.5020835995674133,0.22129227221012115,0.41536468267440796,0.20493687689304352,0.36176109313964844,0.1926482617855072,0.31597310304641724,0.28682661056518555,0.49401384592056274,0.25480809807777405,0.41092175245285034,0.23746973276138306,0.3606625199317932,0.22287538647651672,0.31745728850364685,0.3259136974811554,0.5007563829421997,0.2971871495246887,0.43283072113990784,0.2797204256057739,0.39180809259414673,0.2641681134700775,0.35689878463745117
0.38084930181503296,0.7154640555381775,0.31745409965515137,0.7236155271530151,0.26036709547042847,0.6916043758392334,0.2358766496181488,0.6321317553520203,0.25898677110671997,0.5942199230194092,0.2286006510257721,0.550772488117218,0.19946378469467163,0.4714432656764984,0.18530002236366272,0.425231397151947,0.17439311742782593,0.3846573233604431,0.2543625831604004,0.5249873399734497,0.2210269421339035,0.43615034222602844,0.204123854637146,0.3821798264980316,0.1915614902973175,0.33599674701690674,0.28683269023895264,0.5162346959114075,0.2552932798862457,0.4316117763519287,0.23703061044216156,0.3807221055030823,0.22136488556861877,0.33665162324905396,0.3264622092247009,0.5210587978363037,0.29837536811828613,0.45365941524505615,0.2803383767604828,0.41378647089004517,0.26388823986053467,0.3792053759098053
0.3836827874183655,0.7349898219108582,0.31862086057662964,0.7428809404373169,0.26100632548332214,0.7144990563392639,0.24046817421913147,0.6562421321868896,0.26529040932655334,0.6137906908988953,0.23042996227741241,0.5763673782348633,0.19901931285858154,0.4998914897441864,0.18426266312599182,0.4527740776538849,0.17369647324085236,0.4101357161998749,0.25557175278663635,0.5498754978179932,0.21989759802818298,0.462105393409729,0.20176512002944946,0.4078304171562195,0.18910934031009674,0.360818088054657,0.28783243894577026,0.5394072532653809,0.25542721152305603,0.45452725887298584,0.23658904433250427,0.4029131233692169,0.22105975449085236,0.3578507602214813,0.3270617425441742,0.542547345161438,0.29970866441726685,0.4749903678894043,0.2819843590259552,0.4344053864479065,0.26608073711395264,0.3987787961959839
0.3862796425819397,0.7551312446594238,0.32278314232826233,0.7654714584350586,0.262727290391922,0.7364570498466492,0.24315588176250458,0.6809624433517456,0.2687755227088928,0.6456487774848938,0.22975023090839386,0.6004589200019836,0.1973760575056076,0.5253189206123352,0.1827758252620697,0.4768620431423187,0.172582745552063,0.4333465099334717,0.25472888350486755,0.5723967552185059,0.21747615933418274,0.48441028594970703,0.1989465355873108,0.42863839864730835,0.18566778302192688,0.3802611231803894,0.2871606647968292,0.5608760118484497,0.25211143493652344,0.4759393334388733,0.23249568045139313,0.42365121841430664,0.21662382781505585,0.37842535972595215,0.326808899641037,0.5635156631469727,0.2985294461250305,0.4944077432155609,0.2801540791988373,0.4525139629840851,0.2639531195163727,0.4164120554924011
0.39006268978118896,0.7714588642120361,0.3268779218196869,0.7839896082878113,0.26531511545181274,0.7581085562705994,0.2440187633037567,0.7029794454574585,0.27114245295524597,0.666967511177063,0.23048758506774902,0.6200284361839294,0.1964273601770401,0.5497254133224487,0.18163633346557617,0.5028822422027588,0.17142687737941742,0.45967599749565125,0.25479656457901,0.5915523767471313,0.21641382575035095,0.5073846578598022,0.19778424501419067,0.4537331461906433,0.18484769761562347,0.40586957335472107,0.28658416867256165,0.5800825357437134,0.2509864866733551,0.4978438913822174,0.23109810054302216,0.447171151638031,0.21530526876449585,0.40180110931396484,0.32607129216194153,0.5824133157730103,0.29753798246383667,0.5148988962173462,0.27912360429763794,0.47394412755966187,0.26284149289131165,0.4375886917114258
0.3882395923137665,0.7899712324142456,0.3259013593196869,0.8047565221786499,0.2640642821788788,0.7782592177391052,0.24193492531776428,0.718826413154602,0.27257972955703735,0.6816860437393188,0.23239967226982117,0.6417805552482605,0.1980205476284027,0.5709437131881714,0.18125846982002258,0.52447909116745,0.16905079782009125,0.4808710217475891,0.2558685541152954,0.6139233112335205,0.21534095704555511,0.5289494395256042,0.1946692019701004,0.47436442971229553,0.17900875210762024,0.4247920513153076,0.286713182926178,0.6030593514442444,0.24914078414440155,0.5206234455108643,0.22761482000350952,0.46881401538848877,0.21021775901317596,0.42224764823913574,0.32587355375289917,0.6052350401878357,0.29565751552581787,0.5383737683296204,0.27591410279273987,0.49646276235580444,0.2587927281856537,0.45898303389549255
0.38900500535964966,0.8076063394546509,0.3272736072540283,0.8223481774330139,0.2639212906360626,0.793940007686615,0.24004431068897247,0.7352991700172424,0.2699877917766571,0.7009965181350708,0.23090489208698273,0.6611801385879517,0.1965436041355133,0.5889433026313782,0.17882925271987915,0.5426318049430847,0.16587591171264648,0.5001963973045349,0.2529696524143219,0.6332340240478516,0.2125261127948761,0.5479484796524048,0.19128867983818054,0.49303337931632996,0.17517612874507904,0.44422096014022827,0.2833678424358368,0.622205376625061,0.24606576561927795,0.5380339622497559,0.22480766475200653,0.485039621591568,0.2071937471628189,0.43825942277908325,0.3227194547653198,0.6244087815284729,0.29280126094818115,0.5570089817047119,0.27309659123420715,0.5158442258834839,0.2555624842643738,0.47950857877731323
0.38813507556915283,0.8219914436340332,0.326415091753006,0.8363931179046631,0.26395368576049805,0.8124502301216125,0.23884522914886475,0.7575978636741638,0.267754465341568,0.7242028117179871,0.22707131505012512,0.6778113842010498,0.19202880561351776,0.6086568236351013,0.17477907240390778,0.5633769631385803,0.16222238540649414,0.5208303928375244,0.24913626909255981,0.6505165100097656,0.2083061933517456,0.5676976442337036,0.18671530485153198,0.5137863755226135,0.17019152641296387,0.46488112211227417,0.28011688590049744,0.639498233795166,0.24294520914554596,0.5569371581077576,0.22144025564193726,0.5052496790885925,0.20318743586540222,0.4585595428943634,0.32039862871170044,0.6416075825691223,0.2900143265724182,0.5744984149932861,0.2699809968471527,0.5335184335708618,0.2518146336078644,0.496128648519516
0.3792386054992676,0.8401342034339905,0.3145444989204407,0.8496996760368347,0.2542838454246521,0.8241140246391296,0.23410724103450775,0.7711701393127441,0.2688867747783661,0.7401137351989746,0.22311627864837646,0.6901706457138062,0.18933473527431488,0.6207720041275024,0.17087557911872864,0.5757523775100708,0.15621617436408997,0.5334356427192688,0.24482059478759766,0.6644094586372375,0.2051432579755783,0.5812031030654907,0.18286697566509247,0.5277581810951233,0.16480854153633118,0.4794006645679474,0.275473952293396,0.6549283862113953,0.23826056718826294,0.5712237358093262,0.21598519384860992,0.5196993350982666,0.19643071293830872,0.4742223918437958,0.3157940208911896,0.6589183807373047,0.28562211990356445,0.5911027193069458,0.26493749022483826,0.5507243871688843,0.2460477501153946,0.5148003101348877
0.3780587613582611,0.8505492210388184,0.31180572509765625,0.8590112924575806,0.25013431906700134,0.8334065675735474,0.22827237844467163,0.7845656871795654,0.26436224579811096,0.760360836982727,0.21677377820014954,0.705141544342041,0.18114587664604187,0.6367128491401672,0.16229838132858276,0.5919076800346375,0.14808441698551178,0.5489378571510315,0.2387474626302719,0.6806169748306274,0.19789953529834747,0.5985106229782104,0.17529311776161194,0.5441476106643677,0.15704293549060822,0.4936505854129791,0.2700800895690918,0.6717537641525269,0.2329084873199463,0.588298499584198,0.21071019768714905,0.5365665555000305,0.19129811227321625,0.4901714324951172,0.31084802746772766,0.6756443977355957,0.2809591591358185,0.6068256497383118,0.26032713055610657,0.5643610954284668,0.24131980538368225,0.5260279178619385
0.37440013885498047,0.8612115979194641,0.30897244811058044,0.8666362762451172,0.2491452693939209,0.8435044884681702,0.22463911771774292,0.8021627068519592,0.2587277889251709,0.7775999903678894,0.21499714255332947,0.7191742658615112,0.17808765172958374,0.6475524306297302,0.15783193707466125,0.6015962362289429,0.1411123424768448,0.5581255555152893,0.23689362406730652,0.6977177262306213,0.19471904635429382,0.6143070459365845,0.170732319355011,0.5595736503601074,0.1502220630645752,0.5083861947059631,0.26802685856819153,0.6904417276382446,0.22810713946819305,0.6055550575256348,0.2049480527639389,0.5531601905822754,0.18423692882061005,0.5069658160209656,0.3088236153125763,0.6945111155509949,0.27686983346939087,0.6245813965797424,0.25484633445739746,0.5815938115119934,0.23466888070106506,0.5438601970672607
0.3579084277153015,0.887444794178009,0.2943374812602997,0.8907790184020996,0.2376706600189209,0.8647133111953735,0.22045952081680298,0.8208692073822021,0.2543673813343048,0.7906585335731506,0.2063761055469513,0.7359376549720764,0.17152269184589386,0.6598798036575317,0.15128880739212036,0.6130986213684082,0.13400042057037354,0.5699881911277771,0.22989283502101898,0.71364426612854,0.18859124183654785,0.6291559934616089,0.16440728306770325,0.5746058821678162,0.14332625269889832,0.5247133374214172,0.26207679510116577,0.7058166861534119,0.222008615732193,0.6206650137901306,0.19858825206756592,0.5680165886878967,0.17773865163326263,0.5227600336074829,0.30353304743766785,0.7090224623680115,0.2716470956802368,0.6391274333000183,0.24907022714614868,0.5963217616081238,0.22817441821098328,0.5595787763595581
0.36273306608200073,0.8795069456100464,0.2984667420387268,0.8852420449256897,0.24124321341514587,0.8628835678100586,0.22373569011688232,0.8241340517997742,0.2533828318119049,0.7946409583091736,0.2072681486606598,0.736083447933197,0.17116904258728027,0.6609991788864136,0.15120209753513336,0.6153535842895508,0.1345769315958023,0.5725759863853455,0.23003949224948883,0.7142484188079834,0.18752385675907135,0.630703330039978,0.16389036178588867,0.5771366953849792,0.14406999945640564,0.5267025828361511,0.2617153227329254,0.706632137298584,0.22157663106918335,0.6217868328094482,0.19815638661384583,0.5690436363220215,0.1773957759141922,0.5228421688079834,0.30249008536338806,0.7105618715286255,0.27058738470077515,0.6398493647575378,0.24765545129776,0.5957834124565125,0.2256658375263214,0.5572214126586914
0.3498047888278961,0.9277793765068054,0.29257744550704956,0.9277200698852539,0.24081584811210632,0.8995115756988525,0.21540506184101105,0.870579183101654,0.21256718039512634,0.846915066242218,0.20138883590698242,0.773007869720459,0.16314473748207092,0.6938244700431824,0.14196845889091492,0.6453419327735901,0.12298141419887543,0.6022394895553589,0.22356976568698883,0.7500734925270081,0.17962735891342163,0.6621401309967041,0.1531660407781601,0.6076970100402832,0.13026858866214752,0.559437096118927,0.2557019889354706,0.7424297332763672,0.21252165734767914,0.6548091173171997,0.18810789287090302,0.6024032235145569,0.16579623520374298,0.5578357577323914,0.29776617884635925,0.7474926710128784,0.2641533613204956,0.6767604351043701,0.23911213874816895,0.6337381601333618,0.21540452539920807,0.5967128276824951
0.33650606870651245,0.9601229429244995,0.27904844284057617,0.9557746648788452,0.22549575567245483,0.9215503931045532,0.19414402544498444,0.8939496874809265,0.16813316941261292,0.8790588974952698,0.19163747131824493,0.7925258874893188,0.1517268717288971,0.7106471657752991,0.1321253776550293,0.6595051288604736,0.1163693517446518,0.6141998171806335,0.21646329760551453,0.7717236280441284,0.1714438498020172,0.6800179481506348,0.14607027173042297,0.6231146454811096,0.12538890540599823,0.5730177164077759,0.2507064938545227,0.7660619020462036,0.20773310959339142,0.6748647093772888,0.182138592004776,0.6205562353134155,0.15978816151618958,0.5736083984375,0.2941898703575134,0.7720431089401245,0.260733962059021,0.6997153759002686,0.23546665906906128,0.6541949510574341,0.21170461177825928,0.6134294867515564
0.331431120634079,0.9799555540084839,0.2703363597393036,0.9772700071334839,0.2134828418493271,0.9382110834121704,0.181350976228714,0.9044305086135864,0.1573524922132492,0.8820061683654785,0.18371444940567017,0.812445878982544,0.1464637815952301,0.726352334022522,0.12765169143676758,0.6735101342201233,0.11328142136335373,0.6280453205108643,0.20730221271514893,0.7890822887420654,0.16252756118774414,0.6944428086280823,0.13871462643146515,0.6375110745429993,0.11989150196313858,0.5880334377288818,0.24040630459785461,0.7804824113845825,0.1983584761619568,0.6878620982170105,0.17473217844963074,0.6347392797470093,0.15493303537368774,0.5892700552940369,0.28322580456733704,0.7832525968551636,0.24978983402252197,0.7120906114578247,0.22679875791072845,0.668430507183075,0.20603260397911072,0.6293122172355652
0.34319543838500977,0.9723923206329346,0.2785460650920868,0.9708588719367981,0.21297608315944672,0.9342368841171265,0.16977708041667938,0.9074466228485107,0.13254225254058838,0.891074001789093,0.1893095076084137,0.8075125813484192,0.1481427550315857,0.7238203883171082,0.1273713856935501,0.6725229024887085,0.11213797330856323,0.6281228065490723,0.21239131689071655,0.7845963835716248,0.1638038009405136,0.692190408706665,0.13876405358314514,0.6354586482048035,0.11969418078660965,0.5868052840232849,0.24487167596817017,0.7758482694625854,0.199923574924469,0.6854193806648254,0.17366191744804382,0.6316311359405518,0.15167152881622314,0.5856350660324097,0.2868276536464691,0.7785753011703491,0.2512659430503845,0.7074685096740723,0.22678910195827484,0.6642022728919983,0.20502811670303345,0.626552402973175
0.3422433137893677,0.9743524193763733,0.27930188179016113,0.9723076224327087,0.2154369354248047,0.936479926109314,0.1729065477848053,0.9106841683387756,0.13877028226852417,0.8963291049003601,0.18329490721225739,0.8203206062316895,0.14168941974639893,0.7394405007362366,0.12145580351352692,0.6891058683395386,0.1057571992278099,0.6459536552429199,0.20281833410263062,0.7948940992355347,0.1559057980775833,0.7037736177444458,0.1320379674434662,0.6485270857810974,0.11320294439792633,0.6013021469116211,0.23292577266693115,0.783219039440155,0.19077634811401367,0.694719672203064,0.16519957780838013,0.6428552269935608,0.14267298579216003,0.5987211465835571,0.2729317843914032,0.7829484939575195,0.24008233845233917,0.71491539478302,0.2170165479183197,0.6743124723434448,0.19616691768169403,0.6392151117324829
0.3393564224243164,0.8938203454017639,0.2618671655654907,0.8822470903396606,0.20055636763572693,0.8383318781852722,0.18076322972774506,0.7754176259040833,0.21513128280639648,0.7359602451324463,0.18089047074317932,0.6918591260910034,0.14793920516967773,0.614237904548645,0.12605661153793335,0.5628418922424316,0.1075354814529419,0.5147953033447266,0.2015538513660431,0.6666860580444336,0.1653943657875061,0.5795086026191711,0.1402578353881836,0.5218915343284607,0.11819331347942352,0.47028031945228577,0.2310047596693039,0.656549870967865,0.19476595520973206,0.5696542263031006,0.1722172498703003,0.5165333151817322,0.15194281935691833,0.47092318534851074,0.27021485567092896,0.6629786491394043,0.23995845019817352,0.588967502117157,0.21966801583766937,0.5430029630661011,0.2013060450553894,0.5025454163551331
0.34152716398239136,0.8656530976295471,0.2697667181491852,0.868816614151001,0.20557329058647156,0.8301483988761902,0.18156763911247253,0.7699653506278992,0.21294689178466797,0.734495997428894,0.175589457154274,0.6907243132591248,0.14150279760360718,0.6141070127487183,0.12134996056556702,0.5653741359710693,0.10591436922550201,0.5206794142723083,0.1970169097185135,0.6621712446212769,0.15679234266281128,0.5723175406455994,0.1342557966709137,0.5170110464096069,0.1160886362195015,0.46680495142936707,0.2277844250202179,0.6502251625061035,0.18986749649047852,0.5587769746780396,0.16811910271644592,0.5050989389419556,0.14952176809310913,0.4597605764865875,0.2682899832725525,0.6524752378463745,0.23853333294391632,0.5772169828414917,0.21849073469638824,0.5311136245727539,0.20051543414592743,0.4902595579624176
0.336174875497818,0.8684178590774536,0.26644182205200195,0.8664290904998779,0.20486928522586823,0.8284096717834473,0.18266886472702026,0.7696194052696228,0.21871507167816162,0.7365964651107788,0.1761426031589508,0.6881720423698425,0.14325815439224243,0.6125596761703491,0.1240142434835434,0.56300950050354,0.10827972739934921,0.5152639150619507,0.19711565971374512,0.6609860062599182,0.15829823911190033,0.5737353563308716,0.13605265319347382,0.5183473229408264,0.11684256792068481,0.4660082161426544,0.22775839269161224,0.6497601270675659,0.19022268056869507,0.5610841512680054,0.1678757518529892,0.5082372426986694,0.14766092598438263,0.4616183340549469,0.26877447962760925,0.6531084179878235,0.23702849447727203,0.5780882835388184,0.21684661507606506,0.5321371555328369,0.19863878190517426,0.49133434891700745
0.34632742404937744,0.7835718393325806,0.27688005566596985,0.7931644916534424,0.2073812186717987,0.7557013034820557,0.1781546175479889,0.6895961165428162,0.2106594741344452,0.6530373096466064,0.17662683129310608,0.6108282804489136,0.14133819937705994,0.5329800844192505,0.12494507431983948,0.4820091128349304,0.11515827476978302,0.4357779622077942,0.2013336718082428,0.5835229158401489,0.16094432771205902,0.4953451156616211,0.13947336375713348,0.4352480173110962,0.12372098118066788,0.3827928304672241,0.23400148749351501,0.5720931887626648,0.19486404955387115,0.4838784337043762,0.17302095890045166,0.4277343153953552,0.15557914972305298,0.37870484590530396,0.27518442273139954,0.5759307146072388,0.24602805078029633,0.5048046112060547,0.22745348513126373,0.4588627219200134,0.21161368489265442,0.41868525743484497
0.3437581956386566,0.753761887550354,0.2749244272708893,0.7613991498947144,0.20967888832092285,0.7261793613433838,0.18584157526493073,0.6569172143936157,0.22111089527606964,0.6115666627883911,0.1792214810848236,0.5871260166168213,0.14527735114097595,0.5029641389846802,0.12955111265182495,0.4498891234397888,0.1194429025053978,0.4018515944480896,0.20450688898563385,0.5567116141319275,0.1656254380941391,0.4617663025856018,0.14559030532836914,0.4015500843524933,0.13141170144081116,0.34949204325675964,0.23731066286563873,0.5425541400909424,0.20131689310073853,0.45143190026283264,0.18042725324630737,0.3954102694988251,0.16447941958904266,0.3480531573295593,0.2779580056667328,0.5431739091873169,0.24817688763141632,0.4713869094848633,0.22896286845207214,0.42547252774238586,0.21324175596237183,0.3870333433151245
0.33955448865890503,0.7290852069854736,0.27232229709625244,0.7348065972328186,0.2106800079345703,0.6999697685241699,0.18328075110912323,0.6367487907409668,0.2092299908399582,0.5890954732894897,0.18034115433692932,0.5568675398826599,0.14709310233592987,0.47411400079727173,0.13207748532295227,0.4201681613922119,0.12327689677476883,0.37064218521118164,0.20617905259132385,0.5269179940223694,0.16816048324108124,0.43099308013916016,0.14847782254219055,0.36886125802993774,0.13464635610580444,0.31418684124946594,0.24006472527980804,0.5133465528488159,0.20393964648246765,0.42275696992874146,0.1835622489452362,0.3659256398677826,0.16792170703411102,0.31664085388183594,0.28163641691207886,0.5147314071655273,0.25176289677619934,0.44397807121276855,0.23281843960285187,0.39795130491256714,0.2165762335062027,0.3582916855812073
0.3388824164867401,0.7045428156852722,0.2703647315502167,0.7102039456367493,0.20716546475887299,0.6724923849105835,0.1794380247592926,0.6050237417221069,0.21053367853164673,0.5582606792449951,0.1808910220861435,0.5301640629768372,0.1487129032611847,0.44732290506362915,0.13508708775043488,0.3951667547225952,0.12786337733268738,0.3474506139755249,0.20707987248897552,0.499734103679657,0.16952140629291534,0.403575599193573,0.15041512250900269,0.3415862023830414,0.13742178678512573,0.288028359413147,0.24102327227592468,0.48601800203323364,0.20553115010261536,0.39506641030311584,0.1856805682182312,0.3372316360473633,0.171254962682724,0.28802573680877686,0.2825275659561157,0.4865139424800873,0.25408101081848145,0.4138125777244568,0.23661749064922333,0.3667210340499878,0.2220630645751953,0.326500803232193
0.3384549915790558,0.6837074160575867,0.2688695788383484,0.690788984298706,0.20350782573223114,0.6522260308265686,0.1756170392036438,0.5800427794456482,0.20850837230682373,0.5277659893035889,0.181004136800766,0.5051854252815247,0.14955481886863708,0.42043212056159973,0.1362941861152649,0.368183970451355,0.12967057526111603,0.3205606937408447,0.20806406438350677,0.4748205542564392,0.17094169557094574,0.37969082593917847,0.15212516486644745,0.3189724087715149,0.13947898149490356,0.266070693731308,0.24233520030975342,0.4614807963371277,0.20744174718856812,0.37313398718833923,0.1872011423110962,0.3167087435722351,0.1724114716053009,0.2676754891872406,0.2843892276287079,0.46240729093551636,0.2557114064693451,0.39297056198120117,0.23823395371437073,0.34778887033462524,0.22367726266384125,0.3077581226825714
0.3346388339996338,0.6674994826316833,0.26444941759109497,0.6718461513519287,0.19976337254047394,0.6291557550430298,0.17385530471801758,0.5537378787994385,0.20693834125995636,0.5014128684997559,0.18001189827919006,0.48273009061813354,0.14888450503349304,0.3981028199195862,0.13629576563835144,0.34680649638175964,0.12999728322029114,0.2996618151664734,0.207774356007576,0.4538327753543854,0.1708960086107254,0.35928821563720703,0.1526769995689392,0.30041947960853577,0.14075052738189697,0.2493213713169098,0.24255947768688202,0.4423900842666626,0.20864339172840118,0.35388779640197754,0.1892033815383911,0.29794031381607056,0.17509600520133972,0.2495814859867096,0.2851932942867279,0.445037841796875,0.25700196623802185,0.3755938410758972,0.23950207233428955,0.33189988136291504,0.22470420598983765,0.29307645559310913
0.33030086755752563,0.6545883417129517,0.25939473509788513,0.657306432723999,0.19583086669445038,0.6109277009963989,0.17353332042694092,0.5352580547332764,0.2034343034029007,0.481598436832428,0.1795157939195633,0.46784305572509766,0.14945682883262634,0.3849028944969177,0.1381935477256775,0.33351558446884155,0.13310542702674866,0.28581973910331726,0.2073858678340912,0.43827828764915466,0.17269811034202576,0.3436450958251953,0.1558316946029663,0.28475552797317505,0.14423534274101257,0.2329609990119934,0.2414187788963318,0.4266567826271057,0.20940324664115906,0.33729034662246704,0.1915004402399063,0.2814730405807495,0.17813466489315033,0.2328750491142273,0.2830025553703308,0.428849995136261,0.25579166412353516,0.35926884412765503,0.23902751505374908,0.31577157974243164,0.22433671355247498,0.2763465344905853
0.3307684659957886,0.6408531069755554,0.2594841718673706,0.6435216069221497,0.1946794092655182,0.5935132503509521,0.17154225707054138,0.5139623880386353,0.20468269288539886,0.4676019549369812,0.18034978210926056,0.45124876499176025,0.15133410692214966,0.3709172308444977,0.139097198843956,0.3225674629211426,0.13199812173843384,0.277052640914917,0.20721840858459473,0.42149579524993896,0.17348916828632355,0.32801926136016846,0.15698671340942383,0.27148473262786865,0.14502504467964172,0.22196897864341736,0.24074333906173706,0.4107111394405365,0.20960818231105804,0.32169973850250244,0.19204109907150269,0.26662200689315796,0.17854775488376617,0.21905332803726196,0.28247714042663574,0.41361668705940247,0.2555084228515625,0.34282025694847107,0.23973968625068665,0.29917165637016296,0.22599409520626068,0.25977346301078796
0.3276430368423462,0.6266012191772461,0.25883811712265015,0.62613844871521,0.19644489884376526,0.5775027871131897,0.17454615235328674,0.4998285472393036,0.20740382373332977,0.44952571392059326,0.18235096335411072,0.43696391582489014,0.15438222885131836,0.3583461046218872,0.1426420956850052,0.3117522597312927,0.1353817880153656,0.26722171902656555,0.20932169258594513,0.4077354967594147,0.17701375484466553,0.31439757347106934,0.16138678789138794,0.25923407077789307,0.1494831144809723,0.21022695302963257,0.24292786419391632,0.39751318097114563,0.21255119144916534,0.3088320195674896,0.19565141201019287,0.25419503450393677,0.18220940232276917,0.20657479763031006,0.2843973934650421,0.40139085054397583,0.258076548576355,0.3310626149177551,0.2429012805223465,0.2872844636440277,0.22946816682815552,0.2476319968700409
0.3330773711204529,0.613479495048523,0.26277557015419006,0.6112246513366699,0.20123468339443207,0.5641948580741882,0.17968320846557617,0.48755767941474915,0.21093177795410156,0.4388646185398102,0.18606692552566528,0.4265953302383423,0.15744474530220032,0.3484551012516022,0.1445639580488205,0.302398145198822,0.1354418396949768,0.2593212425708771,0.2123141884803772,0.3969076871871948,0.18011653423309326,0.30459117889404297,0.16528353095054626,0.2498660832643509,0.15361954271793365,0.20204922556877136,0.24500131607055664,0.386463463306427,0.21541158854961395,0.2979941666126251,0.19995024800300598,0.24335087835788727,0.1877295821905136,0.19596460461616516,0.2866554260253906,0.3897363245487213,0.2602084279060364,0.3184562623500824,0.24614107608795166,0.27481961250305176,0.2340361773967743,0.23524338006973267
0.3390430808067322,0.6043715476989746,0.2666234076023102,0.5991518497467041,0.20725920796394348,0.5553649067878723,0.18506017327308655,0.4819337725639343,0.21314013004302979,0.4348301291465759,0.19368760287761688,0.42029184103012085,0.16435858607292175,0.3448663055896759,0.1527927666902542,0.2992190718650818,0.14506492018699646,0.2551816999912262,0.21874932944774628,0.39016926288604736,0.18808268010616302,0.301103413105011,0.17511369287967682,0.2478601485490799,0.16479340195655823,0.19981332123279572,0.250080406665802,0.37953466176986694,0.22235484421253204,0.29232457280158997,0.20796218514442444,0.2399957925081253,0.19687862694263458,0.19443924725055695,0.2908785343170166,0.3830587565898895,0.2670741379261017,0.31280672550201416,0.25432318449020386,0.26992058753967285,0.2431512176990509,0.23090893030166626
0.33821558952331543,0.5977230072021484,0.26764747500419617,0.5926218032836914,0.21098753809928894,0.5470842719078064,0.19201327860355377,0.4745806157588959,0.21862132847309113,0.4273735582828522,0.19864073395729065,0.412706196308136,0.1718561053276062,0.3353058099746704,0.16131654381752014,0.2877499461174011,0.15507251024246216,0.24274170398712158,0.22419524192810059,0.3845415711402893,0.19539809226989746,0.2947940230369568,0.1828175187110901,0.24050089716911316,0.17396241426467896,0.19282910227775574,0.255789190530777,0.3741091787815094,0.22842612862586975,0.28723353147506714,0.21444860100746155,0.23485541343688965,0.2037658840417862,0.18985453248023987,0.29565194249153137,0.3774787187576294,0.2724758982658386,0.3080526292324066,0.25979068875312805,0.26567399501800537,0.24845992028713226,0.2276013046503067
0.3449949622154236,0.5947909355163574,0.27508610486984253,0.5954870581626892,0.2173156887292862,0.5502607226371765,0.1955832540988922,0.47558218240737915,0.22312968969345093,0.4275585114955902,0.207418292760849,0.4147895574569702,0.18129834532737732,0.3388937711715698,0.17094987630844116,0.2906241714954376,0.16464412212371826,0.24424061179161072,0.23230235278606415,0.3849146366119385,0.20435985922813416,0.29663002490997314,0.19227078557014465,0.24266181886196136,0.18347688019275665,0.19441483914852142,0.26256051659584045,0.37343651056289673,0.2357730269432068,0.2883633077144623,0.22110486030578613,0.2367085963487625,0.20983660221099854,0.19198594987392426,0.300743967294693,0.37564772367477417,0.27703872323036194,0.30725276470184326,0.26316386461257935,0.26525381207466125,0.2506980001926422,0.22799524664878845
0.347251296043396,0.5951734781265259,0.2797353267669678,0.5928157567977905,0.2259160578250885,0.5483417510986328,0.2050788402557373,0.47836926579475403,0.22792993485927582,0.43399477005004883,0.21567028760910034,0.41463977098464966,0.19137772917747498,0.3385808765888214,0.18085794150829315,0.2897319793701172,0.17419850826263428,0.24367250502109528,0.2399163842201233,0.386678546667099,0.21338054537773132,0.2986264228820801,0.20080532133579254,0.2437603622674942,0.19150948524475098,0.19600141048431396,0.2692745327949524,0.37582841515541077,0.24375949800014496,0.29066675901412964,0.22967426478862762,0.23860876262187958,0.21850945055484772,0.1939508616924286,0.3060489594936371,0.37891194224357605,0.28467634320259094,0.31145891547203064,0.27153509855270386,0.26910653710365295,0.259414404630661,0.23172110319137573
0.356658399105072,0.5926958918571472,0.28775960206985474,0.5867713689804077,0.23773498833179474,0.541621208190918,0.218283012509346,0.4755527079105377,0.2349742203950882,0.43711262941360474,0.22641175985336304,0.41343045234680176,0.2015170305967331,0.3393983542919159,0.1907522976398468,0.2920529246330261,0.18355539441108704,0.2475442886352539,0.25051477551460266,0.38640329241752625,0.22365956008434296,0.30107617378234863,0.21098923683166504,0.24783237278461456,0.20116591453552246,0.20109303295612335,0.2796213626861572,0.37574002146720886,0.25417375564575195,0.2919939160346985,0.2400853931903839,0.2410385012626648,0.22839394211769104,0.19713449478149414,0.3152933418750763,0.37861472368240356,0.2941403090953827,0.313034325838089,0.28074631094932556,0.27108943462371826,0.26819029450416565,0.23376302421092987
0.3661045432090759,0.5840105414390564,0.2993242144584656,0.5754697322845459,0.25081124901771545,0.5316449403762817,0.23195038735866547,0.46736446022987366,0.25126054883003235,0.42897534370422363,0.2369520366191864,0.4072600305080414,0.21700096130371094,0.3333438038825989,0.20757821202278137,0.2877863645553589,0.2003687173128128,0.24524670839309692,0.26271960139274597,0.3808025121688843,0.24023514986038208,0.2944616675376892,0.22836321592330933,0.24254271388053894,0.2179350107908249,0.19777144491672516,0.2931639552116394,0.3708875775337219,0.2701869606971741,0.2883262634277344,0.25682151317596436,0.24013173580169678,0.2442978173494339,0.19919823110103607,0.32912495732307434,0.3745154142379761,0.30821073055267334,0.31069403886795044,0.2952702045440674,0.27088484168052673,0.28300079703330994,0.2364327311515808
0.377360463142395,0.5751608610153198,0.30953142046928406,0.562099039554596,0.2662789821624756,0.5052831172943115,0.2604413628578186,0.44169726967811584,0.27068620920181274,0.40867286920547485,0.2519640028476715,0.39370667934417725,0.23259203135967255,0.31767499446868896,0.2234378457069397,0.2738248109817505,0.2168560028076172,0.23609192669391632,0.2815279960632324,0.3687542676925659,0.2591507136821747,0.2835547924041748,0.24699965119361877,0.23351626098155975,0.23736727237701416,0.193679541349411,0.31373223662376404,0.35936206579208374,0.2921714186668396,0.2795729637145996,0.27892234921455383,0.23267357051372528,0.26694566011428833,0.1943889558315277,0.34977373480796814,0.3631662130355835,0.33067142963409424,0.3005828857421875,0.3208825886249542,0.26382872462272644,0.31181958317756653,0.23252545297145844
0.3948200047016144,0.565132200717926,0.33257153630256653,0.54674232006073,0.29016509652137756,0.4853280782699585,0.2836860120296478,0.4196525514125824,0.29218336939811707,0.3915739953517914,0.2834150493144989,0.370043009519577,0.26033976674079895,0.29820823669433594,0.2474088966846466,0.25734299421310425,0.23816277086734772,0.22063693404197693,0.310020387172699,0.34927085041999817,0.2861071228981018,0.2708161771297455,0.2731069326400757,0.22264783084392548,0.26333022117614746,0.18243685364723206,0.3400965929031372,0.3431832790374756,0.3160199522972107,0.2688552141189575,0.30307093262672424,0.22255632281303406,0.29210206866264343,0.18384115397930145,0.3743959069252014,0.3486866056919098,0.3534105718135834,0.28784820437431335,0.3419429063796997,0.2525509297847748,0.3323042392730713,0.2218976467847824
0.4084984064102173,0.553849995136261,0.3488011658191681,0.5346472859382629,0.30831411480903625,0.475011944770813,0.3036293685436249,0.41410383582115173,0.3078576624393463,0.37816745042800903,0.3038419783115387,0.3590090274810791,0.2862392067909241,0.282116562128067,0.276134729385376,0.23766115307807922,0.2689553499221802,0.19929808378219604,0.3293650150299072,0.34017983078956604,0.30859729647636414,0.25866520404815674,0.29581010341644287,0.20974670350551605,0.2857798635959625,0.1700780689716339,0.3590911030769348,0.3367319107055664,0.335466593503952,0.2623344957828522,0.3209536671638489,0.21552014350891113,0.30829891562461853,0.17500141263008118,0.3928334414958954,0.3460392951965332,0.37721753120422363,0.28878235816955566,0.3651870787143707,0.25616443157196045,0.3550160229206085,0.2264137715101242
0.4379885196685791,0.548889696598053,0.37691986560821533,0.529775857925415,0.32753342390060425,0.4759483337402344,0.3078427314758301,0.4150819480419159,0.3152258098125458,0.374142587184906,0.3340586721897125,0.3511991500854492,0.3155721426010132,0.27524444460868835,0.3037826418876648,0.23069223761558533,0.2963736951351166,0.19182680547237396,0.3645225763320923,0.3355308473110199,0.34556275606155396,0.2512202560901642,0.3342200815677643,0.20118440687656403,0.32635384798049927,0.16034246981143951,0.39811211824417114,0.3323506712913513,0.3768824338912964,0.2556164562702179,0.36374974250793457,0.21130239963531494,0.35438498854637146,0.17813287675380707,0.4313642084598541,0.3397485315799713,0.40769344568252563,0.2826896905899048,0.3918292224407196,0.24631306529045105,0.3785983622074127,0.21625180542469025
0.46454787254333496,0.534550666809082,0.4023708999156952,0.5208654999732971,0.35661065578460693,0.4587114751338959,0.3541146218776703,0.3871613144874573,0.37494757771492004,0.35219624638557434,0.3586929142475128,0.33058905601501465,0.34327763319015503,0.2598905563354492,0.3287249803543091,0.21695555746555328,0.314410924911499,0.18363192677497864,0.39130517840385437,0.31180915236473083,0.3732096254825592,0.23000097274780273,0.35672035813331604,0.1850731372833252,0.34001657366752625,0.1519220620393753,0.4265599548816681,0.311437726020813,0.4066500663757324,0.23167204856872559,0.38819852471351624,0.19161495566368103,0.3709982633590698,0.16317227482795715,0.4639940559864044,0.3275524377822876,0.43046146631240845,0.2926492393016815,0.4058551490306854,0.2856420874595642,0.3853769898414612,0.2842298150062561
0.4949333965778351,0.539157509803772,0.4330974817276001,0.5220621228218079,0.38479548692703247,0.4496256709098816,0.38288405537605286,0.3744632601737976,0.4116191267967224,0.3435724973678589,0.3921006917953491,0.3330825865268707,0.3732469081878662,0.2674715220928192,0.36022287607192993,0.22165758907794952,0.348537802696228,0.18259720504283905,0.4234657287597656,0.3157931864261627,0.4042147099971771,0.23861071467399597,0.39009231328964233,0.18784099817276,0.375997394323349,0.14667321741580963,0.45820653438568115,0.3158825635910034,0.43564143776893616,0.24066056311130524,0.41450074315071106,0.19341330230236053,0.3974720537662506,0.1567559391260147,0.49348878860473633,0.32963380217552185,0.4460994601249695,0.31112971901893616,0.41297730803489685,0.3279809057712555,0.38916197419166565,0.34734970331192017
0.5191648602485657,0.526564359664917,0.45496466755867004,0.5065036416053772,0.4111576974391937,0.43757563829421997,0.419179230928421,0.3641008734703064,0.44971519708633423,0.33118966221809387,0.4130374789237976,0.3273259401321411,0.39749327301979065,0.25699207186698914,0.3881097137928009,0.21074426174163818,0.37992605566978455,0.17077867686748505,0.44822168350219727,0.3086704909801483,0.42956092953681946,0.23109030723571777,0.4171410799026489,0.18349623680114746,0.4040500223636627,0.14335164427757263,0.48509424924850464,0.3069075345993042,0.4674122631549835,0.23456430435180664,0.4496219754219055,0.19160602986812592,0.43213167786598206,0.15819533169269562,0.5232081413269043,0.31945541501045227,0.4902743697166443,0.2875078618526459,0.4640374183654785,0.2850814759731293,0.4409087300300598,0.2879689335823059
0.5460756421089172,0.523372232913971,0.4883398413658142,0.5022790431976318,0.44503751397132874,0.4335740804672241,0.44909676909446716,0.35987988114356995,0.4784987270832062,0.32744231820106506,0.4436928629875183,0.3252060115337372,0.42530739307403564,0.2535785138607025,0.41367363929748535,0.2070847898721695,0.40409722924232483,0.16693849861621857,0.4761075973510742,0.30948951840400696,0.4533831477165222,0.23239852488040924,0.4382883906364441,0.1858442723751068,0.423677533864975,0.14607083797454834,0.5117067098617554,0.30602115392684937,0.4890788197517395,0.23554283380508423,0.47161865234375,0.18763010203838348,0.45578253269195557,0.1484731137752533,0.5499188303947449,0.31238821148872375,0.5210610628128052,0.26153451204299927,0.5029773116111755,0.23429706692695618,0.4882025718688965,0.21237966418266296
0.5662913918495178,0.5171898603439331,0.511516273021698,0.4964250922203064,0.46953094005584717,0.42690956592559814,0.47584986686706543,0.3540223240852356,0.5055205225944519,0.3246484100818634,0.458952933549881,0.3235163688659668,0.4438241422176361,0.25129687786102295,0.43681013584136963,0.20118258893489838,0.4312148690223694,0.15836608409881592,0.4935424327850342,0.306209921836853,0.47476673126220703,0.22959013283252716,0.4628467857837677,0.17847807705402374,0.4508203864097595,0.13223454356193542,0.5316997170448303,0.3052557706832886,0.5091808438301086,0.23438167572021484,0.4919023811817169,0.18940061330795288,0.47893238067626953,0.1474791020154953,0.5724086761474609,0.31734928488731384,0.5340104699134827,0.2979227900505066,0.5096903443336487,0.3127059042453766,0.4954090118408203,0.3267844319343567
0.5916010737419128,0.5121302604675293,0.5363739728927612,0.48887383937835693,0.5015658140182495,0.42798787355422974,0.5092160701751709,0.3599832355976105,0.5321012139320374,0.32877975702285767,0.4864986538887024,0.31625083088874817,0.469348669052124,0.24425703287124634,0.46110057830810547,0.1988111138343811,0.4549700915813446,0.15977145731449127,0.5191643834114075,0.29736825823783875,0.4980587363243103,0.21971909701824188,0.48675987124443054,0.17490923404693604,0.47639569640159607,0.13628000020980835,0.5535739660263062,0.29391801357269287,0.5337581634521484,0.22007468342781067,0.5222535133361816,0.17597445845603943,0.5129827260971069,0.13775387406349182,0.5924582481384277,0.303459107875824,0.5735802054405212,0.2433258593082428,0.561800479888916,0.20815564692020416,0.5520554780960083,0.17568743228912354
0.610110878944397,0.5150373578071594,0.5546466708183289,0.49629533290863037,0.5156509876251221,0.4368610680103302,0.5256892442703247,0.3701229691505432,0.5524916648864746,0.33536627888679504,0.5052762031555176,0.3209325671195984,0.487886518239975,0.2470805048942566,0.4803006052970886,0.19941256940364838,0.47492659091949463,0.1596367359161377,0.5392968058586121,0.3009262681007385,0.5197806358337402,0.21767306327819824,0.5088575482368469,0.16947056353092194,0.500033438205719,0.12946639955043793,0.5747852325439453,0.29566478729248047,0.555672287940979,0.21758072078227997,0.544070303440094,0.17227822542190552,0.5347890257835388,0.13451911509037018,0.6122949719429016,0.30360665917396545,0.5934270620346069,0.2408350557088852,0.5804153680801392,0.20507743954658508,0.5694496631622314,0.17370405793190002
0.6311438083648682,0.5195426940917969,0.5763930678367615,0.4988519847393036,0.5369467735290527,0.4365285634994507,0.5492696762084961,0.36844098567962646,0.5800271034240723,0.3369060754776001,0.524071455001831,0.323562890291214,0.5022983551025391,0.2480853945016861,0.492351233959198,0.19894853234291077,0.48595288395881653,0.158232644200325,0.5582775473594666,0.30487269163131714,0.5372270345687866,0.22190287709236145,0.5262683629989624,0.17320780456066132,0.5178303122520447,0.13278330862522125,0.593734085559845,0.30108895897865295,0.5739660263061523,0.22381195425987244,0.5618177652359009,0.17710094153881073,0.5530470609664917,0.13806571066379547,0.6322948336601257,0.3094264268875122,0.6141619086265564,0.2473464012145996,0.6014149785041809,0.21180440485477448,0.5912155508995056,0.18018284440040588
0.6467251777648926,0.5256890058517456,0.5933536887168884,0.4965640902519226,0.554977536201477,0.4289928674697876,0.5671964287757874,0.36043885350227356,0.6038814187049866,0.3382306396961212,0.5498350858688354,0.319084107875824,0.5330326557159424,0.24580487608909607,0.522422194480896,0.19939780235290527,0.5142010450363159,0.1599798947572708,0.5813561677932739,0.3030224144458771,0.5643506050109863,0.22055312991142273,0.5531339645385742,0.17306311428546906,0.5432260632514954,0.13322487473487854,0.615043580532074,0.30310124158859253,0.5981424450874329,0.22624313831329346,0.5858557820320129,0.18114632368087769,0.5749703645706177,0.14327892661094666,0.650566816329956,0.3172902464866638,0.6345853805541992,0.257040798664093,0.6226456761360168,0.22161634266376495,0.6125002503395081,0.19124147295951843
0.668898344039917,0.5226717591285706,0.6106250882148743,0.49722325801849365,0.570108950138092,0.42927294969558716,0.5849432945251465,0.3582606315612793,0.6266191005706787,0.33995378017425537,0.560882568359375,0.3204652667045593,0.5441185832023621,0.24777571856975555,0.5349505543708801,0.2018788456916809,0.5289286375045776,0.16249552369117737,0.5925639867782593,0.30156031250953674,0.5733851790428162,0.22044751048088074,0.562616229057312,0.17378397285938263,0.5542527437210083,0.1339997500181198,0.62639319896698,0.2976815104484558,0.607561469078064,0.2229343056678772,0.5954063534736633,0.17782951891422272,0.5864678621292114,0.14126507937908173,0.6635299921035767,0.30742400884628296,0.6452876329421997,0.24677930772304535,0.6328363418579102,0.21157513558864594,0.6243752241134644,0.18132953345775604
0.6854612827301025,0.5226262211799622,0.6272379755973816,0.491013765335083,0.5891343355178833,0.4223121702671051,0.6041738390922546,0.3535613715648651,0.6461431980133057,0.33512815833091736,0.5773003101348877,0.3186134994029999,0.5616065859794617,0.24317342042922974,0.5524465441703796,0.19533200562000275,0.5459310412406921,0.15459507703781128,0.6095833778381348,0.3011764585971832,0.5903481841087341,0.21792051196098328,0.5779311656951904,0.1686895191669464,0.567491888999939,0.12807519733905792,0.6440514326095581,0.29990994930267334,0.6249837875366211,0.22015686333179474,0.6118695139884949,0.17255385220050812,0.602573812007904,0.13530093431472778,0.6815643310546875,0.312966525554657,0.6644754409790039,0.2470763921737671,0.6522853970527649,0.20906312763690948,0.6442468762397766,0.17850449681282043
0.6925650835037231,0.5296741127967834,0.6399896144866943,0.4929765462875366,0.6069488525390625,0.42119479179382324,0.6260480880737305,0.3578089773654938,0.6661000847816467,0.33858251571655273,0.5972853899002075,0.3167441487312317,0.5802053213119507,0.24380728602409363,0.5687300562858582,0.19661907851696014,0.5594034790992737,0.15669506788253784,0.6292328238487244,0.2998850345611572,0.6099361777305603,0.21642524003982544,0.5960215330123901,0.16786125302314758,0.5827305912971497,0.12678971886634827,0.6630899906158447,0.299831360578537,0.6458469033241272,0.22147077322006226,0.6322354078292847,0.1735571175813675,0.620586097240448,0.13443627953529358,0.6990793347358704,0.3139662444591522,0.6831172108650208,0.2518819570541382,0.6705808639526367,0.22077462077140808,0.660521924495697,0.1957244575023651
0.7244313955307007,0.5229508876800537,0.665851354598999,0.4924672245979309,0.6301257610321045,0.42603927850723267,0.6455503702163696,0.3611166775226593,0.6783384680747986,0.33515864610671997,0.6185619831085205,0.31730371713638306,0.6016597151756287,0.24586841464042664,0.5921958088874817,0.19852086901664734,0.5862301588058472,0.1584015041589737,0.6473000645637512,0.2969559133052826,0.6246775388717651,0.21921759843826294,0.6110209226608276,0.17166727781295776,0.6007457375526428,0.1320839822292328,0.6792829632759094,0.2929011881351471,0.6602410078048706,0.21738174557685852,0.6504553556442261,0.16864359378814697,0.6448428630828857,0.12930728495121002,0.7152538299560547,0.30508702993392944,0.7000086307525635,0.24261082708835602,0.6891719102859497,0.20611774921417236,0.6827214956283569,0.17442089319229126
0.7367139458656311,0.527363657951355,0.6801538467407227,0.4913448989391327,0.648960292339325,0.41728073358535767,0.668837308883667,0.3531975746154785,0.7045930027961731,0.3350566029548645,0.6354529857635498,0.31619226932525635,0.6208109855651855,0.24519561231136322,0.6134453415870667,0.19898931682109833,0.6085862517356873,0.15859048068523407,0.6658926010131836,0.29702985286712646,0.6481695771217346,0.21641674637794495,0.637795627117157,0.1692630797624588,0.6284835338592529,0.1305076777935028,0.6990490555763245,0.29577118158340454,0.6843479871749878,0.21919412910938263,0.6750220060348511,0.1733253002166748,0.6671940088272095,0.1371821016073227,0.7357670068740845,0.3093871474266052,0.7247632741928101,0.2451460361480713,0.7164528369903564,0.21042563021183014,0.7104120850563049,0.18337465822696686
0.7546789050102234,0.5308736562728882,0.6993071436882019,0.49975061416625977,0.6675601601600647,0.4259639084339142,0.6879608035087585,0.35719960927963257,0.7237062454223633,0.33688873052597046,0.6517267823219299,0.3210131525993347,0.6414716243743896,0.24392086267471313,0.6351819038391113,0.19046913087368011,0.6309298276901245,0.14555668830871582,0.6809998750686646,0.3007790744304657,0.6632204651832581,0.21699896454811096,0.6525091528892517,0.16247934103012085,0.643229067325592,0.11750964820384979,0.7144502997398376,0.29848024249076843,0.7032576203346252,0.21796000003814697,0.6974875330924988,0.16377097368240356,0.693745493888855,0.12243689596652985,0.7519366145133972,0.3123772442340851,0.7433125376701355,0.24367910623550415,0.735232949256897,0.20232965052127838,0.7303109169006348,0.16862523555755615
0.7724572420120239,0.5533382892608643,0.7144542932510376,0.5145409107208252,0.6820759177207947,0.4346023499965668,0.7069741487503052,0.3637651801109314,0.7454282641410828,0.3435560464859009,0.672868013381958,0.3300907611846924,0.6661399602890015,0.2497977316379547,0.6600774526596069,0.19721905887126923,0.6553022265434265,0.15463154017925262,0.7076295614242554,0.3176455795764923,0.6897246837615967,0.23702099919319153,0.6789957284927368,0.18403290212154388,0.6688969135284424,0.14158956706523895,0.7434780597686768,0.3248242139816284,0.7397469282150269,0.27672815322875977,0.7549315690994263,0.29521140456199646,0.7662424445152283,0.31939610838890076,0.7801681160926819,0.34370964765548706,0.7742699980735779,0.29959043860435486,0.7741536498069763,0.3048085868358612,0.7748251557350159,0.3193650245666504
0.7703705430030823,0.5519389510154724,0.7150197625160217,0.51142418384552,0.6874569058418274,0.4243922531604767,0.7258486747741699,0.36080029606819153,0.7777948975563049,0.3539510667324066,0.6909375786781311,0.31562644243240356,0.6778715252876282,0.23556354641914368,0.6699144244194031,0.18243062496185303,0.6658764481544495,0.1368734985589981,0.7275310754776001,0.30282527208328247,0.7132524251937866,0.21466682851314545,0.70337975025177,0.15687239170074463,0.6963012218475342,0.10842177271842957,0.7650351524353027,0.3071645200252533,0.7528966069221497,0.22212465107440948,0.7441994547843933,0.16309718787670135,0.7390797734260559,0.11458918452262878,0.8042700886726379,0.3251555263996124,0.7923443913459778,0.25113436579704285,0.7827440500259399,0.2041979879140854,0.7767236828804016,0.16353529691696167
0.7875358462333679,0.5463221669197083,0.7275928854942322,0.4964420795440674,0.7023418545722961,0.4134160280227661,0.7396330237388611,0.3508909344673157,0.790382444858551,0.3481438159942627,0.7067066431045532,0.3085974454879761,0.6918008923530579,0.22385182976722717,0.6834972500801086,0.16842783987522125,0.67945396900177,0.12099625170230865,0.7454479932785034,0.2947264015674591,0.7340112924575806,0.20231933891773224,0.7271396517753601,0.14273975789546967,0.7231166362762451,0.09403863549232483,0.7837979197502136,0.3004232347011566,0.7736076712608337,0.2127961367368698,0.7684785723686218,0.15335290133953094,0.7662566900253296,0.1041492223739624,0.823448121547699,0.3235907256603241,0.8144201040267944,0.248525470495224,0.8074642419815063,0.20226967334747314,0.8035656213760376,0.16384091973304749
0.8068323731422424,0.5498909950256348,0.7450771927833557,0.5023465156555176,0.7190442085266113,0.4212631285190582,0.7575395107269287,0.3603462874889374,0.8094534277915955,0.3487277030944824,0.7225497961044312,0.3115786015987396,0.7084795236587524,0.2199196219444275,0.7004581689834595,0.1600579172372818,0.6959776282310486,0.11077055335044861,0.7622355818748474,0.2966308295726776,0.7504129409790039,0.19913163781166077,0.7430707812309265,0.1360546499490738,0.7380179166793823,0.08391374349594116,0.8008726239204407,0.3001733422279358,0.7901471853256226,0.20765255391597748,0.7848523259162903,0.14621126651763916,0.7831261157989502,0.09787847101688385,0.840440034866333,0.31989604234695435,0.8302512764930725,0.241647869348526,0.8219993114471436,0.19233094155788422,0.81695955991745,0.1505851447582245
0.8229713439941406,0.567145824432373,0.7613704204559326,0.5193207859992981,0.7343236804008484,0.4316646456718445,0.7719954252243042,0.36402958631515503,0.8229200839996338,0.35072433948516846,0.7373167872428894,0.3163929283618927,0.7247909307479858,0.22626234591007233,0.7169684171676636,0.16713184118270874,0.7120528221130371,0.11888884007930756,0.7766925692558289,0.3032371699810028,0.7651477456092834,0.206228107213974,0.7579991817474365,0.14473523199558258,0.752859354019165,0.09340514242649078,0.8152732253074646,0.30846425890922546,0.805672287940979,0.21688158810138702,0.8008335828781128,0.1570359766483307,0.798863410949707,0.10929043591022491,0.8546082377433777,0.3296390175819397,0.8474153280258179,0.25636026263237,0.8420180678367615,0.2115233838558197,0.8393933773040771,0.17402708530426025
0.8371096253395081,0.575171947479248,0.7769482135772705,0.5245850682258606,0.7496904730796814,0.4332320988178253,0.789389431476593,0.3634054958820343,0.8432685732841492,0.3586672246456146,0.7494552135467529,0.3190208375453949,0.7362431883811951,0.22316335141658783,0.727658212184906,0.16108347475528717,0.7224085330963135,0.11062592267990112,0.7901563048362732,0.302784264087677,0.7788093686103821,0.19959206879138947,0.7711683511734009,0.13489466905593872,0.7655050158500671,0.08217623829841614,0.8307048082351685,0.3069596290588379,0.8215579390525818,0.21082273125648499,0.8165997862815857,0.14967310428619385,0.8141931891441345,0.10022905468940735,0.8716472387313843,0.329874187707901,0.8638834357261658,0.25178444385528564,0.8581246137619019,0.20476733148097992,0.8555148839950562,0.16576194763183594
0.8558627367019653,0.5832338333129883,0.7938748002052307,0.5344884395599365,0.7641172409057617,0.44080913066864014,0.8029620051383972,0.3703758120536804,0.8602748513221741,0.36316439509391785,0.7667578458786011,0.32036617398262024,0.7531718015670776,0.2181965857744217,0.7449175715446472,0.15197379887104034,0.7401179075241089,0.09899218380451202,0.8079614639282227,0.3063885569572449,0.7958223819732666,0.19770966470241547,0.7882055044174194,0.12956705689430237,0.7829297780990601,0.07459309697151184,0.8487010598182678,0.3126644790172577,0.8390819430351257,0.21128180623054504,0.834214448928833,0.14575743675231934,0.8326463103294373,0.09529373049736023,0.8893601298332214,0.3365620970726013,0.8817752599716187,0.25588732957839966,0.8763147592544556,0.20832355320453644,0.8742682337760925,0.17046242952346802
0.8679152727127075,0.5969210863113403,0.8048247694969177,0.5443181395530701,0.7726893424987793,0.44888532161712646,0.813046395778656,0.3783023953437805,0.8673802614212036,0.3752842843532562,0.7763360738754272,0.32742610573768616,0.7627366781234741,0.22404420375823975,0.7549408674240112,0.15765464305877686,0.7497630715370178,0.10470558702945709,0.8210315108299255,0.3118833005428314,0.809138298034668,0.20241041481494904,0.8021215200424194,0.13498622179031372,0.7971081733703613,0.08166313171386719,0.8653615713119507,0.31842508912086487,0.8553193807601929,0.21868251264095306,0.851074755191803,0.15439434349536896,0.848457932472229,0.1033136248588562,0.9094964265823364,0.3456737995147705,0.9015658497810364,0.2692519426345825,0.8967598080635071,0.2287982851266861,0.8939359188079834,0.19798238575458527
0.8788393139839172,0.6131404042243958,0.811112105846405,0.5650178790092468,0.7778577208518982,0.46956121921539307,0.8193562626838684,0.3946473002433777,0.8760791420936584,0.3858051896095276,0.7848479747772217,0.33728522062301636,0.772296667098999,0.23182107508182526,0.7649716138839722,0.16228806972503662,0.7603157162666321,0.10695549845695496,0.8327540755271912,0.3196902573108673,0.8215780258178711,0.20605720579624176,0.814439594745636,0.13518331944942474,0.8095779418945312,0.07889282703399658,0.879920244216919,0.3260575532913208,0.8720874786376953,0.22037158906459808,0.8691043853759766,0.15429788827896118,0.8672036528587341,0.10090434551239014,0.9271618723869324,0.35493534803390503,0.9236142635345459,0.269829124212265,0.9214010834693909,0.22408263385295868,0.9194199442863464,0.1883060783147812
0.8889337778091431,0.6344465017318726,0.8170127868652344,0.582068920135498,0.7842310667037964,0.4822375774383545,0.8302103877067566,0.4051513671875,0.8908950090408325,0.3976665437221527,0.7944560050964355,0.34542393684387207,0.7803082466125488,0.23470884561538696,0.7728379368782043,0.16095417737960815,0.7688788771629333,0.10240066051483154,0.8470913171768188,0.32978343963623047,0.8357092142105103,0.21096327900886536,0.8295697569847107,0.1356324404478073,0.8251100182533264,0.07574382424354553,0.898671567440033,0.3394721448421478,0.8930772542953491,0.22647693753242493,0.8912881016731262,0.15636999905109406,0.8899592757225037,0.10062748193740845,0.9502767324447632,0.37122413516044617,0.953441321849823,0.2744036316871643,0.9555429220199585,0.2168748676776886,0.9568544626235962,0.1712879091501236
0.9027489423751831,0.6551843881607056,0.8275483846664429,0.6030922532081604,0.7944309115409851,0.5010654926300049,0.8415278196334839,0.41546431183815,0.9050997495651245,0.4056064784526825,0.8003965616226196,0.3579033315181732,0.7861278653144836,0.23967960476875305,0.7796157598495483,0.16462501883506775,0.7767800092697144,0.10411107540130615,0.852541983127594,0.34016430377960205,0.8379990458488464,0.21533703804016113,0.8294037580490112,0.13736751675605774,0.8229142427444458,0.07465612888336182,0.9030548334121704,0.34721726179122925,0.8927372097969055,0.2297261506319046,0.8879475593566895,0.15795297920703888,0.8848816752433777,0.10107272863388062,0.9544578790664673,0.37644249200820923,0.9496222734451294,0.2785448431968689,0.9455276727676392,0.21811068058013916,0.9425909519195557,0.16843289136886597
0.9115013480186462,0.6802321672439575,0.835118293762207,0.6215410232543945,0.7993573546409607,0.5156669616699219,0.8451097011566162,0.43213921785354614,0.9085230231285095,0.4234243929386139,0.8100163340568542,0.3637274205684662,0.797051191329956,0.2519115209579468,0.7917413115501404,0.18133512139320374,0.7892245650291443,0.1244240403175354,0.862587034702301,0.34920191764831543,0.8515409231185913,0.22649452090263367,0.845789909362793,0.15308886766433716,0.8419053554534912,0.09519928693771362,0.9129741787910461,0.35916897654533386,0.9070108532905579,0.24373072385787964,0.9039260149002075,0.17529763281345367,0.9021736979484558,0.12200897932052612,0.9638274908065796,0.3912966251373291,0.9635164141654968,0.29459404945373535,0.9616389274597168,0.23625628650188446,0.9604731202125549,0.1876247227191925
0.914887547492981,0.6954219341278076,0.8394882678985596,0.6329602599143982,0.8059088587760925,0.5283960103988647,0.8518800139427185,0.4441693425178528,0.9149300456047058,0.4382496774196625,0.8171572685241699,0.3715972602367401,0.8044372797012329,0.25527316331863403,0.7985897064208984,0.1809684783220291,0.7961280941963196,0.11907199025154114,0.8676744699478149,0.3556397557258606,0.8580124974250793,0.22994039952754974,0.8525961637496948,0.15094104409217834,0.8488486409187317,0.08537808060646057,0.9162642955780029,0.36663371324539185,0.9131884574890137,0.2480090707540512,0.9112074375152588,0.1751205325126648,0.9094462990760803,0.11591631174087524,0.9658657312393188,0.4009668231010437,0.9682561159133911,0.30225154757499695,0.9677557945251465,0.24088911712169647,0.9675197005271912,0.18924550712108612
0.9237892627716064,0.7107205390930176,0.8457707166671753,0.6512453556060791,0.8061482310295105,0.5418246984481812,0.8524590730667114,0.4510769844055176,0.9187511205673218,0.4458777904510498,0.818351149559021,0.379616379737854,0.8059379458427429,0.25849664211273193,0.8006293773651123,0.18373768031597137,0.7986523509025574,0.12248709797859192,0.8711623549461365,0.36143219470977783,0.859684407711029,0.2320721447467804,0.8536034226417542,0.15227660536766052,0.849136471748352,0.08761319518089294,0.9219011068344116,0.3691610097885132,0.9161108732223511,0.24654962122440338,0.9129272699356079,0.1717420220375061,0.9104808568954468,0.11169767379760742,0.9736747741699219,0.40142056345939636,0.9713644981384277,0.29877662658691406,0.9684053063392639,0.2350657731294632,0.9665945768356323,0.18165011703968048
0.9404835104942322,0.720565676689148,0.8542218208312988,0.6653669476509094,0.8081313371658325,0.5550065636634827,0.8535038828849792,0.4565499722957611,0.9227270483970642,0.4516686797142029,0.8166273236274719,0.3909206688404083,0.8001047372817993,0.26612576842308044,0.7937217950820923,0.19054950773715973,0.7913911938667297,0.12810251116752625,0.8725659847259521,0.36683186888694763,0.856907308101654,0.23212508857250214,0.8491613268852234,0.15000760555267334,0.8435642123222351,0.08350449800491333,0.9263807535171509,0.37247318029403687,0.9179356694221497,0.2464531809091568,0.9134072065353394,0.17100879549980164,0.910150408744812,0.11031237244606018,0.9821854829788208,0.4051218330860138,0.9779646396636963,0.30055898427963257,0.9747406244277954,0.2362535446882248,0.9733747839927673,0.18276850879192352
0.9404546618461609,0.7318018674850464,0.8468615412712097,0.6750556826591492,0.7968637943267822,0.5663411617279053,0.8431521058082581,0.45858460664749146,0.9200724959373474,0.4545796811580658,0.807742178440094,0.3983420133590698,0.792266309261322,0.2694174349308014,0.7851869463920593,0.19029420614242554,0.7823594808578491,0.12423992156982422,0.8660184741020203,0.3717561662197113,0.8503835201263428,0.23089948296546936,0.8425126075744629,0.14564672112464905,0.8359569311141968,0.0729178786277771,0.9204720854759216,0.3771255612373352,0.9111753106117249,0.24565640091896057,0.9060301780700684,0.16417869925498962,0.9030759334564209,0.09877792000770569,0.9792425632476807,0.4102035164833069,0.9719244241714478,0.2974872589111328,0.966916561126709,0.22894646227359772,0.9633753895759583,0.17330646514892578
0.9212592244148254,0.7498885989189148,0.8328141570091248,0.6899961829185486,0.7837897539138794,0.5703625679016113,0.8318911194801331,0.4645472466945648,0.9130855798721313,0.4619041085243225,0.7984894514083862,0.39410775899887085,0.7855652570724487,0.2656327486038208,0.7778270244598389,0.18383313715457916,0.7734220027923584,0.11538690328598022,0.8592128157615662,0.3745819628238678,0.8468866944313049,0.2366127222776413,0.8403021097183228,0.15066158771514893,0.8358018398284912,0.07934892177581787,0.916989266872406,0.3853544592857361,0.9109265804290771,0.2568235397338867,0.9068638682365417,0.17487916350364685,0.9042295217514038,0.10879510641098022,0.9757896661758423,0.42164066433906555,0.973811686038971,0.31361013650894165,0.9703549146652222,0.2452986091375351,0.9687634706497192,0.18714047968387604
0.9053859114646912,0.7595903873443604,0.8151374459266663,0.6973694562911987,0.7665953040122986,0.5763214230537415,0.818649411201477,0.4772721230983734,0.9036046266555786,0.47144177556037903,0.7867168188095093,0.4008983075618744,0.7698917984962463,0.26620012521743774,0.7608956694602966,0.18088743090629578,0.7557992935180664,0.10977965593338013,0.8479695320129395,0.38191136717796326,0.8329657316207886,0.2378527820110321,0.8245060443878174,0.14869379997253418,0.818150520324707,0.07518753409385681,0.9062284231185913,0.3931865692138672,0.8997744917869568,0.2562202215194702,0.8955151438713074,0.1716267168521881,0.8914913535118103,0.10363426804542542,0.9679200053215027,0.4303525984287262,0.9671546220779419,0.31360161304473877,0.9626927375793457,0.23983332514762878,0.9575916528701782,0.17559728026390076
0.8875877261161804,0.765434980392456,0.7989197969436646,0.7058095932006836,0.7481666207313538,0.5838346481323242,0.8020710945129395,0.48424196243286133,0.8904797434806824,0.47959381341934204,0.7684516906738281,0.40081337094306946,0.7503006458282471,0.263766884803772,0.7402393817901611,0.17553439736366272,0.7343435883522034,0.10302770137786865,0.832783043384552,0.3830946683883667,0.8178372979164124,0.23776012659072876,0.8094196915626526,0.14652752876281738,0.8034107089042664,0.07060828804969788,0.8943779468536377,0.3965481221675873,0.8892551064491272,0.25959789752960205,0.8862478137016296,0.17507898807525635,0.8830336928367615,0.10633599758148193,0.9582176804542542,0.4360731542110443,0.9609218835830688,0.32087817788124084,0.9579604268074036,0.2481003999710083,0.9538071751594543,0.18481683731079102
0.87606281042099,0.7704811096191406,0.781828761100769,0.7111304998397827,0.7278214693069458,0.590560793876648,0.7834110260009766,0.48889827728271484,0.8748073577880859,0.484130322933197,0.7536518573760986,0.39937055110931396,0.7342718839645386,0.2629268169403076,0.7244738340377808,0.17586854100227356,0.7195101380348206,0.10448011755943298,0.8190277814865112,0.3801831901073456,0.8022580742835999,0.23389892280101776,0.7936291694641113,0.14311441779136658,0.7888088822364807,0.06866222620010376,0.8820593953132629,0.39286160469055176,0.874433159828186,0.2521767020225525,0.8711470365524292,0.16643372178077698,0.8689700961112976,0.09665009379386902,0.9486892223358154,0.4326387643814087,0.9497013688087463,0.31203484535217285,0.9475114941596985,0.2388150990009308,0.94504314661026,0.1754985749721527
0.8580440282821655,0.7830485105514526,0.7661880254745483,0.7178270816802979,0.7132493257522583,0.5956684350967407,0.7671685218811035,0.49472174048423767,0.8564580678939819,0.49351292848587036,0.7382158041000366,0.40269947052001953,0.717918872833252,0.2652650475502014,0.7086969017982483,0.17722150683403015,0.705854594707489,0.1037035584449768,0.8056399822235107,0.3823676109313965,0.7881295680999756,0.23385465145111084,0.7797446846961975,0.14008846879005432,0.7754489183425903,0.062316447496414185,0.8711519837379456,0.3947872519493103,0.8604031801223755,0.25105470418930054,0.8573012351989746,0.1617935597896576,0.8563064932823181,0.08960506319999695,0.9386415481567383,0.4361443817615509,0.9333153367042542,0.31103795766830444,0.9271430969238281,0.2322639524936676,0.9224088788032532,0.16574931144714355
0.8518946170806885,0.7971285581588745,0.7571514248847961,0.7286906242370605,0.7015625238418579,0.6029242277145386,0.7565358281135559,0.4949265718460083,0.846914529800415,0.4922690987586975,0.725616991519928,0.41356852650642395,0.7056112289428711,0.2709845304489136,0.6951422691345215,0.17959675192832947,0.6894521713256836,0.10303705930709839,0.7954406142234802,0.39205655455589294,0.7770860195159912,0.24023860692977905,0.7682692408561707,0.14651164412498474,0.7628981471061707,0.06832024455070496,0.8638681769371033,0.4037514925003052,0.8535615801811218,0.25665712356567383,0.8509249091148376,0.17004543542861938,0.8493046164512634,0.10002914071083069,0.9351232051849365,0.443509042263031,0.9331410527229309,0.31651854515075684,0.9313609004020691,0.24186812341213226,0.9305357933044434,0.18071207404136658
0.850330650806427,0.8147183656692505,0.750999391078949,0.7580139636993408,0.6896770000457764,0.6326586008071899,0.7399834394454956,0.5172290205955505,0.8348590135574341,0.507888674736023,0.7159487009048462,0.4264165461063385,0.6948820352554321,0.27702176570892334,0.6854861378669739,0.18180856108665466,0.6812083721160889,0.10248395800590515,0.785557746887207,0.4021672010421753,0.7661938071250916,0.24515260756015778,0.7571158409118652,0.14922863245010376,0.7519418597221375,0.06955692172050476,0.8536520004272461,0.4123467206954956,0.8419259786605835,0.26161688566207886,0.8383135795593262,0.17251378297805786,0.8370242118835449,0.10062205791473389,0.9246590733528137,0.4514559805393219,0.9188182950019836,0.3233637511730194,0.9153279662132263,0.24849016964435577,0.9136626124382019,0.1875617802143097
0.8359443545341492,0.8442250490188599,0.7345739603042603,0.7844276428222656,0.6722276210784912,0.653754472732544,0.7248077988624573,0.5347927808761597,0.8241215944290161,0.524588406085968,0.7016148567199707,0.43840867280960083,0.6817044019699097,0.2856365442276001,0.6709891557693481,0.18787190318107605,0.665572464466095,0.10610896348953247,0.7724539637565613,0.4146639406681061,0.7525354623794556,0.2534109354019165,0.7422897815704346,0.15360072255134583,0.7362461090087891,0.07016924023628235,0.8412723541259766,0.42825183272361755,0.830064058303833,0.27364063262939453,0.8256607055664062,0.18087509274482727,0.8235806226730347,0.10595738887786865,0.9132593870162964,0.473624587059021,0.9087660908699036,0.34263139963150024,0.9043756127357483,0.2646919786930084,0.9008055925369263,0.20142099261283875
0.8243833780288696,0.8676375150680542,0.7187570333480835,0.8016160130500793,0.6539974212646484,0.66856449842453,0.7094011306762695,0.549898087978363,0.8124698996543884,0.5435818433761597,0.6807616949081421,0.4536471664905548,0.6595118641853333,0.293789803981781,0.6475716233253479,0.19429033994674683,0.63994300365448,0.11110162734985352,0.7495986819267273,0.42912864685058594,0.7293428778648376,0.2646849751472473,0.7190309166908264,0.1659228801727295,0.7119143009185791,0.0839303731918335,0.817760705947876,0.43871161341667175,0.8036707043647766,0.28189516067504883,0.7972094416618347,0.18902072310447693,0.7925698757171631,0.11389747262001038,0.8898006081581116,0.4779583215713501,0.879065990447998,0.34298059344291687,0.8713628053665161,0.26335906982421875,0.8657267093658447,0.19878458976745605
0.801956832408905,0.8883451223373413,0.6927467584609985,0.8137710094451904,0.6292140483856201,0.6866877675056458,0.6868321895599365,0.5669499039649963,0.7920065522193909,0.5668666362762451,0.6546398997306824,0.4718809425830841,0.6319211721420288,0.30796557664871216,0.6196340918540955,0.20760342478752136,0.6108192801475525,0.12145093083381653,0.723099946975708,0.44627606868743896,0.7009019255638123,0.2793215215206146,0.6891911029815674,0.1780138611793518,0.6787004470825195,0.0901314914226532,0.7902799248695374,0.4565190374851227,0.7737785577774048,0.3012621998786926,0.7645218372344971,0.20601055026054382,0.7567214965820312,0.12735620141029358,0.8630080223083496,0.49630099534988403,0.8476433753967285,0.3590170741081238,0.836044430732727,0.278117835521698,0.826900064945221,0.21227389574050903
0.7726863026618958,0.9199084043502808,0.6632235646247864,0.8530689477920532,0.5960518717765808,0.7170497179031372,0.6509348154067993,0.5946823358535767,0.7560462951660156,0.5883994698524475,0.6296942234039307,0.4945543110370636,0.604946494102478,0.3336142897605896,0.5922305583953857,0.23136508464813232,0.5855588912963867,0.14365801215171814,0.6969364285469055,0.46486952900886536,0.6736786365509033,0.29743796586990356,0.6599390506744385,0.1950055956840515,0.650208592414856,0.10839864611625671,0.7640398144721985,0.47198349237442017,0.7472115755081177,0.3146456778049469,0.7347052097320557,0.21758979558944702,0.7256679534912109,0.14050069451332092,0.8360274434089661,0.5101836323738098,0.8230067491531372,0.37333914637565613,0.8091692328453064,0.2892535924911499,0.7975836992263794,0.22193416953086853
0.75225830078125,0.9401988983154297,0.636732280254364,0.8732283711433411,0.559978187084198,0.7373936176300049,0.611138105392456,0.6082903146743774,0.7225356698036194,0.6035635471343994,0.5880382061004639,0.5107693672180176,0.5582931041717529,0.345874547958374,0.5431531667709351,0.23836547136306763,0.5363345146179199,0.14675968885421753,0.6600874662399292,0.4805486798286438,0.6342399716377258,0.31241315603256226,0.621098518371582,0.20590969920158386,0.6134578585624695,0.11581027507781982,0.7322432994842529,0.4886375069618225,0.7127804756164551,0.3335579037666321,0.7006232142448425,0.23291870951652527,0.6927137970924377,0.1508367359638214,0.8090351223945618,0.5292597413063049,0.7937999963760376,0.39449697732925415,0.7796101570129395,0.31195175647735596,0.7687845826148987,0.24603703618049622
0.7356959581375122,0.9597039222717285,0.6152880787849426,0.8994184732437134,0.5315740704536438,0.7612432837486267,0.573560893535614,0.6371356248855591,0.6779018044471741,0.6315385103225708,0.5482117533683777,0.5353405475616455,0.5157681703567505,0.36924636363983154,0.50089031457901,0.26191145181655884,0.4948021173477173,0.17069882154464722,0.6151559352874756,0.5044575333595276,0.5802383422851562,0.3323967456817627,0.5604040622711182,0.22157111763954163,0.5469794273376465,0.12841498851776123,0.6864995956420898,0.5100743770599365,0.6583972573280334,0.34856218099594116,0.6408137083053589,0.24265509843826294,0.6266942024230957,0.15539458394050598,0.7666277885437012,0.5485925674438477,0.7466012835502625,0.40950876474380493,0.7282137870788574,0.32321348786354065,0.7119475603103638,0.25170210003852844
0.6908550262451172,0.98319411277771,0.5669541358947754,0.9091528654098511,0.48860836029052734,0.7939143180847168,0.5270665287971497,0.6681577563285828,0.6234810948371887,0.6486790180206299,0.49822813272476196,0.5696286559104919,0.4659149944782257,0.3993968963623047,0.4552176296710968,0.2905052602291107,0.4522671401500702,0.19400092959403992,0.5659728646278381,0.5346030592918396,0.5299015641212463,0.3587527871131897,0.5114575624465942,0.2470303475856781,0.49754488468170166,0.1487741470336914,0.6376978754997253,0.5358725786209106,0.6084237098693848,0.37360942363739014,0.5907734632492065,0.26542162895202637,0.5785519480705261,0.1774480938911438,0.7196248769760132,0.5725529789924622,0.692074179649353,0.42998385429382324,0.6724899411201477,0.34253647923469543,0.6562709212303162,0.2711311876773834
0.6618778109550476,0.97737717628479,0.5357804894447327,0.9100888967514038,0.45317018032073975,0.8008726835250854,0.4800213873386383,0.6825226545333862,0.576290488243103,0.6729121208190918,0.45748230814933777,0.5692815184593201,0.4206791818141937,0.3986988663673401,0.4015451669692993,0.29329273104667664,0.38760125637054443,0.19948303699493408,0.5232486128807068,0.5370287895202637,0.4821688234806061,0.36040347814559937,0.45516955852508545,0.2500118315219879,0.43113863468170166,0.15461745858192444,0.5950087308883667,0.5396640300750732,0.5598140358924866,0.3734337091445923,0.536532998085022,0.26736530661582947,0.5169156789779663,0.18137583136558533,0.677751898765564,0.5741032361984253,0.6498121619224548,0.4313422739505768,0.6276535987854004,0.3433516025543213,0.6086663603782654,0.2713221311569214
0.6159223914146423,0.9826141595840454,0.49182215332984924,0.9203896522521973,0.4146926999092102,0.805687427520752,0.4448380470275879,0.695425808429718,0.5259249806404114,0.6747259497642517,0.41533544659614563,0.5716856718063354,0.38368362188339233,0.39944708347320557,0.3682762086391449,0.29053255915641785,0.3584950566291809,0.19450423121452332,0.48156556487083435,0.5406631231307983,0.4451558291912079,0.36281126737594604,0.4238189160823822,0.24740350246429443,0.40816354751586914,0.14822232723236084,0.5528253316879272,0.543986976146698,0.5204520225524902,0.375236451625824,0.503009021282196,0.26605090498924255,0.4897824227809906,0.17593973875045776,0.6339340209960938,0.579368531703949,0.6064051985740662,0.43453964591026306,0.587915301322937,0.3457662761211395,0.5726108551025391,0.27028802037239075
0.5781657695770264,0.9931478500366211,0.4577102065086365,0.9372342824935913,0.376003623008728,0.8244997262954712,0.3966183662414551,0.7106541991233826,0.47705769538879395,0.6857559084892273,0.3773682713508606,0.5831211805343628,0.3435986638069153,0.4092734456062317,0.32577502727508545,0.2996530532836914,0.3140847980976105,0.20497161149978638,0.44036296010017395,0.5499446988105774,0.40171685814857483,0.3671351671218872,0.381001740694046,0.2509235143661499,0.3658943176269531,0.15432438254356384,0.5095462203025818,0.5528383851051331,0.4758557081222534,0.37862661480903625,0.4568277597427368,0.26866474747657776,0.44156622886657715,0.18070629239082336,0.5897306203842163,0.5881906747817993,0.56366366147995,0.44369786977767944,0.543237030506134,0.3528369963169098,0.5249365568161011,0.2768551707267761
0.5853369235992432,0.9934031367301941,0.4654761850833893,0.9402031302452087,0.37828874588012695,0.8233530521392822,0.3941560387611389,0.7119190692901611,0.47332507371902466,0.6908478736877441,0.3761903941631317,0.5859968662261963,0.33444321155548096,0.42079946398735046,0.31177443265914917,0.3165256083011627,0.2967114746570587,0.224775493144989,0.4402019679546356,0.548036515712738,0.3960609436035156,0.3716520071029663,0.3703676462173462,0.261091411113739,0.3518560528755188,0.1650090515613556,0.5113455653190613,0.5450291037559509,0.47459301352500916,0.3766994774341583,0.4540718197822571,0.2689312994480133,0.43803587555885315,0.1786923110485077,0.5921862125396729,0.573780357837677,0.5637490749359131,0.4349106550216675,0.5425075888633728,0.34959766268730164,0.5243710279464722,0.2769928574562073
0.5265792012214661,0.9931535720825195,0.3921308219432831,0.9307230710983276,0.3068888187408447,0.8168128132820129,0.31546205282211304,0.691144585609436,0.3756050169467926,0.6591938734054565,0.2988232970237732,0.5903738737106323,0.260143518447876,0.4048958420753479,0.2449854463338852,0.2958010137081146,0.23494406044483185,0.202580064535141,0.36775481700897217,0.5512800216674805,0.32082822918891907,0.3613587021827698,0.29551491141319275,0.24532508850097656,0.27531200647354126,0.15182629227638245,0.44204437732696533,0.5525588393211365,0.3975478708744049,0.37224188446998596,0.37381264567375183,0.26400694251060486,0.3557237982749939,0.17560914158821106,0.5301457047462463,0.5892153382301331,0.4892575442790985,0.4378592073917389,0.46365639567375183,0.34883609414100647,0.4405781924724579,0.2691739797592163
0.47678157687187195,1.0061568021774292,0.3466297686100006,0.9368252754211426,0.265522301197052,0.8357582688331604,0.2798902988433838,0.7185420989990234,0.3540153503417969,0.6763656735420227,0.2677774131298065,0.5858199596405029,0.23259183764457703,0.4052048325538635,0.21860525012016296,0.2976069450378418,0.207941934466362,0.20081716775894165,0.3314531445503235,0.5514262914657593,0.28791549801826477,0.3632774353027344,0.26520729064941406,0.2496412992477417,0.24588395655155182,0.1501375436782837,0.4016793668270111,0.5590385794639587,0.3615007996559143,0.38057392835617065,0.3412170708179474,0.2710305452346802,0.3254997432231903,0.1779261827468872,0.48877158761024475,0.6037012934684753,0.45282551646232605,0.4505777657032013,0.43163013458251953,0.3594101369380951,0.41275379061698914,0.2775222361087799
0.44714388251304626,1.002295732498169,0.3207918405532837,0.9317255020141602,0.2396370768547058,0.8310147523880005,0.2500595152378082,0.711826503276825,0.3273037374019623,0.6732158660888672,0.24419137835502625,0.584299623966217,0.19998778402805328,0.4003084897994995,0.1825660616159439,0.2949923574924469,0.1699618697166443,0.19933968782424927,0.3040834665298462,0.5474727153778076,0.2514844834804535,0.3554672300815582,0.2238449901342392,0.24205997586250305,0.20029889047145844,0.14269429445266724,0.3706580102443695,0.5539575219154358,0.3234487771987915,0.3686552345752716,0.29623618721961975,0.25968676805496216,0.2732270658016205,0.16755488514900208,0.4559343159198761,0.5969077944755554,0.41776949167251587,0.43437185883522034,0.39474719762802124,0.34183409810066223,0.3738005757331848,0.26139622926712036
0.44894009828567505,1.0032304525375366,0.32413941621780396,0.9340000152587891,0.23591266572475433,0.8300127983093262,0.24182868003845215,0.7144352197647095,0.3170013129711151,0.6784802079200745,0.2403707206249237,0.5788159966468811,0.19961002469062805,0.4039674401283264,0.18199658393859863,0.30166682600975037,0.16943621635437012,0.20751622319221497,0.2992992401123047,0.545580267906189,0.2526305615901947,0.3579026460647583,0.22862564027309418,0.24771061539649963,0.2091054767370224,0.14795833826065063,0.3662540912628174,0.5524492859840393,0.3242519795894623,0.3735414743423462,0.3021523654460907,0.26571598649024963,0.2832983434200287,0.17246517539024353,0.4471020996570587,0.5940341949462891,0.41172847151756287,0.4403538107872009,0.3885996639728546,0.34889233112335205,0.36658504605293274,0.26741641759872437
0.41224154829978943,0.9798014163970947,0.2916765809059143,0.9116075038909912,0.20862378180027008,0.8161516189575195,0.20695871114730835,0.6956408619880676,0.2828564941883087,0.6521365642547607,0.20888160169124603,0.5634021162986755,0.16882255673408508,0.38565248250961304,0.1526109129190445,0.284250944852829,0.14063319563865662,0.18876156210899353,0.2687496542930603,0.5295992493629456,0.22264790534973145,0.33858785033226013,0.20008639991283417,0.22865945100784302,0.17786173522472382,0.1275928020477295,0.33483070135116577,0.5355740785598755,0.29635900259017944,0.35244622826576233,0.2738496959209442,0.24775657057762146,0.25361931324005127,0.1574135720729828,0.4163758158683777,0.5742219090461731,0.384270042181015,0.42068979144096375,0.3631952404975891,0.32930371165275574,0.3421698808670044,0.2459539771080017
0.4081764221191406,0.9661896228790283,0.2856104075908661,0.8984904289245605,0.1959315538406372,0.8032572865486145,0.19311776757240295,0.6790155172348022,0.27344512939453125,0.6372655034065247,0.1992497444152832,0.5612969994544983,0.16235017776489258,0.3890962600708008,0.14779576659202576,0.28942957520484924,0.13670821487903595,0.1942707598209381,0.26094183325767517,0.5223652124404907,0.2200758308172226,0.3306123912334442,0.20023587346076965,0.22296273708343506,0.1796666383743286,0.12147596478462219,0.3271982967853546,0.525973379611969,0.29333215951919556,0.34486261010169983,0.27306705713272095,0.24119731783866882,0.25540632009506226,0.1524006426334381,0.40435394644737244,0.5651378035545349,0.37143850326538086,0.4115075469017029,0.3516378700733185,0.3194693922996521,0.3327776789665222,0.2363874614238739
0.3914831876754761,0.9617129564285278,0.26855412125587463,0.8947306871414185,0.18552431464195251,0.8045740723609924,0.18194308876991272,0.6777777075767517,0.2562330365180969,0.6266564726829529,0.187083438038826,0.5577558875083923,0.14860378205776215,0.38586321473121643,0.1346585899591446,0.28563880920410156,0.12483559548854828,0.1891850233078003,0.24691632390022278,0.5183035731315613,0.2042686641216278,0.3278177082538605,0.1852916181087494,0.21927732229232788,0.16490313410758972,0.11745795607566833,0.31212317943573,0.5243306159973145,0.2764003872871399,0.34332048892974854,0.2568848431110382,0.2384072244167328,0.240369513630867,0.14585554599761963,0.39290374517440796,0.5664680600166321,0.35745418071746826,0.4096612334251404,0.33773374557495117,0.31686893105506897,0.3187987506389618,0.23068949580192566
0.37493598461151123,0.9575639963150024,0.2515835464000702,0.8976415395736694,0.16245296597480774,0.8051835894584656,0.15903040766716003,0.680008590221405,0.2318718135356903,0.6325872540473938,0.1647050380706787,0.5530884861946106,0.125870481133461,0.38893765211105347,0.10940903425216675,0.2913234829902649,0.09774254262447357,0.19861361384391785,0.22499528527259827,0.5138327479362488,0.18238559365272522,0.3332490921020508,0.16181959211826324,0.22834977507591248,0.14218908548355103,0.13125371932983398,0.29139769077301025,0.5167698264122009,0.2513391673564911,0.3433910608291626,0.23150643706321716,0.2431279718875885,0.21389305591583252,0.15568241477012634,0.37084877490997314,0.554068922996521,0.3332456350326538,0.40702277421951294,0.3131333887577057,0.3202170133590698,0.29458850622177124,0.2399686872959137
0.3547315001487732,0.953648567199707,0.23023223876953125,0.8919157981872559,0.1410519927740097,0.8026459813117981,0.13269533216953278,0.6799452304840088,0.20606043934822083,0.6310699582099915,0.13855372369289398,0.5565494894981384,0.09744465351104736,0.3920765519142151,0.08173258602619171,0.2964091897010803,0.07030744850635529,0.20428037643432617,0.1969754546880722,0.517889678478241,0.14874395728111267,0.33916187286376953,0.12749212980270386,0.2357901930809021,0.10686291754245758,0.1398891806602478,0.2635575532913208,0.5194340944290161,0.2172706574201584,0.3463028073310852,0.19400125741958618,0.24705061316490173,0.17327673733234406,0.16026121377944946,0.34566059708595276,0.5531694293022156,0.3027733564376831,0.4074057936668396,0.2788851261138916,0.31931060552597046,0.25630924105644226,0.23704323172569275
0.3437567353248596,0.9465218186378479,0.21439355611801147,0.8848428726196289,0.12771841883659363,0.8053335547447205,0.11061249673366547,0.6849921345710754,0.17906805872917175,0.6312708258628845,0.11749529838562012,0.5604258179664612,0.07521362602710724,0.39591649174690247,0.06187872588634491,0.3038628101348877,0.05016694962978363,0.21250250935554504,0.1732061505317688,0.5194213390350342,0.12500527501106262,0.33904069662094116,0.1065261960029602,0.23978975415229797,0.0842648595571518,0.14543795585632324,0.23644819855690002,0.5204591155052185,0.19217465817928314,0.34592798352241516,0.1700262874364853,0.24919137358665466,0.1498662531375885,0.16494619846343994,0.3178507089614868,0.5529136657714844,0.27304232120513916,0.40456414222717285,0.2506495416164398,0.3171990215778351,0.22965870797634125,0.23471161723136902
0.3155187666416168,0.9307196140289307,0.18536506593227386,0.8728166818618774,0.09965280443429947,0.8028784990310669,0.08284622430801392,0.6911337971687317,0.15582558512687683,0.6402403116226196,0.09465572983026505,0.557519793510437,0.05300600826740265,0.3950923979282379,0.03853230178356171,0.30327510833740234,0.02545371651649475,0.21348941326141357,0.14981062710285187,0.51567542552948,0.10132446885108948,0.3348488211631775,0.08257050067186356,0.23594242334365845,0.05910903215408325,0.14248532056808472,0.21275594830513,0.5155714154243469,0.16612666845321655,0.34319764375686646,0.14276814460754395,0.24812942743301392,0.12203819304704666,0.1653578281402588,0.29460662603378296,0.5473905205726624,0.24758374691009521,0.40411603450775146,0.22370770573616028,0.32026323676109314,0.20190581679344177,0.24257588386535645
0.29533594846725464,0.9299579858779907,0.1745406538248062,0.8724504709243774,0.08875332772731781,0.7959957122802734,0.06863756477832794,0.6848974823951721,0.13864243030548096,0.6302774548530579,0.07707960903644562,0.5466338396072388,0.040235817432403564,0.3843299150466919,0.02373942732810974,0.29164811968803406,0.008866474032402039,0.203005850315094,0.13259759545326233,0.5098391771316528,0.08966726809740067,0.33212828636169434,0.07075376808643341,0.23209431767463684,0.04847653955221176,0.13770630955696106,0.19466190040111542,0.5110961198806763,0.15287324786186218,0.343959778547287,0.12960846722126007,0.2471097707748413,0.10798627138137817,0.16074734926223755,0.2703002095222473,0.5435888767242432,0.22486959397792816,0.4062401056289673,0.19970646500587463,0.32311224937438965,0.17644521594047546,0.24477410316467285
0.2776208519935608,0.9169974327087402,0.1655392050743103,0.8678553700447083,0.07880280911922455,0.7876105904579163,0.056139156222343445,0.6774089932441711,0.11808551847934723,0.6192693114280701,0.06464332342147827,0.5343701243400574,0.028682470321655273,0.37598729133605957,0.008907526731491089,0.28246548771858215,-0.006678581237792969,0.19598591327667236,0.11862925440073013,0.5025794506072998,0.0763397067785263,0.32751426100730896,0.053581781685352325,0.22449436783790588,0.031075477600097656,0.1295890212059021,0.18008285760879517,0.5040894746780396,0.138868510723114,0.33844056725502014,0.11402438580989838,0.23915445804595947,0.09142149984836578,0.15158715844154358,0.25243183970451355,0.5344125032424927,0.21068930625915527,0.4000231623649597,0.18557101488113403,0.31597334146499634,0.16210675239562988,0.23733875155448914
0.2614322304725647,0.9113784432411194,0.15783782303333282,0.8670872449874878,0.07082579284906387,0.7752176523208618,0.0516706258058548,0.6621627807617188,0.1166827380657196,0.6048941016197205,0.05894732475280762,0.5266326069831848,0.02332092821598053,0.37229791283607483,0.004415825009346008,0.28036758303642273,-0.008189186453819275,0.19643712043762207,0.11202080547809601,0.4970003664493561,0.07037559896707535,0.32568782567977905,0.04900367558002472,0.22480997443199158,0.03014121949672699,0.13322347402572632,0.17276397347450256,0.49811339378356934,0.1315561980009079,0.3348376750946045,0.10639029741287231,0.2351495921611786,0.084701307117939,0.14725518226623535,0.24189965426921844,0.5273960828781128,0.20133253931999207,0.3979203999042511,0.1753910928964615,0.3142886459827423,0.15188811719417572,0.2364484965801239
0.2565442621707916,0.8974316120147705,0.1544226109981537,0.8538335561752319,0.0703280121088028,0.7622057199478149,0.050469689071178436,0.6439427137374878,0.11650478839874268,0.5899222493171692,0.056975848972797394,0.5212931632995605,0.021529488265514374,0.36969926953315735,0.003820955753326416,0.27968981862068176,-0.0073020607233047485,0.1966385841369629,0.1088084727525711,0.4889269769191742,0.06715833395719528,0.3217271566390991,0.046352140605449677,0.2234189212322235,0.028522849082946777,0.13331010937690735,0.1674749255180359,0.4881705939769745,0.12863485515117645,0.32936954498291016,0.10388839989900589,0.23276159167289734,0.08322911709547043,0.1481303870677948,0.23590892553329468,0.5151462554931641,0.19785194098949432,0.3879317045211792,0.17346298694610596,0.30699050426483154,0.15161646902561188,0.2322065234184265
0.25665283203125,0.887019157409668,0.15666255354881287,0.8431071043014526,0.07507632672786713,0.7461259961128235,0.058213211596012115,0.6278991103172302,0.12022852152585983,0.5761651992797852,0.0625893846154213,0.512968122959137,0.03135714679956436,0.36827224493026733,0.013804502785205841,0.28001007437705994,0.0016248822212219238,0.1981220543384552,0.11387192457914352,0.4799770414829254,0.07502859085798264,0.3184776306152344,0.0541534349322319,0.2230709195137024,0.03540309518575668,0.13420706987380981,0.17168059945106506,0.47769859433174133,0.13428884744644165,0.3226795196533203,0.11065953969955444,0.22818750143051147,0.09059596806764603,0.14464133977890015,0.23760071396827698,0.5027379989624023,0.2010752260684967,0.377146452665329,0.17702293395996094,0.29580727219581604,0.15487368404865265,0.21998506784439087
0.2740282714366913,0.8595618605613708,0.17245103418827057,0.8190380930900574,0.08910836279392242,0.728319525718689,0.0633244439959526,0.6141430735588074,0.12173474580049515,0.567192554473877,0.07187671959400177,0.4995926320552826,0.038472726941108704,0.36720436811447144,0.021234579384326935,0.28561896085739136,0.010024011135101318,0.20823127031326294,0.12151919305324554,0.4637375771999359,0.08356080949306488,0.3106682598590851,0.06252516061067581,0.2216947376728058,0.04451973736286163,0.13773727416992188,0.17820215225219727,0.4595794975757599,0.14511364698410034,0.31065434217453003,0.1212177574634552,0.22332355380058289,0.10056141018867493,0.14641156792640686,0.2423839569091797,0.48417171835899353,0.20931130647659302,0.36171403527259827,0.18678313493728638,0.2837279140949249,0.1658540815114975,0.2108786404132843
0.2848224639892578,0.8332511186599731,0.18390683829784393,0.7977573871612549,0.10063497722148895,0.709420382976532,0.07741144299507141,0.5993078351020813,0.1338750272989273,0.5520927906036377,0.08452531695365906,0.48316866159439087,0.05298897624015808,0.3491913080215454,0.036348193883895874,0.2648283541202545,0.024599678814411163,0.188444584608078,0.13354012370109558,0.45011186599731445,0.09768667072057724,0.2998141646385193,0.07843124866485596,0.21199166774749756,0.06163274496793747,0.13020062446594238,0.1889834851026535,0.44415968656539917,0.1555149257183075,0.301071435213089,0.13481153547763824,0.21640905737876892,0.11880651116371155,0.14251774549484253,0.2507585883140564,0.4637492895126343,0.21756702661514282,0.34492921829223633,0.1975618302822113,0.26852113008499146,0.18070782721042633,0.19803863763809204
0.2955305576324463,0.8067232370376587,0.19407270848751068,0.7752672433853149,0.1111799031496048,0.6942108869552612,0.08632397651672363,0.5841511487960815,0.14121560752391815,0.5353870987892151,0.09672308713197708,0.4703347086906433,0.06748524308204651,0.3414750099182129,0.05195576697587967,0.26131996512413025,0.04083060473203659,0.1863403618335724,0.14565309882164001,0.4390805959701538,0.11162835359573364,0.2946584224700928,0.0934087485074997,0.21193858981132507,0.07680494338274002,0.13137471675872803,0.20087531208992004,0.4349682331085205,0.16853226721286774,0.2976940870285034,0.14729060232639313,0.21818745136260986,0.13051533699035645,0.14656558632850647,0.26400452852249146,0.454668790102005,0.23066680133342743,0.3400023877620697,0.21067991852760315,0.26661017537117004,0.19356048107147217,0.19665291905403137
0.3011707067489624,0.7924206256866455,0.20368558168411255,0.7703174352645874,0.12068893760442734,0.6919834613800049,0.0952724739909172,0.5824565887451172,0.14784255623817444,0.5283750891685486,0.10682721436023712,0.4679934084415436,0.07664746791124344,0.3391420245170593,0.062168143689632416,0.2592507004737854,0.05246444791555405,0.18474388122558594,0.15574169158935547,0.4360629618167877,0.12253937870264053,0.29101651906967163,0.10631833970546722,0.20656388998031616,0.09199706465005875,0.12549221515655518,0.21036416292190552,0.43228864669799805,0.17791464924812317,0.2961644232273102,0.1577857881784439,0.21487414836883545,0.1425894945859909,0.14099466800689697,0.27142518758773804,0.4525933265686035,0.23879164457321167,0.3409925699234009,0.21928420662879944,0.2674102783203125,0.20320682227611542,0.19642969965934753
0.3059074282646179,0.7840323448181152,0.20797449350357056,0.7657371759414673,0.12308663129806519,0.686683177947998,0.100362628698349,0.5753235220909119,0.15684814751148224,0.5243110060691833,0.11345604062080383,0.4654785394668579,0.08376086503267288,0.3388793468475342,0.06994781643152237,0.26071226596832275,0.060835786163806915,0.18788379430770874,0.16131114959716797,0.4346376061439514,0.12944145500659943,0.29218590259552,0.11416023969650269,0.2091771364212036,0.10099208354949951,0.12889400124549866,0.21480193734169006,0.43179941177368164,0.18408431112766266,0.2976900339126587,0.16498513519763947,0.21791177988052368,0.15054842829704285,0.14555075764656067,0.2749890685081482,0.4530547559261322,0.24371516704559326,0.34401872754096985,0.22533462941646576,0.2736768126487732,0.21059250831604004,0.20643597841262817
0.3076344132423401,0.7801061868667603,0.21202561259269714,0.7625987529754639,0.1296156942844391,0.6849213242530823,0.10403870046138763,0.5781084895133972,0.1565614491701126,0.5291565656661987,0.11859462410211563,0.47291654348373413,0.08944156020879745,0.3481854796409607,0.07574763894081116,0.271083265542984,0.0663335770368576,0.19821983575820923,0.1648438572883606,0.44202929735183716,0.1338886320590973,0.3003702759742737,0.11858265101909637,0.2166697382926941,0.10551527887582779,0.13641545176506042,0.2167128324508667,0.4389215111732483,0.18681403994560242,0.3048649728298187,0.16802074015140533,0.2248009741306305,0.15287695825099945,0.15200138092041016,0.2749430537223816,0.46008265018463135,0.24511831998825073,0.35284751653671265,0.22739861905574799,0.2843089699745178,0.21261075139045715,0.2203504741191864
0.3104757070541382,0.7766499519348145,0.21588709950447083,0.7606015205383301,0.13560448586940765,0.6840364933013916,0.1111532673239708,0.5807101130485535,0.16128137707710266,0.534977912902832,0.12644091248512268,0.4806404709815979,0.09768687188625336,0.36091506481170654,0.08403243124485016,0.2874232232570648,0.07358857989311218,0.21669793128967285,0.1708185374736786,0.4481939673423767,0.13966141641139984,0.3091167211532593,0.12368541210889816,0.22711387276649475,0.10902873426675797,0.14917385578155518,0.22099223732948303,0.4440820515155792,0.18999677896499634,0.31214773654937744,0.1709558665752411,0.23282518982887268,0.15455584228038788,0.16109102964401245,0.2781042158603668,0.46370929479599,0.24912017583847046,0.35850009322166443,0.23206102848052979,0.29145199060440063,0.21724793314933777,0.22937694191932678
0.32338982820510864,0.7749255895614624,0.22762905061244965,0.7516446113586426,0.15414787828922272,0.6793339848518372,0.12788544595241547,0.5807669162750244,0.16850996017456055,0.5385120511054993,0.14087122678756714,0.48360341787338257,0.11310640722513199,0.3668498992919922,0.100487120449543,0.2954913079738617,0.08983200788497925,0.2258792221546173,0.18184985220432281,0.4523105025291443,0.1518378108739853,0.31881803274154663,0.13740789890289307,0.23797908425331116,0.12358074635267258,0.16136571764945984,0.22871269285678864,0.44770827889442444,0.1995989829301834,0.3199094533920288,0.18211707472801208,0.24097275733947754,0.16636158525943756,0.16898012161254883,0.28331393003463745,0.4658682942390442,0.256766140460968,0.3650127351284027,0.2403697669506073,0.2992892265319824,0.22556930780410767,0.23818621039390564
0.33515265583992004,0.7697795629501343,0.24219149351119995,0.7480597496032715,0.17188666760921478,0.6754354238510132,0.150419682264328,0.5826142430305481,0.18832427263259888,0.5453914999961853,0.16056880354881287,0.4843665659427643,0.13538627326488495,0.3733777403831482,0.12430138885974884,0.3029457926750183,0.1152540072798729,0.23443728685379028,0.19954177737236023,0.45354947447776794,0.17149104177951813,0.32333946228027344,0.15672054886817932,0.24237841367721558,0.14278225600719452,0.16752773523330688,0.24381627142429352,0.4492112696170807,0.21628788113594055,0.32372474670410156,0.19906991720199585,0.24630707502365112,0.1832471340894699,0.176181823015213,0.2948266863822937,0.4679720997810364,0.2723427414894104,0.3712027072906494,0.256985604763031,0.30695635080337524,0.24266526103019714,0.24811163544654846
0.342376172542572,0.7689751982688904,0.2549067437648773,0.7440948486328125,0.1903482973575592,0.6679223775863647,0.17561441659927368,0.5761986374855042,0.2099849283695221,0.5435284376144409,0.1859336495399475,0.4790915846824646,0.1622016429901123,0.3681573271751404,0.14761050045490265,0.29839128255844116,0.13566730916500092,0.23218223452568054,0.22463329136371613,0.4518415629863739,0.1966133862733841,0.3224649429321289,0.17789658904075623,0.2405039370059967,0.1609291136264801,0.1681828498840332,0.26840975880622864,0.4503785967826843,0.23980146646499634,0.32671165466308594,0.22100086510181427,0.24917030334472656,0.20387336611747742,0.18102851510047913,0.3185461461544037,0.4709785580635071,0.29662781953811646,0.37463122606277466,0.28129416704177856,0.310992956161499,0.26704663038253784,0.2541635036468506
0.365936815738678,0.7613879442214966,0.2810512185096741,0.7335999608039856,0.2159893959760666,0.6601765155792236,0.20123310387134552,0.5761655569076538,0.23817072808742523,0.5419850945472717,0.2099059820175171,0.4725539982318878,0.18626774847507477,0.36550652980804443,0.17170806229114532,0.29955053329467773,0.15957169234752655,0.23774906992912292,0.24916066229343414,0.4474753737449646,0.22274170815944672,0.3238568902015686,0.20464685559272766,0.24748855829238892,0.18757745623588562,0.17878779768943787,0.29362037777900696,0.4467428922653198,0.2661821246147156,0.32881563901901245,0.24833153188228607,0.2542663514614105,0.23127804696559906,0.18785950541496277,0.34366369247436523,0.46780142188072205,0.3207901120185852,0.3759669363498688,0.3057631850242615,0.3171648681163788,0.29155629873275757,0.2635611891746521
0.3977586030960083,0.7537071704864502,0.3113340437412262,0.7316330671310425,0.24004925787448883,0.6503695249557495,0.2286134958267212,0.553616464138031,0.27559441328048706,0.5281621813774109,0.23857617378234863,0.47062668204307556,0.21887388825416565,0.36503398418426514,0.20580264925956726,0.2985357642173767,0.19588452577590942,0.23787522315979004,0.27758491039276123,0.4457699656486511,0.2534307837486267,0.3241656422615051,0.2375897467136383,0.24774408340454102,0.22403638064861298,0.18104833364486694,0.3218125104904175,0.44677412509918213,0.29616013169288635,0.33140629529953003,0.2791582942008972,0.25840115547180176,0.2644932270050049,0.19425934553146362,0.37227755784988403,0.4694684147834778,0.34947469830513,0.3782616853713989,0.3359646797180176,0.3190479874610901,0.3245825469493866,0.2664608955383301
0.4261924922466278,0.7408313751220703,0.33469948172569275,0.7200419902801514,0.2688920497894287,0.6345136165618896,0.26659879088401794,0.5380075573921204,0.3074883222579956,0.5236788988113403,0.26421883702278137,0.475637286901474,0.24081814289093018,0.3695175051689148,0.23249158263206482,0.30073872208595276,0.22887884080410004,0.23691454529762268,0.3060131371021271,0.44545677304267883,0.27924680709838867,0.3240538239479065,0.2655563950538635,0.24492350220680237,0.2556707561016083,0.17725911736488342,0.3525989353656769,0.4419005811214447,0.32580432295799255,0.32669299840927124,0.3089256286621094,0.253975510597229,0.2956078052520752,0.19166773557662964,0.405614972114563,0.45945078134536743,0.38535916805267334,0.36705920100212097,0.3711399435997009,0.30592775344848633,0.3586265444755554,0.25438961386680603
0.4433325529098511,0.7346433997154236,0.3566550016403198,0.7057924270629883,0.3013542890548706,0.6257219314575195,0.30016687512397766,0.5350401401519775,0.3371720612049103,0.5227776765823364,0.301231324672699,0.46496179699897766,0.276999294757843,0.3603849411010742,0.26418033242225647,0.2956295907497406,0.25560465455055237,0.2354539930820465,0.3365982174873352,0.43801993131637573,0.30986109375953674,0.3202354311943054,0.29453587532043457,0.2474675476551056,0.2820112109184265,0.18492305278778076,0.37687069177627563,0.43509790301322937,0.350902795791626,0.3202638030052185,0.33385440707206726,0.2509927749633789,0.31934118270874023,0.19086435437202454,0.4238518476486206,0.45237791538238525,0.4048612713813782,0.3631114959716797,0.39281734824180603,0.30708879232406616,0.3818279504776001,0.2582698464393616
0.46282896399497986,0.7345449328422546,0.3827199339866638,0.7005102634429932,0.3286758065223694,0.6235054731369019,0.32503971457481384,0.5364563465118408,0.36124640703201294,0.5181379914283752,0.33286601305007935,0.46550607681274414,0.31598979234695435,0.36275017261505127,0.304940789937973,0.2993503212928772,0.297559529542923,0.2419489622116089,0.3676966726779938,0.4449779987335205,0.34596681594848633,0.3279699981212616,0.33368730545043945,0.254071980714798,0.3245466351509094,0.19075384736061096,0.4067039489746094,0.44564583897590637,0.3828622102737427,0.3352352976799011,0.3685133755207062,0.2649614214897156,0.3583258390426636,0.20322057604789734,0.450399786233902,0.46394994854927063,0.4253896474838257,0.3738899827003479,0.4106833338737488,0.3174667954444885,0.399724543094635,0.2678563594818115
0.47781166434288025,0.7244711518287659,0.39821740984916687,0.6971021294593811,0.34603190422058105,0.620593249797821,0.3450857102870941,0.5320348739624023,0.3819374740123749,0.5172145962715149,0.35165733098983765,0.4669279158115387,0.3318842947483063,0.37051960825920105,0.32091808319091797,0.31054335832595825,0.31356358528137207,0.2545761466026306,0.38573265075683594,0.4431985914707184,0.3624795377254486,0.33234843611717224,0.3490135669708252,0.2630192041397095,0.3373885154724121,0.20333179831504822,0.424225389957428,0.4420856833457947,0.4027876555919647,0.33387213945388794,0.38770803809165955,0.26626887917518616,0.37426233291625977,0.2080482542514801,0.4678853452205658,0.46039125323295593,0.4495945870876312,0.3741214871406555,0.43761616945266724,0.319042444229126,0.42714938521385193,0.2710476517677307
0.49365100264549255,0.722469687461853,0.4154905080795288,0.6975585222244263,0.361594557762146,0.6217846870422363,0.36197173595428467,0.5324433445930481,0.40040600299835205,0.5161966681480408,0.3680559992790222,0.4696125090122223,0.34696465730667114,0.374837189912796,0.3360525369644165,0.31590574979782104,0.3297455608844757,0.2626769542694092,0.40259575843811035,0.4466448426246643,0.37765106558799744,0.3387606143951416,0.3653714060783386,0.2718315124511719,0.3564135730266571,0.21583721041679382,0.4411260187625885,0.4465699791908264,0.4181184768676758,0.3403319716453552,0.402972936630249,0.2742007374763489,0.3902876377105713,0.21679314970970154,0.4856237769126892,0.4654024541378021,0.4683452248573303,0.38162755966186523,0.4555704593658447,0.3283579349517822,0.4439278542995453,0.28134167194366455
0.5060974955558777,0.7190732359886169,0.43080881237983704,0.6972501873970032,0.37957441806793213,0.6211609840393066,0.3804634213447571,0.5331671833992004,0.4140726923942566,0.516553521156311,0.38476186990737915,0.4762226939201355,0.36579257249832153,0.3857528567314148,0.35592272877693176,0.3296385109424591,0.35033777356147766,0.27927231788635254,0.4180707037448883,0.4520161747932434,0.394523561000824,0.34665828943252563,0.3830353915691376,0.2820886969566345,0.3749117851257324,0.22911769151687622,0.45480459928512573,0.45004987716674805,0.43320292234420776,0.3467479348182678,0.4195462465286255,0.2822025418281555,0.40792983770370483,0.22638121247291565,0.49699947237968445,0.4671880602836609,0.48114535212516785,0.38741689920425415,0.46916627883911133,0.3370102345943451,0.4579576253890991,0.2928459048271179
0.5164414048194885,0.7202845215797424,0.44334733486175537,0.6978703141212463,0.3929574191570282,0.6255398392677307,0.3897039592266083,0.5391774773597717,0.4248194694519043,0.5203613042831421,0.39992475509643555,0.4794398546218872,0.38346168398857117,0.39058101177215576,0.3733181953430176,0.3369333744049072,0.3660375475883484,0.2877591848373413,0.43304121494293213,0.455445259809494,0.4134564697742462,0.34929221868515015,0.4020801782608032,0.2850732207298279,0.3924509882926941,0.2323082685470581,0.4688781499862671,0.4547283947467804,0.45050477981567383,0.352375328540802,0.4376216232776642,0.29005753993988037,0.425224632024765,0.23695355653762817,0.5091025829315186,0.47387295961380005,0.4943017065525055,0.39502042531967163,0.48346105217933655,0.3457295298576355,0.47312310338020325,0.3031851053237915
0.5294709205627441,0.7196664810180664,0.457507461309433,0.6977685689926147,0.40798208117485046,0.6216690540313721,0.40946444869041443,0.5345410704612732,0.44601914286613464,0.5179829597473145,0.41254040598869324,0.48020872473716736,0.39612138271331787,0.3883359432220459,0.3869151771068573,0.3312565088272095,0.38093504309654236,0.2792832851409912,0.4457353949546814,0.4567103683948517,0.4274565875530243,0.3498082160949707,0.41768109798431396,0.28398627042770386,0.4094531238079071,0.22981798648834229,0.48163902759552,0.45643332600593567,0.46392756700515747,0.35513919591903687,0.4523153603076935,0.2920956611633301,0.4415716230869293,0.23898157477378845,0.521854817867279,0.4752811789512634,0.5062698125839233,0.39631545543670654,0.49592846632003784,0.3473449945449829,0.4865592122077942,0.30605730414390564
0.5306183099746704,0.7205238342285156,0.4621104300022125,0.7031799554824829,0.4109261631965637,0.6292979717254639,0.40710294246673584,0.5441900491714478,0.4419054388999939,0.5217371582984924,0.41309016942977905,0.484296053647995,0.39532405138015747,0.3968340754508972,0.3869704008102417,0.34251636266708374,0.38235169649124146,0.29167017340660095,0.4450739622116089,0.4593929648399353,0.42394644021987915,0.3538207411766052,0.413679301738739,0.2890717387199402,0.4052804410457611,0.23459798097610474,0.480703741312027,0.4579445719718933,0.4613915681838989,0.3551531434059143,0.44903701543807983,0.2929878234863281,0.43702635169029236,0.24023330211639404,0.5217377543449402,0.47589099407196045,0.5058598518371582,0.3960297107696533,0.49378007650375366,0.34653374552726746,0.4819433093070984,0.30401861667633057
0.5450445413589478,0.7188220024108887,0.47393977642059326,0.6956888437271118,0.42532458901405334,0.6218786239624023,0.4271332919597626,0.5365703701972961,0.46020469069480896,0.5148337483406067,0.4292002320289612,0.47667375206947327,0.4134405255317688,0.38698306679725647,0.40588322281837463,0.3307637870311737,0.401938796043396,0.279863178730011,0.46157553791999817,0.4551013708114624,0.44481003284454346,0.3527023196220398,0.4359854459762573,0.28901249170303345,0.42986369132995605,0.23712989687919617,0.4963584840297699,0.4554901421070099,0.4804205894470215,0.36002594232559204,0.4695252478122711,0.3012775182723999,0.4606062173843384,0.2517370879650116,0.535519003868103,0.4748278558254242,0.5211411714553833,0.39947402477264404,0.5116768479347229,0.3535493016242981,0.5038303732872009,0.31422632932662964
0.5697827935218811,0.7117151618003845,0.5011021494865417,0.6801053285598755,0.4550522565841675,0.6095956563949585,0.45568129420280457,0.5317081212997437,0.49013030529022217,0.5131707787513733,0.46370384097099304,0.46342334151268005,0.45409488677978516,0.38012227416038513,0.4505312740802765,0.3303389549255371,0.44934242963790894,0.2858540415763855,0.49564337730407715,0.44632065296173096,0.4817730784416199,0.3515590727329254,0.47573527693748474,0.2930107116699219,0.471958726644516,0.24504664540290833,0.5300271511077881,0.447640597820282,0.5153471827507019,0.35814350843429565,0.5062530040740967,0.3038436770439148,0.49950337409973145,0.25839194655418396,0.5680612921714783,0.4658950865268707,0.5523035526275635,0.390591025352478,0.5434949398040771,0.3446943759918213,0.5366923213005066,0.3045424818992615
0.5786868333816528,0.7005435824394226,0.5175785422325134,0.6653119921684265,0.4725842773914337,0.5938079357147217,0.4695568084716797,0.5233192443847656,0.5056486129760742,0.5031724572181702,0.49362802505493164,0.4474027454853058,0.4850808382034302,0.3584595322608948,0.48144763708114624,0.3030143976211548,0.48150962591171265,0.2540720999240875,0.5207769870758057,0.43649065494537354,0.5086324214935303,0.3387894928455353,0.5015818476676941,0.2775847315788269,0.4976890981197357,0.22706782817840576,0.5505775213241577,0.44165825843811035,0.5369617938995361,0.3482077717781067,0.5281887054443359,0.2880406081676483,0.5224137902259827,0.238793283700943,0.5823338627815247,0.46272212266921997,0.5714129209518433,0.3837774693965912,0.5646701455116272,0.3345601558685303,0.559187650680542,0.29262131452560425
0.5693990588188171,0.6663957834243774,0.5254892110824585,0.6488312482833862,0.4943879246711731,0.6015360355377197,0.4861161708831787,0.5511717796325684,0.4879162907600403,0.520301342010498,0.5330768823623657,0.5387636423110962,0.5257942080497742,0.4878270626068115,0.5068656206130981,0.48314571380615234,0.4922027885913849,0.49527719616889954,0.5582811832427979,0.5271971821784973,0.5449889898300171,0.47486087679862976,0.5245482325553894,0.4650048017501831,0.5088727474212646,0.4720669686794281,0.5820276141166687,0.5244193077087402,0.5694864392280579,0.47640442848205566,0.5480037927627563,0.45743823051452637,0.5293420553207397,0.4561734199523926,0.6056085228919983,0.5309633016586304,0.5949241518974304,0.48782962560653687,0.5762307047843933,0.4621056020259857,0.5569729208946228,0.44838088750839233
0.5645655393600464,0.6593509316444397,0.5279732942581177,0.6305542588233948,0.5056576728820801,0.5807256102561951,0.500348687171936,0.5357414484024048,0.5027865767478943,0.507635772228241,0.535191535949707,0.5277150869369507,0.5289840698242188,0.4801196753978729,0.5076251029968262,0.4867892861366272,0.49523431062698364,0.5080617666244507,0.5521373152732849,0.5217728614807129,0.5411834716796875,0.4710087478160858,0.5171286463737488,0.47645303606987,0.5042834281921387,0.49908313155174255,0.5699583292007446,0.5214055776596069,0.5588371753692627,0.47442734241485596,0.5346859693527222,0.4752119481563568,0.5199839472770691,0.4929525554180145,0.5899218916893005,0.5278926491737366,0.5806939601898193,0.48925602436065674,0.5604509115219116,0.4784945845603943,0.5438721179962158,0.482941210269928
0.6145243048667908,0.6814394593238831,0.556256115436554,0.6371456384658813,0.5244945883750916,0.5603032112121582,0.5209296941757202,0.5006023049354553,0.5415241718292236,0.49539893865585327,0.5478061437606812,0.43176355957984924,0.5446766018867493,0.34466373920440674,0.5414186120033264,0.28308141231536865,0.5429903268814087,0.23113256692886353,0.5672352910041809,0.4275115132331848,0.5600264668464661,0.33161455392837524,0.5575041770935059,0.26614871621131897,0.5593629479408264,0.21121302247047424,0.5897607207298279,0.43849316239356995,0.5808218717575073,0.34484830498695374,0.5779120326042175,0.28323668241500854,0.5781701803207397,0.23042258620262146,0.6128483414649963,0.46192383766174316,0.6062068939208984,0.3819061517715454,0.6022189259529114,0.33150243759155273,0.6004133224487305,0.2875553369522095
