0.7488072514533997,0.8630114793777466,0.6599831581115723,0.8358029127120972,0.5600836873054504,0.7456462383270264,0.47752442955970764,0.6958797574043274,0.4093099534511566,0.6913546323776245,0.6222146153450012,0.5574899315834045,0.6000092029571533,0.4062246084213257,0.5911624431610107,0.3129366934299469,0.5843112468719482,0.23705589771270752,0.6801729798316956,0.5473142862319946,0.6284306645393372,0.5109108090400696,0.6421651244163513,0.6332939863204956,0.669070303440094,0.7025716304779053,0.7398377060890198,0.5594046115875244,0.6905505061149597,0.5508341789245605,0.7022035717964172,0.6608483791351318,0.7227942943572998,0.7035342454910278,0.8020349740982056,0.5853389501571655,0.7548611760139465,0.5709249973297119,0.7498927116394043,0.6509465575218201,0.7627902626991272,0.679588258266449
0.749600350856781,0.86249840259552,0.6604275703430176,0.8337142467498779,0.5604773759841919,0.7433106899261475,0.47663959860801697,0.6931667327880859,0.4082096815109253,0.6886441707611084,0.6237220168113708,0.555943489074707,0.6017033457756042,0.4059949219226837,0.5919660925865173,0.3120931088924408,0.5840966701507568,0.2365322709083557,0.6811493635177612,0.5460410714149475,0.6305062174797058,0.509736955165863,0.6437791585922241,0.6312693953514099,0.6698951721191406,0.70054692029953,0.7406761646270752,0.5580069422721863,0.6926445364952087,0.5490671396255493,0.703510582447052,0.659295380115509,0.7231212854385376,0.7017504572868347,0.8028303384780884,0.5837780833244324,0.7571734189987183,0.5679933428764343,0.7517150640487671,0.6482393145561218,0.7642512321472168,0.6769351959228516
0.7511268258094788,0.8620513081550598,0.6616143584251404,0.8337684273719788,0.5604168772697449,0.7432754635810852,0.4761315584182739,0.6923869848251343,0.40778589248657227,0.6881629228591919,0.6239213943481445,0.5563957691192627,0.6016991138458252,0.4064480662345886,0.5916740298271179,0.3128372132778168,0.5835449695587158,0.23750299215316772,0.6813241839408875,0.5462703108787537,0.6317148804664612,0.5080670714378357,0.6451589465141296,0.6282998323440552,0.6714894771575928,0.6980308890342712,0.7407862544059753,0.5576035380363464,0.6934942007064819,0.5476198792457581,0.7043940424919128,0.6576963067054749,0.7241690158843994,0.7010769844055176,0.8030251264572144,0.5824887156486511,0.7573723793029785,0.5659295916557312,0.7523569464683533,0.6460313200950623,0.7653204202651978,0.6753708720207214
0.7491827607154846,0.8622502684593201,0.6606048345565796,0.8345170617103577,0.559010922908783,0.741741418838501,0.4755370020866394,0.6903696060180664,0.4070636034011841,0.6881555318832397,0.623176097869873,0.5543186664581299,0.6010188460350037,0.40216338634490967,0.5911492109298706,0.30917486548423767,0.5830361843109131,0.234083890914917,0.6811110973358154,0.5448139309883118,0.6312898397445679,0.5065057277679443,0.646165132522583,0.6278833746910095,0.673869788646698,0.6986256837844849,0.7408717274665833,0.5565789341926575,0.6933552622795105,0.5444723963737488,0.7050269842147827,0.6563044786453247,0.7252788543701172,0.7015352249145508,0.803618848323822,0.5817482471466064,0.7573778629302979,0.5614309906959534,0.7522774338722229,0.6435081362724304,0.7649970650672913,0.6752613186836243
0.7521132826805115,0.8616622686386108,0.6627188324928284,0.8335219025611877,0.5618726015090942,0.7432140707969666,0.47774142026901245,0.6901190876960754,0.4096848964691162,0.6860048770904541,0.6242669224739075,0.5557270646095276,0.6017323136329651,0.40286630392074585,0.5918791890144348,0.30905473232269287,0.5839194059371948,0.2333790361881256,0.6812323331832886,0.5470733642578125,0.6341860890388489,0.5035894513130188,0.6484540700912476,0.624383270740509,0.674769401550293,0.6968101859092712,0.7406814098358154,0.5589537024497986,0.6964030861854553,0.5428177118301392,0.7070891857147217,0.6538011431694031,0.72626793384552,0.7004687190055847,0.8037142157554626,0.5838819742202759,0.7604044079780579,0.5597010254859924,0.7539995908737183,0.6408659219741821,0.7651499509811401,0.674394965171814
0.7517548203468323,0.8605395555496216,0.6619924306869507,0.8313639163970947,0.5607615113258362,0.7406368851661682,0.47746333479881287,0.6876396536827087,0.4080291986465454,0.6841703653335571,0.6261453628540039,0.5520086884498596,0.6034522652626038,0.4001007080078125,0.593224048614502,0.30661576986312866,0.5850954055786133,0.23115038871765137,0.6834073662757874,0.5451163053512573,0.6354063749313354,0.501232385635376,0.648620069026947,0.623092770576477,0.675095796585083,0.6941058039665222,0.7432758212089539,0.5585539937019348,0.6975853443145752,0.5387827157974243,0.7072855830192566,0.650171160697937,0.7268456220626831,0.6963877081871033,0.8064815998077393,0.5849687457084656,0.762493371963501,0.5536590814590454,0.7549852728843689,0.6346307992935181,0.766157865524292,0.6693103909492493
0.7557211518287659,0.8603930473327637,0.6648041009902954,0.8301388025283813,0.5616456866264343,0.7382211685180664,0.47735971212387085,0.683934211730957,0.40766990184783936,0.6798644065856934,0.6276535987854004,0.5515828132629395,0.6050556898117065,0.40060001611709595,0.5949207544326782,0.30703005194664,0.5868349671363831,0.2317143976688385,0.6846541166305542,0.544410765171051,0.6371761560440063,0.49796849489212036,0.652156412601471,0.6209814548492432,0.6796417236328125,0.6923341751098633,0.7450015544891357,0.5570915937423706,0.7008312940597534,0.5353257060050964,0.7111206650733948,0.6457379460334778,0.7310033440589905,0.6911558508872986,0.8089792728424072,0.5829064249992371,0.7664104700088501,0.5504423379898071,0.7586548924446106,0.6307357549667358,0.7692197561264038,0.6653048992156982
0.7582066059112549,0.8601361513137817,0.6671102643013,0.8286527991294861,0.5645146369934082,0.7371442317962646,0.47967055439949036,0.6819137930870056,0.40919190645217896,0.6756081581115723,0.6286627054214478,0.5509946942329407,0.6072700619697571,0.40256011486053467,0.597042441368103,0.30885744094848633,0.5891746282577515,0.23242944478988647,0.686073899269104,0.5434582829475403,0.6421587467193604,0.49510228633880615,0.6554855108261108,0.617587685585022,0.6805448532104492,0.6910082697868347,0.7467447519302368,0.5559024810791016,0.7053707242012024,0.5320985317230225,0.7137329578399658,0.641238808631897,0.73148113489151,0.6893488168716431,0.8107230067253113,0.5811135768890381,0.7706643342971802,0.5462848544120789,0.7618411183357239,0.6238410472869873,0.7706515789031982,0.6595056056976318
0.7559762597084045,0.8554997444152832,0.6649814248085022,0.8245480060577393,0.5647634267807007,0.7330818176269531,0.48130613565444946,0.6757782101631165,0.4109126031398773,0.666006326675415,0.6267250180244446,0.5426287651062012,0.6067579388618469,0.39621683955192566,0.5976106524467468,0.3041279911994934,0.5916681885719299,0.22962909936904907,0.6854771375656128,0.5371913313865662,0.6453166604042053,0.49235883355140686,0.6577610969543457,0.6146425008773804,0.6810764074325562,0.6859254837036133,0.7468373775482178,0.5514602065086365,0.7083593606948853,0.5307047367095947,0.7160534858703613,0.6399487257003784,0.7323054075241089,0.6876304745674133,0.8112921714782715,0.577936589717865,0.7724353075027466,0.544723629951477,0.7632678747177124,0.6231868863105774,0.7710036039352417,0.6593784093856812
0.7554563879966736,0.8534331321716309,0.6640895009040833,0.8212904930114746,0.5672470927238464,0.7283712029457092,0.48663973808288574,0.66769939661026,0.416398286819458,0.6484827995300293,0.6284992694854736,0.543062686920166,0.6105469465255737,0.3966010808944702,0.6022828817367554,0.3042852580547333,0.5968117713928223,0.22883445024490356,0.6868221759796143,0.5383527874946594,0.6470741033554077,0.491327166557312,0.6594858169555664,0.6151277422904968,0.683072566986084,0.6878122687339783,0.747450590133667,0.553324282169342,0.7103928327560425,0.5280490517616272,0.7165293097496033,0.6377779245376587,0.7323510050773621,0.6879630088806152,0.8114483952522278,0.580635130405426,0.7748458981513977,0.544579803943634,0.763849675655365,0.6224196553230286,0.7701592445373535,0.6602637767791748
0.7527923583984375,0.8491378426551819,0.6635808944702148,0.8154815435409546,0.5673721432685852,0.7197979688644409,0.4870964586734772,0.658398449420929,0.4174140691757202,0.638209342956543,0.627986490726471,0.5380367636680603,0.6109954714775085,0.39258766174316406,0.6025848388671875,0.3002007305622101,0.5965508818626404,0.22625413537025452,0.6868436336517334,0.5333868861198425,0.6449016332626343,0.4908457398414612,0.6556760668754578,0.6146910786628723,0.6779657006263733,0.6873704791069031,0.747613787651062,0.5488420128822327,0.7080797553062439,0.5289089679718018,0.7147008776664734,0.6391379237174988,0.7309214472770691,0.6880172491073608,0.8112539052963257,0.5763837695121765,0.772118866443634,0.5458006262779236,0.7620266079902649,0.6240456700325012,0.7695745229721069,0.6596006155014038
0.7513565421104431,0.8454846143722534,0.6633920669555664,0.8126243948936462,0.569536030292511,0.7193669080734253,0.48905518651008606,0.656990110874176,0.4179030656814575,0.6340271830558777,0.6266632080078125,0.537607729434967,0.6083990931510925,0.38956478238105774,0.6013137102127075,0.29482001066207886,0.5974684953689575,0.21959051489830017,0.6855810284614563,0.5349380373954773,0.6441418528556824,0.49201667308807373,0.6549292802810669,0.6160659193992615,0.6767727136611938,0.6860508322715759,0.7465282082557678,0.55112624168396,0.7074133157730103,0.5284807682037354,0.7144865989685059,0.6389771699905396,0.7307947874069214,0.6865153312683105,0.8099989891052246,0.5788753628730774,0.7716973423957825,0.547480583190918,0.7618051171302795,0.6260999441146851,0.7694474458694458,0.6612221598625183
0.7535574436187744,0.846710205078125,0.6655980348587036,0.8133812546730042,0.5717185735702515,0.7186799049377441,0.490786075592041,0.6560465097427368,0.41900357604026794,0.6328096985816956,0.62751704454422,0.5382095575332642,0.6092376708984375,0.39038264751434326,0.6027331352233887,0.2954506278038025,0.5989859104156494,0.22002854943275452,0.6862915754318237,0.5337156653404236,0.643756628036499,0.49273642897605896,0.6559479832649231,0.6162832975387573,0.6783947944641113,0.687391996383667,0.7466979026794434,0.5482391119003296,0.7064292430877686,0.5289849042892456,0.7154500484466553,0.6385368704795837,0.7325869202613831,0.6863968372344971,0.8097102642059326,0.5740591287612915,0.7695624232292175,0.5473224520683289,0.7624201774597168,0.6258416771888733,0.7718459367752075,0.659527063369751
0.7496337294578552,0.8472315073013306,0.6618235111236572,0.8105453848838806,0.5728639960289001,0.7083067893981934,0.4993359446525574,0.6389449238777161,0.42940840125083923,0.6126696467399597,0.6270021796226501,0.5386466979980469,0.6076597571372986,0.38926413655281067,0.6014627814292908,0.2953721582889557,0.5972976088523865,0.2194857895374298,0.6860683560371399,0.5356162786483765,0.6431739926338196,0.49235260486602783,0.655177116394043,0.6143734455108643,0.6771643757820129,0.6866823434829712,0.7467963099479675,0.5516847372055054,0.7055079340934753,0.528928816318512,0.71456378698349,0.6391546726226807,0.731716513633728,0.6876827478408813,0.8096984624862671,0.5789371132850647,0.7700140476226807,0.5504279136657715,0.7622790336608887,0.6278190612792969,0.7715826034545898,0.6600368022918701
0.7494238018989563,0.8469530940055847,0.6619073152542114,0.809207558631897,0.5743319392204285,0.7023066282272339,0.5016041994094849,0.6304730176925659,0.43127700686454773,0.6030563712120056,0.629069447517395,0.5365681052207947,0.6080377697944641,0.38753002882003784,0.6021086573600769,0.29296043515205383,0.5986205339431763,0.215659499168396,0.6874240040779114,0.532378613948822,0.6419304013252258,0.49288344383239746,0.6542890071868896,0.6183203458786011,0.6780936121940613,0.6892946362495422,0.7477059364318848,0.5485665202140808,0.7053519487380981,0.5312384366989136,0.7139691114425659,0.6444423794746399,0.7320997714996338,0.6910322904586792,0.8101714849472046,0.5767253637313843,0.7698439955711365,0.5508837103843689,0.7623031735420227,0.6308618187904358,0.7728410959243774,0.6624133586883545
0.7484080791473389,0.8479790687561035,0.6613041758537292,0.8091452121734619,0.5748285055160522,0.6993838548660278,0.503936767578125,0.6249357461929321,0.43537452816963196,0.5951710343360901,0.6276509165763855,0.5378496646881104,0.6057882905006409,0.39051830768585205,0.5996269583702087,0.29675379395484924,0.5963267087936401,0.2188534438610077,0.6869789958000183,0.5332077741622925,0.6412456631660461,0.4895065724849701,0.6524921655654907,0.6154776811599731,0.6757484078407288,0.6857638955116272,0.7472950220108032,0.5490169525146484,0.7041813135147095,0.5312853455543518,0.7118607759475708,0.6463972926139832,0.7297793626785278,0.691696286201477,0.8099310398101807,0.5762728452682495,0.767081081867218,0.5515910387039185,0.7610183954238892,0.6332906484603882,0.77289879322052,0.6634020805358887
0.7463696002960205,0.8510311841964722,0.658257246017456,0.8085183501243591,0.5752794146537781,0.6903582215309143,0.5076916217803955,0.6098774671554565,0.43892809748649597,0.5801946520805359,0.6290448904037476,0.5398069024085999,0.6064885854721069,0.3934202790260315,0.5987285375595093,0.2996530532836914,0.5941173434257507,0.22135069966316223,0.6876701712608337,0.5353345274925232,0.6411482691764832,0.49083563685417175,0.6500855684280396,0.615867018699646,0.6726856231689453,0.686253011226654,0.7475390434265137,0.5510321855545044,0.7033357620239258,0.5335618257522583,0.7090319991111755,0.6476065516471863,0.7267715930938721,0.691796064376831,0.809704065322876,0.5778730511665344,0.7664104700088501,0.5550037026405334,0.7586645483970642,0.6344984769821167,0.7708411812782288,0.6623749732971191
0.74595707654953,0.8534760475158691,0.6584305167198181,0.8108410239219666,0.5745036005973816,0.687523365020752,0.5097274780273438,0.6005213856697083,0.4441773295402527,0.5648651719093323,0.6242305636405945,0.5428178906440735,0.6036499738693237,0.3934248685836792,0.5973535776138306,0.2976502478122711,0.5933988094329834,0.2191755175590515,0.6831198334693909,0.540968120098114,0.6407251954078674,0.49260175228118896,0.6499921083450317,0.6177672147750854,0.6710968613624573,0.6924312710762024,0.7436560392379761,0.557013750076294,0.7042073607444763,0.5298805236816406,0.708571195602417,0.6452853083610535,0.72324538230896,0.6953089833259583,0.8063552379608154,0.5839548110961914,0.7669150233268738,0.5533723831176758,0.7578774094581604,0.6334725022315979,0.7678813338279724,0.6652004718780518
0.7394329905509949,0.8537596464157104,0.6532307863235474,0.8070248365402222,0.5723352432250977,0.6842734813690186,0.5109969973564148,0.5973594784736633,0.4478606581687927,0.5599771738052368,0.6227214336395264,0.5427484512329102,0.6001412272453308,0.39274489879608154,0.594188392162323,0.29901543259620667,0.5909321308135986,0.22132590413093567,0.6812993288040161,0.5422434210777283,0.6390321850776672,0.4933478832244873,0.6477615237236023,0.6171915531158447,0.6681371927261353,0.6924520134925842,0.7414491772651672,0.5598651766777039,0.7008039355278015,0.5319668054580688,0.7046477198600769,0.6469846963882446,0.7189993858337402,0.7000491619110107,0.8035442233085632,0.589174211025238,0.7627406716346741,0.5546688437461853,0.7523844838142395,0.6342275142669678,0.7613620162010193,0.6697271466255188
0.7392928600311279,0.8546130061149597,0.6520323753356934,0.8072364926338196,0.571941614151001,0.6832594275474548,0.5116210579872131,0.5950527191162109,0.4487125277519226,0.5577110648155212,0.6221312880516052,0.5452006459236145,0.600575864315033,0.39487597346305847,0.5945053696632385,0.3003333806991577,0.5907031297683716,0.22162988781929016,0.6799867153167725,0.5443788170814514,0.6353746652603149,0.4945337772369385,0.6443170309066772,0.6193898916244507,0.6653920412063599,0.6950281858444214,0.7399624586105347,0.561096727848053,0.6973609328269958,0.5315506458282471,0.7022743821144104,0.6469318270683289,0.7179627418518066,0.7007590532302856,0.8023269176483154,0.589562714099884,0.7595428824424744,0.5557861924171448,0.7502243518829346,0.6348533630371094,0.7607081532478333,0.6698968410491943
0.7378355860710144,0.8491779565811157,0.6509771347045898,0.8023712038993835,0.5699473023414612,0.679996132850647,0.5089753866195679,0.5944088697433472,0.44608455896377563,0.5585002303123474,0.62015300989151,0.5410422086715698,0.5979138612747192,0.391362726688385,0.5923683643341064,0.29828178882598877,0.5889708995819092,0.22061121463775635,0.6783030033111572,0.5403472185134888,0.6360187530517578,0.4941575527191162,0.6462135314941406,0.6177114844322205,0.6675254106521606,0.6920809745788574,0.738139271736145,0.5576829314231873,0.6977756023406982,0.5324622988700867,0.7029745578765869,0.6472418904304504,0.7182525396347046,0.6997154355049133,0.8001816868782043,0.587152898311615,0.7595944404602051,0.5549964904785156,0.7505009174346924,0.6349807381629944,0.7602910995483398,0.6703968644142151
0.7354044914245605,0.850355863571167,0.6484574675559998,0.8024184107780457,0.5687392950057983,0.6793575286865234,0.5094743967056274,0.5925688147544861,0.44608837366104126,0.5553606748580933,0.6190047860145569,0.5419053435325623,0.5988015532493591,0.3947867155075073,0.5931785702705383,0.3020337224006653,0.5894813537597656,0.22420769929885864,0.6780585050582886,0.5406854152679443,0.6345393657684326,0.4919217526912689,0.6427295207977295,0.6171552538871765,0.6634100079536438,0.6934571266174316,0.7385551929473877,0.5591235160827637,0.6977953314781189,0.5324596762657166,0.7012059688568115,0.64762282371521,0.7160991430282593,0.702660858631134,0.8012620210647583,0.5899510979652405,0.7625544667243958,0.5565579533576965,0.7506843209266663,0.635385274887085,0.7581468820571899,0.6724870800971985
0.7336989641189575,0.8456249237060547,0.6474716067314148,0.7979605197906494,0.5695095062255859,0.6747033596038818,0.5140219330787659,0.5862283706665039,0.4539417624473572,0.5451986193656921,0.6170897483825684,0.5384374260902405,0.5949509739875793,0.38948607444763184,0.5905681848526001,0.29611268639564514,0.5878815650939941,0.21824413537979126,0.6764122247695923,0.5369186401367188,0.635748028755188,0.4932521879673004,0.6447895169258118,0.6177947521209717,0.6643057465553284,0.6935266256332397,0.7369149923324585,0.5546407103538513,0.6974921822547913,0.5335431694984436,0.7014226913452148,0.64759761095047,0.7154608368873596,0.7013229131698608,0.7993351817131042,0.585131049156189,0.7603403329849243,0.5553399324417114,0.7495949864387512,0.6340645551681519,0.7573660612106323,0.6701915264129639
0.7324027419090271,0.8516790270805359,0.6466211676597595,0.804833173751831,0.568564236164093,0.6765769720077515,0.5165392160415649,0.5806490182876587,0.4580339193344116,0.5375977158546448,0.6161308288574219,0.5471578240394592,0.597258448600769,0.3935890197753906,0.5925107002258301,0.2983992099761963,0.5879943370819092,0.21906554698944092,0.6760489344596863,0.5467697381973267,0.634857177734375,0.4941335916519165,0.6447439789772034,0.619748055934906,0.6645835638046265,0.6968144178390503,0.7370195984840393,0.5655319094657898,0.6984582543373108,0.5343172550201416,0.7021704912185669,0.6473075151443481,0.7157911062240601,0.7026559710502625,0.7997386455535889,0.5959156155586243,0.7622382044792175,0.5569756031036377,0.750603973865509,0.633499264717102,0.7574988603591919,0.6705647706985474
0.7308628559112549,0.8507443070411682,0.6443018317222595,0.8007258176803589,0.5675870180130005,0.6706750392913818,0.5204230546951294,0.5721855759620667,0.46491438150405884,0.5259274840354919,0.613858699798584,0.5475480556488037,0.5937837958335876,0.3951457440853119,0.5892653465270996,0.30137383937835693,0.5855762362480164,0.22249802947044373,0.6741759777069092,0.5472344160079956,0.6333263516426086,0.4938320517539978,0.6446975469589233,0.6176452040672302,0.6662855744361877,0.6937272548675537,0.7357007265090942,0.5659523010253906,0.6970874667167664,0.5370138883590698,0.7016369104385376,0.6494981646537781,0.7161673903465271,0.7036253213882446,0.7983834743499756,0.5973219275474548,0.7599201202392578,0.5580739378929138,0.748824954032898,0.6344364881515503,0.7565598487854004,0.6716375946998596
0.7257297039031982,0.8529217839241028,0.6413268446922302,0.8013375997543335,0.5658203363418579,0.6680774688720703,0.5189468860626221,0.5698487758636475,0.4646298885345459,0.524242103099823,0.6115986108779907,0.5451359152793884,0.5905025005340576,0.3933016061782837,0.5861369967460632,0.29993146657943726,0.5832659602165222,0.22177177667617798,0.6714848875999451,0.5454537272453308,0.6313483715057373,0.4950070381164551,0.6420146822929382,0.6210528016090393,0.6636755466461182,0.693817675113678,0.7330060005187988,0.5648463368415833,0.6958684325218201,0.5389419198036194,0.6985141634941101,0.6509954333305359,0.7129329442977905,0.6991324424743652,0.7954205274581909,0.5973149538040161,0.7585803866386414,0.5577768683433533,0.7458008527755737,0.636324405670166,0.7531875967979431,0.6719675660133362
0.7267076373100281,0.8529945611953735,0.6424059867858887,0.8010266423225403,0.5646495819091797,0.6741269826889038,0.5062176585197449,0.5860736966133118,0.44483354687690735,0.5481670498847961,0.6131155490875244,0.5469614267349243,0.5930356383323669,0.39553213119506836,0.5892085433006287,0.30108019709587097,0.5882478952407837,0.22099068760871887,0.6716428995132446,0.5473319888114929,0.6308481097221375,0.4945024847984314,0.6402367949485779,0.6203904151916504,0.6626812219619751,0.6935181617736816,0.7319148778915405,0.5661399364471436,0.6932281851768494,0.5390320420265198,0.6959301233291626,0.6503161191940308,0.711618185043335,0.6999256610870361,0.7940398454666138,0.5970936417579651,0.7554352283477783,0.5579840540885925,0.7440821528434753,0.6354134678840637,0.7531412839889526,0.6716455221176147
0.7269711494445801,0.8508020043373108,0.6425756216049194,0.8024203777313232,0.5626664757728577,0.6814244389533997,0.4988710284233093,0.5981690883636475,0.43307065963745117,0.5661026835441589,0.6120668649673462,0.5469115972518921,0.590604841709137,0.39659324288368225,0.5851842761039734,0.3012941777706146,0.5828032493591309,0.22141557931900024,0.6697543859481812,0.5465065240859985,0.627607524394989,0.49513858556747437,0.6369329690933228,0.6204315423965454,0.6593830585479736,0.6940831542015076,0.7292563319206238,0.5640621781349182,0.6903749704360962,0.5378957390785217,0.6938010454177856,0.6504114270210266,0.7094939351081848,0.7008493542671204,0.791759729385376,0.5932474732398987,0.7536971569061279,0.5562290549278259,0.7418725490570068,0.6347875595092773,0.7496932148933411,0.671314001083374
0.7246530055999756,0.8537392616271973,0.6400658488273621,0.8052290678024292,0.5607820153236389,0.6852913498878479,0.49816054105758667,0.6024277806282043,0.43226414918899536,0.5691637992858887,0.6087328791618347,0.5484587550163269,0.5868963003158569,0.3987022638320923,0.5809692740440369,0.30398258566856384,0.5779638886451721,0.2251605987548828,0.6670805215835571,0.5475142598152161,0.6248071193695068,0.49719327688217163,0.6329752206802368,0.6247984766960144,0.6541742086410522,0.6979126930236816,0.7276459336280823,0.5646555423736572,0.6879212260246277,0.5382242798805237,0.6904852986335754,0.6531222462654114,0.7055980563163757,0.7018622756004333,0.7910906076431274,0.5931777954101562,0.7535994648933411,0.5585930347442627,0.7405754923820496,0.6374354958534241,0.7474832534790039,0.6708185076713562
0.7227311134338379,0.8552475571632385,0.6379905343055725,0.8067023754119873,0.5581020712852478,0.6889459490776062,0.49223220348358154,0.6099849939346313,0.42533689737319946,0.5830767750740051,0.6059414148330688,0.5504299402236938,0.5846347808837891,0.40060555934906006,0.5784788131713867,0.3053606152534485,0.5755382180213928,0.22593888640403748,0.664432168006897,0.5489858984947205,0.6220160722732544,0.49874866008758545,0.6313344240188599,0.6260839700698853,0.6537753939628601,0.6986240744590759,0.7247859835624695,0.5657042264938354,0.6859210729598999,0.5414900779724121,0.6889854669570923,0.6547700762748718,0.704258143901825,0.7029432058334351,0.7878825664520264,0.5938104391098022,0.7504554986953735,0.5609021186828613,0.7378177642822266,0.6392515897750854,0.7444393038749695,0.6730203628540039
0.723131000995636,0.8598495721817017,0.6366246938705444,0.8133400678634644,0.5550966262817383,0.6959201693534851,0.48796215653419495,0.6195898056030273,0.4210894703865051,0.5982089638710022,0.6073944568634033,0.5526792407035828,0.5865513682365417,0.4035104811191559,0.5790995955467224,0.3092379570007324,0.5741427540779114,0.23103845119476318,0.6656222343444824,0.5498318672180176,0.6217027902603149,0.49988847970962524,0.6312689185142517,0.627426266670227,0.6546015739440918,0.6989878416061401,0.7254738807678223,0.5656435489654541,0.6850173473358154,0.5423108339309692,0.6884667277336121,0.6559944748878479,0.7049717307090759,0.7012877464294434,0.7875255346298218,0.592795729637146,0.7491810321807861,0.561789870262146,0.7369778156280518,0.6405458450317383,0.7449745535850525,0.6721394062042236
0.7227859497070312,0.8607973456382751,0.635338544845581,0.8190287947654724,0.5536869764328003,0.7093133330345154,0.48522618412971497,0.6366655230522156,0.41730135679244995,0.6137168407440186,0.6050139665603638,0.5549082159996033,0.5843416452407837,0.40579652786254883,0.5775313973426819,0.31066447496414185,0.5732685327529907,0.23179396986961365,0.6637316942214966,0.5515766143798828,0.6215128898620605,0.5033633708953857,0.6317394375801086,0.6293818950653076,0.6546663045883179,0.7004084587097168,0.7236130833625793,0.566720187664032,0.6838712096214294,0.5459633469581604,0.6883589625358582,0.6581230163574219,0.7047615051269531,0.7035476565361023,0.7853204011917114,0.5930204391479492,0.7477306127548218,0.5650525689125061,0.7368072271347046,0.642667293548584,0.7448818683624268,0.6743193864822388
0.725176215171814,0.860105574131012,0.6379728317260742,0.8193634152412415,0.5547856092453003,0.7195844650268555,0.4816681146621704,0.6564143896102905,0.41361168026924133,0.6343247294425964,0.6054500341415405,0.557526171207428,0.5839868783950806,0.41092807054519653,0.5760964155197144,0.3160005211830139,0.572271466255188,0.23805952072143555,0.663375735282898,0.5534792542457581,0.6208200454711914,0.5041062831878662,0.6320635676383972,0.6292203664779663,0.6562781929969788,0.6995481252670288,0.7232592701911926,0.5684508681297302,0.684969425201416,0.5503096580505371,0.6904690265655518,0.661785364151001,0.7070825099945068,0.7052656412124634,0.7852152585983276,0.5945221185684204,0.7497366070747375,0.5678500533103943,0.7388769388198853,0.6458330750465393,0.746025025844574,0.6763908267021179
0.7262391448020935,0.8598806858062744,0.6373883485794067,0.8231220245361328,0.5519440770149231,0.7345037460327148,0.4744190573692322,0.6786696910858154,0.4041505455970764,0.6588389873504639,0.6063779592514038,0.5593161582946777,0.5830193758010864,0.41397154331207275,0.5749809741973877,0.31792113184928894,0.572128176689148,0.241048663854599,0.6633926630020142,0.554121732711792,0.6177956461906433,0.5093352198600769,0.6295540928840637,0.6343241333961487,0.65524822473526,0.7041354775428772,0.7218231558799744,0.5675555467605591,0.6790189146995544,0.5509421229362488,0.6864608526229858,0.6614545583724976,0.7053054571151733,0.7069509625434875,0.7830142378807068,0.5922162532806396,0.7424863576889038,0.5688844323158264,0.7346380352973938,0.6464607119560242,0.7451145052909851,0.6778468489646912
0.7270285487174988,0.8633486032485962,0.6389011740684509,0.8286417722702026,0.5513625741004944,0.741531252861023,0.47240257263183594,0.6899495124816895,0.40063953399658203,0.6764764785766602,0.6059146523475647,0.5633471012115479,0.5806416869163513,0.4151623249053955,0.5719823241233826,0.3181897699832916,0.5679537653923035,0.2407577931880951,0.6620535850524902,0.5570727586746216,0.6123437881469727,0.5146012902259827,0.6271786093711853,0.6408215165138245,0.6549445390701294,0.7056371569633484,0.7212305665016174,0.5693098306655884,0.6743249297142029,0.5566291809082031,0.6850978136062622,0.667730450630188,0.7054675221443176,0.7073572874069214,0.7836703062057495,0.5939657688140869,0.7395884990692139,0.5715277194976807,0.7337373495101929,0.6510887145996094,0.7458029985427856,0.679842472076416
0.7319300174713135,0.8689128756523132,0.6426206231117249,0.8355536460876465,0.5526396632194519,0.7479840517044067,0.47064703702926636,0.6958323121070862,0.397836834192276,0.6903520226478577,0.6081490516662598,0.5690026879310608,0.5822436809539795,0.41938579082489014,0.5734276175498962,0.32079944014549255,0.5686985850334167,0.24173986911773682,0.6634474992752075,0.5588642358779907,0.6119412779808044,0.518804132938385,0.6276342868804932,0.6431792974472046,0.6564628481864929,0.7089295387268066,0.7222285866737366,0.568448543548584,0.674332857131958,0.5573647618293762,0.6855528354644775,0.6665611267089844,0.706437349319458,0.7080675959587097,0.7844953536987305,0.591451108455658,0.7412728071212769,0.5718572735786438,0.735192060470581,0.6501675844192505,0.7469212412834167,0.6801287531852722
0.7349644899368286,0.8687717318534851,0.6447189450263977,0.838455319404602,0.5524771809577942,0.7524954080581665,0.4698389768600464,0.7021310329437256,0.3973759114742279,0.7026421427726746,0.6092562675476074,0.5687872767448425,0.5841425657272339,0.41617339849472046,0.5758681297302246,0.317449688911438,0.5719276070594788,0.23906546831130981,0.6654078364372253,0.5577090382575989,0.6145396828651428,0.5199071764945984,0.6306302547454834,0.6426651477813721,0.6595587134361267,0.7082259654998779,0.7243573665618896,0.5663788318634033,0.6770824193954468,0.5564820766448975,0.6888703107833862,0.6649168133735657,0.7095829844474792,0.7073801159858704,0.7868881821632385,0.5881744027137756,0.7436070442199707,0.5707312822341919,0.7376428842544556,0.6499578952789307,0.7486684322357178,0.6808214783668518
0.7351654767990112,0.8735731840133667,0.6444784998893738,0.8422441482543945,0.5499287843704224,0.7550951242446899,0.46756064891815186,0.7066548466682434,0.3980313539505005,0.7164214849472046,0.6113945841789246,0.5677967667579651,0.5862143635749817,0.4154108762741089,0.576554536819458,0.316827654838562,0.5708547830581665,0.2381470501422882,0.667844831943512,0.5565782189369202,0.6165192723274231,0.5175636410713196,0.6325741410255432,0.6404308080673218,0.6626362800598145,0.7079586386680603,0.7270151972770691,0.5667300820350647,0.6788408160209656,0.5561079382896423,0.6899999380111694,0.6644372940063477,0.7117933034896851,0.7071161270141602,0.7900991439819336,0.5907843112945557,0.7459471225738525,0.5705427527427673,0.7390468716621399,0.6497527956962585,0.7507930397987366,0.681613028049469
0.7363036274909973,0.8728994727134705,0.6471436619758606,0.843181312084198,0.5515812039375305,0.7569068074226379,0.47083985805511475,0.7116270661354065,0.40370070934295654,0.725575864315033,0.6140336990356445,0.5667352080345154,0.5888639688491821,0.41100403666496277,0.5793077945709229,0.31286460161209106,0.5728250741958618,0.23406484723091125,0.6704480648040771,0.5564342737197876,0.6207740902900696,0.5166199207305908,0.6351596713066101,0.6381177306175232,0.6644564270973206,0.7068600058555603,0.7294650077819824,0.5678077340126038,0.6836796998977661,0.5554269552230835,0.692811906337738,0.6639479994773865,0.7139158844947815,0.708309531211853,0.7927302122116089,0.5929957628250122,0.750793993473053,0.5676538944244385,0.7419564127922058,0.6475766897201538,0.7522989511489868,0.6823895573616028
0.7419752478599548,0.8713958263397217,0.65177321434021,0.8421760201454163,0.5550547242164612,0.7578957080841064,0.47216805815696716,0.7184591889381409,0.4052206873893738,0.7405257225036621,0.6190822124481201,0.5656307339668274,0.5921781063079834,0.4083560109138489,0.5821335315704346,0.309446781873703,0.5753830075263977,0.23028582334518433,0.6745069026947021,0.5540330410003662,0.6206514239311218,0.5151122212409973,0.6350414156913757,0.6364995837211609,0.665828287601471,0.7037143111228943,0.7331137657165527,0.5651008486747742,0.6836248636245728,0.5524381995201111,0.6935335993766785,0.6604830622673035,0.7166925072669983,0.7028254270553589,0.7962510585784912,0.5907139182090759,0.7514201402664185,0.5658271312713623,0.7429044246673584,0.6458149552345276,0.7548547387123108,0.6797364950180054
0.7464281320571899,0.870529294013977,0.6555908918380737,0.8424544334411621,0.5568963289260864,0.7613162994384766,0.47188323736190796,0.7295740842819214,0.40507155656814575,0.7543242573738098,0.621691107749939,0.5638125538825989,0.5946961045265198,0.40702491998672485,0.5840625762939453,0.30820563435554504,0.5763885974884033,0.2286253571510315,0.6774045825004578,0.5500783324241638,0.6234151721000671,0.5158752799034119,0.6381106972694397,0.6364738345146179,0.6690512299537659,0.7027614712715149,0.7358598113059998,0.5600272417068481,0.6869994401931763,0.5505506992340088,0.6966499090194702,0.6582302451133728,0.7196847796440125,0.7004110813140869,0.7986369729042053,0.5847582817077637,0.7547999620437622,0.5630097985267639,0.7454100251197815,0.6440666913986206,0.755997896194458,0.6795015931129456
0.750320315361023,0.8711374998092651,0.6614241600036621,0.8438323736190796,0.563245952129364,0.7658534049987793,0.477567195892334,0.7379392385482788,0.4115138053894043,0.7638103365898132,0.6252591609954834,0.5641396045684814,0.5975065231323242,0.40642672777175903,0.5865291953086853,0.3070523738861084,0.57878178358078,0.22665655612945557,0.6801800727844238,0.5493034720420837,0.623870313167572,0.5149264335632324,0.6389299035072327,0.6364153623580933,0.6705383062362671,0.7013529539108276,0.7382822632789612,0.5585170984268188,0.6874026656150818,0.5514979362487793,0.6987119913101196,0.6584900617599487,0.7234090566635132,0.6969814300537109,0.8007518649101257,0.5824969410896301,0.754584550857544,0.5612332224845886,0.7465391755104065,0.6422353386878967,0.7588845491409302,0.6752287745475769
0.7542248964309692,0.8687578439712524,0.6641567349433899,0.8410075902938843,0.5653688907623291,0.7663229703903198,0.4766204357147217,0.7438284158706665,0.4082074761390686,0.7710756063461304,0.6259759664535522,0.5648201704025269,0.5993382930755615,0.4079510569572449,0.5889343619346619,0.30738234519958496,0.581635594367981,0.22647804021835327,0.6809318661689758,0.549254298210144,0.6251928210258484,0.5169376134872437,0.6417261958122253,0.6364912390708923,0.6736725568771362,0.700272262096405,0.7390072345733643,0.5572322607040405,0.6891871690750122,0.5537314414978027,0.7020286917686462,0.6580657958984375,0.7266101837158203,0.6948913931846619,0.801134467124939,0.579479992389679,0.7559256553649902,0.5641801953315735,0.749370276927948,0.6431591510772705,0.7618674039840698,0.6734970808029175
0.754301130771637,0.8674293756484985,0.6639324426651001,0.8427527546882629,0.5634700059890747,0.7671992182731628,0.4764379858970642,0.7431091666221619,0.41145145893096924,0.7718908190727234,0.6252548098564148,0.5631816983222961,0.5992623567581177,0.4065704941749573,0.5888632535934448,0.3058691918849945,0.582203209400177,0.2255910038948059,0.6807487607002258,0.548419177532196,0.6247673630714417,0.5168306827545166,0.6410468220710754,0.6366986036300659,0.6733576059341431,0.701158881187439,0.7388570308685303,0.5563463568687439,0.6880266666412354,0.5517364740371704,0.7006242275238037,0.6575908064842224,0.7253273725509644,0.6959832310676575,0.8014355897903442,0.5783889293670654,0.7546429634094238,0.5617042183876038,0.7486404776573181,0.6422067880630493,0.761874794960022,0.6736515760421753
0.7562021613121033,0.866942822933197,0.6645403504371643,0.8425456881523132,0.5639243125915527,0.7684287428855896,0.47667041420936584,0.7448557019233704,0.41108930110931396,0.7719976305961609,0.6260016560554504,0.5623261332511902,0.5992982983589172,0.40624308586120605,0.5887152552604675,0.30569228529930115,0.5821650624275208,0.22555649280548096,0.681524395942688,0.5470360517501831,0.6239455342292786,0.5163844227790833,0.6407009959220886,0.6364307999610901,0.6734506487846375,0.7011091113090515,0.7394508123397827,0.5547706484794617,0.6872390508651733,0.5520527958869934,0.700493574142456,0.6571929454803467,0.7255299091339111,0.6961489319801331,0.8017621636390686,0.5769549608230591,0.7538296580314636,0.5624105930328369,0.7481928467750549,0.6425806283950806,0.7612816095352173,0.6746599078178406
0.7537702918052673,0.8661059141159058,0.6624586582183838,0.8412445187568665,0.5609042644500732,0.7662038207054138,0.4745126962661743,0.7422962188720703,0.40968310832977295,0.771515429019928,0.6250776648521423,0.5602048635482788,0.5989471077919006,0.4045926630496979,0.5888497233390808,0.30410563945770264,0.582649827003479,0.22463855147361755,0.6812095046043396,0.5447823405265808,0.6237850785255432,0.5162864327430725,0.6405330300331116,0.6367151141166687,0.6729055047035217,0.7010383605957031,0.739545464515686,0.5525060892105103,0.6871451139450073,0.5503953695297241,0.700451672077179,0.655644953250885,0.7251347303390503,0.694418728351593,0.8019120693206787,0.574648916721344,0.7538821697235107,0.5608043670654297,0.7484772205352783,0.6411038041114807,0.761713981628418,0.6726000308990479
0.7523313760757446,0.8659393787384033,0.6617838740348816,0.8411493301391602,0.5606421828269958,0.7649403214454651,0.47452858090400696,0.7389345169067383,0.40956875681877136,0.7676839828491211,0.6242806315422058,0.5605217814445496,0.5988947153091431,0.404646635055542,0.588870644569397,0.30424994230270386,0.582252025604248,0.2243214249610901,0.6802923679351807,0.5455440878868103,0.6241119503974915,0.5132679343223572,0.6406665444374084,0.6335864663124084,0.6729385852813721,0.699151337146759,0.7388328313827515,0.5540632009506226,0.6871097683906555,0.5484865307807922,0.6999645829200745,0.6541807651519775,0.7247970700263977,0.6940023899078369,0.8016970157623291,0.5775030851364136,0.7544466853141785,0.5593987703323364,0.7484220266342163,0.639164924621582,0.7613876461982727,0.6717778444290161
0.7527308464050293,0.8649190068244934,0.6617706418037415,0.8397422432899475,0.5607243180274963,0.7636462450027466,0.4738834500312805,0.7381221055984497,0.4075580835342407,0.7673246264457703,0.624207079410553,0.5599286556243896,0.5976001024246216,0.4046779274940491,0.5869070291519165,0.30432775616645813,0.5802373290061951,0.22406592965126038,0.6803188323974609,0.5446513891220093,0.6239858269691467,0.5124841332435608,0.6408684253692627,0.6337538957595825,0.6737903952598572,0.6990131735801697,0.7389119863510132,0.5525961518287659,0.6871483325958252,0.5459458231925964,0.6999945044517517,0.6516400575637817,0.7252336740493774,0.6918883323669434,0.8016871809959412,0.5753767490386963,0.7544682621955872,0.5566685199737549,0.7486387491226196,0.6363087892532349,0.7619513869285583,0.6693367958068848
0.7533408403396606,0.8618172407150269,0.6629362106323242,0.8348181843757629,0.5625675916671753,0.7599191069602966,0.4750889539718628,0.7363118529319763,0.4067499041557312,0.7632954120635986,0.6232690811157227,0.5594035983085632,0.597297728061676,0.40407615900039673,0.5870828032493591,0.3042767345905304,0.5807977914810181,0.22417813539505005,0.6793244481086731,0.5444339513778687,0.6252520084381104,0.5108222365379333,0.6420363783836365,0.6327452659606934,0.6744288802146912,0.6969545483589172,0.7381941676139832,0.5524266958236694,0.6886497735977173,0.5452514290809631,0.700585126876831,0.6514401435852051,0.7249568700790405,0.690943717956543,0.8009657859802246,0.5748499035835266,0.7556806802749634,0.5559210181236267,0.74857097864151,0.6358186602592468,0.7605114579200745,0.6688382029533386
0.7544143199920654,0.8572533130645752,0.6638789176940918,0.8308067917823792,0.5623923540115356,0.7560839653015137,0.4748117923736572,0.7319120764732361,0.40684592723846436,0.7596997022628784,0.6224937438964844,0.5578835010528564,0.5966641306877136,0.40264081954956055,0.5868698358535767,0.30374979972839355,0.5814030170440674,0.22430142760276794,0.6789175868034363,0.5438753962516785,0.6258682012557983,0.5090594291687012,0.6413290500640869,0.6300659775733948,0.6729247570037842,0.6957313418388367,0.737757682800293,0.5524643063545227,0.6886950731277466,0.5435563921928406,0.6997776627540588,0.6495134234428406,0.7237036228179932,0.6908443570137024,0.8003908395767212,0.5748122334480286,0.7547236680984497,0.5542354583740234,0.7479032874107361,0.6337186098098755,0.7603440284729004,0.6674524545669556
0.7493434548377991,0.8546419739723206,0.6603383421897888,0.8288686871528625,0.5605323314666748,0.7509950995445251,0.47659623622894287,0.7188192009925842,0.4118848443031311,0.7452751994132996,0.6203031539916992,0.5573750138282776,0.5984042286872864,0.40160563588142395,0.5896862745285034,0.30264097452163696,0.5846030712127686,0.22364604473114014,0.6779945492744446,0.5458142757415771,0.6276370882987976,0.5042951107025146,0.6411042809486389,0.6251062750816345,0.670380711555481,0.6944481134414673,0.737228512763977,0.5555813312530518,0.6905388236045837,0.5412606000900269,0.7002286911010742,0.6485965847969055,0.721971333026886,0.6929697394371033,0.8004675507545471,0.5776490569114685,0.7558457851409912,0.5529860258102417,0.7485277652740479,0.6327334642410278,0.7597499489784241,0.6674792170524597
0.7492204904556274,0.848930835723877,0.6593018174171448,0.8195667266845703,0.5659677982330322,0.7411249876022339,0.4862028956413269,0.6991512775421143,0.4194185435771942,0.6979776620864868,0.6223983764648438,0.5529196858406067,0.6004033088684082,0.3972628116607666,0.5921871662139893,0.30020931363105774,0.5876046419143677,0.22063517570495605,0.6797294616699219,0.5446009635925293,0.6312373876571655,0.5018901228904724,0.6453118920326233,0.6222777366638184,0.6740670204162598,0.6931377649307251,0.7385708689689636,0.5560873746871948,0.6938124895095825,0.5395116209983826,0.703372597694397,0.644811749458313,0.7241777181625366,0.6901770234107971,0.8012592792510986,0.5794453620910645,0.7596206665039062,0.5514793395996094,0.7516305446624756,0.6298871040344238,0.7615242004394531,0.6654876470565796
0.7398504018783569,0.8464832901954651,0.6529025435447693,0.8085322976112366,0.563705325126648,0.7078922390937805,0.4951951205730438,0.6483357548713684,0.43378546833992004,0.6372174024581909,0.6221131086349487,0.5416952967643738,0.6042882204055786,0.38743993639945984,0.6000430583953857,0.2896720767021179,0.59714674949646,0.21089482307434082,0.6809836030006409,0.53560870885849,0.6331608891487122,0.4976041913032532,0.6461807489395142,0.6196097135543823,0.6709677577018738,0.6936845779418945,0.7407587766647339,0.549961268901825,0.6958584785461426,0.5388603806495667,0.7068192362785339,0.6478112936019897,0.725814700126648,0.6935849189758301,0.803113579750061,0.5762326717376709,0.7614054679870605,0.5576204657554626,0.7543221712112427,0.6352406740188599,0.7642361521720886,0.6632903814315796
0.7355852127075195,0.8474962711334229,0.6542590856552124,0.8053593635559082,0.5698516964912415,0.6882232427597046,0.510429322719574,0.6121227145195007,0.45197826623916626,0.595244288444519,0.6268457174301147,0.5342605113983154,0.608126163482666,0.3818092942237854,0.6050288677215576,0.2871260941028595,0.6020457148551941,0.21108677983283997,0.6862006187438965,0.5319731831550598,0.6387807726860046,0.4917977750301361,0.6490870714187622,0.6167062520980835,0.6706470251083374,0.6910393238067627,0.7463995814323425,0.5492529273033142,0.7019874453544617,0.5357428789138794,0.7085288166999817,0.6485847234725952,0.724961519241333,0.6941655874252319,0.8083922266960144,0.5780080556869507,0.7674740552902222,0.5573965907096863,0.7574260234832764,0.6364609003067017,0.7662774324417114,0.6645496487617493
0.740690290927887,0.8490861654281616,0.6574121117591858,0.803379476070404,0.5760498046875,0.680458664894104,0.5227750539779663,0.6004266738891602,0.47054460644721985,0.5738564133644104,0.6333032250404358,0.5304004549980164,0.616675853729248,0.3767992854118347,0.6136182546615601,0.28152090311050415,0.6109611392021179,0.2051345407962799,0.6912431716918945,0.5298731923103333,0.6450977921485901,0.48671799898147583,0.6529939770698547,0.6115998029708862,0.6739130020141602,0.6845415830612183,0.750805675983429,0.5473203659057617,0.7077301144599915,0.5319774150848389,0.7119447588920593,0.646346390247345,0.7282459735870361,0.689235508441925,0.8127974271774292,0.5763744115829468,0.7716981172561646,0.5526347160339355,0.7610663771629333,0.6347962617874146,0.7714316844940186,0.6633906364440918
0.7380019426345825,0.842790961265564,0.6564592123031616,0.7937594056129456,0.5815428495407104,0.6703753471374512,0.5366889238357544,0.585454523563385,0.4938350319862366,0.5456516742706299,0.6387458443641663,0.5214197635650635,0.623711347579956,0.3699660897254944,0.6211820244789124,0.2766575217247009,0.6206610798835754,0.20237433910369873,0.6963377594947815,0.5250416994094849,0.6516545414924622,0.4808329939842224,0.6566705703735352,0.6048328876495361,0.6761792302131653,0.6818380355834961,0.7544320821762085,0.5448662638664246,0.7116206884384155,0.522702157497406,0.7127500176429749,0.6369207501411438,0.7273521423339844,0.6873930096626282,0.814592719078064,0.5774554014205933,0.7734166383743286,0.5461744070053101,0.7607309818267822,0.6262301206588745,0.7699545621871948,0.6608067154884338
0.7397576570510864,0.8421120047569275,0.6585993766784668,0.7909773588180542,0.5882893800735474,0.663474977016449,0.5473512411117554,0.5741427540779114,0.5079988837242126,0.5302699208259583,0.6445748209953308,0.5187488794326782,0.6320949196815491,0.3674912452697754,0.6303562521934509,0.27380436658859253,0.6313900947570801,0.197361558675766,0.7009784579277039,0.5225364565849304,0.6539346575737,0.4736250042915344,0.6578261852264404,0.598941445350647,0.6792902946472168,0.6747514009475708,0.7578211426734924,0.5419372320175171,0.7130785584449768,0.5188800096511841,0.7133593559265137,0.6336814761161804,0.729966938495636,0.6827367544174194,0.8170818090438843,0.5738710761070251,0.773642361164093,0.5428373217582703,0.7604324817657471,0.6231776475906372,0.7710095643997192,0.6569867730140686
0.738091766834259,0.8355885744094849,0.6562389731407166,0.7835583686828613,0.5877703428268433,0.6541629433631897,0.5517619252204895,0.5632740259170532,0.5169091820716858,0.5178541541099548,0.644088864326477,0.5116674900054932,0.6301961541175842,0.35831546783447266,0.6286888718605042,0.2647317349910736,0.6313267350196838,0.1883748173713684,0.7015178799629211,0.5161705017089844,0.6552214622497559,0.46883007884025574,0.6581189632415771,0.5929762721061707,0.6793645620346069,0.6634960174560547,0.7589830756187439,0.5356516242027283,0.7131671905517578,0.514134407043457,0.7131426930427551,0.6276504397392273,0.7307900190353394,0.6719701290130615,0.8185974955558777,0.5678076148033142,0.7736262083053589,0.5387658476829529,0.7603992223739624,0.6182326078414917,0.7724789977073669,0.6496275663375854
0.736528217792511,0.8305195569992065,0.6550242900848389,0.774362325668335,0.5885767340660095,0.6463059782981873,0.5525814890861511,0.5562556982040405,0.5221917033195496,0.5045008063316345,0.6439520716667175,0.505183756351471,0.6306927800178528,0.3517213463783264,0.6288782954216003,0.25861430168151855,0.6311625242233276,0.1822558045387268,0.7006447911262512,0.5110587477684021,0.6509054899215698,0.46367841958999634,0.6536062955856323,0.5881402492523193,0.6747748851776123,0.6606186628341675,0.758175790309906,0.5314357280731201,0.7092137336730957,0.5089078545570374,0.7101945877075195,0.6245294809341431,0.7285774350166321,0.6708492040634155,0.8188136219978333,0.5643422603607178,0.7731066942214966,0.5334436297416687,0.7590218782424927,0.6146685481071472,0.7708742618560791,0.6468762159347534
0.7374535799026489,0.829334020614624,0.6557580232620239,0.7726653218269348,0.5889880061149597,0.6432522535324097,0.5533264875411987,0.5527194738388062,0.5227365493774414,0.5012254118919373,0.640198826789856,0.507232129573822,0.6267774105072021,0.3530982732772827,0.6244660019874573,0.2604845464229584,0.6254377961158752,0.18313199281692505,0.6978588104248047,0.5125168561935425,0.649631679058075,0.46213871240615845,0.6540406942367554,0.5845557451248169,0.6743605136871338,0.6586558818817139,0.7555245161056519,0.5317702889442444,0.707468569278717,0.506434977054596,0.7097623944282532,0.621197521686554,0.7271652817726135,0.6697729229927063,0.8164613842964172,0.5628876090049744,0.7702580690383911,0.5305286645889282,0.7584096193313599,0.6114469766616821,0.7703838348388672,0.6443244814872742
0.7403314113616943,0.8262441754341125,0.6572468280792236,0.772591233253479,0.5877732634544373,0.6442710161209106,0.5510581731796265,0.5547358393669128,0.5194162130355835,0.50475013256073,0.6367648839950562,0.5066660046577454,0.6225263476371765,0.35368770360946655,0.6198590993881226,0.26231688261032104,0.6204245686531067,0.1865876019001007,0.6944437026977539,0.5104219913482666,0.6458127498626709,0.46446067094802856,0.6532758474349976,0.5860574245452881,0.675689697265625,0.6598007082939148,0.7522202134132385,0.5278370380401611,0.7052859663963318,0.5057014226913452,0.7105393409729004,0.6187249422073364,0.7295462489128113,0.6677309274673462,0.8133580684661865,0.5572465658187866,0.7680759429931641,0.526462733745575,0.7581237554550171,0.6067048907279968,0.7710090279579163,0.6404744982719421
0.7408207058906555,0.8285651206970215,0.6569932699203491,0.7769650816917419,0.5856729745864868,0.6477206945419312,0.548638105392456,0.5584753155708313,0.5130492448806763,0.5149698853492737,0.6330724358558655,0.5093340873718262,0.6170729398727417,0.3563627600669861,0.6132648587226868,0.2642999589443207,0.6132737994194031,0.18956011533737183,0.6903263330459595,0.5114437341690063,0.6407531499862671,0.46538466215133667,0.6479473114013672,0.5852389931678772,0.6708086729049683,0.6592960953712463,0.7478944063186646,0.5275275111198425,0.7006267309188843,0.50618976354599,0.7056639194488525,0.6172957420349121,0.7246595025062561,0.666660726070404,0.8091860413551331,0.5557736754417419,0.7645458579063416,0.5250415205955505,0.7546944618225098,0.6037603616714478,0.7672029137611389,0.638669490814209
0.740297794342041,0.8314535617828369,0.6553592085838318,0.7796602845191956,0.5831349492073059,0.6517144441604614,0.5441392660140991,0.5639553070068359,0.5043773055076599,0.5264831781387329,0.631336510181427,0.5151433348655701,0.6137758493423462,0.36002010107040405,0.6098655462265015,0.2666945457458496,0.6097363233566284,0.1903999149799347,0.6876731514930725,0.5183929800987244,0.6393638849258423,0.4700865149497986,0.648095428943634,0.5900409817695618,0.6715998649597168,0.6640596389770508,0.7441984415054321,0.5330020785331726,0.6983017325401306,0.5085921883583069,0.7040203213691711,0.6192883253097534,0.7230815887451172,0.6700581312179565,0.8047212958335876,0.5579137802124023,0.7612199187278748,0.5243943929672241,0.7514704465866089,0.6031109690666199,0.7634313106536865,0.6401684284210205
0.7366665601730347,0.8319682478904724,0.6515476107597351,0.7819066047668457,0.5788426995277405,0.6572476029396057,0.5370758771896362,0.5735707879066467,0.49198129773139954,0.5382208824157715,0.6295378804206848,0.5160461664199829,0.6117787957191467,0.3638026714324951,0.6069130897521973,0.2725023627281189,0.6053939461708069,0.19674336910247803,0.6854050755500793,0.5188080072402954,0.6337485313415527,0.4711357653141022,0.6425751447677612,0.5931473970413208,0.6675667762756348,0.6660260558128357,0.7413885593414307,0.533851683139801,0.6937629580497742,0.5135445594787598,0.6991255283355713,0.6258549690246582,0.7190169095993042,0.6734464764595032,0.8009940981864929,0.5590625405311584,0.7571496963500977,0.5280565619468689,0.7472388744354248,0.6087315082550049,0.7596835494041443,0.6440998911857605
0.7373561859130859,0.8340986967086792,0.6509828567504883,0.7886439561843872,0.5766748189926147,0.6654754877090454,0.5309767723083496,0.5808583498001099,0.4804232716560364,0.5461083650588989,0.624448299407959,0.5209679007530212,0.6056298017501831,0.3667981028556824,0.6014810800552368,0.27328163385391235,0.6005253791809082,0.19670483469963074,0.6802808046340942,0.5236320495605469,0.6315228939056396,0.4726484715938568,0.6403764486312866,0.5935924053192139,0.6642211675643921,0.6674032211303711,0.7371048927307129,0.5400610566139221,0.6922870874404907,0.5169268846511841,0.6966375112533569,0.6289424896240234,0.7141125202178955,0.6791115999221802,0.7974888682365417,0.5671194195747375,0.7551238536834717,0.5344114899635315,0.7449749112129211,0.6135460138320923,0.7558128237724304,0.6496976017951965
0.7325944900512695,0.8380577564239502,0.6476633548736572,0.793541431427002,0.5682511925697327,0.6729268431663513,0.5117961168289185,0.5945225954055786,0.45463913679122925,0.5663768649101257,0.6186670660972595,0.5251783132553101,0.5984132885932922,0.37194955348968506,0.5939441919326782,0.2802426517009735,0.5933213233947754,0.20200422406196594,0.6752825975418091,0.5251067280769348,0.6276434659957886,0.47551360726356506,0.6362045407295227,0.5997968912124634,0.6606838703155518,0.6721441745758057,0.7329655885696411,0.541532039642334,0.688684344291687,0.5227456092834473,0.6928930878639221,0.6348564028739929,0.7111721038818359,0.682249903678894,0.7940122485160828,0.5688004493713379,0.7515057921409607,0.5367642045021057,0.7410949468612671,0.6176501512527466,0.7517436146736145,0.6545526385307312
0.7289872169494629,0.8361796736717224,0.6459168195724487,0.7893308401107788,0.5650271773338318,0.6703406572341919,0.509592592716217,0.594927966594696,0.4525691270828247,0.5674847960472107,0.618703305721283,0.5211461782455444,0.5980129837989807,0.3733595609664917,0.5940176844596863,0.2843734622001648,0.5928603410720825,0.20991721749305725,0.6750181317329407,0.5214186906814575,0.6276265382766724,0.4757186770439148,0.6387097835540771,0.5999152064323425,0.6634998917579651,0.6735459566116333,0.7332407236099243,0.5387020111083984,0.6895097494125366,0.5201498866081238,0.6945196986198425,0.6340047121047974,0.7112864255905151,0.6839824318885803,0.7943201661109924,0.5685262680053711,0.7516442537307739,0.5326299071311951,0.740003228187561,0.6149392127990723,0.7486411929130554,0.6533992290496826
0.7292032837867737,0.838284969329834,0.6457361578941345,0.7940908074378967,0.5629681944847107,0.6783358454704285,0.5027785897254944,0.607282280921936,0.4430427849292755,0.5865856409072876,0.613392174243927,0.5270914435386658,0.5917212963104248,0.3757837414741516,0.5869923830032349,0.2836460769176483,0.585824728012085,0.205661803483963,0.6705227494239807,0.5265311002731323,0.6261582374572754,0.4767697751522064,0.6359556317329407,0.6032143831253052,0.6600925326347351,0.6780648231506348,0.7296116948127747,0.5427935719490051,0.6879260540008545,0.522429883480072,0.6918364763259888,0.6353034973144531,0.7090513706207275,0.6846556067466736,0.792165994644165,0.570545494556427,0.7519115209579468,0.5346884727478027,0.7389078140258789,0.6151793599128723,0.7463002800941467,0.6534016728401184
0.7294460535049438,0.8401598930358887,0.6455104351043701,0.7988116145133972,0.55860835313797,0.690180242061615,0.491999089717865,0.6269397735595703,0.42922574281692505,0.6077945232391357,0.6083056926727295,0.5305334329605103,0.5842939615249634,0.3791295886039734,0.5770442485809326,0.28631216287612915,0.5730293989181519,0.2093152403831482,0.6648170948028564,0.5311449766159058,0.6197832822799683,0.48109132051467896,0.6320511698722839,0.60843825340271,0.657283365726471,0.6824789047241211,0.7242767214775085,0.5482668876647949,0.6832970976829529,0.5256984829902649,0.6892406344413757,0.6384609341621399,0.7064898014068604,0.6857102513313293,0.7879327535629272,0.5763499736785889,0.7493029236793518,0.5377745628356934,0.7366203665733337,0.6196416616439819,0.7429836988449097,0.6579358577728271
0.7302740216255188,0.8439924716949463,0.6427515745162964,0.8027961850166321,0.5523945689201355,0.7070730328559875,0.4776025712490082,0.6557698249816895,0.41012150049209595,0.6375221610069275,0.6028021574020386,0.5372740030288696,0.5773394703865051,0.38850656151771545,0.5669510364532471,0.29511576890945435,0.5594596266746521,0.21718743443489075,0.6610234975814819,0.5343754291534424,0.6153323650360107,0.4874913990497589,0.6295459270477295,0.6129740476608276,0.6549321413040161,0.6874141097068787,0.7220826148986816,0.5495620369911194,0.6798878312110901,0.5264437794685364,0.6881542205810547,0.639787495136261,0.7052687406539917,0.6896302700042725,0.7873138189315796,0.575425922870636,0.7472565770149231,0.5394615530967712,0.7366728782653809,0.6215990781784058,0.743314802646637,0.6605200171470642
0.7254526019096375,0.8423047065734863,0.6363940238952637,0.8124895095825195,0.5434944033622742,0.7350603342056274,0.4625377953052521,0.6917287707328796,0.3927399218082428,0.674282431602478,0.5925721526145935,0.5403076410293579,0.5640147924423218,0.39216384291648865,0.5514369606971741,0.29563677310943604,0.5429585576057434,0.21734485030174255,0.6523174047470093,0.5344495177268982,0.6090341210365295,0.4945541024208069,0.6264852285385132,0.6249365210533142,0.6528289318084717,0.6898728609085083,0.7150640487670898,0.5479669570922852,0.6751735806465149,0.5335755348205566,0.6859202980995178,0.6468275785446167,0.7035419344902039,0.6859089136123657,0.7813002467155457,0.5730024576187134,0.7434679269790649,0.5452321767807007,0.7356507778167725,0.6286466121673584,0.7431928515434265,0.6600916981697083
0.7216122150421143,0.8558305501937866,0.6311725974082947,0.8288754820823669,0.5383301377296448,0.7493572235107422,0.4588918685913086,0.7014117240905762,0.38728928565979004,0.6847623586654663,0.5870938897132874,0.5530007481575012,0.5552482008934021,0.40438103675842285,0.5406920313835144,0.3057025671005249,0.529489278793335,0.22666794061660767,0.6460306644439697,0.5423601865768433,0.5992753505706787,0.5032273530960083,0.6167466640472412,0.6321136951446533,0.6423733234405518,0.6950870752334595,0.7090743184089661,0.5527926087379456,0.6663156747817993,0.5384371280670166,0.6770444512367249,0.6521095037460327,0.6947383284568787,0.6908187866210938,0.7759710550308228,0.5760239958763123,0.7359874248504639,0.5535199046134949,0.7275620102882385,0.6366990208625793,0.734736442565918,0.6668493747711182
0.7185359597206116,0.863601803779602,0.6272216439247131,0.8358516693115234,0.5309457778930664,0.7524246573448181,0.4463357627391815,0.7049845457077026,0.37377241253852844,0.6977631449699402,0.5779061913490295,0.5649372935295105,0.5476951003074646,0.41251182556152344,0.5338902473449707,0.31118157505989075,0.5229997038841248,0.2310057282447815,0.6386103630065918,0.5536429286003113,0.597109854221344,0.5065649151802063,0.6159754991531372,0.6379665732383728,0.641867995262146,0.7051647901535034,0.7035207748413086,0.5624653100967407,0.6677504181861877,0.5439658761024475,0.6777558922767639,0.6598418354988098,0.6935461759567261,0.7002079486846924,0.7707643508911133,0.5845535397529602,0.7376387119293213,0.5571857690811157,0.7292130589485168,0.6410738229751587,0.7352250814437866,0.6717463731765747
0.718427300453186,0.871848464012146,0.6255649328231812,0.8476341962814331,0.5217911601066589,0.7592014074325562,0.4345795512199402,0.7108429074287415,0.361521452665329,0.7191475033760071,0.5695319175720215,0.5725089907646179,0.5355035066604614,0.41936182975769043,0.5186267495155334,0.318306565284729,0.5054516792297363,0.23811379075050354,0.6300718188285828,0.5583246946334839,0.5903410911560059,0.5119748711585999,0.6110329031944275,0.6406533122062683,0.6379987001419067,0.7135445475578308,0.6951647996902466,0.565839946269989,0.6618988513946533,0.5444517731666565,0.6726087331771851,0.6594578623771667,0.6885104179382324,0.7095486521720886,0.7632657885551453,0.5875666737556458,0.7312841415405273,0.5605318546295166,0.7220543622970581,0.6427708864212036,0.7264621257781982,0.6794195175170898
0.7156059145927429,0.8764499425888062,0.620364785194397,0.8493980765342712,0.5156875252723694,0.7608012557029724,0.4276611804962158,0.7144111394882202,0.35439828038215637,0.7197046279907227,0.5613530874252319,0.5755910277366638,0.5235957503318787,0.4190441966056824,0.5076269507408142,0.3173975944519043,0.4956430196762085,0.23548194766044617,0.6229060292243958,0.5618810057640076,0.5830686092376709,0.5160984396934509,0.6035094857215881,0.644598662853241,0.6308755874633789,0.7200453877449036,0.6899552941322327,0.5714758634567261,0.6566901206970215,0.5494865775108337,0.6672301888465881,0.6644736528396606,0.6836604475975037,0.7161601781845093,0.7592893838882446,0.5964651703834534,0.7288865447044373,0.5659239292144775,0.717407763004303,0.6454928517341614,0.7210079431533813,0.6821271181106567
0.7114872336387634,0.8775887489318848,0.6179332137107849,0.8516930341720581,0.5132680535316467,0.7656093835830688,0.42293214797973633,0.7214580774307251,0.34822505712509155,0.7260424494743347,0.5522903800010681,0.5796417593955994,0.5148757100105286,0.42638009786605835,0.49814531207084656,0.3247319459915161,0.4860495924949646,0.24187850952148438,0.6145381331443787,0.564100444316864,0.5788344144821167,0.5203102231025696,0.5996406078338623,0.6478095054626465,0.6256338357925415,0.7218743562698364,0.6829420328140259,0.5721787810325623,0.6530317068099976,0.5527753829956055,0.6635673642158508,0.6664043664932251,0.6788503527641296,0.7158647775650024,0.7537583708763123,0.5948782563209534,0.7260614633560181,0.5649261474609375,0.7163100242614746,0.6442267894744873,0.7200555205345154,0.679778516292572
0.7046388387680054,0.869844913482666,0.6112815737724304,0.8474005460739136,0.5018407106399536,0.7657263278961182,0.4078391492366791,0.7277685403823853,0.3324156403541565,0.7349874973297119,0.5372992157936096,0.5786236524581909,0.49811893701553345,0.42764177918434143,0.4788457155227661,0.3297337293624878,0.4645198881626129,0.24987253546714783,0.6010627746582031,0.5617740750312805,0.5655228495597839,0.5180880427360535,0.588917076587677,0.6473656296730042,0.6161896586418152,0.7228012084960938,0.6712297797203064,0.5695998072624207,0.6429320573806763,0.5465108156204224,0.6570007801055908,0.6617411375045776,0.6740135550498962,0.7153404951095581,0.7444165349006653,0.5930737853050232,0.7180308103561401,0.5600923895835876,0.7106584310531616,0.6399271488189697,0.7147438526153564,0.6790850758552551
0.7046023011207581,0.8686245679855347,0.6106503009796143,0.848584771156311,0.5010854005813599,0.7662513256072998,0.40802961587905884,0.7279310822486877,0.3313949406147003,0.7379549145698547,0.5361049175262451,0.5776593685150146,0.4976659417152405,0.42470258474349976,0.47763851284980774,0.3267875909805298,0.46185898780822754,0.2474171221256256,0.5996977090835571,0.5619836449623108,0.5682010054588318,0.517012894153595,0.5923427939414978,0.6463361978530884,0.6185596585273743,0.7222751379013062,0.6693807244300842,0.5703506469726562,0.6423183083534241,0.5437992215156555,0.6559607982635498,0.6608530282974243,0.6709746718406677,0.7141874432563782,0.7420005798339844,0.5936791300773621,0.7149510979652405,0.5575408935546875,0.7071651816368103,0.6402311325073242,0.709760308265686,0.6788467168807983
0.6954380869865417,0.8657701015472412,0.6029740571975708,0.8429362177848816,0.4950721859931946,0.7635865211486816,0.3998514413833618,0.7277730107307434,0.3231923282146454,0.7375007271766663,0.5276563763618469,0.570315957069397,0.4890918433666229,0.4151161015033722,0.4694743752479553,0.3153921663761139,0.4537578225135803,0.23470571637153625,0.5917336940765381,0.5551588535308838,0.5610410571098328,0.5133163928985596,0.5864061713218689,0.6443601250648499,0.6130551099777222,0.7192508578300476,0.6615635752677917,0.5642648935317993,0.6354562044143677,0.540032148361206,0.6497668623924255,0.6569170951843262,0.6651870608329773,0.7093456387519836,0.7332735061645508,0.5888630151748657,0.7095416784286499,0.5570347309112549,0.7018237113952637,0.6376819610595703,0.7049193382263184,0.6740772724151611
0.6771462559700012,0.8640447854995728,0.5852673053741455,0.8447518348693848,0.4734668433666229,0.7657118439674377,0.37902358174324036,0.7327940464019775,0.3033662438392639,0.7452583312988281,0.5067575573921204,0.5678816437721252,0.4654637575149536,0.4155253767967224,0.4476702809333801,0.31494009494781494,0.43669208884239197,0.23309147357940674,0.5729785561561584,0.5511428117752075,0.540582001209259,0.5074593424797058,0.5653621554374695,0.6381095051765442,0.5923472046852112,0.7144189476966858,0.6451432108879089,0.5584144592285156,0.6167730689048767,0.5345056653022766,0.6304415464401245,0.6505964398384094,0.645913302898407,0.7039036750793457,0.7195134162902832,0.5818547010421753,0.6924077272415161,0.548750102519989,0.6843346953392029,0.6293871998786926,0.6872690916061401,0.6666243672370911
0.6711229085922241,0.8608619570732117,0.5784570574760437,0.8445737361907959,0.46454787254333496,0.7651275396347046,0.36785948276519775,0.7347452044487,0.28972405195236206,0.7487393021583557,0.4975603520870209,0.5663296580314636,0.45380347967147827,0.4095901846885681,0.43317684531211853,0.3073134422302246,0.418384850025177,0.22555145621299744,0.5635671615600586,0.5479950308799744,0.5322002172470093,0.5043337941169739,0.5610140562057495,0.6371731162071228,0.5891976356506348,0.7117376923561096,0.6356304883956909,0.552924394607544,0.6101839542388916,0.5281897187232971,0.6263123750686646,0.6482192873954773,0.640059232711792,0.7008914351463318,0.7098705768585205,0.5736976861953735,0.6858057975769043,0.5420774817466736,0.6791067123413086,0.6278244853019714,0.6799856424331665,0.6645810008049011
0.6714476346969604,0.867041826248169,0.5749796628952026,0.8491430282592773,0.4638811945915222,0.7683224678039551,0.3682035505771637,0.7375876307487488,0.2889268398284912,0.7524977326393127,0.4973064959049225,0.5723841190338135,0.4528551995754242,0.41235700249671936,0.43107905983924866,0.308234304189682,0.41401228308677673,0.2242187261581421,0.5637645721435547,0.5548858642578125,0.5292252898216248,0.5017217397689819,0.5581833124160767,0.6381499171257019,0.5866268873214722,0.712393581867218,0.6368087530136108,0.5602889060974121,0.6066837906837463,0.5273409485816956,0.623467743396759,0.6508870720863342,0.6390494704246521,0.7012392282485962,0.7119412422180176,0.5806469321250916,0.6834981441497803,0.5386661291122437,0.6771981120109558,0.6259660124778748,0.6808949112892151,0.6619321703910828
0.6641722917556763,0.861832857131958,0.5697015523910522,0.8469786047935486,0.4566115736961365,0.7660313844680786,0.3595810830593109,0.7378093004226685,0.27985817193984985,0.7515493631362915,0.4864999055862427,0.5680606961250305,0.43553805351257324,0.40760284662246704,0.41131138801574707,0.2997056841850281,0.39415794610977173,0.21041586995124817,0.5543829798698425,0.5490005612373352,0.518944501876831,0.5051409006118774,0.5532843470573425,0.6412962079048157,0.5854853987693787,0.7141456604003906,0.6295905113220215,0.5524709224700928,0.6000335812568665,0.5265263915061951,0.6207782030105591,0.6465434432029724,0.6379616856575012,0.694949746131897,0.7073037624359131,0.5706283450126648,0.6766204833984375,0.5310453176498413,0.6722729802131653,0.619638204574585,0.6769276261329651,0.6563848853111267
0.6614699363708496,0.8660866618156433,0.5649790167808533,0.8529043197631836,0.4482256770133972,0.768859326839447,0.3495078682899475,0.7355995178222656,0.2708667516708374,0.7473755478858948,0.47254490852355957,0.5718067288398743,0.41844531893730164,0.4086659252643585,0.3959457576274872,0.2978939414024353,0.38113629817962646,0.2044554054737091,0.5432024598121643,0.5500096678733826,0.5101830959320068,0.4987090528011322,0.5446959137916565,0.6374828219413757,0.5752878189086914,0.7118131518363953,0.6216329336166382,0.5512536764144897,0.5936751961708069,0.5198360681533813,0.6150192618370056,0.6429811120033264,0.6316888332366943,0.69099360704422,0.702478289604187,0.5674950480461121,0.6733546257019043,0.5277588367462158,0.6696114540100098,0.6180517673492432,0.6733778715133667,0.65241539478302
0.653685986995697,0.8638126850128174,0.5559724569320679,0.8480071425437927,0.43589696288108826,0.7628000974655151,0.33714187145233154,0.7283720970153809,0.2577487528324127,0.738745927810669,0.46356651186943054,0.5651326179504395,0.4083382785320282,0.4019887447357178,0.3842131495475769,0.29181379079818726,0.3677217364311218,0.19947472214698792,0.5349423885345459,0.542407751083374,0.4981522560119629,0.486560583114624,0.5347368121147156,0.6285911798477173,0.5688583850860596,0.7074263095855713,0.6134524941444397,0.5441219806671143,0.5851647853851318,0.5128101110458374,0.6072690486907959,0.6420428156852722,0.6242659687995911,0.6967450380325317,0.6945171356201172,0.5616036057472229,0.6651508212089539,0.5231060981750488,0.661506712436676,0.6153220534324646,0.6646921634674072,0.6532416939735413
0.6472173929214478,0.8614937663078308,0.548177182674408,0.8451395630836487,0.4249286353588104,0.7587041258811951,0.32317423820495605,0.7225284576416016,0.2423185110092163,0.7360283136367798,0.45634445548057556,0.5585306882858276,0.4024273157119751,0.39033225178718567,0.38024550676345825,0.2807586193084717,0.364624559879303,0.18957853317260742,0.5289501547813416,0.5364384055137634,0.4928942918777466,0.47810834646224976,0.52875155210495,0.621619462966919,0.5626313090324402,0.7014280557632446,0.6077727675437927,0.5383433699607849,0.5797411203384399,0.5061151385307312,0.6004891395568848,0.6367366909980774,0.6172760725021362,0.6925166845321655,0.6886594891548157,0.5555421113967896,0.6612343788146973,0.5158261656761169,0.6560434103012085,0.6086059212684631,0.6581663489341736,0.6491715312004089
0.640029788017273,0.857994019985199,0.5308189392089844,0.8427160978317261,0.40073931217193604,0.7527424097061157,0.29686975479125977,0.7137807011604309,0.21373045444488525,0.7265187501907349,0.43598151206970215,0.5543482899665833,0.38675642013549805,0.38767796754837036,0.36443108320236206,0.27590999007225037,0.3481230139732361,0.17955133318901062,0.5110194087028503,0.5257951021194458,0.47140923142433167,0.4690004587173462,0.5052326917648315,0.6146724224090576,0.538684606552124,0.7006015777587891,0.5926077365875244,0.5249134302139282,0.5580892562866211,0.49261459708213806,0.5798134207725525,0.6263579726219177,0.5989395380020142,0.6915550827980042,0.6762696504592896,0.542190432548523,0.6421463489532471,0.5087524652481079,0.6381091475486755,0.6000812649726868,0.6433427333831787,0.6426529288291931
0.6282316446304321,0.8578157424926758,0.520052433013916,0.8431081771850586,0.38868603110313416,0.7538552284240723,0.28316670656204224,0.716778039932251,0.19856896996498108,0.7305084466934204,0.4271772503852844,0.5498905181884766,0.3786305785179138,0.3817256689071655,0.35501617193222046,0.269694983959198,0.33720362186431885,0.17745235562324524,0.5018167495727539,0.5237780213356018,0.4578770697116852,0.466843843460083,0.49295276403427124,0.6127898097038269,0.5275436043739319,0.6990644335746765,0.5828647017478943,0.5224197506904602,0.5462967753410339,0.48843637108802795,0.5698525905609131,0.623247504234314,0.5883129239082336,0.6888771057128906,0.666262686252594,0.5366644859313965,0.6300026178359985,0.5019119381904602,0.6275148391723633,0.5960310101509094,0.633257269859314,0.6387343406677246
0.6273207664489746,0.8634976744651794,0.5176958441734314,0.8480923175811768,0.38938334584236145,0.7574514150619507,0.28465092182159424,0.71839439868927,0.19908028841018677,0.7295661568641663,0.4241364002227783,0.5549935102462769,0.37664157152175903,0.3809272050857544,0.3545594811439514,0.2648189067840576,0.3369007110595703,0.16869184374809265,0.4996650815010071,0.530758261680603,0.45721951127052307,0.46194055676460266,0.49419519305229187,0.609373927116394,0.5288983583450317,0.7006138563156128,0.5822369456291199,0.530916690826416,0.5461016297340393,0.488508403301239,0.570502758026123,0.623185932636261,0.5884295701980591,0.6900865435600281,0.6669812202453613,0.5470564961433411,0.6317718029022217,0.49651288986206055,0.6284230947494507,0.5910155177116394,0.633001983165741,0.6382229924201965
0.5897492170333862,0.8742185235023499,0.4759952425956726,0.8523802757263184,0.3453511893749237,0.7628915905952454,0.23290057480335236,0.7230545282363892,0.14297020435333252,0.7370275855064392,0.38661494851112366,0.541592001914978,0.3457392752170563,0.37335577607154846,0.3150346577167511,0.25946396589279175,0.28789222240448,0.1717270314693451,0.4637293517589569,0.5176963210105896,0.41721341013908386,0.4549538493156433,0.4524712860584259,0.6101576685905457,0.4866420030593872,0.6935644745826721,0.5457650423049927,0.5190572142601013,0.5101332664489746,0.48529377579689026,0.5311692357063293,0.6211904287338257,0.5452855229377747,0.6757254600524902,0.628513753414154,0.5364211201667786,0.5911975502967834,0.4933186173439026,0.5899049639701843,0.5913917422294617,0.5958742499351501,0.6306533813476562
0.5803171992301941,0.8877101540565491,0.46258780360221863,0.8691723346710205,0.3286709487438202,0.7799251079559326,0.2177354097366333,0.7394474744796753,0.13073894381523132,0.749945342540741,0.37004807591438293,0.5575035810470581,0.32462525367736816,0.3828815221786499,0.29422348737716675,0.26267361640930176,0.26823174953460693,0.17063048481941223,0.44537949562072754,0.5296944975852966,0.39904552698135376,0.4548596143722534,0.432369202375412,0.6068608164787292,0.46535542607307434,0.7072060704231262,0.5262759923934937,0.526901364326477,0.4889039993286133,0.48441439867019653,0.511052131652832,0.622420072555542,0.5265945196151733,0.6933953762054443,0.6102986931800842,0.5407521724700928,0.5727485418319702,0.4970060884952545,0.5698918700218201,0.5981383323669434,0.5730288028717041,0.649634063243866
0.5776531100273132,0.8821240067481995,0.4652750492095947,0.8652607798576355,0.32983988523483276,0.771425724029541,0.21465009450912476,0.7316456437110901,0.1275539994239807,0.7504632472991943,0.3698107600212097,0.5464089512825012,0.3188891112804413,0.37095677852630615,0.29107004404067993,0.2569763958454132,0.26631516218185425,0.16741371154785156,0.44411924481391907,0.5215113162994385,0.400396466255188,0.4613887667655945,0.43534064292907715,0.6089088320732117,0.46833527088165283,0.7008267045021057,0.5244646668434143,0.5224361419677734,0.4888225495815277,0.4901333153247833,0.5123598575592041,0.6256653070449829,0.5302826166152954,0.691170871257782,0.6075462102890015,0.5399599671363831,0.5726022720336914,0.5022083520889282,0.5697414875030518,0.59976726770401,0.5739653706550598,0.6465625166893005
0.5245320796966553,0.892530620098114,0.41382983326911926,0.8788084387779236,0.2828467786312103,0.8049459457397461,0.17270168662071228,0.7818184494972229,0.08252155780792236,0.7860882878303528,0.32991039752960205,0.5605364441871643,0.27743852138519287,0.3747482895851135,0.24641461670398712,0.2592256963253021,0.2215348184108734,0.16708454489707947,0.4036162495613098,0.5363169312477112,0.3450818359851837,0.4744962453842163,0.3779563307762146,0.6285915374755859,0.41713595390319824,0.7164701819419861,0.48214104771614075,0.5348638296127319,0.4332280158996582,0.508594810962677,0.45755261182785034,0.645999550819397,0.4821259379386902,0.7040886878967285,0.5639415383338928,0.5477411150932312,0.5121331810951233,0.5139988660812378,0.5133088231086731,0.6151061058044434,0.527872622013092,0.6577187180519104
0.531190037727356,0.904387354850769,0.4196881651878357,0.8897316455841064,0.28392016887664795,0.80545574426651,0.1707117110490799,0.7669866681098938,0.08016198873519897,0.7597237825393677,0.3291700482368469,0.5659655332565308,0.27426213026046753,0.3837468922138214,0.2438795566558838,0.2658732831478119,0.2184346318244934,0.1738162636756897,0.4016561508178711,0.5382563471794128,0.3502555787563324,0.4727766811847687,0.38749223947525024,0.6253470778465271,0.4261271357536316,0.7176019549369812,0.48093533515930176,0.5354705452919006,0.4397978186607361,0.5028344988822937,0.4628351330757141,0.6369919776916504,0.4846585988998413,0.6969823837280273,0.5639055967330933,0.5496050119400024,0.5244264602661133,0.5121065974235535,0.5209985375404358,0.6089850068092346,0.5283238887786865,0.6512330174446106
0.48944103717803955,0.9139118194580078,0.37337008118629456,0.898197591304779,0.24084913730621338,0.8209467530250549,0.13140326738357544,0.7859838604927063,0.0430375337600708,0.7691770792007446,0.28461870551109314,0.5830152630805969,0.22827619314193726,0.39941051602363586,0.19709599018096924,0.2785629332065582,0.17333361506462097,0.1813710629940033,0.35947591066360474,0.5533599853515625,0.2995227575302124,0.4793011248111725,0.3347334861755371,0.6401476860046387,0.3777870535850525,0.73858642578125,0.43961337208747864,0.5465391874313354,0.3901371657848358,0.5113648772239685,0.4156906008720398,0.6558076739311218,0.4432251751422882,0.7229236960411072,0.5237910747528076,0.5562238693237305,0.4745948016643524,0.516579270362854,0.4760195016860962,0.6212107539176941,0.49194687604904175,0.6699727773666382
0.47872477769851685,0.9238184094429016,0.366709440946579,0.9064157009124756,0.23517170548439026,0.823294460773468,0.12824581563472748,0.7822227478027344,0.04619988799095154,0.7529768943786621,0.28086408972740173,0.5744960308074951,0.22085018455982208,0.3886672556400299,0.18758845329284668,0.2684001922607422,0.1607721447944641,0.17593851685523987,0.35143834352493286,0.5460208058357239,0.27862992882728577,0.4893459379673004,0.31930622458457947,0.652627170085907,0.3680349290370941,0.7421578764915466,0.4305894374847412,0.5420389771461487,0.37227946519851685,0.5158448815345764,0.4042571187019348,0.6608777046203613,0.4360252022743225,0.713721752166748,0.5166434049606323,0.5561684966087341,0.4619658589363098,0.5254086852073669,0.46555525064468384,0.6295666098594666,0.48383498191833496,0.663367748260498
0.48349815607070923,0.9279127717018127,0.364229679107666,0.9094516634941101,0.23284262418746948,0.8270365595817566,0.12585602700710297,0.7841001749038696,0.04647326469421387,0.7477262020111084,0.2797003984451294,0.5767829418182373,0.220021590590477,0.3877409100532532,0.1871241331100464,0.2651272118091583,0.16108040511608124,0.17044192552566528,0.3506469428539276,0.5504555702209473,0.2797699272632599,0.48827213048934937,0.31803008913993835,0.6501780152320862,0.3647260367870331,0.7404762506484985,0.42994776368141174,0.5461696982383728,0.372361421585083,0.5177226066589355,0.402551531791687,0.6630274653434753,0.4337337017059326,0.7170803546905518,0.516342043876648,0.5597867965698242,0.462255597114563,0.5306819677352905,0.46360552310943604,0.6340340971946716,0.48093706369400024,0.6675741672515869
0.47239813208580017,0.9234360456466675,0.35315343737602234,0.9048808813095093,0.22365079820156097,0.8232921957969666,0.11550486087799072,0.782832145690918,0.03249305486679077,0.7513225078582764,0.2698088586330414,0.568832278251648,0.20632369816303253,0.37943947315216064,0.1711123287677765,0.25587642192840576,0.14334212243556976,0.15947690606117249,0.33841535449028015,0.5424005389213562,0.2642233073711395,0.4885428547859192,0.3070651590824127,0.6579008102416992,0.35814008116722107,0.7442055940628052,0.41619282960891724,0.5381805300712585,0.35551509261131287,0.5149039626121521,0.388400137424469,0.6666774749755859,0.4216143786907196,0.7175171375274658,0.5017545819282532,0.5519023537635803,0.4455749988555908,0.5242280960083008,0.4498533606529236,0.6336442828178406,0.47048211097717285,0.6663782000541687
0.4678455591201782,0.9402753114700317,0.3430159091949463,0.9220104813575745,0.21170379221439362,0.8332042694091797,0.10982383787631989,0.7881268262863159,0.03329119086265564,0.7463806867599487,0.2549952268600464,0.5823168754577637,0.1886320412158966,0.3980538845062256,0.15012499690055847,0.27232128381729126,0.12228529155254364,0.17464253306388855,0.32410290837287903,0.5468078851699829,0.2524658441543579,0.48669981956481934,0.29415687918663025,0.6550264954566956,0.34417611360549927,0.7466210722923279,0.4045707583427429,0.5369795560836792,0.34473317861557007,0.5126558542251587,0.37761828303337097,0.6646930575370789,0.41229546070098877,0.7191552519798279,0.49307408928871155,0.5501101016998291,0.43807148933410645,0.5281075835227966,0.44275033473968506,0.6362994313240051,0.46556228399276733,0.6687960028648376
0.459879994392395,0.9440213441848755,0.33207038044929504,0.9256181120872498,0.2001502364873886,0.8399947285652161,0.09810596704483032,0.8021475076675415,0.017232775688171387,0.7722848057746887,0.2385498285293579,0.5960386395454407,0.16029280424118042,0.41875019669532776,0.11588720977306366,0.3028329014778137,0.0842227041721344,0.21257466077804565,0.3096098005771637,0.5537676215171814,0.2378363311290741,0.4883316457271576,0.28499171137809753,0.656692624092102,0.33837369084358215,0.7479465007781982,0.3927278518676758,0.5396971702575684,0.33290213346481323,0.5075272917747498,0.3690705895423889,0.6660594344139099,0.4070325195789337,0.7251582741737366,0.48363715410232544,0.5494003295898438,0.42890751361846924,0.5202333927154541,0.4336698651313782,0.6336448192596436,0.45683249831199646,0.6728967428207397
0.4520166516304016,0.961382269859314,0.31909966468811035,0.9425408840179443,0.1841943860054016,0.8589768409729004,0.08535054326057434,0.823981761932373,0.009829193353652954,0.7964586019515991,0.21893085539340973,0.6259975433349609,0.1299033910036087,0.509651243686676,0.08507460355758667,0.4579024910926819,0.05547593533992767,0.4161149859428406,0.2934035360813141,0.5713157653808594,0.2171941101551056,0.5051504969596863,0.2692092955112457,0.6665781140327454,0.32480698823928833,0.7470175623893738,0.3781244158744812,0.5480698347091675,0.3170817494392395,0.5170791149139404,0.35456252098083496,0.6752103567123413,0.39589712023735046,0.7305783033370972,0.4704781472682953,0.5521910190582275,0.4154561758041382,0.5218254327774048,0.4208131432533264,0.6326736807823181,0.44563257694244385,0.6688995361328125
0.4450843930244446,0.9352301359176636,0.3269796371459961,0.9270409345626831,0.19234581291675568,0.8575934767723083,0.08649441599845886,0.8260884284973145,0.014714956283569336,0.7792505025863647,0.23612359166145325,0.5766851305961609,0.1664547324180603,0.4028252959251404,0.1243714988231659,0.2766945958137512,0.09506082534790039,0.18008163571357727,0.30336862802505493,0.5372413992881775,0.2125513106584549,0.4994465112686157,0.2576477825641632,0.6816278100013733,0.3099607825279236,0.761681079864502,0.38322943449020386,0.5238756537437439,0.3073195219039917,0.5242860913276672,0.3474956452846527,0.6902915835380554,0.3859720826148987,0.7375348806381226,0.4702771008014679,0.5348273515701294,0.40498021245002747,0.533994734287262,0.414774626493454,0.6516904234886169,0.4401435852050781,0.6778774261474609
0.4508706331253052,0.9684220552444458,0.3197641372680664,0.9543779492378235,0.1797499656677246,0.865962028503418,0.07516637444496155,0.8217341303825378,0.00028565526008605957,0.7803890109062195,0.2183026820421219,0.6054377555847168,0.13433100283145905,0.44910523295402527,0.08970950543880463,0.3384515643119812,0.05892379581928253,0.2509634792804718,0.2908734679222107,0.5521718263626099,0.21234898269176483,0.5167420506477356,0.26072409749031067,0.6907653212547302,0.3142998218536377,0.7739083170890808,0.3739638328552246,0.531449556350708,0.3078102469444275,0.5373048782348633,0.34720027446746826,0.6954649686813354,0.3872218430042267,0.7457160353660583,0.4660399854183197,0.5368716716766357,0.40305784344673157,0.5436724424362183,0.4142720699310303,0.6547550559043884,0.4424641728401184,0.6798892021179199
0.4451335668563843,0.9792419672012329,0.3223509192466736,0.9599652290344238,0.18629828095436096,0.8740323185920715,0.086025670170784,0.8318188190460205,0.01766619086265564,0.7737678289413452,0.2321273237466812,0.603594183921814,0.16591349244117737,0.4138665795326233,0.1265963613986969,0.28260236978530884,0.09622199833393097,0.18050965666770935,0.3054253160953522,0.5573998689651489,0.22130891680717468,0.5150561332702637,0.2653503119945526,0.6863073706626892,0.3200622498989105,0.7819353342056274,0.3878619074821472,0.5433663129806519,0.3211204707622528,0.5394495129585266,0.3581100404262543,0.6965838670730591,0.3949180841445923,0.7560797333717346,0.47844353318214417,0.5529303550720215,0.4187490940093994,0.5487831234931946,0.42573082447052,0.6632068157196045,0.44706350564956665,0.6977648138999939
0.4541628956794739,1.000514268875122,0.328311026096344,0.9721858501434326,0.19104310870170593,0.8699048161506653,0.09144304692745209,0.8130417466163635,0.016871154308319092,0.7531224489212036,0.23958013951778412,0.6154699325561523,0.17416630685329437,0.42073386907577515,0.1365860551595688,0.2879566550254822,0.10589902102947235,0.18574154376983643,0.3156043291091919,0.572914719581604,0.23592643439769745,0.5129091143608093,0.2748841345310211,0.6834803223609924,0.32389312982559204,0.7857509851455688,0.4004665017127991,0.5593620538711548,0.3320111632347107,0.5425182580947876,0.36631065607070923,0.6986517906188965,0.4024975001811981,0.7629611492156982,0.49322691559791565,0.5694063901901245,0.42966073751449585,0.5561253428459167,0.43357300758361816,0.666612446308136,0.4547070860862732,0.7049204111099243
0.46356576681137085,0.9982693195343018,0.34396523237228394,0.9687957763671875,0.21015742421150208,0.8661956191062927,0.11142045259475708,0.808292806148529,0.03833773732185364,0.7456855773925781,0.2645842432975769,0.6033512353897095,0.20385335385799408,0.4002997875213623,0.16967424750328064,0.2680119574069977,0.1409580409526825,0.16547948122024536,0.3435077667236328,0.5690094232559204,0.27014055848121643,0.5077776908874512,0.2997392416000366,0.6781596541404724,0.34246593713760376,0.7840187549591064,0.4273380637168884,0.5633534789085388,0.36020219326019287,0.5456280708312988,0.38845664262771606,0.6988370418548584,0.4223836660385132,0.763533890247345,0.5166316032409668,0.5800727009773254,0.45115381479263306,0.5639067888259888,0.45452675223350525,0.6705266237258911,0.4771454334259033,0.7060950994491577
0.48990097641944885,1.0112361907958984,0.36778634786605835,0.9743980169296265,0.23174509406089783,0.8595499396324158,0.1268904209136963,0.795052707195282,0.04076841473579407,0.7514951229095459,0.2897208034992218,0.6051542162895203,0.23393481969833374,0.40091031789779663,0.1987316906452179,0.26375946402549744,0.16655957698822021,0.15956255793571472,0.3699979782104492,0.5727230906486511,0.3015521466732025,0.4962841868400574,0.3281058967113495,0.6683921813964844,0.3689456284046173,0.7857345342636108,0.45604071021080017,0.5705044269561768,0.3926490545272827,0.5292642712593079,0.415319561958313,0.6864162683486938,0.4472920894622803,0.7644330859184265,0.5477582216262817,0.5923560857772827,0.48590540885925293,0.5522604584693909,0.4839348793029785,0.6611640453338623,0.5054305791854858,0.7119235992431641
0.4894039034843445,1.0076152086257935,0.3666231632232666,0.9667392373085022,0.2315789759159088,0.8514447212219238,0.12086641788482666,0.7930353283882141,0.029487252235412598,0.7557293176651001,0.29156121611595154,0.6025838255882263,0.23839248716831207,0.39928311109542847,0.20561394095420837,0.26376160979270935,0.17615805566310883,0.1584034264087677,0.3685668110847473,0.570810079574585,0.29882147908210754,0.49751630425453186,0.32609912753105164,0.6735304594039917,0.3656526803970337,0.7837950587272644,0.4522365927696228,0.5658446550369263,0.38648319244384766,0.5302869081497192,0.41006022691726685,0.6907811164855957,0.4405742287635803,0.7633880972862244,0.542229950428009,0.5821720361709595,0.4794687330722809,0.5547167658805847,0.47990962862968445,0.6680493354797363,0.5011913776397705,0.7138113379478455
0.5497220158576965,0.9676216840744019,0.42564037442207336,0.9294102191925049,0.28611958026885986,0.8343939781188965,0.16641542315483093,0.7916654348373413,0.06656438112258911,0.7810589671134949,0.3431272506713867,0.5904905796051025,0.28372371196746826,0.3935888409614563,0.24787211418151855,0.2614821791648865,0.21655839681625366,0.15928435325622559,0.4264211654663086,0.5580799579620361,0.3695720434188843,0.48195651173591614,0.3984450697898865,0.6576774716377258,0.4345323443412781,0.7679808735847473,0.5158004760742188,0.5568314790725708,0.46428245306015015,0.5209493637084961,0.4835944175720215,0.6759393215179443,0.5084846019744873,0.7438624501228333,0.6068432927131653,0.5785895586013794,0.5575617551803589,0.5417332053184509,0.5510659217834473,0.6533143520355225,0.5644323825836182,0.6966960430145264
0.5681148171424866,0.9497394561767578,0.4425692558288574,0.921515166759491,0.295889288187027,0.832087516784668,0.1701570749282837,0.7923635244369507,0.0696164071559906,0.7745972871780396,0.34918832778930664,0.5855978727340698,0.29212042689323425,0.3950611352920532,0.2565062344074249,0.270541787147522,0.22668716311454773,0.17317074537277222,0.4304037392139435,0.5521116852760315,0.37321195006370544,0.47831016778945923,0.3997576832771301,0.6540929675102234,0.43657371401786804,0.7633082270622253,0.5193111896514893,0.5510851144790649,0.4698123335838318,0.5204581618309021,0.4875105619430542,0.6767629981040955,0.5116756558418274,0.7439656257629395,0.6110796928405762,0.5732101798057556,0.56333988904953,0.540912926197052,0.5537364482879639,0.6530102491378784,0.564022958278656,0.7000065445899963
0.5721638202667236,0.9374892711639404,0.4504088759422302,0.903922438621521,0.3146650493144989,0.8070430159568787,0.19356338679790497,0.7608036994934082,0.090555340051651,0.7535334825515747,0.3706992268562317,0.5679384469985962,0.33896246552467346,0.3847552239894867,0.31905919313430786,0.2614407241344452,0.29764339327812195,0.1651001274585724,0.4551261365413666,0.5424684286117554,0.4052060842514038,0.4679543972015381,0.43165919184684753,0.6483863592147827,0.46234971284866333,0.7569665908813477,0.5447114706039429,0.5495170950889587,0.5020143389701843,0.5100123286247253,0.5189107656478882,0.6718417406082153,0.5352984666824341,0.7382766008377075,0.635521650314331,0.5776321887969971,0.5947107672691345,0.5357533693313599,0.5904243588447571,0.6500839591026306,0.5999232530593872,0.6909633278846741
0.6133789420127869,0.9200195670127869,0.4890131652355194,0.8918019533157349,0.34926843643188477,0.7937408685684204,0.2258996069431305,0.7405012845993042,0.12073194980621338,0.737951934337616,0.4062380790710449,0.5643742084503174,0.36009448766708374,0.3859024941921234,0.3348636031150818,0.25963932275772095,0.3118413984775543,0.16606366634368896,0.48754608631134033,0.5335531234741211,0.43866002559661865,0.4635111093521118,0.467787504196167,0.6388409733772278,0.49869072437286377,0.740367591381073,0.5758357644081116,0.5339308977127075,0.5368306636810303,0.4952402114868164,0.5529306530952454,0.64897221326828,0.5676686763763428,0.7141735553741455,0.663962185382843,0.5585579872131348,0.6287380456924438,0.5149097442626953,0.6203086376190186,0.6251910924911499,0.624608039855957,0.670344352722168
0.6314001679420471,0.8979178071022034,0.5110375285148621,0.8679620623588562,0.3787124752998352,0.7693693041801453,0.26210975646972656,0.715530514717102,0.1627061367034912,0.7215951085090637,0.4257216155529022,0.5629298686981201,0.38399556279182434,0.3904525935649872,0.3663828372955322,0.2715022563934326,0.3512576222419739,0.1736876368522644,0.5113160610198975,0.5356532335281372,0.4730108082294464,0.45419615507125854,0.5023477077484131,0.6206929087638855,0.5313382148742676,0.7234540581703186,0.6018234491348267,0.5397735238075256,0.5710543990135193,0.4903795123100281,0.584444522857666,0.6405016183853149,0.5943693518638611,0.7098678350448608,0.6900244951248169,0.5644136667251587,0.661246657371521,0.5080400109291077,0.652498722076416,0.6165043115615845,0.6523957252502441,0.6646473407745361
0.6615629196166992,0.8716912865638733,0.5468682050704956,0.8515942096710205,0.4198853671550751,0.7567846775054932,0.30684223771095276,0.7014981508255005,0.20798447728157043,0.7003865242004395,0.46662774682044983,0.5291738510131836,0.4302855134010315,0.362637460231781,0.41333720088005066,0.2529290020465851,0.39792126417160034,0.1646156907081604,0.5519790053367615,0.5051007270812988,0.5260893106460571,0.4429176449775696,0.551522970199585,0.6115121841430664,0.5725951194763184,0.7127367258071899,0.6400209069252014,0.5154194831848145,0.6215065717697144,0.481001079082489,0.629514217376709,0.6291268467903137,0.6297847628593445,0.6939327716827393,0.7245470285415649,0.5448116064071655,0.7070778608322144,0.49938011169433594,0.6969720721244812,0.6110796332359314,0.687780499458313,0.6584764122962952
0.6920409202575684,0.8763384819030762,0.577286958694458,0.8513780832290649,0.4525599479675293,0.74822998046875,0.34271949529647827,0.6901025772094727,0.2454465925693512,0.6850991249084473,0.5113171339035034,0.5117968916893005,0.47244909405708313,0.3447556495666504,0.4477343261241913,0.24044269323349,0.42524453997612,0.15682268142700195,0.5938721299171448,0.49413999915122986,0.5632339119911194,0.4222574830055237,0.5832121968269348,0.5897464156150818,0.6037862300872803,0.6926722526550293,0.6786597371101379,0.508561372756958,0.6581740379333496,0.46719494462013245,0.6627295017242432,0.6141548752784729,0.664883553981781,0.6821044087409973,0.7601978182792664,0.5414388179779053,0.7424579858779907,0.4871760308742523,0.729110836982727,0.5952052474021912,0.7204548716545105,0.6456540822982788
0.7207042574882507,0.8732089996337891,0.60492342710495,0.8494094610214233,0.4788643717765808,0.744437038898468,0.3673831820487976,0.6821848154067993,0.2664443850517273,0.6734368801116943,0.5329450964927673,0.504029393196106,0.4926528036594391,0.3269142508506775,0.4672265946865082,0.2116159200668335,0.4457377791404724,0.11966642737388611,0.6174499988555908,0.4880433678627014,0.5903643369674683,0.4129730463027954,0.6108314990997314,0.5797449350357056,0.6306785345077515,0.6804737448692322,0.706299364566803,0.5048741102218628,0.6870981454849243,0.45530834794044495,0.6924792528152466,0.6002513766288757,0.6948671936988831,0.6720607876777649,0.793243408203125,0.5413268804550171,0.7745561003684998,0.47728532552719116,0.759865939617157,0.5831421613693237,0.750403106212616,0.6399431824684143
0.7443104982376099,0.8703026175498962,0.6231247782707214,0.838516116142273,0.501549243927002,0.7362138628959656,0.3928207755088806,0.6736546754837036,0.2921815812587738,0.6637622714042664,0.5541310906410217,0.5115693807601929,0.5150693655014038,0.33750367164611816,0.4907226264476776,0.2234010398387909,0.4692124128341675,0.13345757126808167,0.6384608149528503,0.49560755491256714,0.6180851459503174,0.41295114159584045,0.6400160789489746,0.574866533279419,0.6569070816040039,0.6662803888320923,0.7265497446060181,0.5087577104568481,0.7100678086280823,0.44817715883255005,0.7175694108009338,0.5937267541885376,0.7192613482475281,0.6584479808807373,0.8128505349159241,0.5429676175117493,0.7959211468696594,0.46903079748153687,0.7844452857971191,0.5749866366386414,0.7777618169784546,0.6270156502723694
0.7634376287460327,0.8572916388511658,0.6442318558692932,0.8270688056945801,0.5228369235992432,0.7224978804588318,0.4152697026729584,0.6568922400474548,0.31449511647224426,0.6532906889915466,0.5707648396492004,0.4872976541519165,0.5377350449562073,0.32637980580329895,0.5193740725517273,0.22497189044952393,0.5056715607643127,0.14476561546325684,0.6553311347961426,0.4745069444179535,0.6390955448150635,0.3985852599143982,0.6610810160636902,0.5623551607131958,0.677890419960022,0.6544120907783508,0.7437747120857239,0.4901043176651001,0.7295253276824951,0.4391401410102844,0.7368951439857483,0.5816922187805176,0.738564670085907,0.6462157964706421,0.8306646943092346,0.5261750817298889,0.8132556676864624,0.45899444818496704,0.8019200563430786,0.5602453947067261,0.795182466506958,0.6087833642959595
0.7903165817260742,0.8489316701889038,0.67131507396698,0.8072786331176758,0.5519911050796509,0.7084044218063354,0.4426945447921753,0.648682713508606,0.3438967764377594,0.6493761539459229,0.5881019830703735,0.4905300438404083,0.546471357345581,0.3505176901817322,0.5209577083587646,0.2655003070831299,0.4987247586250305,0.19914287328720093,0.6713255643844604,0.47108760476112366,0.6578807234764099,0.39949700236320496,0.6823480129241943,0.5584254264831543,0.6957420110702515,0.6427441835403442,0.7581725716590881,0.47855979204177856,0.7491050958633423,0.4234270751476288,0.7566267848014832,0.5638567209243774,0.7558028697967529,0.6278730034828186,0.8425701856613159,0.5077953338623047,0.8314517736434937,0.4455326199531555,0.820520281791687,0.5477938055992126,0.8114101886749268,0.5983441472053528
0.8020233511924744,0.8351626396179199,0.6861011981964111,0.799980878829956,0.5687200427055359,0.7003862261772156,0.46183931827545166,0.6426669955253601,0.3650839030742645,0.6434594392776489,0.6004530787467957,0.4785267412662506,0.5601991415023804,0.32010671496391296,0.5315828919410706,0.21444356441497803,0.5074448585510254,0.13021105527877808,0.6828455328941345,0.4614424705505371,0.6693769693374634,0.39139312505722046,0.6932963728904724,0.5503019094467163,0.7099173069000244,0.6397218704223633,0.7704329490661621,0.4728659689426422,0.7580116987228394,0.4227713644504547,0.7659110426902771,0.5634058713912964,0.7671226859092712,0.6299487352371216,0.8560940623283386,0.5052515864372253,0.8414120674133301,0.43965965509414673,0.8296793699264526,0.5419412851333618,0.820786714553833,0.5955213904380798
0.8250792622566223,0.8252219557762146,0.711052417755127,0.7802772521972656,0.595596194267273,0.6753121018409729,0.48993396759033203,0.6196948289871216,0.3971462845802307,0.6323348879814148,0.6340126991271973,0.4777783751487732,0.5898475646972656,0.32493311166763306,0.5616577863693237,0.22775033116340637,0.5373807549476624,0.14889782667160034,0.7117099761962891,0.4572668671607971,0.6998625993728638,0.38472482562065125,0.7217341065406799,0.5394527912139893,0.7345408201217651,0.6248589754104614,0.7943428158760071,0.46282529830932617,0.7845988273620605,0.4083164632320404,0.7917835712432861,0.5461594462394714,0.7913245558738708,0.6051761507987976,0.875573456287384,0.48847630620002747,0.864572286605835,0.42400258779525757,0.8552112579345703,0.5262174010276794,0.8473469018936157,0.5739870071411133
0.8210452795028687,0.8163059949874878,0.7114871740341187,0.7760955095291138,0.5946559906005859,0.6728391051292419,0.4859817624092102,0.6237155795097351,0.39292657375335693,0.6290643215179443,0.6315640807151794,0.46839168667793274,0.5901533365249634,0.31232690811157227,0.5624235272407532,0.2084077000617981,0.5376908183097839,0.12416979670524597,0.709218442440033,0.45073169469833374,0.6923231482505798,0.37861084938049316,0.7159736156463623,0.5379492044448853,0.7335548996925354,0.632593035697937,0.7919334173202515,0.4606448709964752,0.7774685025215149,0.41157910227775574,0.7879133224487305,0.5525800585746765,0.7907247543334961,0.6165728569030762,0.8732770681381226,0.48929864168167114,0.8578327894210815,0.42682507634162903,0.8496185541152954,0.528218686580658,0.8446370959281921,0.5786530375480652
0.834714412689209,0.8118394017219543,0.723867654800415,0.7735890746116638,0.6085444092750549,0.6646032333374023,0.5059792399406433,0.6114761829376221,0.41400158405303955,0.6201263666152954,0.6444003582000732,0.46532437205314636,0.6058480739593506,0.3029577434062958,0.5812439322471619,0.1978534758090973,0.5590317845344543,0.11285963654518127,0.7234053015708923,0.44743260741233826,0.715194582939148,0.3773535490036011,0.7391481995582581,0.5282159447669983,0.7508268356323242,0.611291229724884,0.8065893054008484,0.4547137916088104,0.7972750663757324,0.4000275731086731,0.8076379895210266,0.5343999266624451,0.8055641055107117,0.5933006405830383,0.8877029418945312,0.4798305630683899,0.8761391639709473,0.41058260202407837,0.8687808513641357,0.5107675194740295,0.8593104481697083,0.560413658618927
0.8457986116409302,0.7929068803787231,0.7397114038467407,0.7585054636001587,0.6276044249534607,0.6485949754714966,0.5272045135498047,0.5965452194213867,0.43671372532844543,0.6074913740158081,0.6641677021980286,0.45425403118133545,0.6258495450019836,0.28955593705177307,0.6029478907585144,0.18775534629821777,0.5821858048439026,0.10509109497070312,0.7406476736068726,0.43998387455940247,0.7358178496360779,0.37354469299316406,0.756493091583252,0.5171144008636475,0.7654756307601929,0.6015519499778748,0.8202382326126099,0.4489179849624634,0.8160185217857361,0.39670896530151367,0.8230762481689453,0.5241983532905579,0.8194187879562378,0.5857168436050415,0.8983932137489319,0.47355565428733826,0.8918079137802124,0.41082584857940674,0.8820672631263733,0.5071945190429688,0.8695815801620483,0.5610058903694153
0.8591238856315613,0.7752440571784973,0.7555559277534485,0.7365339994430542,0.648978590965271,0.6368108987808228,0.5486769676208496,0.5903658866882324,0.46017125248908997,0.6006606817245483,0.6862121224403381,0.4506343603134155,0.6540838479995728,0.2999306917190552,0.6350253820419312,0.21038353443145752,0.6179836392402649,0.1371045708656311,0.7601178288459778,0.43763741850852966,0.7575920820236206,0.3694293797016144,0.7740216255187988,0.5056872367858887,0.7787257432937622,0.5835794806480408,0.8361630439758301,0.44509977102279663,0.8355281949043274,0.3928070068359375,0.8396172523498535,0.5141667127609253,0.8344298005104065,0.5707550048828125,0.9100289344787598,0.46822232007980347,0.9060423374176025,0.40902119874954224,0.8958163261413574,0.5026893019676208,0.8837087154388428,0.5542385578155518
0.8677172660827637,0.7610162496566772,0.7669851779937744,0.7297190427780151,0.6623676419258118,0.6367234587669373,0.5648409724235535,0.5906485319137573,0.4785093665122986,0.5952675938606262,0.6951066255569458,0.449394553899765,0.6605329513549805,0.3040720224380493,0.6374172568321228,0.21336793899536133,0.6171458959579468,0.1391960084438324,0.7691057920455933,0.43559539318084717,0.7688166499137878,0.3665429353713989,0.7856593132019043,0.5023780465126038,0.7888633012771606,0.5770878195762634,0.8455942273139954,0.4432665705680847,0.8460601568222046,0.38834434747695923,0.8515496253967285,0.508073091506958,0.8445536494255066,0.5640252828598022,0.91943359375,0.4668542742729187,0.9168020486831665,0.4009726643562317,0.9067175388336182,0.49171897768974304,0.8919857740402222,0.5440518856048584
0.8778663277626038,0.7601332068443298,0.778359055519104,0.720769464969635,0.6797836422920227,0.6397383213043213,0.5813853740692139,0.5958778262138367,0.49641621112823486,0.5935554504394531,0.7080478072166443,0.44535157084465027,0.6736398935317993,0.3024800717830658,0.6495641469955444,0.21120449900627136,0.6291805505752563,0.13671407103538513,0.7806437015533447,0.4312936067581177,0.7827680110931396,0.3628994822502136,0.798160195350647,0.501958966255188,0.800273060798645,0.5754666924476624,0.8559591174125671,0.440406858921051,0.8603649139404297,0.38520321249961853,0.8627721667289734,0.510408878326416,0.8525354862213135,0.5679751038551331,0.9256539940834045,0.4677954316139221,0.9293745756149292,0.4051187038421631,0.9170946478843689,0.49976012110710144,0.8994140028953552,0.5522500276565552
0.8829350471496582,0.7607004642486572,0.7867192625999451,0.7193056344985962,0.6916783452033997,0.6372603178024292,0.5941601395606995,0.5949963331222534,0.5112048387527466,0.5894409418106079,0.7193200588226318,0.4379672110080719,0.6882691979408264,0.2917850613594055,0.6681254506111145,0.19557851552963257,0.6531350016593933,0.11925703287124634,0.7924211025238037,0.42908957600593567,0.7975550293922424,0.3646344840526581,0.8090856671333313,0.5053203105926514,0.8096358776092529,0.5801662802696228,0.8669350147247314,0.4424501657485962,0.8740571737289429,0.39367130398750305,0.8725093007087708,0.5196945071220398,0.860480546951294,0.5761905312538147,0.9353397488594055,0.4720589816570282,0.9410043358802795,0.4171083867549896,0.9267604351043701,0.5095279812812805,0.9084384441375732,0.5580739974975586
0.8835626840591431,0.761478066444397,0.7870129942893982,0.7153275012969971,0.6916406154632568,0.635673463344574,0.5963709354400635,0.5895141363143921,0.518900454044342,0.5887186527252197,0.7277654409408569,0.4571727216243744,0.716425895690918,0.34878069162368774,0.7226120829582214,0.3393159508705139,0.725232720375061,0.32488131523132324,0.8021678924560547,0.4467228651046753,0.8061673045158386,0.37083879113197327,0.8152701258659363,0.4981158971786499,0.8117614984512329,0.5667766332626343,0.874707043170929,0.4565105736255646,0.8808692097663879,0.39830222725868225,0.8758401274681091,0.5158405303955078,0.8643195629119873,0.5749285221099854,0.9413964748382568,0.4813423752784729,0.9465517401695251,0.4247344136238098,0.9313992857933044,0.5088756680488586,0.9139949679374695,0.5570913553237915
0.8771043419837952,0.7577506303787231,0.7835972309112549,0.7193718552589417,0.6876932382583618,0.6340915560722351,0.5926892161369324,0.5889615416526794,0.5104466080665588,0.5871787667274475,0.72042316198349,0.4500061571598053,0.6942405104637146,0.32501816749572754,0.6745352149009705,0.24948447942733765,0.6580229997634888,0.1899842619895935,0.7917352318763733,0.44015657901763916,0.7934321165084839,0.36815497279167175,0.8020560145378113,0.5028846263885498,0.8021054863929749,0.5753867030143738,0.8628230094909668,0.44867050647735596,0.8677216172218323,0.39581966400146484,0.8659695982933044,0.5162485837936401,0.8577628135681152,0.5719189643859863,0.9309003949165344,0.47191160917282104,0.9334186315536499,0.4115903377532959,0.9202775359153748,0.4972105920314789,0.9050731658935547,0.5462990403175354
0.8709480166435242,0.7540127038955688,0.7796508073806763,0.7199825644493103,0.6845105290412903,0.6343308687210083,0.5916464328765869,0.5900072455406189,0.5089231133460999,0.5833903551101685,0.7184588313102722,0.4452475905418396,0.6903850436210632,0.3153492212295532,0.6693309545516968,0.23090007901191711,0.6516468524932861,0.16387474536895752,0.7876759171485901,0.43687060475349426,0.788115918636322,0.3699886202812195,0.7986434698104858,0.5039470195770264,0.7999387979507446,0.5765684247016907,0.8586400747299194,0.44906726479530334,0.8603912591934204,0.404787540435791,0.8603169918060303,0.5240331888198853,0.8518308997154236,0.5751736760139465,0.9261923432350159,0.47587257623672485,0.9265186190605164,0.42255115509033203,0.9138033390045166,0.5090300440788269,0.8986349105834961,0.5537824630737305
0.8624719381332397,0.7546935677528381,0.7723554968833923,0.7188265919685364,0.6792570948600769,0.6317570209503174,0.5876145958900452,0.5875570774078369,0.5053926706314087,0.5804654359817505,0.7117164134979248,0.44887134432792664,0.6795583367347717,0.31183815002441406,0.6578971743583679,0.22189900279045105,0.6416555047035217,0.1502440869808197,0.7806451916694641,0.4394519627094269,0.776157557964325,0.37557923793792725,0.7878351211547852,0.5108111500740051,0.7930766344070435,0.5844653248786926,0.851811408996582,0.4511931538581848,0.8491417169570923,0.40445923805236816,0.8508985638618469,0.5222283005714417,0.8475774526596069,0.5759543776512146,0.9201341867446899,0.4776754677295685,0.9156346321105957,0.42188820242881775,0.9027455449104309,0.5076919794082642,0.8903663754463196,0.5553226470947266
0.8586553335189819,0.7535305023193359,0.7659476399421692,0.7161099910736084,0.6726062297821045,0.6299790740013123,0.5830621719360352,0.586592972278595,0.5030338764190674,0.5814592242240906,0.7037064433097839,0.4527049660682678,0.6691957712173462,0.3173951506614685,0.6460899710655212,0.23003137111663818,0.627547025680542,0.1597716510295868,0.772882342338562,0.44360047578811646,0.7657951712608337,0.3772164285182953,0.7779262661933899,0.5056036114692688,0.7848595976829529,0.5830751061439514,0.8438979387283325,0.4548744857311249,0.8390561938285828,0.4066615700721741,0.8415001630783081,0.5213340520858765,0.8398473262786865,0.5791465044021606,0.9130759239196777,0.479789674282074,0.9059444665908813,0.42183512449264526,0.8926864862442017,0.5043214559555054,0.8815932273864746,0.553974986076355
0.8466429114341736,0.7524468898773193,0.7544944286346436,0.7130827307701111,0.6642097234725952,0.6261621713638306,0.5751580595970154,0.5815211534500122,0.4941866397857666,0.5773208737373352,0.6979390382766724,0.4511476755142212,0.667785108089447,0.3190399408340454,0.6464026570320129,0.2346315085887909,0.6287940144538879,0.16589465737342834,0.7659735679626465,0.4433955252170563,0.7624280452728271,0.38103485107421875,0.7735613584518433,0.5070523023605347,0.7789204716682434,0.5800760388374329,0.8353511691093445,0.4543991684913635,0.8332483768463135,0.4075106382369995,0.833596408367157,0.5197137594223022,0.8301962018013,0.5763269662857056,0.902972936630249,0.4792312979698181,0.8977277278900146,0.4204826354980469,0.883389949798584,0.5016133189201355,0.8712473511695862,0.552729606628418
0.8386489748954773,0.7503892779350281,0.7455118298530579,0.7139618396759033,0.6538388729095459,0.6233699917793274,0.5662195682525635,0.5769428610801697,0.4862336814403534,0.5745232701301575,0.6896883845329285,0.454505056142807,0.6572874188423157,0.32118070125579834,0.6343004703521729,0.23693284392356873,0.6150748133659363,0.1690487563610077,0.7553575038909912,0.4451119601726532,0.7497878670692444,0.38374167680740356,0.759855329990387,0.5072101950645447,0.7664997577667236,0.5798988342285156,0.8231663703918457,0.45438411831855774,0.8191708922386169,0.40790024399757385,0.8201797604560852,0.5165539979934692,0.8198549151420593,0.5713100433349609,0.8908758163452148,0.47686001658439636,0.8838355541229248,0.41841185092926025,0.8706820607185364,0.49701547622680664,0.8620574474334717,0.5449682474136353
0.8264090418815613,0.7533697485923767,0.733951985836029,0.7146160006523132,0.6439085006713867,0.6240600347518921,0.5575721263885498,0.5756717324256897,0.4773375988006592,0.5715108513832092,0.6817490458488464,0.46014875173568726,0.6508874297142029,0.3345816135406494,0.6297149062156677,0.2561013698577881,0.6115805506706238,0.1931275725364685,0.745552659034729,0.44844645261764526,0.7368139624595642,0.3837500214576721,0.7494305968284607,0.5039189457893372,0.7579598426818848,0.5817729234695435,0.8118855357170105,0.4554375112056732,0.8064676523208618,0.40908583998680115,0.8089615106582642,0.5147061347961426,0.8095215559005737,0.5749860405921936,0.8779572248458862,0.4760575294494629,0.8697028756141663,0.4167035222053528,0.8578829169273376,0.49248963594436646,0.8500077128410339,0.5433369278907776
0.8124596476554871,0.7454334497451782,0.7212914824485779,0.7119336128234863,0.6279701590538025,0.6199659705162048,0.5423518419265747,0.5721680521965027,0.46477508544921875,0.5702046155929565,0.6615450978279114,0.4574442505836487,0.6350866556167603,0.32576584815979004,0.6159210801124573,0.24224454164505005,0.5986629724502563,0.17524656653404236,0.7254033088684082,0.4460834860801697,0.7221442461013794,0.386854887008667,0.7336965799331665,0.5043572783470154,0.7387053966522217,0.5776204466819763,0.791373074054718,0.4519813656806946,0.7897924184799194,0.41190075874328613,0.7924570441246033,0.5169999003410339,0.789940357208252,0.5725125670433044,0.8571521043777466,0.4704081416130066,0.8522167205810547,0.41932740807533264,0.8422216176986694,0.49454355239868164,0.8332570791244507,0.5401304364204407
0.8009173274040222,0.7493940591812134,0.7098832726478577,0.7133439183235168,0.6146035194396973,0.6198228001594543,0.5310090780258179,0.5706965923309326,0.45567601919174194,0.5727188587188721,0.6527478694915771,0.4638768136501312,0.6319815516471863,0.34363001585006714,0.6169685125350952,0.2755797207355499,0.6018370985984802,0.22190159559249878,0.7166849970817566,0.45009249448776245,0.7124592661857605,0.3954218924045563,0.7250718474388123,0.507584810256958,0.7293134331703186,0.5786206126213074,0.7821958661079407,0.452407568693161,0.7804134488105774,0.41407617926597595,0.7841972708702087,0.5124074816703796,0.7808715105056763,0.5669037103652954,0.8471627235412598,0.4667196571826935,0.8441253900527954,0.4167565107345581,0.8333874940872192,0.4886944890022278,0.8216530084609985,0.5341303944587708
0.7621532678604126,0.7322888970375061,0.6780931353569031,0.7047850489616394,0.5855406522750854,0.617671012878418,0.5036576986312866,0.5685338377952576,0.4311887323856354,0.5663018822669983,0.6181812286376953,0.45692792534828186,0.5866318941116333,0.31714487075805664,0.5697591304779053,0.23109260201454163,0.5571539998054504,0.1589379608631134,0.6799169778823853,0.4463575780391693,0.6728774309158325,0.39538973569869995,0.6868554353713989,0.5154610872268677,0.6961678862571716,0.5839593410491943,0.7435390949249268,0.4534226059913635,0.7392406463623047,0.41536349058151245,0.7422424554824829,0.5233288407325745,0.7414724230766296,0.5777972936630249,0.8060781359672546,0.4727717936038971,0.7999231219291687,0.4174771308898926,0.7894365191459656,0.4953768849372864,0.7809135317802429,0.5418742895126343
0.7543507218360901,0.7300615310668945,0.6691476106643677,0.6989156007766724,0.576001763343811,0.6119706034660339,0.49459806084632874,0.5664433240890503,0.4231386184692383,0.5673215985298157,0.6075838804244995,0.46299850940704346,0.5790857672691345,0.31999093294143677,0.5629745721817017,0.22879189252853394,0.5502551794052124,0.15280792117118835,0.6682202816009521,0.4520988166332245,0.6546851396560669,0.3925832211971283,0.6705223917961121,0.5059475898742676,0.6835489869117737,0.5802233219146729,0.7318565249443054,0.45861631631851196,0.7229669094085693,0.41209205985069275,0.7293457388877869,0.5137990713119507,0.7330124974250793,0.5719299912452698,0.7961655259132385,0.4772655963897705,0.7842414379119873,0.41917693614959717,0.7747067213058472,0.4928990304470062,0.7692122459411621,0.5405139923095703
0.7558920383453369,0.7281529903411865,0.6704243421554565,0.699389636516571,0.5788167119026184,0.6122829914093018,0.49681609869003296,0.5669633746147156,0.42434456944465637,0.5689665079116821,0.608796238899231,0.4625268280506134,0.5748874545097351,0.3224650025367737,0.5575371384620667,0.2323499321937561,0.5443081855773926,0.15681469440460205,0.6696567535400391,0.44980910420417786,0.6578646898269653,0.39126622676849365,0.6752292513847351,0.502290666103363,0.6874203681945801,0.5770409107208252,0.7341008186340332,0.4548832178115845,0.7245696783065796,0.41049695014953613,0.73030686378479,0.5133289098739624,0.731217086315155,0.5743099451065063,0.7992280721664429,0.47224271297454834,0.788357138633728,0.417706698179245,0.7781553268432617,0.4938417673110962,0.7688280940055847,0.5446399450302124
0.7442746758460999,0.725260853767395,0.6594984531402588,0.6923120617866516,0.5704202055931091,0.6023479700088501,0.4912768602371216,0.5564789772033691,0.4204449951648712,0.5587605237960815,0.6017149090766907,0.4584936499595642,0.5734170079231262,0.32128167152404785,0.5562475323677063,0.23201224207878113,0.5421334505081177,0.15795031189918518,0.6613450646400452,0.44672220945358276,0.6437145471572876,0.38950562477111816,0.6587690114974976,0.5036810040473938,0.6726661920547485,0.5783495903015137,0.7247917652130127,0.4530225396156311,0.7110969424247742,0.41031771898269653,0.7171985507011414,0.5116733908653259,0.7225756049156189,0.5689935684204102,0.7897925972938538,0.47167736291885376,0.7743402719497681,0.42043954133987427,0.7638985514640808,0.4926758408546448,0.7596138119697571,0.537608802318573
0.731017529964447,0.7101061940193176,0.6443353891372681,0.6701512932777405,0.5610172748565674,0.579903244972229,0.4856862723827362,0.5321504473686218,0.417549192905426,0.5360077023506165,0.592572808265686,0.4423615634441376,0.5681213736534119,0.3089115023612976,0.5545102953910828,0.22171840071678162,0.5433310270309448,0.14980921149253845,0.6491247415542603,0.4346020519733429,0.6339706182479858,0.3750077188014984,0.6467992067337036,0.4828951060771942,0.6597819328308105,0.5530118942260742,0.7090375423431396,0.44283729791641235,0.697242796421051,0.3960643708705902,0.701024055480957,0.4926782250404358,0.7056987285614014,0.548331081867218,0.7703523635864258,0.4628504812717438,0.756260871887207,0.406833291053772,0.7455472946166992,0.47560715675354004,0.7418266534805298,0.5205716490745544
0.7294023633003235,0.7059727311134338,0.6444971561431885,0.6662020683288574,0.5579553246498108,0.576762855052948,0.48365557193756104,0.532367467880249,0.41806548833847046,0.5344905853271484,0.5938368439674377,0.44472557306289673,0.5697092413902283,0.3147015869617462,0.5561884045600891,0.23114943504333496,0.5460008978843689,0.1615656614303589,0.6508365273475647,0.43631497025489807,0.6313289403915405,0.3779734969139099,0.6427850723266602,0.48493972420692444,0.6569697260856628,0.5558444857597351,0.7112998962402344,0.44467687606811523,0.6947759389877319,0.3980938494205475,0.6977553367614746,0.4954284131526947,0.7043741345405579,0.5527685284614563,0.7732517719268799,0.46494191884994507,0.7563137412071228,0.41009679436683655,0.7435551881790161,0.47845345735549927,0.7396149635314941,0.5242241024971008
0.720161497592926,0.6848689913749695,0.638744056224823,0.6432351469993591,0.5597713589668274,0.5544267892837524,0.489401638507843,0.508394718170166,0.4246150255203247,0.5105747580528259,0.5919005870819092,0.41892436146736145,0.5695820450782776,0.2932400107383728,0.5576136112213135,0.21384558081626892,0.5488966107368469,0.1475149393081665,0.6453701853752136,0.41502687335014343,0.6298362016677856,0.3594757914543152,0.6397938132286072,0.4638696610927582,0.6525776982307434,0.5296254754066467,0.7020530700683594,0.42506977915763855,0.689257025718689,0.38581353425979614,0.6914496421813965,0.47983086109161377,0.6967912912368774,0.530502200126648,0.7603527903556824,0.44530409574508667,0.7454807162284851,0.39622926712036133,0.7350829839706421,0.46111080050468445,0.7331423163414001,0.49937692284584045
0.721517026424408,0.680931806564331,0.6392995715141296,0.6378941535949707,0.5591368079185486,0.548317551612854,0.4902788996696472,0.5032356977462769,0.42802828550338745,0.5051916837692261,0.5941098928451538,0.4238235652446747,0.5710892081260681,0.29751482605934143,0.559109628200531,0.21490181982517242,0.5493502616882324,0.1476423740386963,0.6472525000572205,0.418077290058136,0.6306104063987732,0.36213448643684387,0.6395256519317627,0.4610149562358856,0.6495885848999023,0.5262144207954407,0.7041969299316406,0.4261980652809143,0.6892793774604797,0.3810153603553772,0.6910462379455566,0.470792680978775,0.6954945921897888,0.5235235095024109,0.7624865174293518,0.4449482262134552,0.7466484904289246,0.39068272709846497,0.7344239950180054,0.4530741274356842,0.7302349805831909,0.49497127532958984
0.7202705144882202,0.6775720119476318,0.6403682231903076,0.6373167037963867,0.5594543814659119,0.5472182035446167,0.4900449514389038,0.5009945034980774,0.42782455682754517,0.5031233429908752,0.5936636328697205,0.4219001531600952,0.571408748626709,0.29777687788009644,0.5599655508995056,0.2173510491847992,0.5507849454879761,0.15105140209197998,0.6467360854148865,0.4151628017425537,0.630844235420227,0.3613625168800354,0.6395332217216492,0.461945503950119,0.64947509765625,0.5258304476737976,0.7038779854774475,0.422812819480896,0.6896226406097412,0.3803073763847351,0.691065788269043,0.471965491771698,0.6952134370803833,0.5232465863227844,0.7622633576393127,0.441162645816803,0.7470159530639648,0.39037764072418213,0.7346031069755554,0.45396000146865845,0.7301259636878967,0.494454950094223
0.7096904516220093,0.6518936157226562,0.6308428645133972,0.6068055033683777,0.5584346652030945,0.5215085744857788,0.49418479204177856,0.4769667088985443,0.43542802333831787,0.48188546299934387,0.5922141671180725,0.3984161615371704,0.5698642730712891,0.27837908267974854,0.5574818849563599,0.201555997133255,0.54808509349823,0.1396746039390564,0.6423044800758362,0.3953182101249695,0.6261798143386841,0.34224042296409607,0.6345908045768738,0.4369388520717621,0.6469232439994812,0.5034477710723877,0.6952359676361084,0.40452584624290466,0.6803361177444458,0.366191565990448,0.6824206113815308,0.44991254806518555,0.6895325183868408,0.5007889270782471,0.7502906322479248,0.4225318431854248,0.7328123450279236,0.37496185302734375,0.7235170602798462,0.43177956342697144,0.7244865298271179,0.469434916973114
0.7067481875419617,0.6404992341995239,0.6282436847686768,0.5959763526916504,0.5550991892814636,0.5131019949913025,0.4912678897380829,0.47162294387817383,0.4358034133911133,0.4776899814605713,0.5898508429527283,0.39712953567504883,0.570418119430542,0.2797549068927765,0.5569102168083191,0.2045842409133911,0.5449257493019104,0.1443796455860138,0.6388067603111267,0.392742782831192,0.6245492696762085,0.33432695269584656,0.6320531964302063,0.42471635341644287,0.6408084034919739,0.4882104992866516,0.6901525259017944,0.3997553884983063,0.6774919033050537,0.3552256226539612,0.6800554990768433,0.4375631511211395,0.6847772598266602,0.48902618885040283,0.7427871823310852,0.41575461626052856,0.7280457019805908,0.3655036985874176,0.719639241695404,0.4215717017650604,0.7188633680343628,0.46030187606811523
0.6944676041603088,0.6236989498138428,0.6192236542701721,0.5823766589164734,0.5488467216491699,0.5028404593467712,0.48642903566360474,0.4630621075630188,0.43149513006210327,0.46882638335227966,0.580424964427948,0.3889411687850952,0.5632522106170654,0.27405208349227905,0.5527644157409668,0.2016962170600891,0.5448406934738159,0.14317536354064941,0.6279648542404175,0.38669493794441223,0.6129171848297119,0.330802857875824,0.6206844449043274,0.4163598120212555,0.6322886347770691,0.47800499200820923,0.677640438079834,0.3935932517051697,0.664053738117218,0.3492753207683563,0.6659711003303528,0.4273071587085724,0.6725479364395142,0.47769495844841003,0.7290127277374268,0.4074503779411316,0.7125917673110962,0.3548252284526825,0.7043954730033875,0.4056181311607361,0.7058465480804443,0.442798376083374
0.697089433670044,0.6229244470596313,0.6230090260505676,0.5839585661888123,0.549116849899292,0.5048581957817078,0.4861666262149811,0.46585381031036377,0.43038618564605713,0.4680354595184326,0.581961989402771,0.3909390866756439,0.5636183023452759,0.2812533974647522,0.551816999912262,0.21087884902954102,0.5416572690010071,0.15401941537857056,0.629181981086731,0.3855997622013092,0.614540159702301,0.3330371379852295,0.6221245527267456,0.4188920855522156,0.6314588189125061,0.47981226444244385,0.679442822933197,0.391308069229126,0.6658583283424377,0.34954166412353516,0.6670329570770264,0.4298151731491089,0.6715857982635498,0.4814941883087158,0.7312930822372437,0.40540024638175964,0.7152100801467896,0.3574919104576111,0.7050438523292542,0.4110913872718811,0.7029762268066406,0.4504384696483612
0.6840234398841858,0.6105020642280579,0.611280083656311,0.5694992542266846,0.5475894808769226,0.49357742071151733,0.4878522455692291,0.45645126700401306,0.4336589574813843,0.463716983795166,0.5807119011878967,0.38496261835098267,0.5614559054374695,0.2772901654243469,0.5499780774116516,0.20757566392421722,0.5412124991416931,0.15138116478919983,0.623715877532959,0.38211292028427124,0.6059719920158386,0.32920247316360474,0.612334132194519,0.40993228554725647,0.6234638094902039,0.46911028027534485,0.6688763499259949,0.38820597529411316,0.650002658367157,0.34378793835639954,0.6518352031707764,0.4176827371120453,0.659934401512146,0.46726927161216736,0.7165751457214355,0.4008408188819885,0.697533905506134,0.3486417531967163,0.6883244514465332,0.39751502871513367,0.6895857453346252,0.4361902177333832
0.684148907661438,0.6056661009788513,0.6134229302406311,0.5657223463058472,0.546881377696991,0.49260199069976807,0.48697125911712646,0.4582236409187317,0.4342215657234192,0.46347862482070923,0.5786982178688049,0.3819267451763153,0.5634884834289551,0.2784980535507202,0.5522125959396362,0.2117634266614914,0.5433632135391235,0.15799695253372192,0.6214308738708496,0.3789093792438507,0.6043717265129089,0.3228886127471924,0.6109129190444946,0.40351301431655884,0.6220017671585083,0.46204039454460144,0.6672838926315308,0.38501688838005066,0.6508609652519226,0.34157562255859375,0.6524545550346375,0.41512051224708557,0.6597345471382141,0.46330225467681885,0.7149133086204529,0.39856430888175964,0.6968821883201599,0.349678635597229,0.688521146774292,0.3984137773513794,0.6900487542152405,0.43503209948539734
0.6844074726104736,0.5993521809577942,0.6140339374542236,0.5595795512199402,0.5507723689079285,0.4884345829486847,0.492422878742218,0.45430344343185425,0.43938326835632324,0.45747923851013184,0.579719066619873,0.38073670864105225,0.5612760782241821,0.2794041633605957,0.5494112372398376,0.21375586092472076,0.5404549837112427,0.16042718291282654,0.6215813755989075,0.3770212233066559,0.6056315302848816,0.32072925567626953,0.6118873953819275,0.4003283381462097,0.6227341294288635,0.45813077688217163,0.6666412949562073,0.38203364610671997,0.6516173481941223,0.33763784170150757,0.652580738067627,0.41177189350128174,0.659333348274231,0.4596061110496521,0.71409010887146,0.3936041593551636,0.6973855495452881,0.345712274312973,0.6882561445236206,0.39481180906295776,0.6887166500091553,0.4310208559036255
0.683647871017456,0.5938825607299805,0.6158348321914673,0.555141031742096,0.5531200170516968,0.4840535521507263,0.4962553381919861,0.45094454288482666,0.44437360763549805,0.45415112376213074,0.5817220211029053,0.37990039587020874,0.563572108745575,0.2795383930206299,0.5516732335090637,0.21606828272342682,0.5422512888908386,0.16375476121902466,0.6232484579086304,0.3758012354373932,0.6083185076713562,0.32249563932418823,0.6145238280296326,0.3994447588920593,0.6245166659355164,0.4542422294616699,0.6678025722503662,0.3802829384803772,0.6541669964790344,0.33757874369621277,0.6546111702919006,0.4104681611061096,0.6603367328643799,0.456696480512619,0.7143900990486145,0.3911559581756592,0.6991058588027954,0.34370550513267517,0.689771294593811,0.3924751281738281,0.6895517706871033,0.4284241795539856
0.6828470230102539,0.5924961566925049,0.6165072321891785,0.5549297332763672,0.554274320602417,0.48483824729919434,0.4965251088142395,0.4529520273208618,0.4442112445831299,0.45415621995925903,0.5821231007575989,0.3806874454021454,0.5618757009506226,0.28166425228118896,0.550096869468689,0.21791905164718628,0.5416767001152039,0.165529265999794,0.6237764358520508,0.3759607672691345,0.609532356262207,0.32192835211753845,0.6153430342674255,0.39969247579574585,0.6251723766326904,0.4551970362663269,0.6684642434120178,0.38034674525260925,0.6557060480117798,0.3372275233268738,0.6556633114814758,0.41036635637283325,0.6611047983169556,0.4576653242111206,0.7150775194168091,0.3911280035972595,0.7004346251487732,0.34345120191574097,0.6908159852027893,0.39148494601249695,0.6901933550834656,0.4277685582637787
0.6848047971725464,0.5911950469017029,0.6186883449554443,0.5525514483451843,0.5575882792472839,0.48193156719207764,0.50068598985672,0.4509485363960266,0.4494227468967438,0.4562116265296936,0.5871095061302185,0.379547119140625,0.5665509700775146,0.2819958031177521,0.5539946556091309,0.21925988793373108,0.5449623465538025,0.16870234906673431,0.6272068619728088,0.3749462962150574,0.6138089895248413,0.32290610671043396,0.6190893054008484,0.39781174063682556,0.627803385257721,0.4525994658470154,0.6705908179283142,0.3786728084087372,0.6579097509384155,0.3351316452026367,0.6575077772140503,0.40587371587753296,0.6620736122131348,0.4533468782901764,0.7161350250244141,0.3886570632457733,0.7016664147377014,0.3403443992137909,0.6923295259475708,0.3878713548183441,0.691402018070221,0.42531850934028625
0.6895300149917603,0.5867242217063904,0.6291773915290833,0.54622483253479,0.5771811604499817,0.48130935430526733,0.5261312127113342,0.45062097907066345,0.48023590445518494,0.45340755581855774,0.6022112965583801,0.3836526572704315,0.5829784870147705,0.2894779145717621,0.5708397626876831,0.22942732274532318,0.5603979229927063,0.1801598221063614,0.6416311264038086,0.3805809020996094,0.6359236240386963,0.33597445487976074,0.6387864947319031,0.4059579074382782,0.6421030759811401,0.45497390627861023,0.682785153388977,0.3874805271625519,0.677526593208313,0.3494163751602173,0.6734317541122437,0.41586101055145264,0.6725908517837524,0.45953887701034546,0.7253561019897461,0.40175774693489075,0.719237744808197,0.35984906554222107,0.7078037261962891,0.4048171639442444,0.7020584940910339,0.4392711818218231
0.690860390663147,0.5886578559875488,0.6321417093276978,0.5465845465660095,0.5805169343948364,0.48175716400146484,0.5291722416877747,0.45006483793258667,0.4828478693962097,0.452411949634552,0.6073464751243591,0.3873198926448822,0.5933932662010193,0.30222511291503906,0.5824921131134033,0.24971893429756165,0.5733638405799866,0.20760422945022583,0.6453344225883484,0.38372546434402466,0.6393567323684692,0.33260029554367065,0.6409799456596375,0.4016232490539551,0.644133448600769,0.45227596163749695,0.6849498748779297,0.3887280225753784,0.6805174946784973,0.3487904667854309,0.6773105263710022,0.4141392409801483,0.6776599884033203,0.4587777256965637,0.7256081700325012,0.4009876549243927,0.7192074060440063,0.3612774908542633,0.7096562385559082,0.40414756536483765,0.7061026692390442,0.4375739097595215
0.6870782375335693,0.5836307406425476,0.6303500533103943,0.5464359521865845,0.5796021819114685,0.48162585496902466,0.5302922129631042,0.45092254877090454,0.4858775734901428,0.453739196062088,0.6069968938827515,0.3821207582950592,0.59165358543396,0.2951187789440155,0.5798152685165405,0.23913758993148804,0.5704288482666016,0.1950100064277649,0.6445168852806091,0.37987902760505676,0.6368864178657532,0.3272547125816345,0.6371602416038513,0.3982781767845154,0.6411195397377014,0.45233479142189026,0.6843522191047668,0.3880794644355774,0.6795164942741394,0.3434351682662964,0.6753673553466797,0.40952104330062866,0.676569938659668,0.45559385418891907,0.7259705066680908,0.403576523065567,0.7189381122589111,0.3581746220588684,0.7078996896743774,0.4010979235172272,0.7041174173355103,0.436421662569046
0.691376268863678,0.583041787147522,0.6353334784507751,0.5425049066543579,0.5871147513389587,0.483176589012146,0.5402184128761292,0.4502447545528412,0.49660977721214294,0.45081308484077454,0.6132073998451233,0.3905471861362457,0.6040200591087341,0.31692445278167725,0.5987271666526794,0.28358882665634155,0.5948064923286438,0.2572130560874939,0.6518705487251282,0.3874627947807312,0.6483620405197144,0.33528250455856323,0.6476532220840454,0.4002710282802582,0.6483124494552612,0.44728660583496094,0.691022515296936,0.39193999767303467,0.6889824271202087,0.348810613155365,0.6824150681495667,0.41081902384757996,0.6807422637939453,0.45529672503471375,0.7305330634117126,0.4034005403518677,0.7269940972328186,0.36237937211990356,0.7156480550765991,0.402651309967041,0.7106689810752869,0.4363000988960266
0.6889951229095459,0.5745811462402344,0.6354091763496399,0.5431294441223145,0.5858912467956543,0.48269185423851013,0.5403831005096436,0.45058053731918335,0.4991685152053833,0.44918757677078247,0.6093868017196655,0.3844616115093231,0.5965534448623657,0.3013331890106201,0.5869864225387573,0.24868136644363403,0.5788193345069885,0.2071257084608078,0.6476969122886658,0.38119643926620483,0.6455429196357727,0.33244824409484863,0.646162211894989,0.4017044007778168,0.6473583579063416,0.45447251200675964,0.6876635551452637,0.3884887993335724,0.6866046786308289,0.345851331949234,0.6818451881408691,0.41100162267684937,0.680252194404602,0.45739418268203735,0.7284233570098877,0.40359824895858765,0.7237948775291443,0.358988881111145,0.7125169634819031,0.40142494440078735,0.7062020897865295,0.4380771219730377
0.6908088326454163,0.5807130336761475,0.6377831101417542,0.5463758707046509,0.5876836776733398,0.48499101400375366,0.5412915349006653,0.4522852599620819,0.501083493232727,0.4513357877731323,0.6123980283737183,0.3883489966392517,0.5993348956108093,0.3118080496788025,0.5893806219100952,0.26396527886390686,0.5801068544387817,0.2259356826543808,0.6492925882339478,0.3838340640068054,0.6459382772445679,0.3345608115196228,0.647904634475708,0.4016937017440796,0.6492881774902344,0.45236852765083313,0.6882495284080505,0.3898540437221527,0.6867101192474365,0.3506177067756653,0.6831538081169128,0.41487792134284973,0.6811567544937134,0.459634006023407,0.7284837365150452,0.403560072183609,0.7241725325584412,0.36362555623054504,0.7149697542190552,0.40585219860076904,0.7096076607704163,0.44009384512901306
0.6861599087715149,0.5748594999313354,0.633348822593689,0.5454506874084473,0.582067608833313,0.4842148423194885,0.5341852307319641,0.45296627283096313,0.49339550733566284,0.45460087060928345,0.6051991581916809,0.3850489854812622,0.5921232104301453,0.3018058240413666,0.5829651355743408,0.2501577138900757,0.5743934512138367,0.20970341563224792,0.6437624096870422,0.38105788826942444,0.6422277092933655,0.33737269043922424,0.6449860334396362,0.4086952209472656,0.6460766196250916,0.4604997932910919,0.6836625933647156,0.3878355622291565,0.6826800107955933,0.3498811721801758,0.6805536150932312,0.41696643829345703,0.6789728403091431,0.4619564116001129,0.7245595455169678,0.4024279713630676,0.7205407023429871,0.36385947465896606,0.7118338346481323,0.4084758162498474,0.7063414454460144,0.44263017177581787
0.6866669058799744,0.5765185356140137,0.6337414383888245,0.5458803772926331,0.5814018845558167,0.4831494092941284,0.5313820838928223,0.452261358499527,0.4879688620567322,0.45674118399620056,0.6042680740356445,0.38379496335983276,0.5911027789115906,0.30119022727012634,0.5826931595802307,0.2508581280708313,0.575252115726471,0.20963649451732635,0.64283686876297,0.37870165705680847,0.6407029628753662,0.3347926735877991,0.6439297795295715,0.4062601923942566,0.6458784937858582,0.45722347497940063,0.6833236217498779,0.3849804103374481,0.6810212135314941,0.3525630831718445,0.6793811321258545,0.4198913276195526,0.6781491637229919,0.4629800021648407,0.7244255542755127,0.3993101716041565,0.7194799184799194,0.3650607168674469,0.7113931775093079,0.4101937711238861,0.7067703604698181,0.44245854020118713
0.6787882447242737,0.5712453126907349,0.6244586110115051,0.5436933636665344,0.5693466067314148,0.48144978284835815,0.5175448656082153,0.4512726068496704,0.4746896028518677,0.45849132537841797,0.5914803147315979,0.3839722275733948,0.5739582777023315,0.29474741220474243,0.5644808411598206,0.24256359040737152,0.5568817257881165,0.20113202929496765,0.6305411458015442,0.37977877259254456,0.630147397518158,0.3420224189758301,0.6358535885810852,0.4104609787464142,0.6388339400291443,0.46007412672042847,0.670524001121521,0.38615286350250244,0.6702734231948853,0.35607123374938965,0.6705790758132935,0.42136454582214355,0.6702226400375366,0.4641609191894531,0.7116956114768982,0.39992690086364746,0.7070364952087402,0.3675740957260132,0.7006654143333435,0.4125624895095825,0.6972944736480713,0.445139616727829
0.6816130876541138,0.5755137205123901,0.6258173584938049,0.5441800355911255,0.5704460740089417,0.48309001326560974,0.5176008939743042,0.45312032103538513,0.4716085195541382,0.46008843183517456,0.5903036594390869,0.38892582058906555,0.5722749829292297,0.30042093992233276,0.5619715452194214,0.2457895427942276,0.5537020564079285,0.19933532178401947,0.6289270520210266,0.38176554441452026,0.6263981461524963,0.3389299213886261,0.6323627829551697,0.4074946343898773,0.6361861824989319,0.4565984904766083,0.6693816781044006,0.38477522134780884,0.6663341522216797,0.35235676169395447,0.6667509078979492,0.41834110021591187,0.6670602560043335,0.4620157480239868,0.7107214331626892,0.3952191174030304,0.7035245895385742,0.36100831627845764,0.6979637145996094,0.4051837921142578,0.6956248879432678,0.43811073899269104
0.6752433776855469,0.5734744071960449,0.6189150214195251,0.5448442101478577,0.5610960125923157,0.4824599623680115,0.5063239932060242,0.45582816004753113,0.45935872197151184,0.46386203169822693,0.5811675786972046,0.3880094885826111,0.5615946650505066,0.29690122604370117,0.5515931844711304,0.24058280885219574,0.542818546295166,0.19456596672534943,0.619175910949707,0.38027089834213257,0.6191232800483704,0.3411332666873932,0.6269735097885132,0.4100976884365082,0.630197286605835,0.46021923422813416,0.659423828125,0.38283395767211914,0.6597282290458679,0.3537519872188568,0.6622830629348755,0.4184725284576416,0.6622841358184814,0.4603235125541687,0.7006970047950745,0.39323440194129944,0.6972876191139221,0.3602113723754883,0.6934154033660889,0.4053069055080414,0.6906964778900146,0.43742606043815613
0.6660647392272949,0.5703496336936951,0.6088763475418091,0.5425783395767212,0.5495997667312622,0.48199307918548584,0.49494504928588867,0.45547330379486084,0.44974952936172485,0.46415063738822937,0.5688809752464294,0.3835020959377289,0.5488530397415161,0.2953464984893799,0.5390181541442871,0.24260751903057098,0.5309743881225586,0.19880332052707672,0.6072459816932678,0.3762906789779663,0.6044543385505676,0.3360981047153473,0.6146767139434814,0.40716201066970825,0.620856523513794,0.4569864869117737,0.6472510695457458,0.3797452747821808,0.6462388634681702,0.35275784134864807,0.651007354259491,0.41924798488616943,0.6529528498649597,0.4596497118473053,0.6877209544181824,0.3911186456680298,0.683135986328125,0.35698559880256653,0.6800875663757324,0.40240660309791565,0.6785596013069153,0.43351659178733826
0.6468159556388855,0.5673863291740417,0.5876174569129944,0.5431649684906006,0.5262576341629028,0.48561644554138184,0.47398096323013306,0.458755224943161,0.43051677942276,0.4650917947292328,0.5500393509864807,0.38153284788131714,0.5363489389419556,0.29112759232521057,0.5274053812026978,0.23497723042964935,0.5187686681747437,0.18981076776981354,0.5897859334945679,0.3734948933124542,0.5849395990371704,0.335621178150177,0.5939175486564636,0.40686890482902527,0.5999755859375,0.4564260244369507,0.6300657391548157,0.37562376260757446,0.6254681944847107,0.3486287593841553,0.6287418603897095,0.4155978262424469,0.6300235390663147,0.45608144998550415,0.670393168926239,0.38542917370796204,0.662746250629425,0.3546241819858551,0.6587891578674316,0.4019352197647095,0.657422661781311,0.43204712867736816
0.6484659910202026,0.566754937171936,0.5901921391487122,0.54170161485672,0.5288279056549072,0.4836862087249756,0.4733876585960388,0.45931708812713623,0.42773985862731934,0.4707036018371582,0.5519511103630066,0.3823181986808777,0.5353161692619324,0.29193201661109924,0.5248030424118042,0.23510852456092834,0.5151689052581787,0.18814416229724884,0.5903375744819641,0.3715989887714386,0.5850302577018738,0.3343943953514099,0.5941202640533447,0.40535569190979004,0.6005668044090271,0.45369794964790344,0.6304494738578796,0.3717203140258789,0.6255154013633728,0.3477354049682617,0.628759503364563,0.4144056439399719,0.6302225589752197,0.45338019728660583,0.6701706647872925,0.3802899420261383,0.6634464859962463,0.3542203903198242,0.6599998474121094,0.40109944343566895,0.6591541767120361,0.4282355010509491
0.6248628497123718,0.5604076385498047,0.5665321946144104,0.5405044555664062,0.5032045841217041,0.48122698068618774,0.44880563020706177,0.452486515045166,0.40431779623031616,0.46245890855789185,0.5191527009010315,0.3830673396587372,0.5015606880187988,0.28863584995269775,0.4951125979423523,0.22830715775489807,0.4911593496799469,0.1773134469985962,0.5610794425010681,0.3732338845729828,0.5589070916175842,0.3316948115825653,0.571079432964325,0.4092770516872406,0.5788760781288147,0.458108127117157,0.603836178779602,0.37206342816352844,0.6013246774673462,0.34018266201019287,0.6056657433509827,0.41115567088127136,0.6068729162216187,0.45073795318603516,0.6458463668823242,0.37880027294158936,0.6391633749008179,0.34518811106681824,0.6359671950340271,0.3957518935203552,0.6344470381736755,0.4252048134803772
0.6172404885292053,0.5568656325340271,0.5557844042778015,0.5363515615463257,0.4913790225982666,0.4772733747959137,0.4363386929035187,0.4509602189064026,0.3914145529270172,0.4599580466747284,0.5074096322059631,0.3789258599281311,0.4899691343307495,0.28224998712539673,0.48227497935295105,0.22015614807605743,0.47559404373168945,0.17026084661483765,0.5487653017044067,0.3701193034648895,0.5455174446105957,0.3286662995815277,0.5603182911872864,0.40358680486679077,0.5675327777862549,0.45210039615631104,0.5917827486991882,0.3700263500213623,0.5881190299987793,0.33930012583732605,0.5963323712348938,0.4092833399772644,0.5975543260574341,0.44793808460235596,0.6348229646682739,0.377460241317749,0.6275454163551331,0.34379372000694275,0.6265377998352051,0.39405855536460876,0.6245188117027283,0.4231870472431183
0.6049087047576904,0.5554695725440979,0.5446797609329224,0.5357450246810913,0.47947579622268677,0.47588491439819336,0.42164433002471924,0.44950854778289795,0.374818354845047,0.45824161171913147,0.5002403855323792,0.36908605694770813,0.4821798801422119,0.27506229281425476,0.4707362651824951,0.21455292403697968,0.45994335412979126,0.16594739258289337,0.5396137237548828,0.361571729183197,0.5291382074356079,0.32530951499938965,0.5427529811859131,0.4026150107383728,0.5512064099311829,0.4425041973590851,0.581344723701477,0.36338210105895996,0.5717625617980957,0.3379075229167938,0.5793843269348145,0.40892523527145386,0.5830785632133484,0.43881285190582275,0.6235226392745972,0.3724382519721985,0.6117907762527466,0.3414129912853241,0.6102220416069031,0.3937126398086548,0.6109381318092346,0.41882622241973877
0.5893092155456543,0.5476519465446472,0.5298302173614502,0.5287245512008667,0.46481001377105713,0.47061288356781006,0.4078853130340576,0.44350093603134155,0.3592299818992615,0.45184680819511414,0.4871959686279297,0.35543519258499146,0.46733468770980835,0.26649290323257446,0.45613324642181396,0.20854179561138153,0.4480413794517517,0.16209207475185394,0.5268059968948364,0.3484846353530884,0.5120686292648315,0.3138362765312195,0.5222925543785095,0.3892146646976471,0.5340077877044678,0.43536970019340515,0.5691331624984741,0.3531734049320221,0.5545148253440857,0.33103325963020325,0.5599368214607239,0.40024346113204956,0.5673876404762268,0.43556737899780273,0.6123703718185425,0.3657192289829254,0.5946017503738403,0.3362564742565155,0.5911321043968201,0.38659676909446716,0.594771683216095,0.41414889693260193
0.5772083401679993,0.5423740744590759,0.5172085762023926,0.5265682935714722,0.4497605264186859,0.47144120931625366,0.3931950032711029,0.44146209955215454,0.34621331095695496,0.4473632574081421,0.47049638628959656,0.3590427041053772,0.44853925704956055,0.2675533592700958,0.4367964267730713,0.2088630199432373,0.42828643321990967,0.15974541008472443,0.5102943778038025,0.3492530584335327,0.49319836497306824,0.31242239475250244,0.5038130879402161,0.38572537899017334,0.5174288153648376,0.4323239028453827,0.5516937375068665,0.34969562292099,0.5348174571990967,0.32439252734184265,0.5403623580932617,0.3936680853366852,0.5491464734077454,0.43101489543914795,0.5943434834480286,0.3566688299179077,0.5750138759613037,0.3275372087955475,0.5722601413726807,0.37704116106033325,0.5773382782936096,0.40585970878601074
0.5590788722038269,0.537458598613739,0.4983915090560913,0.5247663259506226,0.4310585558414459,0.47606807947158813,0.37345579266548157,0.4497058689594269,0.3254038393497467,0.4544934034347534,0.44887566566467285,0.35527247190475464,0.4291669726371765,0.26420074701309204,0.4179430305957794,0.2043653130531311,0.4087817072868347,0.15660184621810913,0.4895957112312317,0.3437001705169678,0.47384634613990784,0.3094009757041931,0.4862549304962158,0.38361576199531555,0.4964497983455658,0.427155464887619,0.5319274663925171,0.342765212059021,0.5178864002227783,0.320559024810791,0.5250083804130554,0.3897300362586975,0.5297837257385254,0.42493143677711487,0.5749379992485046,0.34910690784454346,0.55828857421875,0.3220754861831665,0.5572329163551331,0.3724365234375,0.5593106150627136,0.3996231257915497
0.542896568775177,0.532357394695282,0.4828805923461914,0.5204719305038452,0.4109955430030823,0.4689069390296936,0.3534398078918457,0.4440680742263794,0.3062117099761963,0.45422953367233276,0.4294029474258423,0.3519478142261505,0.40889090299606323,0.25909215211868286,0.396889328956604,0.19947394728660583,0.3859870731830597,0.15154971182346344,0.4699355363845825,0.338081032037735,0.45609235763549805,0.3056386113166809,0.47010117769241333,0.37784653902053833,0.4817888140678406,0.42588114738464355,0.5121456980705261,0.33551278710365295,0.5009827613830566,0.31558436155319214,0.5089766383171082,0.3834972083568573,0.5142629742622375,0.4218807816505432,0.5547914505004883,0.3403056263923645,0.5402791500091553,0.31583887338638306,0.5397272109985352,0.36659079790115356,0.5417514443397522,0.39555156230926514
0.5245410799980164,0.5244084596633911,0.46405497193336487,0.5145093202590942,0.3934982120990753,0.46468305587768555,0.33603066205978394,0.44105732440948486,0.28798195719718933,0.4515661597251892,0.41249167919158936,0.34383949637413025,0.3919704854488373,0.25233936309814453,0.3785567879676819,0.1942165344953537,0.3672524094581604,0.1473810076713562,0.45159903168678284,0.3314025402069092,0.4284597635269165,0.2991500496864319,0.44270437955856323,0.37360385060310364,0.4593822658061981,0.42214471101760864,0.4930344820022583,0.3295985162258148,0.47397729754447937,0.30704596638679504,0.4822303354740143,0.37667134404182434,0.49140042066574097,0.41635698080062866,0.5357716083526611,0.33413171768188477,0.5149862766265869,0.3070017695426941,0.5136158466339111,0.3576921820640564,0.5187034606933594,0.38810181617736816
0.5103951096534729,0.5229321718215942,0.4502830505371094,0.5129682421684265,0.3782566785812378,0.4643830358982086,0.32134437561035156,0.4414343237876892,0.2738049626350403,0.4483848214149475,0.39637771248817444,0.34016239643096924,0.37425342202186584,0.2519339621067047,0.3589887022972107,0.19595305621623993,0.346251904964447,0.1513373702764511,0.43572890758514404,0.326383113861084,0.4098060727119446,0.29112592339515686,0.4244725704193115,0.36476045846939087,0.44259682297706604,0.4149671196937561,0.47785240411758423,0.3240435719490051,0.4550156891345978,0.2977709174156189,0.46413448452949524,0.36819392442703247,0.4754094183444977,0.409603476524353,0.5220221877098083,0.32835912704467773,0.4979906678199768,0.29799288511276245,0.4969816505908966,0.3477751612663269,0.5031070113182068,0.3785433769226074
0.49805915355682373,0.5159584283828735,0.43544819951057434,0.5098962187767029,0.36210668087005615,0.4626060426235199,0.30604127049446106,0.4375666081905365,0.2603115141391754,0.4428192377090454,0.38118553161621094,0.3348974585533142,0.35733720660209656,0.24280032515525818,0.3422403633594513,0.18734967708587646,0.32997822761535645,0.14421717822551727,0.4215080738067627,0.3225908875465393,0.3966516852378845,0.28553080558776855,0.4092634618282318,0.36105743050575256,0.42473360896110535,0.4086359143257141,0.46420636773109436,0.3212122917175293,0.4405887722969055,0.289463609457016,0.4492330253124237,0.36209309101104736,0.45982879400253296,0.40145576000213623,0.5094616413116455,0.3266879618167877,0.4857076108455658,0.29034218192100525,0.4842815101146698,0.34117603302001953,0.48971953988075256,0.3715396225452423
0.4994564652442932,0.5161560773849487,0.4363124370574951,0.5092203617095947,0.36318904161453247,0.46043860912323,0.30604439973831177,0.43558579683303833,0.25846153497695923,0.4421027898788452,0.3808532953262329,0.3323157727718353,0.35691532492637634,0.2450563609600067,0.34204918146133423,0.19072957336902618,0.329475075006485,0.1476064920425415,0.41963836550712585,0.31853047013282776,0.3976469337940216,0.2869192361831665,0.4126416742801666,0.36039280891418457,0.4278843104839325,0.40858718752861023,0.46177971363067627,0.3160344064235687,0.43962031602859497,0.2903343141078949,0.4503011107444763,0.3620564639568329,0.46103596687316895,0.402476966381073,0.5066221952438354,0.32077935338020325,0.48338305950164795,0.29070156812667847,0.4833642244338989,0.3434198796749115,0.48925358057022095,0.3756415545940399
0.4750969409942627,0.5062367916107178,0.40839168429374695,0.5004744529724121,0.3299812972545624,0.4501047730445862,0.2712514400482178,0.4262346625328064,0.2254449874162674,0.4381677508354187,0.35498887300491333,0.324424684047699,0.3322155177593231,0.23467329144477844,0.31752967834472656,0.18162161111831665,0.30529552698135376,0.13986161351203918,0.39444398880004883,0.30931228399276733,0.3736402094364166,0.2735995650291443,0.3875764310359955,0.3488680124282837,0.40317490696907043,0.39806315302848816,0.4365234375,0.3051503896713257,0.4160764217376709,0.27382034063339233,0.423817902803421,0.34352952241897583,0.434263676404953,0.38561469316482544,0.48025310039520264,0.3087010681629181,0.4597480297088623,0.2716653048992157,0.45685097575187683,0.3216586112976074,0.4614756405353546,0.35619834065437317
0.46228715777397156,0.5065517425537109,0.39698585867881775,0.4966455399990082,0.3206869065761566,0.44678881764411926,0.26016443967819214,0.4275374114513397,0.21205468475818634,0.4397701621055603,0.3455992341041565,0.32723096013069153,0.3207111358642578,0.23727229237556458,0.30375322699546814,0.18049511313438416,0.289063036441803,0.13589367270469666,0.3833595812320709,0.31129103899002075,0.359327107667923,0.2718895971775055,0.37494754791259766,0.3448859453201294,0.39291617274284363,0.3911868631839752,0.42426446080207825,0.3058735728263855,0.40360233187675476,0.2703312337398529,0.4122869372367859,0.33735695481300354,0.42338359355926514,0.37621617317199707,0.4670873284339905,0.3085419833660126,0.44934916496276855,0.2668284475803375,0.4463966488838196,0.3146866261959076,0.4504724144935608,0.34818869829177856
0.4509654641151428,0.49963825941085815,0.38497450947761536,0.49251386523246765,0.3074806332588196,0.44486117362976074,0.24681811034679413,0.4273759722709656,0.199062317609787,0.4386788606643677,0.33147838711738586,0.3203893005847931,0.30622386932373047,0.22823409736156464,0.28852495551109314,0.1690128892660141,0.27376464009284973,0.12312710285186768,0.3692744970321655,0.30420640110969543,0.3429889678955078,0.26672929525375366,0.357113242149353,0.33994704484939575,0.3764186203479767,0.38884273171424866,0.4109750986099243,0.2985590994358063,0.387440949678421,0.26630404591560364,0.3955399692058563,0.3335455358028412,0.408801406621933,0.37444019317626953,0.4550834596157074,0.29998478293418884,0.4327288866043091,0.26158756017684937,0.42919886112213135,0.30964305996894836,0.4352627992630005,0.3438097834587097
0.4433658719062805,0.5024212598800659,0.3757835924625397,0.4944687485694885,0.29688140749931335,0.44584402441978455,0.2354571521282196,0.428194135427475,0.18765634298324585,0.44025328755378723,0.32203710079193115,0.32181188464164734,0.2966387867927551,0.22918003797531128,0.27904483675956726,0.16893962025642395,0.26476573944091797,0.12172280251979828,0.36020129919052124,0.30519604682922363,0.3349803686141968,0.2653628885746002,0.3476303219795227,0.3394325375556946,0.3650590479373932,0.38888248801231384,0.40203484892845154,0.3001043200492859,0.37972429394721985,0.2671236991882324,0.3864726424217224,0.3356667459011078,0.3976861238479614,0.37649738788604736,0.4459525942802429,0.30294790863990784,0.42631182074546814,0.2630384862422943,0.4219795763492584,0.31101569533348083,0.42625856399536133,0.3444725275039673
0.4309195280075073,0.5047270655632019,0.3652355670928955,0.49716711044311523,0.28614670038223267,0.4478576183319092,0.22478467226028442,0.4311754107475281,0.1779758185148239,0.44576993584632874,0.3091895580291748,0.31853461265563965,0.2838171124458313,0.22382837533950806,0.265655517578125,0.16248196363449097,0.25083643198013306,0.1146949976682663,0.348263144493103,0.3031468689441681,0.3205316662788391,0.26630523800849915,0.33359965682029724,0.34363433718681335,0.3530021905899048,0.39364922046661377,0.3905027508735657,0.29954081773757935,0.36516204476356506,0.26944199204444885,0.37231871485710144,0.3413146436214447,0.38595134019851685,0.38231369853019714,0.43482667207717896,0.3033253848552704,0.41089242696762085,0.26647719740867615,0.4069283604621887,0.31733691692352295,0.4140661060810089,0.3508750796318054
0.4324357211589813,0.5092265605926514,0.36343616247177124,0.5003622770309448,0.28472986817359924,0.4496791958808899,0.22446250915527344,0.4310121536254883,0.17768655717372894,0.446061372756958,0.3131403923034668,0.32418838143348694,0.28655123710632324,0.2312183678150177,0.2691259980201721,0.17061711847782135,0.25550609827041626,0.12260554730892181,0.35180243849754333,0.3072018623352051,0.3255687952041626,0.267986536026001,0.3367730677127838,0.34223851561546326,0.35530778765678406,0.3937233090400696,0.3929665982723236,0.3006805181503296,0.36648333072662354,0.2673433721065521,0.37295976281166077,0.33924174308776855,0.3873079717159271,0.38269057869911194,0.4372308850288391,0.301416277885437,0.41295579075813293,0.2633325755596161,0.40841659903526306,0.31589317321777344,0.4159543514251709,0.3526020348072052
0.41664743423461914,0.5076242089271545,0.35249948501586914,0.49812591075897217,0.27555546164512634,0.4483844041824341,0.21564649045467377,0.4337085485458374,0.1692117303609848,0.45100489258766174,0.3005368113517761,0.31639277935028076,0.2735057473182678,0.21732747554779053,0.25475016236305237,0.15264323353767395,0.24002231657505035,0.10245406627655029,0.3404460847377777,0.3011523485183716,0.31177788972854614,0.27084481716156006,0.324477881193161,0.3508796691894531,0.3445330560207367,0.39965397119522095,0.3835931718349457,0.29778456687927246,0.35725679993629456,0.27240896224975586,0.36359089612960815,0.34549015760421753,0.3780173063278198,0.38471946120262146,0.42922094464302063,0.30145424604415894,0.4047347903251648,0.26591756939888,0.3990533649921417,0.318016916513443,0.40584367513656616,0.35151976346969604
0.403049111366272,0.5235347747802734,0.33291563391685486,0.5094082951545715,0.2576446235179901,0.4576723873615265,0.19798097014427185,0.4454912543296814,0.15188473463058472,0.4678504765033722,0.28509366512298584,0.3298884332180023,0.2576099634170532,0.2292996048927307,0.24143162369728088,0.16393525898456573,0.22905489802360535,0.1108802855014801,0.322658896446228,0.31626978516578674,0.28802675008773804,0.2757178544998169,0.30041393637657166,0.35513147711753845,0.3219454288482666,0.40680718421936035,0.3632564842700958,0.3110562264919281,0.3296799659729004,0.2767731249332428,0.3378083407878876,0.3497827351093292,0.3555475175380707,0.3921016454696655,0.40742751955986023,0.3114408552646637,0.376548707485199,0.27021753787994385,0.3727876842021942,0.32286500930786133,0.38351914286613464,0.359717458486557
0.3942299485206604,0.5215216279029846,0.32378852367401123,0.5070885419845581,0.24845457077026367,0.45962944626808167,0.18915040791034698,0.4455704987049103,0.14321638643741608,0.46424737572669983,0.27656421065330505,0.33212119340896606,0.24780255556106567,0.23265434801578522,0.2301405817270279,0.16904199123382568,0.21558821201324463,0.12026970088481903,0.3122730255126953,0.3199670910835266,0.27478814125061035,0.27931782603263855,0.2892085015773773,0.35903599858283997,0.3111056089401245,0.4113433063030243,0.3507910370826721,0.3158729672431946,0.3160189688205719,0.28166836500167847,0.3263684809207916,0.3565250039100647,0.3429325520992279,0.3996620178222656,0.3928320109844208,0.3173210024833679,0.3617626130580902,0.27836328744888306,0.3594014048576355,0.3330160677433014,0.3684965670108795,0.36949422955513
0.3934916853904724,0.5191270709037781,0.3243357539176941,0.5077018737792969,0.24813561141490936,0.4616926908493042,0.1870892345905304,0.4496423602104187,0.14044466614723206,0.4691656529903412,0.27143192291259766,0.33465054631233215,0.24297407269477844,0.23891983926296234,0.22733308374881744,0.17571797966957092,0.21490204334259033,0.12730465829372406,0.3087530732154846,0.32033321261405945,0.2738983929157257,0.2802148461341858,0.28907322883605957,0.35917940735816956,0.311183363199234,0.41292238235473633,0.34883618354797363,0.31431132555007935,0.3162403404712677,0.2818707227706909,0.3264681398868561,0.3574284315109253,0.3423074185848236,0.40043455362319946,0.39271068572998047,0.31431591510772705,0.3624292016029358,0.27846843004226685,0.3603431284427643,0.33488211035728455,0.3684163987636566,0.3706475794315338
0.3796640634536743,0.5227251052856445,0.315836638212204,0.5122638940811157,0.23910993337631226,0.46443653106689453,0.17918828129768372,0.44967934489250183,0.1339407116174698,0.46556171774864197,0.26213327050209045,0.33582836389541626,0.23491734266281128,0.2424405813217163,0.22019705176353455,0.18044614791870117,0.210066020488739,0.13315212726593018,0.299771249294281,0.3225056827068329,0.2645571231842041,0.2814582288265228,0.28149521350860596,0.3637341856956482,0.30469757318496704,0.4127782881259918,0.34011536836624146,0.31694841384887695,0.30750176310539246,0.28313857316970825,0.319740891456604,0.36106419563293457,0.33611929416656494,0.39853769540786743,0.3840090036392212,0.3165073096752167,0.3531185984611511,0.2815588414669037,0.35317081212997437,0.3383195996284485,0.363042414188385,0.3674614131450653
0.3843436539173126,0.5194277167320251,0.3181334435939789,0.5109228491783142,0.23975130915641785,0.466361939907074,0.17853781580924988,0.4543692469596863,0.1323411464691162,0.4723859429359436,0.26167020201683044,0.33985045552253723,0.23317572474479675,0.24604803323745728,0.219783216714859,0.18325069546699524,0.20999914407730103,0.1349935233592987,0.2989307940006256,0.32415562868118286,0.2645861804485321,0.2856398820877075,0.2827264964580536,0.3627614378929138,0.3050589859485626,0.4116273522377014,0.33991527557373047,0.3157716989517212,0.30706000328063965,0.2863016426563263,0.3218998312950134,0.3595825433731079,0.3386419713497162,0.3960903286933899,0.384915828704834,0.3127107620239258,0.35328051447868347,0.2815653681755066,0.3552744388580322,0.33552950620651245,0.36520135402679443,0.3628495931625366
0.3517872393131256,0.5332609415054321,0.285144567489624,0.5255334973335266,0.20819035172462463,0.4778633117675781,0.148489311337471,0.46423840522766113,0.1046489030122757,0.48246216773986816,0.2375299036502838,0.35093802213668823,0.210945725440979,0.2507927119731903,0.19628822803497314,0.18823540210723877,0.18767988681793213,0.13777072727680206,0.27523958683013916,0.33569496870040894,0.23462459444999695,0.2957007586956024,0.2484205663204193,0.37647199630737305,0.27312061190605164,0.4233509302139282,0.3156590759754181,0.32903847098350525,0.2792374789714813,0.2885603904724121,0.28867971897125244,0.3625220060348511,0.3077296316623688,0.40218639373779297,0.3602411150932312,0.32720619440078735,0.3281170725822449,0.28329163789749146,0.3252658545970917,0.33626288175582886,0.33683955669403076,0.3715292513370514
0.35701489448547363,0.5383007526397705,0.2864357829093933,0.5254403352737427,0.21009451150894165,0.47959017753601074,0.14970654249191284,0.4677690267562866,0.10471418499946594,0.48795804381370544,0.2430332899093628,0.3590160608291626,0.21156896650791168,0.2613517642021179,0.19373826682567596,0.20132149755954742,0.18179680407047272,0.1542094498872757,0.27917206287384033,0.3419654071331024,0.23908603191375732,0.29662269353866577,0.25151535868644714,0.373774915933609,0.2754558324813843,0.4242267906665802,0.3194793164730072,0.33325836062431335,0.2808179259300232,0.28701844811439514,0.2890835702419281,0.3584347665309906,0.30941042304039,0.40170732140541077,0.3645433485507965,0.33070841431617737,0.33311226963996887,0.2823810577392578,0.32780805230140686,0.3321535587310791,0.33929985761642456,0.36935678124427795
0.3536633253097534,0.5342375040054321,0.28709250688552856,0.5245097875595093,0.21021366119384766,0.47879019379615784,0.14986303448677063,0.46627676486968994,0.10458187758922577,0.4846235513687134,0.23915332555770874,0.35346266627311707,0.20980045199394226,0.25375357270240784,0.19481757283210754,0.1922825127840042,0.18619541823863983,0.14348195493221283,0.2756088078022003,0.3365410566329956,0.234993115067482,0.295214980840683,0.24961981177330017,0.3756064474582672,0.2755792438983917,0.42348796129226685,0.31639987230300903,0.3281692564487457,0.2786000669002533,0.28781425952911377,0.2882753908634186,0.36309587955474854,0.30844247341156006,0.4030158817768097,0.3620186448097229,0.3256332278251648,0.3298838436603546,0.2797931432723999,0.3252939283847809,0.3343954384326935,0.3363758325576782,0.37131473422050476
0.34917354583740234,0.5446039438247681,0.283710777759552,0.5436197519302368,0.2054821252822876,0.5003679990768433,0.14503103494644165,0.485204815864563,0.1000266820192337,0.502809464931488,0.22837184369564056,0.36170485615730286,0.19750164449214935,0.2622946500778198,0.18157103657722473,0.19837185740470886,0.17196005582809448,0.14859993755817413,0.2648274600505829,0.3462713658809662,0.22599615156650543,0.3076258599758148,0.2439059615135193,0.39447858929634094,0.2694353461265564,0.43878185749053955,0.30476003885269165,0.33856305480003357,0.27017107605934143,0.3060457408428192,0.28272032737731934,0.3843604326248169,0.30320337414741516,0.4209316074848175,0.3484480082988739,0.33636441826820374,0.3156055808067322,0.3003740906715393,0.31551140546798706,0.35801494121551514,0.3293955326080322,0.3912586569786072
0.34931349754333496,0.552237868309021,0.2828793525695801,0.5494136810302734,0.20586320757865906,0.5084872841835022,0.14397692680358887,0.49385780096054077,0.09911154210567474,0.5092918276786804,0.2272452563047409,0.37421083450317383,0.19251975417137146,0.27460238337516785,0.17629823088645935,0.20876392722129822,0.1655428260564804,0.1560410112142563,0.2636122405529022,0.35577213764190674,0.23165030777454376,0.31846827268600464,0.2504116892814636,0.39735111594200134,0.27356499433517456,0.4447972774505615,0.3027152121067047,0.3455156683921814,0.27141112089157104,0.31491655111312866,0.28358662128448486,0.3878288269042969,0.3016776442527771,0.4269799292087555,0.34610041975975037,0.34097403287887573,0.3152987062931061,0.30749574303627014,0.3143458366394043,0.36336660385131836,0.3250642716884613,0.39822736382484436
0.34625673294067383,0.5575768947601318,0.2782302796840668,0.553982138633728,0.19972103834152222,0.513833224773407,0.13906899094581604,0.5010202527046204,0.095110684633255,0.5180772542953491,0.22449275851249695,0.37881526350975037,0.18944229185581207,0.2822009325027466,0.17205049097537994,0.2203843593597412,0.16079771518707275,0.1696225106716156,0.25969865918159485,0.3617727756500244,0.22295092046260834,0.3244527578353882,0.23983025550842285,0.4035753607749939,0.2647153437137604,0.4502021074295044,0.29759103059768677,0.3532642424106598,0.2620660960674286,0.3218051791191101,0.2733061909675598,0.3956899344921112,0.2936188578605652,0.4348774552345276,0.33925652503967285,0.3503984212875366,0.3048642873764038,0.3167928159236908,0.30363231897354126,0.3732457458972931,0.3167093098163605,0.40891075134277344
0.34081166982650757,0.5664946436882019,0.2710753083229065,0.5653547644615173,0.18986961245536804,0.5247164964675903,0.1293756365776062,0.5121076703071594,0.08520732820034027,0.5275952816009521,0.21312102675437927,0.3829806447029114,0.17737463116645813,0.28719085454940796,0.1585806906223297,0.22567985951900482,0.1455668807029724,0.17547601461410522,0.2471284121274948,0.36558544635772705,0.20184457302093506,0.33226117491722107,0.22179847955703735,0.41519033908843994,0.25015318393707275,0.4596777856349945,0.28479593992233276,0.3559364378452301,0.24381878972053528,0.33312276005744934,0.2596735656261444,0.40851524472236633,0.2826337218284607,0.4416152238845825,0.32659611105918884,0.3520479202270508,0.2875301241874695,0.3241843283176422,0.29056695103645325,0.3810010254383087,0.3073628842830658,0.4103865325450897
0.3374379873275757,0.5695014595985413,0.2665117681026459,0.5667633414268494,0.18609371781349182,0.5271010398864746,0.12582814693450928,0.515863835811615,0.08166904747486115,0.5323185324668884,0.20977284014225006,0.3868514597415924,0.17228098213672638,0.287971556186676,0.15238764882087708,0.22627833485603333,0.1383053958415985,0.1761198192834854,0.2440289855003357,0.36917203664779663,0.2019195258617401,0.3392332196235657,0.2200743705034256,0.4182080030441284,0.24760347604751587,0.46482136845588684,0.2811715602874756,0.35952040553092957,0.24136996269226074,0.3363223671913147,0.2553294599056244,0.41046780347824097,0.2776618003845215,0.44697490334510803,0.32213982939720154,0.355021595954895,0.2849031090736389,0.3260059952735901,0.28582119941711426,0.3825770318508148,0.30071231722831726,0.4144776165485382
0.3323102593421936,0.573439359664917,0.2632902264595032,0.5710727572441101,0.18278616666793823,0.5319523811340332,0.12292462587356567,0.5207717418670654,0.07905638217926025,0.5364922881126404,0.204048290848732,0.3896034061908722,0.16684316098690033,0.2911965250968933,0.14754782617092133,0.2295326590538025,0.13359889388084412,0.17870764434337616,0.2382010966539383,0.37250545620918274,0.19244372844696045,0.34158217906951904,0.21359370648860931,0.42308980226516724,0.24303925037384033,0.4680303633213043,0.2754040062427521,0.3625473976135254,0.23338930308818817,0.33990979194641113,0.250291645526886,0.41815653443336487,0.2732449173927307,0.45347389578819275,0.31727010011672974,0.35749340057373047,0.27787521481513977,0.3271860182285309,0.28039321303367615,0.38691794872283936,0.29540812969207764,0.41880473494529724
0.32692334055900574,0.5769747495651245,0.2603345811367035,0.5765504240989685,0.1802554726600647,0.5377827286720276,0.12072812020778656,0.5260166525840759,0.07785968482494354,0.542957067489624,0.19992312788963318,0.39151686429977417,0.16493740677833557,0.29336804151535034,0.14614218473434448,0.23128296434879303,0.13196131587028503,0.1816265881061554,0.2348039448261261,0.3747519254684448,0.1892591416835785,0.34656837582588196,0.21108387410640717,0.42669689655303955,0.23975762724876404,0.4722376763820648,0.2725544273853302,0.36612316966056824,0.23211094737052917,0.3467605710029602,0.24919700622558594,0.42389681935310364,0.27068138122558594,0.459947407245636,0.3146563768386841,0.3623603880405426,0.27611494064331055,0.33529791235923767,0.2782406806945801,0.39446741342544556,0.2912990152835846,0.42660966515541077
0.32584118843078613,0.5832024812698364,0.2577579617500305,0.5827971696853638,0.1780962198972702,0.5446802973747253,0.120026133954525,0.5336180329322815,0.07801061868667603,0.5502908229827881,0.19911640882492065,0.39573827385902405,0.16471821069717407,0.29898083209991455,0.14667806029319763,0.2367076426744461,0.13259850442409515,0.18780869245529175,0.23448532819747925,0.3782108724117279,0.190399631857872,0.3551253378391266,0.21148459613323212,0.43539556860923767,0.23832446336746216,0.4808943271636963,0.2725936770439148,0.3700532913208008,0.23129630088806152,0.35760101675987244,0.24829399585723877,0.43317264318466187,0.2696126699447632,0.46705079078674316,0.3147503137588501,0.3679789900779724,0.2754187285900116,0.3493384122848511,0.27733391523361206,0.40620046854019165,0.29050153493881226,0.43374547362327576
0.3246884047985077,0.5900063514709473,0.25670692324638367,0.5881869196891785,0.18049944937229156,0.5520995259284973,0.12307199090719223,0.5422182679176331,0.08060838282108307,0.5563020706176758,0.2006557583808899,0.40386155247688293,0.16632089018821716,0.30708226561546326,0.1480633020401001,0.24603818356990814,0.1336422860622406,0.19800588488578796,0.23560264706611633,0.38722458481788635,0.19051608443260193,0.3656880855560303,0.21124368906021118,0.443717360496521,0.23808307945728302,0.4900457561016083,0.27291667461395264,0.3795502185821533,0.2298552244901657,0.36825716495513916,0.24723142385482788,0.4424446225166321,0.26890334486961365,0.47788628935813904,0.3144819736480713,0.37807077169418335,0.2735234498977661,0.36106711626052856,0.27628135681152344,0.4166713356971741,0.29033172130584717,0.4446616470813751
0.3250618577003479,0.6011042594909668,0.25712838768959045,0.5990599989891052,0.17979297041893005,0.5609239935874939,0.12381720542907715,0.5506525039672852,0.08198966085910797,0.5651213526725769,0.20019276440143585,0.41247111558914185,0.16626381874084473,0.3183060884475708,0.14898084104061127,0.25741779804229736,0.13539423048496246,0.2098204493522644,0.23566120862960815,0.3937126696109772,0.19157902896404266,0.37728801369667053,0.21325039863586426,0.4548689126968384,0.23989255726337433,0.49989408254623413,0.2742510437965393,0.38522860407829285,0.23291094601154327,0.3810303211212158,0.2507729232311249,0.4538988769054413,0.27147504687309265,0.48781678080558777,0.3173692226409912,0.38385987281799316,0.2766862213611603,0.3727076053619385,0.27972838282585144,0.42787250876426697,0.29269418120384216,0.4544045627117157
0.3233873248100281,0.6021304130554199,0.25719648599624634,0.5984487533569336,0.17995893955230713,0.561059296131134,0.12481935322284698,0.5498755574226379,0.08375346660614014,0.5648649334907532,0.20021849870681763,0.41285693645477295,0.1655150055885315,0.31986552476882935,0.1488664746284485,0.2593064308166504,0.13656467199325562,0.21146924793720245,0.23612159490585327,0.3943958580493927,0.19163648784160614,0.37706491351127625,0.21245571970939636,0.4546607434749603,0.23871873319149017,0.5015228986740112,0.27492576837539673,0.38626372814178467,0.2331474870443344,0.3812139630317688,0.24990998208522797,0.452762246131897,0.2704443633556366,0.48858195543289185,0.3181546628475189,0.3850991129875183,0.27727368474006653,0.37350475788116455,0.2791116237640381,0.4281272888183594,0.2912027835845947,0.4567241668701172
0.3304126262664795,0.6217761039733887,0.2624965310096741,0.6178630590438843,0.1865866780281067,0.5817739963531494,0.13020265102386475,0.5740739703178406,0.08827901631593704,0.5893510580062866,0.2048802375793457,0.43558943271636963,0.17248296737670898,0.3420907258987427,0.15586483478546143,0.28319865465164185,0.1420227289199829,0.23466388881206512,0.23931528627872467,0.41712215542793274,0.1934928297996521,0.40135979652404785,0.21773406863212585,0.4784024953842163,0.24545219540596008,0.5215320587158203,0.27793222665786743,0.40909087657928467,0.23417095839977264,0.4037665128707886,0.2543609142303467,0.4757729470729828,0.2758512496948242,0.50835120677948,0.321505069732666,0.40862295031547546,0.2777702808380127,0.395052433013916,0.2842479646205902,0.44965559244155884,0.2995649576187134,0.47483745217323303
0.3321085572242737,0.6327582597732544,0.2654428482055664,0.6286461353302002,0.18808013200759888,0.590726912021637,0.13062438368797302,0.5798722505569458,0.08925959467887878,0.596833348274231,0.20976287126541138,0.4433548152446747,0.1750936210155487,0.35179805755615234,0.15733793377876282,0.29083746671676636,0.14346545934677124,0.24210964143276215,0.24446401000022888,0.4248763620853424,0.19607535004615784,0.4106472134590149,0.21790499985218048,0.48866185545921326,0.24620388448238373,0.5328466892242432,0.28175774216651917,0.4167177677154541,0.23585881292819977,0.4118785858154297,0.2540668845176697,0.48522821068763733,0.2765543460845947,0.5207889080047607,0.3229377269744873,0.4163186252117157,0.2788757085800171,0.40406423807144165,0.28276652097702026,0.4595874845981598,0.29778531193733215,0.4877881109714508
0.33485978841781616,0.6403555274009705,0.2666109502315521,0.6371545791625977,0.19036449491977692,0.5995189547538757,0.13314148783683777,0.5884407758712769,0.09124235808849335,0.6043366193771362,0.21223486959934235,0.45581331849098206,0.1747538298368454,0.3638435900211334,0.15713171660900116,0.3020433783531189,0.14404544234275818,0.25159701704978943,0.24584953486919403,0.43698108196258545,0.19692033529281616,0.41927945613861084,0.21816028654575348,0.4976147413253784,0.24630683660507202,0.5412842035293579,0.2825874090194702,0.4280094504356384,0.2363746017217636,0.421356201171875,0.25444579124450684,0.4931345283985138,0.27690550684928894,0.5255998969078064,0.3235739469528198,0.42690545320510864,0.28079867362976074,0.4137200713157654,0.2850642204284668,0.46706637740135193,0.3001447021961212,0.49174317717552185
0.33682751655578613,0.6456139087677002,0.2684609889984131,0.6424233913421631,0.19145804643630981,0.6023302674293518,0.13401392102241516,0.5890050530433655,0.09242890775203705,0.607190728187561,0.21518470346927643,0.46054327487945557,0.17718367278575897,0.36731845140457153,0.15837755799293518,0.3044881820678711,0.1451098620891571,0.253364235162735,0.24855948984622955,0.44140690565109253,0.20069825649261475,0.4258486330509186,0.22034049034118652,0.5020787715911865,0.24835926294326782,0.5472058057785034,0.28502607345581055,0.432228147983551,0.2389020472764969,0.42820486426353455,0.2562198340892792,0.4978986978530884,0.2794415354728699,0.5319013595581055,0.32555004954338074,0.4301283359527588,0.28268301486968994,0.4198145866394043,0.28577354550361633,0.4713978171348572,0.30088937282562256,0.4969727694988251
0.3377816081047058,0.6461650729179382,0.2691417634487152,0.643244206905365,0.192097008228302,0.6034390330314636,0.13468757271766663,0.5898153185844421,0.09320221841335297,0.6095595359802246,0.21492043137550354,0.463678240776062,0.17592431604862213,0.37006908655166626,0.15735849738121033,0.3068215847015381,0.14412282407283783,0.25564253330230713,0.24811773002147675,0.44410645961761475,0.2021157145500183,0.4276389181613922,0.22347554564476013,0.5023249387741089,0.2514490783214569,0.5470029711723328,0.2847495675086975,0.43367254734039307,0.24033531546592712,0.4270467162132263,0.2586464583873749,0.49559876322746277,0.2818450331687927,0.5296975374221802,0.32544562220573425,0.43012529611587524,0.2843017578125,0.4184826612472534,0.28824105858802795,0.4691644310951233,0.30341047048568726,0.49445125460624695
0.33900776505470276,0.6417100429534912,0.2699839770793915,0.6383698582649231,0.192928284406662,0.5992792248725891,0.1347947120666504,0.5894613862037659,0.09320314228534698,0.6104921102523804,0.21616235375404358,0.45896220207214355,0.17832332849502563,0.36506569385528564,0.16022886335849762,0.3022458255290985,0.14745919406414032,0.2512962222099304,0.2488558292388916,0.4395676851272583,0.20130085945129395,0.42478257417678833,0.22320152819156647,0.500144898891449,0.2519349455833435,0.5420685410499573,0.2850818932056427,0.42999306321144104,0.23967701196670532,0.42458677291870117,0.2582833766937256,0.4929630160331726,0.2815680503845215,0.5236252546310425,0.3249463737010956,0.4274846017360687,0.283416211605072,0.41678375005722046,0.2881630063056946,0.4680900573730469,0.30414652824401855,0.49108120799064636
0.33595287799835205,0.6371526122093201,0.26841479539871216,0.6337158679962158,0.19160448014736176,0.594002902507782,0.13433955609798431,0.5829540491104126,0.09324564039707184,0.6002953052520752,0.21279782056808472,0.45258578658103943,0.176113098859787,0.35845768451690674,0.15864205360412598,0.2965473532676697,0.14627335965633392,0.24609388411045074,0.2457260638475418,0.43414849042892456,0.1957639902830124,0.41857871413230896,0.21849998831748962,0.4958319365978241,0.24813945591449738,0.5357280969619751,0.2823846936225891,0.42504769563674927,0.23574788868427277,0.4188728928565979,0.2548559308052063,0.48925918340682983,0.2779649496078491,0.517286479473114,0.32273221015930176,0.4231240153312683,0.27966374158859253,0.4108165204524994,0.2848885655403137,0.46484658122062683,0.3011344075202942,0.48695531487464905
0.3302178978919983,0.6309348940849304,0.2636834383010864,0.6273629665374756,0.18741652369499207,0.5868958234786987,0.13100408017635345,0.5764854550361633,0.09096524119377136,0.5984143614768982,0.20786181092262268,0.4437505602836609,0.17264950275421143,0.3509254455566406,0.1547846496105194,0.291116327047348,0.14175036549568176,0.242982417345047,0.24130037426948547,0.42531001567840576,0.1905360072851181,0.41121843457221985,0.21184790134429932,0.48647910356521606,0.24092720448970795,0.5290436744689941,0.27798494696617126,0.4165162146091461,0.23056258261203766,0.41334643959999084,0.24862363934516907,0.482061505317688,0.2712118327617645,0.5119642615318298,0.31856822967529297,0.415105402469635,0.27468141913414,0.4058385193347931,0.28005102276802063,0.4589131772518158,0.29641038179397583,0.4824026823043823
0.3279823660850525,0.624098002910614,0.2594989538192749,0.620728611946106,0.1842702329158783,0.5834778547286987,0.1280352771282196,0.5729442834854126,0.08789922297000885,0.5887989401817322,0.20335225760936737,0.4415709376335144,0.16808980703353882,0.3498286008834839,0.15047937631607056,0.2915355861186981,0.13761261105537415,0.2434498518705368,0.2358594834804535,0.4225411117076874,0.18655189871788025,0.403639554977417,0.20825521647930145,0.4799044728279114,0.23678404092788696,0.5206450819969177,0.272113561630249,0.4128573536872864,0.22732014954090118,0.4070122539997101,0.24561980366706848,0.4765605032444,0.26793718338012695,0.5048924088478088,0.3128034472465515,0.41092097759246826,0.27016592025756836,0.39858531951904297,0.27538302540779114,0.45232367515563965,0.2914687693119049,0.47577619552612305
0.32153037190437317,0.6182616949081421,0.25373542308807373,0.6141553521156311,0.1800386756658554,0.577904462814331,0.12450215965509415,0.5680057406425476,0.08394348621368408,0.5818735361099243,0.19833484292030334,0.4358850419521332,0.16372975707054138,0.34388500452041626,0.14673662185668945,0.2855341136455536,0.13453030586242676,0.23744407296180725,0.2300163209438324,0.4183024764060974,0.17907223105430603,0.4023642838001251,0.20147308707237244,0.47780901193618774,0.23079095780849457,0.5147546529769897,0.2655943036079407,0.4095701575279236,0.21949562430381775,0.4039323031902313,0.23834440112113953,0.4726186692714691,0.26097428798675537,0.4982687830924988,0.3058397173881531,0.4083748161792755,0.26155614852905273,0.3945116698741913,0.2672668397426605,0.44845566153526306,0.28397369384765625,0.4707888960838318
0.31464684009552,0.6135836839675903,0.24693253636360168,0.6090933680534363,0.17382967472076416,0.5729504227638245,0.11854171007871628,0.5638945698738098,0.0787113755941391,0.5786435008049011,0.19352863729000092,0.43127691745758057,0.15739956498146057,0.3401334285736084,0.13987725973129272,0.282484233379364,0.1274927258491516,0.23458141088485718,0.22467495501041412,0.41361474990844727,0.17322169244289398,0.3993832468986511,0.19554267823696136,0.47356581687927246,0.22513838112354279,0.5099782347679138,0.2595282196998596,0.4038099944591522,0.21227486431598663,0.39837998151779175,0.23132041096687317,0.4654383361339569,0.25487780570983887,0.49136340618133545,0.29877766966819763,0.4011971354484558,0.253657728433609,0.38908082246780396,0.25979897379875183,0.44071587920188904,0.2777930498123169,0.4622463881969452
0.31467634439468384,0.6128780841827393,0.24662336707115173,0.6098652482032776,0.17246057093143463,0.5734471082687378,0.11718621104955673,0.5624180436134338,0.07826860249042511,0.5789663195610046,0.19291794300079346,0.43143534660339355,0.15796300768852234,0.34090477228164673,0.14061672985553741,0.28255680203437805,0.12760689854621887,0.23452742397785187,0.22450216114521027,0.41293975710868835,0.17521478235721588,0.3969079256057739,0.19701902568340302,0.4692206084728241,0.22584058344364166,0.5099992752075195,0.2590436041355133,0.40270474553108215,0.21213874220848083,0.39708390831947327,0.23099300265312195,0.46484822034835815,0.25465917587280273,0.4954049289226532,0.29812145233154297,0.39949190616607666,0.25343525409698486,0.38894516229629517,0.25912222266197205,0.440351665019989,0.27634960412979126,0.46503496170043945
0.30531394481658936,0.6014096736907959,0.237691730260849,0.5998545289039612,0.16435161232948303,0.5642257332801819,0.10941575467586517,0.556237518787384,0.06888359785079956,0.5696464776992798,0.18105259537696838,0.42007607221603394,0.1449085921049118,0.33089229464530945,0.1274268627166748,0.2744238078594208,0.11499572545289993,0.2276245802640915,0.21322090923786163,0.400362491607666,0.16343146562576294,0.3839558959007263,0.1871103197336197,0.4596532881259918,0.21632160246372223,0.4974486529827118,0.24876494705677032,0.38931509852409363,0.20266854763031006,0.38499584794044495,0.2224927395582199,0.454558789730072,0.2463187426328659,0.48203521966934204,0.2868936359882355,0.3861240744590759,0.24295201897621155,0.37568020820617676,0.24970704317092896,0.4277994632720947,0.2681460380554199,0.4492490589618683
0.29887574911117554,0.5951660871505737,0.23262733221054077,0.5936126112937927,0.15820690989494324,0.5582026839256287,0.10250024497509003,0.548815906047821,0.06323623657226562,0.5643211603164673,0.17653749883174896,0.4146636724472046,0.1404343843460083,0.3253404200077057,0.12372265011072159,0.26984700560569763,0.11169704794883728,0.2226383537054062,0.20796263217926025,0.3967133164405823,0.15659752488136292,0.38144806027412415,0.17984096705913544,0.4559267461299896,0.2099408358335495,0.4950685203075409,0.24270105361938477,0.3865409195423126,0.19534018635749817,0.3801087439060211,0.21487650275230408,0.44910386204719543,0.23898881673812866,0.4782501757144928,0.2813989818096161,0.38314661383628845,0.23616118729114532,0.36971965432167053,0.24224933981895447,0.42276835441589355,0.2604551613330841,0.44697433710098267
0.296636700630188,0.5901134610176086,0.22964850068092346,0.5891674757003784,0.1549595147371292,0.5546947717666626,0.09880539029836655,0.5457543134689331,0.06025365740060806,0.5639621019363403,0.1731690615415573,0.4114762544631958,0.13721035420894623,0.3223293423652649,0.12024629861116409,0.26590126752853394,0.10776092112064362,0.218598410487175,0.20476755499839783,0.3927544355392456,0.15482263267040253,0.3773980736732483,0.17710445821285248,0.4499751031398773,0.20616792142391205,0.4900249242782593,0.23935092985630035,0.3818959891796112,0.1932327002286911,0.3750503957271576,0.2116909623146057,0.44300541281700134,0.235254168510437,0.47435060143470764,0.2776366174221039,0.3773390054702759,0.23337523639202118,0.3647354245185852,0.23833905160427094,0.41786888241767883,0.2556978166103363,0.44441306591033936
0.29487842321395874,0.5872591137886047,0.22645963728427887,0.5865903496742249,0.1518230438232422,0.5520133972167969,0.0960615947842598,0.5422970652580261,0.05841970443725586,0.5626848936080933,0.1707744300365448,0.4099515676498413,0.13413314521312714,0.3209119737148285,0.1177511215209961,0.2637743651866913,0.1061311587691307,0.21580849587917328,0.2018359750509262,0.3911270499229431,0.15071836113929749,0.3721698522567749,0.17443519830703735,0.4447880983352661,0.20528338849544525,0.48591184616088867,0.23615160584449768,0.37953171133995056,0.18921416997909546,0.3698413372039795,0.20895527303218842,0.4371861517429352,0.23401595652103424,0.4692661166191101,0.2744494378566742,0.3739818334579468,0.2295030951499939,0.35901114344596863,0.23526957631111145,0.41100597381591797,0.2536267042160034,0.43775177001953125
0.29448601603507996,0.5862334966659546,0.2265957146883011,0.5854111909866333,0.15186184644699097,0.5507910251617432,0.09604237973690033,0.5416293144226074,0.05812280625104904,0.5615732073783875,0.16975566744804382,0.4074581563472748,0.13341504335403442,0.3183804154396057,0.11675892770290375,0.26078417897224426,0.10557488352060318,0.21250639855861664,0.20117948949337006,0.3884519636631012,0.1528341919183731,0.3686676621437073,0.17542928457260132,0.44365739822387695,0.20501232147216797,0.48469269275665283,0.2358422577381134,0.37710651755332947,0.19058620929718018,0.36697179079055786,0.20929327607154846,0.436165988445282,0.2338160276412964,0.4678536653518677,0.2744063138961792,0.37203699350357056,0.2308753877878189,0.35719311237335205,0.23588088154792786,0.41018855571746826,0.2537744343280792,0.4365232586860657
0.29577475786209106,0.5851964354515076,0.2279016524553299,0.5846635699272156,0.15293893218040466,0.5498477220535278,0.09806876629590988,0.540478527545929,0.06028815358877182,0.5599144697189331,0.1727799028158188,0.4037071764469147,0.1370544582605362,0.3151175379753113,0.11956411600112915,0.2574964463710785,0.10733326524496078,0.20946523547172546,0.20431607961654663,0.3841473460197449,0.1558915078639984,0.3684079647064209,0.17757707834243774,0.4434647858142853,0.2067958563566208,0.4848145544528961,0.2389489859342575,0.37287986278533936,0.1933230608701706,0.36711639165878296,0.21152397990226746,0.43686142563819885,0.23548775911331177,0.4682691693305969,0.27780681848526,0.3680270314216614,0.23357075452804565,0.35602515935897827,0.23842281103134155,0.40972501039505005,0.25589239597320557,0.43576252460479736
0.299313485622406,0.5849306583404541,0.23326902091503143,0.5845644474029541,0.15902036428451538,0.5487194061279297,0.10535185784101486,0.5387662649154663,0.06696921586990356,0.5546512603759766,0.17833630740642548,0.4034912586212158,0.1447829306125641,0.3141532838344574,0.12645243108272552,0.25705617666244507,0.11340925097465515,0.20970340073108673,0.21073096990585327,0.38446494936943054,0.164643794298172,0.36391428112983704,0.1836998015642166,0.4389207363128662,0.2111690193414688,0.4824644923210144,0.2462306022644043,0.37438538670539856,0.2018766850233078,0.36441710591316223,0.217799112200737,0.43533164262771606,0.24038106203079224,0.46883803606033325,0.2861272990703583,0.37133073806762695,0.24237942695617676,0.3560947775840759,0.2453993260860443,0.4114575982093811,0.26155248284339905,0.4403470456600189
0.3125862777233124,0.5817812085151672,0.24765825271606445,0.5851321220397949,0.17165572941303253,0.5495228171348572,0.11784569174051285,0.5379055738449097,0.07874584943056107,0.5509457588195801,0.1906549632549286,0.40445616841316223,0.16010497510433197,0.31497499346733093,0.14187626540660858,0.2573692202568054,0.12807437777519226,0.21112166345119476,0.22255071997642517,0.3866586685180664,0.17821627855300903,0.3601471185684204,0.19641432166099548,0.4329869747161865,0.22265960276126862,0.4779227674007416,0.2569981813430786,0.3768174350261688,0.21441754698753357,0.3598705530166626,0.22946663200855255,0.43008947372436523,0.2509854733943939,0.4655165672302246,0.29548805952072144,0.3735424280166626,0.25476139783859253,0.3532860279083252,0.2587392032146454,0.4070492088794708,0.27460500597953796,0.4376242458820343
0.3302743434906006,0.5795459151268005,0.2660306692123413,0.5823483467102051,0.18877242505550385,0.5430983304977417,0.13445788621902466,0.5327808856964111,0.09439345449209213,0.551707923412323,0.20495668053627014,0.40646839141845703,0.17438824474811554,0.31591784954071045,0.1588822305202484,0.2578457295894623,0.14733746647834778,0.21040652692317963,0.23788587749004364,0.38791778683662415,0.19842535257339478,0.35970377922058105,0.2165684998035431,0.4306369721889496,0.240218386054039,0.4718722403049469,0.27333950996398926,0.37852126359939575,0.23316256701946259,0.3600296080112457,0.24780938029289246,0.42825767397880554,0.26634421944618225,0.46054744720458984,0.3119540214538574,0.37618815898895264,0.2744486927986145,0.3552800416946411,0.2778019607067108,0.4077560305595398,0.2903088629245758,0.43631666898727417
0.32961055636405945,0.5786833763122559,0.2658843696117401,0.5803442001342773,0.1884065866470337,0.5426316857337952,0.13427776098251343,0.5306940078735352,0.09327211230993271,0.5459649562835693,0.20586764812469482,0.4079415500164032,0.17490428686141968,0.31839606165885925,0.1587885320186615,0.260148286819458,0.1471402943134308,0.21285617351531982,0.23848013579845428,0.3885660767555237,0.19821400940418243,0.3595276176929474,0.21647529304027557,0.43182313442230225,0.24093924462795258,0.4742739200592041,0.273463636636734,0.3779827654361725,0.23422829806804657,0.35934269428253174,0.24919956922531128,0.42818567156791687,0.26846110820770264,0.46056830883026123,0.3120768070220947,0.37360668182373047,0.2741314768791199,0.35279199481010437,0.2780662775039673,0.40635988116264343,0.2919114828109741,0.4345874786376953
0.348548024892807,0.5792973041534424,0.28415215015411377,0.5800838470458984,0.2076907902956009,0.5378043055534363,0.15403692424297333,0.525566041469574,0.11354459077119827,0.5470389723777771,0.22946462035179138,0.4075106382369995,0.20005695521831512,0.31657493114471436,0.18527232110500336,0.2583303451538086,0.1735970377922058,0.20883576571941376,0.2639503479003906,0.38815996050834656,0.22732631862163544,0.3542342483997345,0.2431153804063797,0.4256473481655121,0.2648656368255615,0.46882015466690063,0.3002535402774811,0.37919771671295166,0.2638554871082306,0.35325175523757935,0.2742266058921814,0.42188483476638794,0.29055434465408325,0.45739004015922546,0.33863115310668945,0.3768320083618164,0.30615076422691345,0.3453128933906555,0.30519771575927734,0.39762210845947266,0.3149816393852234,0.4303915798664093
0.381510853767395,0.5892424583435059,0.32220232486724854,0.5740882158279419,0.2483329176902771,0.5209649205207825,0.194748654961586,0.508764922618866,0.15325891971588135,0.5276544094085693,0.2765359878540039,0.3942696452140808,0.24733614921569824,0.2988300323486328,0.23095408082008362,0.23554643988609314,0.21694160997867584,0.18282005190849304,0.31243696808815,0.3793106973171234,0.2777806222438812,0.34906840324401855,0.28743988275527954,0.4207029342651367,0.3035617768764496,0.45802178978919983,0.35056063532829285,0.37662559747695923,0.31741905212402344,0.3466501235961914,0.32086554169654846,0.4151113033294678,0.33277207612991333,0.447950154542923,0.3882783353328705,0.3831775486469269,0.3570965528488159,0.3458946943283081,0.352495014667511,0.3971197307109833,0.36062341928482056,0.42869237065315247
0.41767340898513794,0.5736131072044373,0.3539178669452667,0.5625206828117371,0.2773384153842926,0.5135732889175415,0.22174786031246185,0.50359046459198,0.1775171458721161,0.5239617228507996,0.29851704835891724,0.379243940114975,0.27400362491607666,0.2872288227081299,0.2602367103099823,0.2285401076078415,0.24861431121826172,0.1784868836402893,0.33599090576171875,0.36690473556518555,0.3101591467857361,0.3444347381591797,0.31530019640922546,0.41536572575569153,0.32651078701019287,0.45605161786079407,0.3751576542854309,0.36683300137519836,0.34964245557785034,0.3488267958164215,0.3499488830566406,0.4136669337749481,0.3570106029510498,0.445218026638031,0.4145084619522095,0.37443676590919495,0.39079439640045166,0.35224589705467224,0.38512593507766724,0.40200477838516235,0.38975584506988525,0.429684042930603
0.4442735016345978,0.5706142783164978,0.37778353691101074,0.554419755935669,0.3028974235057831,0.5075659155845642,0.2473485767841339,0.4947839081287384,0.20128129422664642,0.5164178013801575,0.3261938989162445,0.38214239478111267,0.3014986217021942,0.2852005362510681,0.2868918776512146,0.22418279945850372,0.27186155319213867,0.17261932790279388,0.3634362816810608,0.3670657277107239,0.3300511837005615,0.35391664505004883,0.3413841426372528,0.42539700865745544,0.35605090856552124,0.4617573618888855,0.4015648663043976,0.3629928231239319,0.36960020661354065,0.3503264784812927,0.37514692544937134,0.4187270998954773,0.38490813970565796,0.455365926027298,0.44102001190185547,0.3640902638435364,0.4135981798171997,0.3411139249801636,0.4080144762992859,0.39236390590667725,0.40992283821105957,0.4262218475341797
0.4433647394180298,0.570429265499115,0.38082200288772583,0.5541774034500122,0.306078165769577,0.5069363713264465,0.25115054845809937,0.492706298828125,0.20418015122413635,0.5102835893630981,0.32855892181396484,0.37719541788101196,0.30248895287513733,0.2858627438545227,0.288318932056427,0.22719141840934753,0.2758881747722626,0.17753450572490692,0.36542391777038574,0.3626560866832733,0.32779183983802795,0.34627118706703186,0.33650344610214233,0.41352495551109314,0.35024866461753845,0.44827884435653687,0.40268686413764954,0.359480619430542,0.3670233488082886,0.3422660827636719,0.37103796005249023,0.409298300743103,0.3804669678211212,0.4471815824508667,0.4412938356399536,0.36129412055015564,0.4106764793395996,0.3386770486831665,0.4041036367416382,0.3884136974811554,0.40575045347213745,0.4233359396457672
0.48427730798721313,0.5769255757331848,0.4186052083969116,0.5625808835029602,0.3500223457813263,0.5097611546516418,0.2958837151527405,0.4809088706970215,0.25005650520324707,0.4929163455963135,0.3801935315132141,0.392372727394104,0.3536599278450012,0.29524385929107666,0.3397180736064911,0.23529116809368134,0.3272094130516052,0.18307504057884216,0.4153520166873932,0.3802032768726349,0.38768240809440613,0.3526665270328522,0.3984334170818329,0.4198532998561859,0.4135070741176605,0.4559999108314514,0.4521414637565613,0.3780609965324402,0.4229580760002136,0.3514047861099243,0.42890167236328125,0.417494535446167,0.4407661557197571,0.4515308141708374,0.4902324080467224,0.382790744304657,0.46398213505744934,0.350937157869339,0.46043330430984497,0.40211978554725647,0.46657127141952515,0.432845801115036
0.48070237040519714,0.5742044448852539,0.42014482617378235,0.5624539852142334,0.3514418601989746,0.5115482807159424,0.300481379032135,0.4840499758720398,0.25664347410202026,0.4916822910308838,0.37977513670921326,0.3926742374897003,0.3521929681301117,0.29708200693130493,0.3371143639087677,0.23676733672618866,0.32500749826431274,0.18555235862731934,0.41392260789871216,0.38155272603034973,0.3851378262042999,0.3530513644218445,0.3942023515701294,0.4193418323993683,0.4090598523616791,0.45986974239349365,0.44989272952079773,0.37963491678237915,0.4209437072277069,0.3532939553260803,0.42588701844215393,0.4186934530735016,0.43679583072662354,0.4572216868400574,0.4879002571105957,0.38389983773231506,0.4617607295513153,0.35412952303886414,0.4571710228919983,0.4029862582683563,0.4626672565937042,0.43649670481681824
0.515546977519989,0.5154068470001221,0.4755382835865021,0.5222552418708801,0.4324410557746887,0.50457364320755,0.41168728470802307,0.4740389883518219,0.40455636382102966,0.4417468309402466,0.42912209033966064,0.39057764410972595,0.4067952036857605,0.36596953868865967,0.41613468527793884,0.4182189702987671,0.4305497109889984,0.4532093107700348,0.4572261571884155,0.3767394721508026,0.43326008319854736,0.3616165816783905,0.44239819049835205,0.41938892006874084,0.45565924048423767,0.44537416100502014,0.48811060190200806,0.3701211214065552,0.46520495414733887,0.3610079288482666,0.4712850749492645,0.41429078578948975,0.4829616844654083,0.4407793879508972,0.5226986408233643,0.3693719208240509,0.4996158480644226,0.36318889260292053,0.4992527365684509,0.40371888875961304,0.5084241628646851,0.4252612888813019
0.5282357931137085,0.5829064249992371,0.4673847556114197,0.571999728679657,0.4015670418739319,0.5209385752677917,0.34638363122940063,0.49158185720443726,0.299780935049057,0.5004733204841614,0.42388013005256653,0.401001513004303,0.3991157114505768,0.30199432373046875,0.38814783096313477,0.2387213259935379,0.37842071056365967,0.18760745227336884,0.4614650011062622,0.3910120129585266,0.43959030508995056,0.3573237359523773,0.4520156681537628,0.4267849922180176,0.46533942222595215,0.4719744026660919,0.5015071630477905,0.39115145802497864,0.47694098949432373,0.3636476397514343,0.4840022921562195,0.42890042066574097,0.49353402853012085,0.4658660888671875,0.542941153049469,0.3972838222980499,0.5189727544784546,0.3635562062263489,0.5157347321510315,0.410418838262558,0.5210624933242798,0.43951237201690674
0.5417188405990601,0.5870072245597839,0.48102623224258423,0.5763598680496216,0.4159209430217743,0.5243552923202515,0.3604990243911743,0.496374249458313,0.31384214758872986,0.506467878818512,0.4353180527687073,0.402118057012558,0.41271644830703735,0.3042713403701782,0.40259066224098206,0.24078944325447083,0.39301472902297974,0.19143272936344147,0.4742216467857361,0.39270779490470886,0.45514535903930664,0.3598887622356415,0.4686518907546997,0.4327395558357239,0.4810691773891449,0.47752469778060913,0.5161288380622864,0.39541131258010864,0.4950331449508667,0.36926352977752686,0.5022100210189819,0.43690788745880127,0.50949627161026,0.4707329571247101,0.5593318343162537,0.4055243730545044,0.5396379828453064,0.378240168094635,0.5353426933288574,0.42627736926078796,0.5371354818344116,0.45081809163093567
0.5516603589057922,0.5921939015388489,0.49178704619407654,0.580121636390686,0.42769357562065125,0.5276658535003662,0.3721242845058441,0.4993962347507477,0.3253506124019623,0.5090376734733582,0.44716474413871765,0.40452441573143005,0.4279758036136627,0.30712011456489563,0.41818511486053467,0.24425072968006134,0.4092729091644287,0.19445325434207916,0.48640814423561096,0.3964265286922455,0.4696492552757263,0.3635499179363251,0.4818294048309326,0.4387461841106415,0.4933830797672272,0.4860936403274536,0.5286421179771423,0.40106844902038574,0.5100435018539429,0.37694984674453735,0.5160441398620605,0.445250928401947,0.5227261185646057,0.4801482558250427,0.5719749927520752,0.41328704357147217,0.5544668436050415,0.38594120740890503,0.5494303703308105,0.4349212348461151,0.5505341291427612,0.46148088574409485
0.5627758502960205,0.6006463170051575,0.5044373273849487,0.5870164036750793,0.44035181403160095,0.5305644869804382,0.38469821214675903,0.5014480352401733,0.33752086758613586,0.5126444697380066,0.4605141282081604,0.4109339714050293,0.4402812719345093,0.31244736909866333,0.430276483297348,0.24862244725227356,0.42120081186294556,0.1969972848892212,0.499628484249115,0.40210121870040894,0.4832913279533386,0.37084075808525085,0.4952852427959442,0.4461844265460968,0.5066700577735901,0.49429017305374146,0.542209267616272,0.40574154257774353,0.5232414603233337,0.3829214870929718,0.5288920998573303,0.4513642489910126,0.5361099243164062,0.48792269825935364,0.5859814286231995,0.41677120327949524,0.5678011178970337,0.38831064105033875,0.5616025924682617,0.4382806718349457,0.5627760887145996,0.46706774830818176
0.5767397284507751,0.6082784533500671,0.5173808932304382,0.5918362736701965,0.45294100046157837,0.533911406993866,0.3972305953502655,0.5052035450935364,0.3502727150917053,0.5172306299209595,0.47696995735168457,0.4168451130390167,0.4531290829181671,0.3170996308326721,0.4416229724884033,0.2530879080295563,0.4319668412208557,0.2019912451505661,0.5149049162864685,0.4089083671569824,0.495236337184906,0.379065603017807,0.5064217448234558,0.4530611038208008,0.5189618468284607,0.5007023215293884,0.5564002990722656,0.4128503203392029,0.5345516204833984,0.3885205090045929,0.539588212966919,0.45589008927345276,0.5479583144187927,0.4938908517360687,0.599728524684906,0.42435500025749207,0.5792297124862671,0.39432451128959656,0.5725704431533813,0.44222551584243774,0.5748884677886963,0.4718106985092163
0.5874195098876953,0.620603084564209,0.5273959040641785,0.6008883714675903,0.46394845843315125,0.5375537276268005,0.40979549288749695,0.5067410469055176,0.36296266317367554,0.5209723711013794,0.49122339487075806,0.42081502079963684,0.46851876378059387,0.3231574594974518,0.4584288001060486,0.26024681329727173,0.4503861665725708,0.21073733270168304,0.5289706587791443,0.4145967662334442,0.5090739130973816,0.3842282295227051,0.5195943117141724,0.45892369747161865,0.5316665768623352,0.5073992609977722,0.5703881978988647,0.420028418302536,0.5474610924720764,0.397193044424057,0.5523420572280884,0.464585542678833,0.5606844425201416,0.5012706518173218,0.6139122247695923,0.4325231611728668,0.5920947790145874,0.40311726927757263,0.5857356190681458,0.45204639434814453,0.588405966758728,0.48142343759536743
0.598738431930542,0.6279586553573608,0.5357829928398132,0.6051174998283386,0.4726496934890747,0.5406497120857239,0.41967272758483887,0.5087063312530518,0.3747010827064514,0.5234407186508179,0.5001802444458008,0.4302389323711395,0.4826911687850952,0.3325037658214569,0.4780692160129547,0.2689225971698761,0.47558915615081787,0.21802903711795807,0.5393708348274231,0.42379534244537354,0.5216871500015259,0.38948047161102295,0.5325924754142761,0.46623682975769043,0.5446643829345703,0.5191372632980347,0.5817947387695312,0.42876705527305603,0.5614262819290161,0.40404170751571655,0.5662052035331726,0.47231101989746094,0.5742031931877136,0.5128160119056702,0.6260316371917725,0.44146108627319336,0.6056596636772156,0.4115086793899536,0.598617434501648,0.4573534429073334,0.600152850151062,0.48602595925331116
0.6067553758621216,0.6355776190757751,0.5436983704566956,0.6084730625152588,0.4818817377090454,0.5433506965637207,0.42851901054382324,0.5134606957435608,0.38414621353149414,0.5254072546958923,0.5137015581130981,0.43498867750167847,0.497280478477478,0.33947575092315674,0.4913296401500702,0.2780882716178894,0.4871608316898346,0.2296295017004013,0.5512101650238037,0.43051570653915405,0.5300082564353943,0.39460355043411255,0.5389622449874878,0.47083529829978943,0.5512006878852844,0.5229672789573669,0.5920972228050232,0.4360356330871582,0.5702539682388306,0.4084922671318054,0.5733838081359863,0.4770215153694153,0.5813157558441162,0.5178050398826599,0.635731041431427,0.44830694794654846,0.6150575876235962,0.4137655198574066,0.6054945588111877,0.4593869149684906,0.6057056188583374,0.4897373914718628
0.614205539226532,0.6387097835540771,0.5512808561325073,0.6086263656616211,0.48945602774620056,0.5390080213546753,0.4370657801628113,0.5046178102493286,0.39318007230758667,0.518822968006134,0.5214933156967163,0.43726709485054016,0.5073279142379761,0.3446029722690582,0.5037962794303894,0.284954309463501,0.5020473599433899,0.23777350783348083,0.5594293475151062,0.4321971833705902,0.5443505048751831,0.3926854133605957,0.5506694912910461,0.4660288393497467,0.5600026845932007,0.5163556933403015,0.5994044542312622,0.43590250611305237,0.5828974843025208,0.4067259430885315,0.583358645439148,0.47274476289749146,0.5882102251052856,0.5122454166412354,0.6413311958312988,0.4460659921169281,0.6254417896270752,0.4128972887992859,0.6160812973976135,0.45707499980926514,0.6149464845657349,0.48653048276901245
0.6210058927536011,0.6344614028930664,0.5609754920005798,0.6000189781188965,0.5019365549087524,0.5301592946052551,0.450484037399292,0.49630188941955566,0.4063504934310913,0.5076504349708557,0.5365507006645203,0.43243545293807983,0.5225640535354614,0.34273838996887207,0.5188306570053101,0.2874453365802765,0.5168880820274353,0.24376268684864044,0.5725856423377991,0.42913439869880676,0.5587876439094543,0.3863150477409363,0.5633022785186768,0.4544488489627838,0.5717318058013916,0.5023567080497742,0.6108943223953247,0.4345322847366333,0.59443598985672,0.39893838763237,0.5930642485618591,0.4629910886287689,0.5976367592811584,0.5024531483650208,0.6510673761367798,0.446580708026886,0.6359453201293945,0.40658026933670044,0.6253999471664429,0.4511428773403168,0.6244850754737854,0.4831848442554474
0.6289925575256348,0.6238566040992737,0.5706279277801514,0.5876173973083496,0.5144529342651367,0.5215668082237244,0.4640713334083557,0.4888231158256531,0.4205467104911804,0.49252066016197205,0.5556583404541016,0.4169146716594696,0.5439035892486572,0.32442528009414673,0.5355320572853088,0.26565808057785034,0.5276463031768799,0.2197682112455368,0.5907581448554993,0.4150901436805725,0.5785638689994812,0.3754119277000427,0.5790857076644897,0.4430865943431854,0.5851524472236633,0.4938170611858368,0.6271008253097534,0.4229738712310791,0.6122743487358093,0.3898080587387085,0.6080768704414368,0.45203450322151184,0.6123642325401306,0.49394741654396057,0.6648938655853271,0.43818342685699463,0.6498913764953613,0.3994717001914978,0.6385628581047058,0.44420984387397766,0.6387986540794373,0.4794592261314392
0.6297823190689087,0.6089950203895569,0.5740655064582825,0.5681822896003723,0.5241947174072266,0.5027266144752502,0.4776535630226135,0.4698672294616699,0.43622761964797974,0.470408171415329,0.5700204372406006,0.4031672477722168,0.5610512495040894,0.3035675883293152,0.5536701679229736,0.2417425662279129,0.5462304353713989,0.1957249939441681,0.6040050387382507,0.40553343296051025,0.5891045928001404,0.36546555161476135,0.5875968933105469,0.4310395419597626,0.592613935470581,0.4844212830066681,0.6387701630592346,0.4153555631637573,0.6218120455741882,0.379938006401062,0.6154581904411316,0.43904146552085876,0.6186231374740601,0.4838868975639343,0.6752477884292603,0.4307589828968048,0.661214292049408,0.38666170835494995,0.6473755240440369,0.42692306637763977,0.6452301144599915,0.46546563506126404
0.6341147422790527,0.613341748714447,0.5766580700874329,0.571646511554718,0.5257677435874939,0.5027284026145935,0.47836241126060486,0.46677297353744507,0.43648889660835266,0.4726264178752899,0.567442774772644,0.40966689586639404,0.5590342879295349,0.3090505003929138,0.5536395907402039,0.24568375945091248,0.5478178262710571,0.19705459475517273,0.6017078757286072,0.4090980291366577,0.5856119394302368,0.3677492141723633,0.5865116715431213,0.4298287034034729,0.5930624604225159,0.48256802558898926,0.6366091370582581,0.4159776568412781,0.6186611652374268,0.3847890794277191,0.6152045130729675,0.44186168909072876,0.6195729970932007,0.4875134229660034,0.6737065315246582,0.42863729596138,0.6558844447135925,0.39226412773132324,0.6450525522232056,0.42970046401023865,0.6448466777801514,0.4661431312561035
0.649348258972168,0.6032791137695312,0.5888396501541138,0.5525394678115845,0.5441198945045471,0.49361658096313477,0.5001676082611084,0.45860108733177185,0.4592665731906891,0.4581020772457123,0.5899792313575745,0.42340755462646484,0.5751233696937561,0.34692078828811646,0.5674514174461365,0.3379344344139099,0.5670740604400635,0.3370465338230133,0.6200447082519531,0.42307910323143005,0.6061677932739258,0.36658209562301636,0.6051894426345825,0.4253382980823517,0.612575888633728,0.4702785015106201,0.6520311832427979,0.42628014087677,0.6349040269851685,0.3746150732040405,0.6283968687057495,0.4335949420928955,0.6344466209411621,0.4791642725467682,0.6868800520896912,0.4332912266254425,0.6697642803192139,0.38179197907447815,0.6567517518997192,0.41855618357658386,0.6579720377922058,0.4566648304462433
0.6502946615219116,0.5945980548858643,0.5949743390083313,0.547184407711029,0.5518304109573364,0.492038369178772,0.5086750388145447,0.46487048268318176,0.47061216831207275,0.4713165760040283,0.6063023805618286,0.43304160237312317,0.5992285013198853,0.38454383611679077,0.5983700156211853,0.42655062675476074,0.6047385931015015,0.47342541813850403,0.6332909464836121,0.4292893707752228,0.624306321144104,0.3760003447532654,0.6210201382637024,0.4289774000644684,0.6269518136978149,0.4779641032218933,0.66169273853302,0.4289321005344391,0.6509292125701904,0.3808457851409912,0.6437644958496094,0.43180063366889954,0.6479158401489258,0.47875046730041504,0.6918735504150391,0.4323056936264038,0.6819426417350769,0.3835151195526123,0.6699884533882141,0.40555959939956665,0.6683522462844849,0.4343797564506531
0.6485390663146973,0.5840249061584473,0.5945601463317871,0.5424164533615112,0.5534934401512146,0.497257262468338,0.5119299292564392,0.4730507433414459,0.47519156336784363,0.4743691086769104,0.5983854532241821,0.43778079748153687,0.588901937007904,0.390017032623291,0.5902907848358154,0.4310395419597626,0.5991553664207458,0.4721042215824127,0.6249324083328247,0.4339597523212433,0.6141901016235352,0.3840675354003906,0.6142239570617676,0.43617886304855347,0.6231936812400818,0.47955524921417236,0.6544585227966309,0.4332752525806427,0.6419411897659302,0.38477250933647156,0.6376811861991882,0.43547505140304565,0.6439918279647827,0.4801117479801178,0.6872084736824036,0.437902569770813,0.6744427680969238,0.38863593339920044,0.6621310710906982,0.4184868335723877,0.6608597636222839,0.45434534549713135
0.6556861400604248,0.5802761912345886,0.6012752652168274,0.5417782068252563,0.5588721632957458,0.5001378059387207,0.5163172483444214,0.47937852144241333,0.47993549704551697,0.47874656319618225,0.6028207540512085,0.4449292719364166,0.5936194658279419,0.39823687076568604,0.5959308743476868,0.4347993731498718,0.6054828763008118,0.4746171236038208,0.6277711391448975,0.4404389262199402,0.6161006689071655,0.3880003094673157,0.6169302463531494,0.4374461770057678,0.626664400100708,0.4796823561191559,0.6554164290428162,0.4378741979598999,0.642500638961792,0.38744232058525085,0.6393928527832031,0.43638333678245544,0.6468254923820496,0.4797353148460388,0.6862305402755737,0.4394625723361969,0.6735122203826904,0.3903985023498535,0.6632809042930603,0.41400837898254395,0.6637356281280518,0.4443499445915222
0.6582764983177185,0.5741440653800964,0.6033564805984497,0.5393481850624084,0.5601630210876465,0.5012575387954712,0.5190649032592773,0.4831463396549225,0.484214186668396,0.4833676218986511,0.6049098372459412,0.4468916952610016,0.597520112991333,0.40233105421066284,0.6006821393966675,0.4337520897388458,0.609796404838562,0.47172436118125916,0.6297799348831177,0.4413406550884247,0.6198729872703552,0.39075419306755066,0.6214817762374878,0.43574970960617065,0.6301578283309937,0.47636619210243225,0.656410813331604,0.43730780482292175,0.6442426443099976,0.38898080587387085,0.6424781680107117,0.4346524178981781,0.6498451232910156,0.47589758038520813,0.6858611106872559,0.43766066431999207,0.6743680238723755,0.3889393210411072,0.6664414405822754,0.4110949635505676,0.6674536466598511,0.43975070118904114
0.66550612449646,0.5763790011405945,0.6083018779754639,0.5413492321968079,0.5617548823356628,0.5028291940689087,0.5189045071601868,0.4844803214073181,0.48359614610671997,0.48511749505996704,0.6094820499420166,0.4471326768398285,0.6000063419342041,0.4017956554889679,0.6034347414970398,0.43357163667678833,0.6122344732284546,0.47114986181259155,0.6335576772689819,0.4401904344558716,0.6223124265670776,0.3910629451274872,0.6248002648353577,0.43548083305358887,0.6334900259971619,0.4741041660308838,0.6593194603919983,0.4348602294921875,0.6455414295196533,0.3880041241645813,0.6453827619552612,0.4325081408023834,0.6533951163291931,0.4723500907421112,0.6876396536827087,0.4345904290676117,0.6752102971076965,0.38754555583000183,0.6685198545455933,0.41096246242523193,0.6708268523216248,0.4399729073047638
0.6676613092422485,0.5751041173934937,0.6105254292488098,0.5408190488815308,0.5642068386077881,0.5003929138183594,0.5213018655776978,0.48005351424217224,0.4856081008911133,0.48137155175209045,0.6049569249153137,0.44475430250167847,0.5952685475349426,0.4013831615447998,0.6018344759941101,0.43102675676345825,0.6122801303863525,0.4660762548446655,0.6308867335319519,0.4366866648197174,0.6201579570770264,0.38838714361190796,0.6251326203346252,0.43226808309555054,0.634479820728302,0.4704199731349945,0.6582102179527283,0.43093249201774597,0.6457498073577881,0.3847894072532654,0.6470630168914795,0.4284525513648987,0.6549698710441589,0.4676869511604309,0.6878483295440674,0.4300346374511719,0.6754797101020813,0.38452446460723877,0.6699538826942444,0.4070216715335846,0.672091543674469,0.4338513910770416
0.671027660369873,0.5701451897621155,0.6144474148750305,0.5392257571220398,0.5668984651565552,0.5010141134262085,0.5226193070411682,0.48213404417037964,0.4870092272758484,0.48453792929649353,0.6036695837974548,0.4458836615085602,0.5941420793533325,0.401794970035553,0.6025694012641907,0.4285559356212616,0.614105224609375,0.46272435784339905,0.629936933517456,0.4363511800765991,0.6193886399269104,0.3871651887893677,0.626788854598999,0.4307868182659149,0.636811375617981,0.4684605300426483,0.6577113270759583,0.42908939719200134,0.6459170579910278,0.3830350339412689,0.6493667960166931,0.42519861459732056,0.6575722694396973,0.4635869562625885,0.6880082488059998,0.4267399311065674,0.676009476184845,0.38250553607940674,0.6721540093421936,0.4044494926929474,0.6751629710197449,0.43057888746261597
0.6760880351066589,0.5697792768478394,0.6170563101768494,0.5402302742004395,0.568538248538971,0.5033667087554932,0.5227563977241516,0.48442623019218445,0.4862491488456726,0.4895898401737213,0.6017256379127502,0.447519987821579,0.5908754467964172,0.40406447649002075,0.6013324856758118,0.4296882152557373,0.6140533685684204,0.46272334456443787,0.627514123916626,0.436283677816391,0.6154423952102661,0.38751524686813354,0.6261481046676636,0.4315827488899231,0.6367545127868652,0.46760132908821106,0.6553829908370972,0.42767900228500366,0.6428655385971069,0.38266482949256897,0.649017333984375,0.42409947514533997,0.6581305265426636,0.4614914655685425,0.6866423487663269,0.4235120117664337,0.6738359928131104,0.380417138338089,0.6711786389350891,0.4005124568939209,0.6754043102264404,0.42428311705589294
0.6754260063171387,0.5671803951263428,0.6164259314537048,0.5385285019874573,0.567707896232605,0.5030212998390198,0.5220812559127808,0.48441213369369507,0.4859187602996826,0.48503413796424866,0.6032559275627136,0.443963885307312,0.5917001366615295,0.4011310338973999,0.5995504856109619,0.42467963695526123,0.6116202473640442,0.4551713168621063,0.6289499998092651,0.43342849612236023,0.6144827008247375,0.38369086384773254,0.623161792755127,0.4301702678203583,0.6340979933738708,0.46661391854286194,0.656489372253418,0.42497187852859497,0.6415326595306396,0.37992072105407715,0.6459553837776184,0.42338138818740845,0.6557860374450684,0.46131235361099243,0.6875624060630798,0.4201945662498474,0.6729789972305298,0.3756362497806549,0.6694386005401611,0.3945128321647644,0.674450695514679,0.41703546047210693
0.6744746565818787,0.5642069578170776,0.6143175959587097,0.5345449447631836,0.5661525130271912,0.4982493817806244,0.5207294821739197,0.48176807165145874,0.48505347967147827,0.4844013452529907,0.5990222692489624,0.4396240711212158,0.5835955739021301,0.3982911705970764,0.5874474048614502,0.41966527700424194,0.596775472164154,0.4473060369491577,0.6248055696487427,0.42887213826179504,0.6065413355827332,0.378489226102829,0.6143209934234619,0.42587098479270935,0.6272121071815491,0.4633103609085083,0.6537783741950989,0.4205079972743988,0.6365174651145935,0.37206119298934937,0.6405983567237854,0.41973912715911865,0.6523823738098145,0.46131575107574463,0.6867721676826477,0.4157264530658722,0.6718839406967163,0.36900395154953003,0.665848433971405,0.38769590854644775,0.669568657875061,0.4122849404811859
0.6768937110900879,0.5638561844825745,0.6158524751663208,0.5345438718795776,0.5651604533195496,0.49587324261665344,0.5182747840881348,0.4787251651287079,0.4815448522567749,0.48284241557121277,0.5929362773895264,0.43136459589004517,0.5745025873184204,0.38614991307258606,0.580958366394043,0.41550061106681824,0.5913476943969727,0.44722098112106323,0.6205991506576538,0.42043963074684143,0.6022176146507263,0.3696777820587158,0.6124388575553894,0.4222458302974701,0.6257314085960388,0.46091708540916443,0.6522874236106873,0.41272443532943726,0.6345511674880981,0.36410802602767944,0.64084392786026,0.41746774315834045,0.6530511379241943,0.4609936475753784,0.6875284910202026,0.40926653146743774,0.6703875660896301,0.3618050217628479,0.6647180318832397,0.3884193003177643,0.6685847640037537,0.41939759254455566
0.6785050630569458,0.5655255317687988,0.617534339427948,0.5356450080871582,0.5661007761955261,0.4944881200790405,0.5196225047111511,0.47629690170288086,0.48275506496429443,0.48069703578948975,0.5956401824951172,0.4312551021575928,0.5785242915153503,0.38296273350715637,0.5873181223869324,0.4156845510005951,0.5998438000679016,0.45133447647094727,0.6232891082763672,0.420732706785202,0.6073142290115356,0.368256539106369,0.6186228394508362,0.4215136468410492,0.6312451958656311,0.46163347363471985,0.6539283990859985,0.4138199985027313,0.6370618939399719,0.36488157510757446,0.6438349485397339,0.41564640402793884,0.6558876037597656,0.4582611620426178,0.6873806715011597,0.41093799471855164,0.6715662479400635,0.36411356925964355,0.6663417220115662,0.3874501585960388,0.670017659664154,0.4154621362686157
0.6793004274368286,0.5635676383972168,0.620934784412384,0.5335679650306702,0.5694037675857544,0.48805898427963257,0.5245012640953064,0.46944865584373474,0.4875447750091553,0.47088003158569336,0.6057347655296326,0.4166490137577057,0.5906316637992859,0.3667282462120056,0.598473072052002,0.4066513180732727,0.6108571887016296,0.44754230976104736,0.633479654788971,0.4053748846054077,0.6176100969314575,0.34878066182136536,0.6236809492111206,0.40815672278404236,0.6357837915420532,0.45480790734291077,0.66424959897995,0.398807168006897,0.6482719779014587,0.3433896005153656,0.6502144932746887,0.40225037932395935,0.6605388522148132,0.45018842816352844,0.6977369785308838,0.3976413607597351,0.6821985244750977,0.34592220187187195,0.6741751432418823,0.37862032651901245,0.6759636402130127,0.41516947746276855
0.6829279065132141,0.564389705657959,0.6236534118652344,0.531116783618927,0.5727847814559937,0.4835515022277832,0.5285976529121399,0.46433985233306885,0.490499347448349,0.46659502387046814,0.611562967300415,0.40691494941711426,0.5986454486846924,0.3561953902244568,0.6062278747558594,0.40165266394615173,0.617850661277771,0.4470590054988861,0.6388229131698608,0.3976210057735443,0.624606728553772,0.3436230421066284,0.6315613985061646,0.4051969051361084,0.6429024934768677,0.452823668718338,0.6697149872779846,0.39289936423301697,0.6519230008125305,0.34065306186676025,0.6559956073760986,0.4007517695426941,0.6667851209640503,0.44751986861228943,0.7038642168045044,0.3938300907611847,0.687342643737793,0.341073602437973,0.6811133027076721,0.37577593326568604,0.6840606927871704,0.4122358560562134
0.6837301254272461,0.5673940181732178,0.6286032199859619,0.5343594551086426,0.577284038066864,0.4851025640964508,0.5312213897705078,0.4656384289264679,0.4929392337799072,0.4675412178039551,0.6183654069900513,0.39918482303619385,0.6089245080947876,0.3513636887073517,0.6115409731864929,0.3980097770690918,0.6206784248352051,0.44472384452819824,0.6473932862281799,0.39051926136016846,0.6325193047523499,0.3383820354938507,0.6330636143684387,0.4031531512737274,0.6427741646766663,0.4528564512729645,0.6792460083961487,0.38790979981422424,0.6611595749855042,0.3389744162559509,0.658729612827301,0.39904120564460754,0.6671375632286072,0.4453364908695221,0.7133931517601013,0.39199399948120117,0.6954894065856934,0.3424067795276642,0.6873064041137695,0.3795176148414612,0.6904125213623047,0.41520828008651733
0.6822722554206848,0.5801581144332886,0.6297683715820312,0.5429027080535889,0.5788366198539734,0.48374295234680176,0.5320228934288025,0.46015915274620056,0.4933387041091919,0.46094322204589844,0.6228169798851013,0.39916881918907166,0.6155515313148499,0.35598424077033997,0.6153460741043091,0.4083012342453003,0.6224153637886047,0.458435982465744,0.6527692675590515,0.39186087250709534,0.6367807984352112,0.3361014425754547,0.6330166459083557,0.4068892300128937,0.6420168280601501,0.45979049801826477,0.6860048770904541,0.3929189145565033,0.6675459146499634,0.34361961483955383,0.6622709631919861,0.4087863266468048,0.6702262163162231,0.45421114563941956,0.7214305996894836,0.4021969437599182,0.7037200331687927,0.3555431663990021,0.693935215473175,0.39636242389678955,0.6975261569023132,0.42909154295921326
0.6944330334663391,0.5830753445625305,0.6367656588554382,0.5461198687553406,0.5818735957145691,0.48984605073928833,0.5308560132980347,0.4654347002506256,0.49001720547676086,0.4718012511730194,0.6171393394470215,0.40696337819099426,0.6111548542976379,0.36318239569664,0.6147429943084717,0.41186368465423584,0.6208309531211853,0.45601126551628113,0.6518939137458801,0.3968189060688019,0.6381155252456665,0.34440791606903076,0.6391041278839111,0.42082712054252625,0.6487558484077454,0.47075897455215454,0.6899182200431824,0.39782068133354187,0.6736935377120972,0.35249871015548706,0.6716543436050415,0.4230984151363373,0.6786713600158691,0.46537914872169495,0.7299401760101318,0.4097555875778198,0.7123796939849854,0.36685192584991455,0.7046827077865601,0.4115813970565796,0.7086998224258423,0.4396694302558899
0.69322270154953,0.5913833379745483,0.6363707184791565,0.5559045076370239,0.5821291208267212,0.4995545744895935,0.5327147841453552,0.47279343008995056,0.4915311932563782,0.4755822718143463,0.6200786828994751,0.4083408713340759,0.6154880523681641,0.3666645586490631,0.6185727119445801,0.4233706593513489,0.6245009303092957,0.4716915488243103,0.6552936434745789,0.40075355768203735,0.641783595085144,0.3498191237449646,0.6418236494064331,0.4296143054962158,0.6503564119338989,0.47729605436325073,0.6931627988815308,0.40484800934791565,0.6802293062210083,0.3607170879840851,0.6767227053642273,0.432587206363678,0.6818901300430298,0.4709494709968567,0.7326366305351257,0.41941648721694946,0.7189876437187195,0.37619733810424805,0.7108972668647766,0.4239373803138733,0.7125496864318848,0.4507942497730255
