0,0,0,0,0,0,0,0,0,0,0,0,0,0,0,0,0,0,0,0,0,0,0,0,0,0,0,0,0,0,0,0,0,0,0,0,0,0,0,0,0,0,0.35505592823028564,0.7916016578674316,0.40839648246765137,0.7551054954528809,0.45148855447769165,0.6779137849807739,0.47902923822402954,0.6127521395683289,0.5065773725509644,0.566422164440155,0.40614646673202515,0.5632333755493164,0.41906633973121643,0.474369078874588,0.4242111146450043,0.4190903306007385,0.4277183413505554,0.37331318855285645,0.36521846055984497,0.5576183199882507,0.369831383228302,0.4601077437400818,0.37219879031181335,0.3994902968406677,0.374304860830307,0.35172927379608154,0.3278568983078003,0.5708432793617249,0.32389020919799805,0.4755173921585083,0.3247617185115814,0.4191009998321533,0.3288765251636505,0.3714315891265869,0.29176998138427734,0.6013520359992981,0.28135553002357483,0.5304235816001892,0.27884677052497864,0.48621612787246704,0.281879723072052,0.4445926547050476
0,0,0,0,0,0,0,0,0,0,0,0,0,0,0,0,0,0,0,0,0,0,0,0,0,0,0,0,0,0,0,0,0,0,0,0,0,0,0,0,0,0,0.35558655858039856,0.7896127104759216,0.40873146057128906,0.7531313896179199,0.4511694014072418,0.6764544248580933,0.4781396687030792,0.6113743782043457,0.5056387186050415,0.5653762221336365,0.4055696427822113,0.5619620084762573,0.41892826557159424,0.4726654291152954,0.42408767342567444,0.41739314794540405,0.42752042412757874,0.37162768840789795,0.3645963966846466,0.5565564632415771,0.36937761306762695,0.45853185653686523,0.3717816472053528,0.39771127700805664,0.37404319643974304,0.3501068949699402,0.3273329734802246,0.5702201724052429,0.32340794801712036,0.47419124841690063,0.3243636190891266,0.41730064153671265,0.3285645842552185,0.36961090564727783,0.29158198833465576,0.6012018918991089,0.2814314663410187,0.5301287174224854,0.2790758013725281,0.48640739917755127,0.28197377920150757,0.44589412212371826
0,0,0,0,0,0,0,0,0,0,0,0,0,0,0,0,0,0,0,0,0,0,0,0,0,0,0,0,0,0,0,0,0,0,0,0,0,0,0,0,0,0,0.35619789361953735,0.7881659865379333,0.4096575677394867,0.7506859302520752,0.45266252756118774,0.6743112802505493,0.47844764590263367,0.6095496416091919,0.505035400390625,0.5628706216812134,0.4061735272407532,0.5594167709350586,0.4197217524051666,0.47148099541664124,0.42583799362182617,0.4169110059738159,0.43031707406044006,0.3715367317199707,0.36615467071533203,0.5539044141769409,0.3713414669036865,0.4568605422973633,0.3737216889858246,0.3967992663383484,0.3760553300380707,0.3497673273086548,0.32959091663360596,0.5669299960136414,0.32657507061958313,0.47189226746559143,0.3270872235298157,0.41535401344299316,0.3303597867488861,0.3677060306072235,0.29379770159721375,0.5975942611694336,0.2848803400993347,0.5254799127578735,0.28205645084381104,0.4809706509113312,0.2835044264793396,0.439334899187088
0,0,0,0,0,0,0,0,0,0,0,0,0,0,0,0,0,0,0,0,0,0,0,0,0,0,0,0,0,0,0,0,0,0,0,0,0,0,0,0,0,0,0.35748645663261414,0.7869141697883606,0.41040611267089844,0.7496803402900696,0.4522872269153595,0.6726721525192261,0.47779184579849243,0.6078272461891174,0.504163384437561,0.5620614290237427,0.40699684619903564,0.5594726204872131,0.4195239841938019,0.47048673033714294,0.4250856935977936,0.41558265686035156,0.4290367364883423,0.37007737159729004,0.36687201261520386,0.5544842481613159,0.3709765076637268,0.4568665623664856,0.37276691198349,0.3958561420440674,0.3747132420539856,0.3483227789402008,0.3304368853569031,0.5676497220993042,0.3272591531276703,0.4721490144729614,0.32795485854148865,0.41487714648246765,0.3314397633075714,0.36711183190345764,0.2947053909301758,0.5980423092842102,0.286064475774765,0.5261311531066895,0.28356635570526123,0.4814335107803345,0.2853541076183319,0.4398390054702759
0,0,0,0,0,0,0,0,0,0,0,0,0,0,0,0,0,0,0,0,0,0,0,0,0,0,0,0,0,0,0,0,0,0,0,0,0,0,0,0,0,0,0.358225017786026,0.7852315902709961,0.41182777285575867,0.7478926181793213,0.45327168703079224,0.6713881492614746,0.4783322215080261,0.6061414480209351,0.5041293501853943,0.5589999556541443,0.40685006976127625,0.5582939386367798,0.41939324140548706,0.46968185901641846,0.425191730260849,0.41538751125335693,0.429417222738266,0.37027841806411743,0.36710408329963684,0.5532253384590149,0.3719874620437622,0.45544782280921936,0.37413135170936584,0.3946564793586731,0.37623879313468933,0.34733694791793823,0.3310181498527527,0.5664451718330383,0.3290596604347229,0.47002336382865906,0.33011576533317566,0.4126891791820526,0.3335078954696655,0.3650915324687958,0.2957628667354584,0.5970770716667175,0.2891375720500946,0.5247286558151245,0.28781211376190186,0.479964017868042,0.29018524289131165,0.43854379653930664
0,0,0,0,0,0,0,0,0,0,0,0,0,0,0,0,0,0,0,0,0,0,0,0,0,0,0,0,0,0,0,0,0,0,0,0,0,0,0,0,0,0,0.35713478922843933,0.7843663692474365,0.4105132520198822,0.746538519859314,0.45284461975097656,0.6706602573394775,0.4776522219181061,0.6074405908584595,0.5020204186439514,0.561771810054779,0.4083729088306427,0.5571339130401611,0.42087244987487793,0.46944519877433777,0.42600661516189575,0.41521793603897095,0.4293251633644104,0.37036067247390747,0.3677310049533844,0.5518882274627686,0.3724934160709381,0.4551253318786621,0.3740852177143097,0.39537709951400757,0.37563732266426086,0.34864091873168945,0.33079954981803894,0.5648351311683655,0.32786643505096436,0.470350444316864,0.3285141587257385,0.4147985577583313,0.3319128155708313,0.36845576763153076,0.29445886611938477,0.5951098799705505,0.2873469591140747,0.5239576697349548,0.2863350808620453,0.4806339740753174,0.28974878787994385,0.44007420539855957
0,0,0,0,0,0,0,0,0,0,0,0,0,0,0,0,0,0,0,0,0,0,0,0,0,0,0,0,0,0,0,0,0,0,0,0,0,0,0,0,0,0,0.3579426109790802,0.7850528955459595,0.41129031777381897,0.7500954866409302,0.45359551906585693,0.6769064664840698,0.47542837262153625,0.6141127943992615,0.49854207038879395,0.5681049823760986,0.40896958112716675,0.5583796501159668,0.42229416966438293,0.4707934260368347,0.4285277724266052,0.4170309901237488,0.43310850858688354,0.37224602699279785,0.36895325779914856,0.5521327257156372,0.3752453029155731,0.4552563428878784,0.3777875602245331,0.39573416113853455,0.38019034266471863,0.3497394323348999,0.3330155909061432,0.5640358328819275,0.3315465450286865,0.46981051564216614,0.3324644863605499,0.4142398238182068,0.33541861176490784,0.36864519119262695,0.2978828549385071,0.5934864282608032,0.2913212180137634,0.5216886401176453,0.2898235619068146,0.47831442952156067,0.2920369803905487,0.43836164474487305
0,0,0,0,0,0,0,0,0,0,0,0,0,0,0,0,0,0,0,0,0,0,0,0,0,0,0,0,0,0,0,0,0,0,0,0,0,0,0,0,0,0,0.35751089453697205,0.7847738265991211,0.4114166498184204,0.7492181062698364,0.4538150429725647,0.675273597240448,0.4771989583969116,0.611525297164917,0.5018500685691833,0.5651848912239075,0.4081002473831177,0.5592221021652222,0.42130330204963684,0.47048819065093994,0.42717838287353516,0.41607385873794556,0.4313569962978363,0.37109947204589844,0.36825770139694214,0.5531885027885437,0.3742051422595978,0.45548319816589355,0.37698689103126526,0.3949064612388611,0.3796118199825287,0.3485998511314392,0.3324633538722992,0.5652003884315491,0.33074983954429626,0.4699283540248871,0.332288533449173,0.413169801235199,0.33630529046058655,0.36664512753486633,0.2974633574485779,0.594611406326294,0.28994348645210266,0.5225698351860046,0.28809839487075806,0.477985143661499,0.290476530790329,0.4370075464248657
0,0,0,0,0,0,0,0,0,0,0,0,0,0,0,0,0,0,0,0,0,0,0,0,0,0,0,0,0,0,0,0,0,0,0,0,0,0,0,0,0,0,0.3586026430130005,0.7859536409378052,0.41057756543159485,0.7496030330657959,0.4522964358329773,0.6753624081611633,0.4751441478729248,0.6123915314674377,0.498631089925766,0.5660494565963745,0.4084063470363617,0.5587304830551147,0.421096533536911,0.47063910961151123,0.4261867105960846,0.41675829887390137,0.42946016788482666,0.37207651138305664,0.36779850721359253,0.5528212785720825,0.3731938302516937,0.45556914806365967,0.3759682774543762,0.39603614807128906,0.3788384199142456,0.3502824306488037,0.3312845528125763,0.5661134719848633,0.3282158076763153,0.47156035900115967,0.32974910736083984,0.41622090339660645,0.3347081243991852,0.3700624108314514,0.2957504391670227,0.5976172089576721,0.2860575318336487,0.5271544456481934,0.28356581926345825,0.4838423728942871,0.28647807240486145,0.4431893229484558
0,0,0,0,0,0,0,0,0,0,0,0,0,0,0,0,0,0,0,0,0,0,0,0,0,0,0,0,0,0,0,0,0,0,0,0,0,0,0,0,0,0,0.35921135544776917,0.7872655987739563,0.41216841340065,0.7497997283935547,0.4542945623397827,0.6752767562866211,0.47765350341796875,0.6120842695236206,0.5024702548980713,0.5651851296424866,0.4075601398944855,0.5570427775382996,0.42027854919433594,0.4700729548931122,0.42606282234191895,0.416564404964447,0.4303535521030426,0.37201380729675293,0.3679087460041046,0.5512446165084839,0.3725838363170624,0.45509588718414307,0.3746233582496643,0.396339476108551,0.37680351734161377,0.35062122344970703,0.3321124315261841,0.5642518997192383,0.3290596604347229,0.4706340730190277,0.32901492714881897,0.4158857464790344,0.3314380943775177,0.37000972032546997,0.2975391149520874,0.5953308343887329,0.28879398107528687,0.5250869989395142,0.285858690738678,0.4821837544441223,0.2869787812232971,0.44164150953292847
0,0,0,0,0,0,0,0,0,0,0,0,0,0,0,0,0,0,0,0,0,0,0,0,0,0,0,0,0,0,0,0,0,0,0,0,0,0,0,0,0,0,0.3595729470252991,0.7873303294181824,0.4111309349536896,0.7494570016860962,0.4515402317047119,0.6777222752571106,0.47169169783592224,0.6178478598594666,0.4929599463939667,0.5736987590789795,0.40789759159088135,0.5590552687644958,0.4199764132499695,0.4702621400356293,0.4249618947505951,0.41591697931289673,0.4284663200378418,0.3707886338233948,0.3679509460926056,0.5543266534805298,0.3717525601387024,0.4562893807888031,0.37380972504615784,0.39621973037719727,0.3763558864593506,0.3499404788017273,0.3321061432361603,0.5681044459342957,0.32843858003616333,0.4727628231048584,0.329243004322052,0.41625848412513733,0.33291980624198914,0.36898642778396606,0.2973038852214813,0.5999588966369629,0.2880951762199402,0.5289044976234436,0.2856271266937256,0.4846785068511963,0.28770211338996887,0.4431971311569214
0,0,0,0,0,0,0,0,0,0,0,0,0,0,0,0,0,0,0,0,0,0,0,0,0,0,0,0,0,0,0,0,0,0,0,0,0,0,0,0,0,0,0.35987842082977295,0.7878904342651367,0.41202566027641296,0.749342143535614,0.45384418964385986,0.6751319169998169,0.476266086101532,0.6128653883934021,0.5007058382034302,0.5661435723304749,0.4065989851951599,0.5571370124816895,0.41887399554252625,0.47018927335739136,0.42415153980255127,0.4168711006641388,0.42807403206825256,0.37208348512649536,0.36729031801223755,0.5521034002304077,0.372083842754364,0.45568591356277466,0.3740602731704712,0.39718037843704224,0.37621113657951355,0.3511894941329956,0.33196398615837097,0.5658448338508606,0.3285894989967346,0.47259414196014404,0.3283308148384094,0.4180030822753906,0.3305690586566925,0.3714679777622223,0.29773634672164917,0.5979395508766174,0.28948163986206055,0.5276786684989929,0.28723588585853577,0.48535802960395813,0.28878334164619446,0.4449915885925293
0,0,0,0,0,0,0,0,0,0,0,0,0,0,0,0,0,0,0,0,0,0,0,0,0,0,0,0,0,0,0,0,0,0,0,0,0,0,0,0,0,0,0.359683096408844,0.7875211834907532,0.4113364815711975,0.7476383447647095,0.4518812894821167,0.6738766431808472,0.47536516189575195,0.6125384569168091,0.49971938133239746,0.5671827793121338,0.406932532787323,0.5586715936660767,0.4184938073158264,0.46935075521469116,0.42278650403022766,0.41519972681999207,0.4258047640323639,0.37005531787872314,0.3678235709667206,0.5544671416282654,0.371472030878067,0.4564325213432312,0.3731440305709839,0.39697781205177307,0.37510934472084045,0.35081860423088074,0.3328832983970642,0.568655252456665,0.3294230103492737,0.4741867184638977,0.32956716418266296,0.41824406385421753,0.33206120133399963,0.37036049365997314,0.2995055913925171,0.6008134484291077,0.2919159233570099,0.5309341549873352,0.28946858644485474,0.4876692295074463,0.29028207063674927,0.44650036096572876
0,0,0,0,0,0,0,0,0,0,0,0,0,0,0,0,0,0,0,0,0,0,0,0,0,0,0,0,0,0,0,0,0,0,0,0,0,0,0,0,0,0,0.3603469431400299,0.7868024110794067,0.4126201570034027,0.7463797330856323,0.45188674330711365,0.6707056760787964,0.4760286509990692,0.6086989045143127,0.501028299331665,0.5633665919303894,0.40570756793022156,0.5572018027305603,0.41596582531929016,0.4691716432571411,0.4197615385055542,0.41545623540878296,0.42211413383483887,0.37055104970932007,0.3675895929336548,0.5539753437042236,0.371572345495224,0.45660603046417236,0.3733065724372864,0.3971943259239197,0.3750706911087036,0.3501197397708893,0.3326145112514496,0.569151759147644,0.3291201591491699,0.4743516445159912,0.32931986451148987,0.41929304599761963,0.3317684829235077,0.37190955877304077,0.2984641194343567,0.601645290851593,0.29167789220809937,0.5304049253463745,0.2904665470123291,0.48701661825180054,0.2925850450992584,0.44585490226745605
0,0,0,0,0,0,0,0,0,0,0,0,0,0,0,0,0,0,0,0,0,0,0,0,0,0,0,0,0,0,0,0,0,0,0,0,0,0,0,0,0,0,0.3584214746952057,0.7860622406005859,0.4095911681652069,0.7472296357154846,0.44890233874320984,0.6730337738990784,0.47208303213119507,0.6127893328666687,0.49489468336105347,0.5669740438461304,0.40552741289138794,0.5572901964187622,0.4153730273246765,0.4680968225002289,0.41895854473114014,0.4140942692756653,0.42119401693344116,0.36950284242630005,0.367046982049942,0.5534543991088867,0.3708775043487549,0.4557770788669586,0.37258100509643555,0.39623743295669556,0.37467676401138306,0.3502957820892334,0.3319768011569977,0.5683192610740662,0.3288097083568573,0.4739822447299957,0.32933107018470764,0.4183845520019531,0.3323533236980438,0.37134653329849243,0.29784679412841797,0.600788414478302,0.2911961078643799,0.530225932598114,0.2896892726421356,0.4873284697532654,0.29162532091140747,0.4470232427120209
0,0,0,0,0,0,0,0,0,0,0,0,0,0,0,0,0,0,0,0,0,0,0,0,0,0,0,0,0,0,0,0,0,0,0,0,0,0,0,0,0,0,0.35605236887931824,0.7830135226249695,0.4013364911079407,0.7513564229011536,0.43550509214401245,0.6971666812896729,0.4368061423301697,0.660151481628418,0.43157973885536194,0.6271281242370605,0.40269699692726135,0.5561829209327698,0.41144734621047974,0.468258261680603,0.41433000564575195,0.41510504484176636,0.41600510478019714,0.3700065612792969,0.3660270869731903,0.5524380803108215,0.3692800998687744,0.4547278583049774,0.3699589967727661,0.3961150050163269,0.37173593044281006,0.3504072427749634,0.3324519395828247,0.5671340227127075,0.32913222908973694,0.47413370013237,0.3293331563472748,0.41965848207473755,0.33156904578208923,0.37286508083343506,0.29898178577423096,0.6005280017852783,0.29497337341308594,0.5307998657226562,0.29589754343032837,0.48896461725234985,0.2996663749217987,0.4485110640525818
0,0,0,0,0,0,0,0,0,0,0,0,0,0,0,0,0,0,0,0,0,0,0,0,0,0,0,0,0,0,0,0,0,0,0,0,0,0,0,0,0,0,0.35458067059516907,0.7825976610183716,0.40116798877716064,0.7515763640403748,0.4352729618549347,0.6999201774597168,0.4342209994792938,0.6656821966171265,0.42637455463409424,0.633916974067688,0.40167877078056335,0.5573767423629761,0.4111500680446625,0.46828600764274597,0.4145961403846741,0.4164280295372009,0.416133850812912,0.37225767970085144,0.36347129940986633,0.5540838241577148,0.3678041100502014,0.45406854152679443,0.3694854974746704,0.3948187828063965,0.3714636564254761,0.3493250012397766,0.3293779194355011,0.5690995454788208,0.3275880813598633,0.47595375776290894,0.3293083608150482,0.4214146137237549,0.3326660394668579,0.37586700916290283,0.2966800928115845,0.6028040051460266,0.2953071594238281,0.5346487760543823,0.298703670501709,0.4929652512073517,0.3052205443382263,0.4523347020149231
0,0,0,0,0,0,0,0,0,0,0,0,0,0,0,0,0,0,0,0,0,0,0,0,0,0,0,0,0,0,0,0,0,0,0,0,0,0,0,0,0,0,0.3560848534107208,0.7822272777557373,0.4010382890701294,0.7486080527305603,0.43229109048843384,0.693605899810791,0.43154382705688477,0.6567149758338928,0.4243115782737732,0.6249629855155945,0.4007665514945984,0.5562077760696411,0.41019129753112793,0.46701720356941223,0.4133297801017761,0.41450244188308716,0.4139311909675598,0.3695144057273865,0.3661881685256958,0.5535959601402283,0.3731359541416168,0.45509177446365356,0.37625542283058167,0.39800798892974854,0.3786012828350067,0.3537634611129761,0.33451735973358154,0.5690062046051025,0.3346598446369171,0.4783446788787842,0.3372144103050232,0.42566123604774475,0.3407021462917328,0.38157910108566284,0.30271926522254944,0.6028753519058228,0.3013269603252411,0.5360108017921448,0.3046565055847168,0.49451127648353577,0.31079569458961487,0.4542784094810486
0,0,0,0,0,0,0,0,0,0,0,0,0,0,0,0,0,0,0,0,0,0,0,0,0,0,0,0,0,0,0,0,0,0,0,0,0,0,0,0,0,0,0.35682031512260437,0.7810031175613403,0.401960164308548,0.7460302114486694,0.42815709114074707,0.6888546347618103,0.4291100800037384,0.6485414505004883,0.425657719373703,0.6111178994178772,0.399761438369751,0.5569474697113037,0.40694087743759155,0.4685054123401642,0.4105205535888672,0.41667014360427856,0.4118148386478424,0.37210923433303833,0.3686941862106323,0.5553165674209595,0.3768552541732788,0.4565504193305969,0.3815828859806061,0.40081435441970825,0.3850838243961334,0.3564032316207886,0.33890393376350403,0.5714443325996399,0.34185001254081726,0.4792327880859375,0.3464261591434479,0.4263821840286255,0.35117605328559875,0.381318062543869,0.3077062964439392,0.6047313213348389,0.3100908398628235,0.5362628698348999,0.31607863306999207,0.49443864822387695,0.32401242852211,0.45457953214645386
0,0,0,0,0,0,0,0,0,0,0,0,0,0,0,0,0,0,0,0,0,0,0,0,0,0,0,0,0,0,0,0,0,0,0,0,0,0,0,0,0,0,0.35622936487197876,0.7809715270996094,0.4010249972343445,0.7460050582885742,0.4262068271636963,0.6912165284156799,0.42631256580352783,0.6532957553863525,0.4193023145198822,0.6181709170341492,0.40046316385269165,0.5559755563735962,0.4051511883735657,0.4684639871120453,0.4078185558319092,0.41580310463905334,0.40856778621673584,0.3705945909023285,0.37008994817733765,0.5544865727424622,0.3777695298194885,0.4570121765136719,0.38232436776161194,0.40153104066848755,0.38586553931236267,0.3564002215862274,0.340282142162323,0.5712548494338989,0.34294041991233826,0.4802919030189514,0.347270667552948,0.4275737702846527,0.3520931899547577,0.3824939727783203,0.308418869972229,0.6054958701133728,0.31080225110054016,0.5365816354751587,0.31721997261047363,0.494692862033844,0.32584908604621887,0.454900860786438
0,0,0,0,0,0,0,0,0,0,0,0,0,0,0,0,0,0,0,0,0,0,0,0,0,0,0,0,0,0,0,0,0,0,0,0,0,0,0,0,0,0,0.3558148145675659,0.7815413475036621,0.403311550617218,0.7356058955192566,0.42730358242988586,0.6621546149253845,0.4377197027206421,0.603947639465332,0.44596007466316223,0.5526344180107117,0.39561623334884644,0.5545408725738525,0.39782679080963135,0.469002366065979,0.400459885597229,0.41767293214797974,0.40218594670295715,0.37446463108062744,0.36646607518196106,0.5559809803962708,0.3734283447265625,0.459795743227005,0.37819764018058777,0.40516453981399536,0.38247743248939514,0.3609231114387512,0.3378743827342987,0.5744693875312805,0.34173235297203064,0.4837802052497864,0.34783032536506653,0.4321582317352295,0.3551742732524872,0.3884335160255432,0.3069669008255005,0.6082286834716797,0.31201425194740295,0.5404900908470154,0.3208915591239929,0.49864983558654785,0.3320530652999878,0.45938920974731445
0,0,0,0,0,0,0,0,0,0,0,0,0,0,0,0,0,0,0,0,0,0,0,0,0,0,0,0,0,0,0,0,0,0,0,0,0,0,0,0,0,0,0.35211730003356934,0.7794210910797119,0.39958134293556213,0.7362132668495178,0.4247339367866516,0.6702089905738831,0.43241918087005615,0.6176853775978088,0.4360082745552063,0.5675421953201294,0.39520183205604553,0.5557788610458374,0.39833036065101624,0.47013038396835327,0.40071284770965576,0.41871750354766846,0.40232208371162415,0.37580955028533936,0.36610519886016846,0.5560342073440552,0.37461820244789124,0.4607844352722168,0.3794044852256775,0.4064834713935852,0.3838098645210266,0.3626808822154999,0.3374594449996948,0.5734246373176575,0.3425714373588562,0.4833572208881378,0.34794947504997253,0.43128567934036255,0.3543306589126587,0.38713181018829346,0.3065323233604431,0.6067337393760681,0.3126794099807739,0.540532648563385,0.3211708962917328,0.49852797389030457,0.331635981798172,0.45877891778945923
0,0,0,0,0,0,0,0,0,0,0,0,0,0,0,0,0,0,0,0,0,0,0,0,0,0,0,0,0,0,0,0,0,0,0,0,0,0,0,0,0,0,0.3506273329257965,0.7908104062080383,0.39705637097358704,0.736138641834259,0.41861873865127563,0.6575850248336792,0.4271371364593506,0.5986865758895874,0.43237701058387756,0.5494005084037781,0.3842676281929016,0.5664744973182678,0.38926661014556885,0.4860385060310364,0.3925437331199646,0.4374496340751648,0.3938749134540558,0.3960561752319336,0.3589922785758972,0.5688892602920532,0.36739474534988403,0.47742098569869995,0.37289148569107056,0.4236820638179779,0.3766981065273285,0.378101646900177,0.3341958820819855,0.5874711275100708,0.34093230962753296,0.4988628029823303,0.3485633134841919,0.4470726549625397,0.35548076033592224,0.4021869897842407,0.3082290589809418,0.6208332777023315,0.31817400455474854,0.5571972131729126,0.32850348949432373,0.5147572159767151,0.339303582906723,0.4748380184173584
0,0,0,0,0,0,0,0,0,0,0,0,0,0,0,0,0,0,0,0,0,0,0,0,0,0,0,0,0,0,0,0,0,0,0,0,0,0,0,0,0,0,0.34627583622932434,0.7921738624572754,0.3943840563297272,0.7341973781585693,0.4147777259349823,0.6541857719421387,0.4235999882221222,0.5959675908088684,0.4281545579433441,0.5476356148719788,0.38379913568496704,0.5736913681030273,0.38892582058906555,0.49289101362228394,0.3930325210094452,0.444510817527771,0.39531177282333374,0.40394335985183716,0.3591201901435852,0.578162670135498,0.3664933145046234,0.4864767789840698,0.37285542488098145,0.432924747467041,0.37690821290016174,0.38754749298095703,0.3352759778499603,0.598007082939148,0.3408280313014984,0.5096349716186523,0.34934163093566895,0.45718908309936523,0.3569833040237427,0.4116601347923279,0.31195056438446045,0.6307864785194397,0.32102400064468384,0.5660353302955627,0.33220627903938293,0.5233373045921326,0.3438035845756531,0.48450714349746704
0,0,0,0,0,0,0,0,0,0,0,0,0,0,0,0,0,0,0,0,0,0,0,0,0,0,0,0,0,0,0,0,0,0,0,0,0,0,0,0,0,0,0.3486345112323761,0.793023407459259,0.39559057354927063,0.7289984226226807,0.41426706314086914,0.6468064785003662,0.42089006304740906,0.5884090065956116,0.42422908544540405,0.5418177247047424,0.3802368640899658,0.5762971043586731,0.385734498500824,0.49770745635032654,0.39077234268188477,0.44623684883117676,0.3943692445755005,0.4043908715248108,0.35814952850341797,0.5799556970596313,0.3660256862640381,0.4927823543548584,0.37351030111312866,0.43789565563201904,0.37929102778434753,0.39214038848876953,0.3371749520301819,0.597724437713623,0.3452739715576172,0.5132855772972107,0.3566613793373108,0.46192866563796997,0.3669789433479309,0.4191789925098419,0.3169712722301483,0.6276383399963379,0.32722538709640503,0.5657070875167847,0.3396776020526886,0.5262427926063538,0.3521566390991211,0.4926674962043762
0,0,0,0,0,0,0,0,0,0,0,0,0,0,0,0,0,0,0,0,0,0,0,0,0,0,0,0,0,0,0,0,0,0,0,0,0,0,0,0,0,0,0.347357839345932,0.7914907932281494,0.3953632116317749,0.7290790677070618,0.4127812385559082,0.6450802683830261,0.41984954476356506,0.5864710807800293,0.4229714870452881,0.5393617749214172,0.38051003217697144,0.5781380534172058,0.38668420910835266,0.49956464767456055,0.3919955790042877,0.4473584294319153,0.39558279514312744,0.404541939496994,0.3582904636859894,0.5821373462677002,0.36800822615623474,0.49473342299461365,0.37644368410110474,0.44016656279563904,0.3829931318759918,0.39346545934677124,0.3367832601070404,0.6001356840133667,0.34640082716941833,0.5145331621170044,0.3585239052772522,0.4626089334487915,0.3696737289428711,0.41793936491012573,0.31534910202026367,0.6302910447120667,0.32552284002304077,0.567130446434021,0.33755046129226685,0.524569571018219,0.35047048330307007,0.48676055669784546
0,0,0,0,0,0,0,0,0,0,0,0,0,0,0,0,0,0,0,0,0,0,0,0,0,0,0,0,0,0,0,0,0,0,0,0,0,0,0,0,0,0,0.34893056750297546,0.7900104522705078,0.3968772888183594,0.7316428422927856,0.41325628757476807,0.6448490619659424,0.41905108094215393,0.5856344103813171,0.421719491481781,0.5401145815849304,0.3800627887248993,0.5778856873512268,0.3859195411205292,0.49986860156059265,0.3908374309539795,0.44788414239883423,0.3943052887916565,0.4057050347328186,0.3574429750442505,0.5820301175117493,0.36653655767440796,0.49494415521621704,0.3748759627342224,0.4403619170188904,0.38167446851730347,0.3941541910171509,0.33614176511764526,0.600632905960083,0.345378041267395,0.5147477388381958,0.35701698064804077,0.46229517459869385,0.367743581533432,0.41707146167755127,0.3156397342681885,0.6313789486885071,0.32652023434638977,0.5685967206954956,0.33863601088523865,0.5256113409996033,0.35151880979537964,0.4872699975967407
0,0,0,0,0,0,0,0,0,0,0,0,0,0,0,0,0,0,0,0,0,0,0,0,0,0,0,0,0,0,0,0,0,0,0,0,0,0,0,0,0,0,0.3484494388103485,0.788785994052887,0.3961155116558075,0.7308089733123779,0.41309988498687744,0.6444382071495056,0.4188325107097626,0.5852100253105164,0.4214690625667572,0.5393614768981934,0.3799753189086914,0.5781683325767517,0.38519197702407837,0.5002002716064453,0.38997507095336914,0.4484875798225403,0.3937283754348755,0.40617746114730835,0.35713687539100647,0.5825472474098206,0.36577728390693665,0.4957032799720764,0.37370777130126953,0.44146931171417236,0.38038891553878784,0.3952317237854004,0.335758239030838,0.6012758016586304,0.345149427652359,0.5162800550460815,0.3567694425582886,0.464074045419693,0.36743682622909546,0.4188939929008484,0.315168559551239,0.6320757865905762,0.3264576196670532,0.5699955224990845,0.33893078565597534,0.5280297994613647,0.3520631194114685,0.4903625249862671
0,0,0,0,0,0,0,0,0,0,0,0,0,0,0,0,0,0,0,0,0,0,0,0,0,0,0,0,0,0,0,0,0,0,0,0,0,0,0,0,0,0,0.3519017696380615,0.7839876413345337,0.39857810735702515,0.7231626510620117,0.4137246012687683,0.6358203291893005,0.4202080965042114,0.57859867811203,0.4225999414920807,0.5365263819694519,0.3830735385417938,0.5733529329299927,0.38828960061073303,0.4958950877189636,0.39481061697006226,0.4451647996902466,0.4003790318965912,0.4041913151741028,0.36247631907463074,0.5780065655708313,0.37191593647003174,0.4938633143901825,0.3804997503757477,0.4419509172439575,0.38790005445480347,0.3979310989379883,0.3423755466938019,0.5946230888366699,0.35149890184402466,0.5146480798721313,0.36281606554985046,0.46593841910362244,0.3736617863178253,0.42492955923080444,0.32239049673080444,0.6213716268539429,0.33242520689964294,0.5599784851074219,0.3451250493526459,0.5204535126686096,0.3589705228805542,0.48685771226882935
0,0,0,0,0,0,0,0,0,0,0,0,0,0,0,0,0,0,0,0,0,0,0,0,0,0,0,0,0,0,0,0,0,0,0,0,0,0,0,0,0,0,0.34885767102241516,0.7863070368766785,0.3982340395450592,0.7234300374984741,0.4138476848602295,0.6370617151260376,0.42068934440612793,0.579375147819519,0.4237629175186157,0.5349670648574829,0.3833879828453064,0.5744168758392334,0.38974910974502563,0.5019605159759521,0.3968167006969452,0.4526657462120056,0.4033420979976654,0.4123002588748932,0.36298736929893494,0.5784049034118652,0.3733844757080078,0.49810880422592163,0.382935106754303,0.44736433029174805,0.3912917673587799,0.40303096175193787,0.34323304891586304,0.5947266221046448,0.35442855954170227,0.5170090198516846,0.3670966625213623,0.46865466237068176,0.3789269030094147,0.42720362544059753,0.32442277669906616,0.6217352747917175,0.3382226824760437,0.561571478843689,0.3524130582809448,0.5220935940742493,0.366908460855484,0.48780524730682373
0,0,0,0,0,0,0,0,0,0,0,0,0,0,0,0,0,0,0,0,0,0,0,0,0,0,0,0,0,0,0,0,0,0,0,0,0,0,0,0,0,0,0.3536730408668518,0.776455283164978,0.4013715982437134,0.7150681614875793,0.41625699400901794,0.6267451643943787,0.4214262366294861,0.5697239637374878,0.4210728108882904,0.5312696099281311,0.3853400945663452,0.5629885196685791,0.39054006338119507,0.49135294556617737,0.3983345627784729,0.44130656123161316,0.40527549386024475,0.4010002315044403,0.3655908703804016,0.5681924819946289,0.37531474232673645,0.4900165796279907,0.38557732105255127,0.4384981393814087,0.3946136236190796,0.39318591356277466,0.34675371646881104,0.584358274936676,0.358416348695755,0.5085974335670471,0.37172573804855347,0.4593866467475891,0.3839093744754791,0.4169115722179413,0.32930973172187805,0.6103549599647522,0.34502312541007996,0.5515667796134949,0.36016276478767395,0.5122767686843872,0.37577709555625916,0.47790542244911194
0,0,0,0,0,0,0,0,0,0,0,0,0,0,0,0,0,0,0,0,0,0,0,0,0,0,0,0,0,0,0,0,0,0,0,0,0,0,0,0,0,0,0.3498498201370239,0.7778584361076355,0.399190217256546,0.7105393409729004,0.4125711917877197,0.6260806322097778,0.4172230064868927,0.570412278175354,0.4155632257461548,0.5297759771347046,0.3829316198825836,0.5679882168769836,0.3868645131587982,0.4973055124282837,0.39527907967567444,0.4492548108100891,0.4036716818809509,0.4096301198005676,0.36466655135154724,0.5735329985618591,0.373897522687912,0.4953833818435669,0.3848704397678375,0.4467930793762207,0.39494526386260986,0.40418320894241333,0.3468576967716217,0.5896552801132202,0.35812294483184814,0.5152124166488647,0.37184396386146545,0.4681376516819,0.38480326533317566,0.42780637741088867,0.3302329182624817,0.6153047680854797,0.34519854187965393,0.5566920638084412,0.3602694272994995,0.5170222520828247,0.37576499581336975,0.4821644425392151
0,0,0,0,0,0,0,0,0,0,0,0,0,0,0,0,0,0,0,0,0,0,0,0,0,0,0,0,0,0,0,0,0,0,0,0,0,0,0,0,0,0,0.34725889563560486,0.7706397771835327,0.39660319685935974,0.7109965085983276,0.41198796033859253,0.624801516532898,0.4174240827560425,0.5686119794845581,0.41414159536361694,0.5285260677337646,0.3820277154445648,0.5622202157974243,0.3888848125934601,0.4923035800457001,0.39827802777290344,0.4427473843097687,0.406238853931427,0.4015466570854187,0.3635694086551666,0.5664889812469482,0.37566298246383667,0.48826566338539124,0.3876461982727051,0.4360181391239166,0.3977605700492859,0.38890302181243896,0.3454543352127075,0.5825731754302979,0.35994988679885864,0.5066043138504028,0.3744359016418457,0.4554670453071594,0.3872362971305847,0.40985745191574097,0.32862839102745056,0.6087939739227295,0.3455550968647003,0.5499971508979797,0.3604186475276947,0.508405864238739,0.37593552470207214,0.4711504578590393
0,0,0,0,0,0,0,0,0,0,0,0,0,0,0,0,0,0,0,0,0,0,0,0,0,0,0,0,0,0,0,0,0,0,0,0,0,0,0,0,0,0,0.3430386781692505,0.775650143623352,0.39411303400993347,0.7085349559783936,0.4088432490825653,0.6270726919174194,0.4146033227443695,0.5713448524475098,0.4140208661556244,0.5271825194358826,0.37466922402381897,0.5682345032691956,0.38085705041885376,0.5018161535263062,0.3906414210796356,0.4570574164390564,0.40018153190612793,0.4203225076198578,0.3566180467605591,0.5736263990402222,0.36748164892196655,0.5003729462623596,0.3798988461494446,0.4546363353729248,0.39161932468414307,0.41499218344688416,0.33983099460601807,0.5892516374588013,0.3530871272087097,0.5199491381645203,0.3682876229286194,0.4760030508041382,0.3828965425491333,0.4392938017845154,0.3255023956298828,0.6138814091682434,0.34346526861190796,0.5572474002838135,0.35995540022850037,0.5184406042098999,0.37654218077659607,0.48467910289764404
0,0,0,0,0,0,0,0,0,0,0,0,0,0,0,0,0,0,0,0,0,0,0,0,0,0,0,0,0,0,0,0,0,0,0,0,0,0,0,0,0,0,0.3455657660961151,0.772733211517334,0.3946647644042969,0.7063985466957092,0.40835559368133545,0.6193850636482239,0.4136786460876465,0.5623526573181152,0.40722623467445374,0.5289356112480164,0.3721717298030853,0.5658113956451416,0.3760164678096771,0.503867506980896,0.38327106833457947,0.461470365524292,0.3900655210018158,0.4266638159751892,0.35355323553085327,0.5733222961425781,0.3612595796585083,0.5074525475502014,0.3717864155769348,0.46461641788482666,0.38171643018722534,0.425080806016922,0.337360143661499,0.5906402468681335,0.34811002016067505,0.5276963710784912,0.36246922612190247,0.4869476556777954,0.37669336795806885,0.45223480463027954,0.324280321598053,0.6161291599273682,0.3404547870159149,0.5622976422309875,0.3557213842868805,0.526151180267334,0.37194788455963135,0.49514222145080566
0,0,0,0,0,0,0,0,0,0,0,0,0,0,0,0,0,0,0,0,0,0,0,0,0,0,0,0,0,0,0,0,0,0,0,0,0,0,0,0,0,0,0.34972909092903137,0.7706491947174072,0.3961907923221588,0.7066110372543335,0.40781188011169434,0.6199084520339966,0.41156500577926636,0.5632584691047668,0.4094420075416565,0.5294361114501953,0.37748220562934875,0.5647162199020386,0.3819085955619812,0.5043739676475525,0.38787534832954407,0.4616325795650482,0.39317911863327026,0.42672550678253174,0.35753998160362244,0.5715073347091675,0.3650980293750763,0.5068644881248474,0.3745803236961365,0.46470415592193604,0.38288936018943787,0.4257529079914093,0.3399699628353119,0.5892114043235779,0.3494226932525635,0.5264559388160706,0.3636532127857208,0.4860379695892334,0.3772701919078827,0.45073843002319336,0.32532209157943726,0.6159123778343201,0.34135401248931885,0.5641727447509766,0.3571013808250427,0.5290300846099854,0.3731015920639038,0.4981507360935211
0,0,0,0,0,0,0,0,0,0,0,0,0,0,0,0,0,0,0,0,0,0,0,0,0,0,0,0,0,0,0,0,0,0,0,0,0,0,0,0,0,0,0.3396526575088501,0.7667227387428284,0.3895644545555115,0.695365309715271,0.40065163373947144,0.6103113293647766,0.40348437428474426,0.5541085004806519,0.3947637677192688,0.5197004675865173,0.3530511260032654,0.5654128193855286,0.36346304416656494,0.5079663991928101,0.3774905800819397,0.4688478708267212,0.3887745141983032,0.43714118003845215,0.3369342088699341,0.5732414722442627,0.35501185059547424,0.5098428726196289,0.3725849986076355,0.4714585542678833,0.3870105743408203,0.4375801086425781,0.32717981934547424,0.5917087197303772,0.348254531621933,0.5307544469833374,0.36636683344841003,0.49170562624931335,0.38208240270614624,0.45738494396209717,0.3242291510105133,0.6176812052726746,0.34434476494789124,0.5672056078910828,0.3601384162902832,0.5323019027709961,0.37563928961753845,0.502253532409668
0,0,0,0,0,0,0,0,0,0,0,0,0,0,0,0,0,0,0,0,0,0,0,0,0,0,0,0,0,0,0,0,0,0,0,0,0,0,0,0,0,0,0.3317132592201233,0.7522845268249512,0.37275823950767517,0.6843901872634888,0.38304728269577026,0.6083885431289673,0.38694968819618225,0.5561084151268005,0.3887976408004761,0.5139973163604736,0.3275313079357147,0.5657405257225037,0.35409310460090637,0.4941299855709076,0.37376442551612854,0.440631628036499,0.3876023590564728,0.39731305837631226,0.3232914209365845,0.5737209916114807,0.35500600934028625,0.4951547086238861,0.37623974680900574,0.44225478172302246,0.39186662435531616,0.3957248628139496,0.3296809792518616,0.5890433192253113,0.3611448407173157,0.5134581923484802,0.38100171089172363,0.46404382586479187,0.3948148488998413,0.42201489210128784,0.34538233280181885,0.6098954081535339,0.36899667978286743,0.5556192398071289,0.38269931077957153,0.5185547471046448,0.39417564868927,0.4884519875049591
0,0,0,0,0,0,0,0,0,0,0,0,0,0,0,0,0,0,0,0,0,0,0,0,0,0,0,0,0,0,0,0,0,0,0,0,0,0,0,0,0,0,0.32175421714782715,0.7446966171264648,0.32325318455696106,0.6785042881965637,0.3222742974758148,0.6046738624572754,0.32650142908096313,0.5525320172309875,0.32173314690589905,0.5179940462112427,0.3174448013305664,0.5660349130630493,0.3427635729312897,0.4835333824157715,0.3590807020664215,0.4279594123363495,0.3714139461517334,0.3825390934944153,0.3212512135505676,0.578904390335083,0.35350945591926575,0.48466888070106506,0.3730781674385071,0.4242895841598511,0.38841941952705383,0.3739030361175537,0.33257943391799927,0.5984979271888733,0.3673291802406311,0.5103647112846375,0.38910818099975586,0.4546962082386017,0.4058740735054016,0.40808436274528503,0.35171905159950256,0.6250335574150085,0.3800598084926605,0.5621323585510254,0.3962828516960144,0.5212365984916687,0.41062498092651367,0.4849696755409241
0,0,0,0,0,0,0,0,0,0,0,0,0,0,0,0,0,0,0,0,0,0,0,0,0,0,0,0,0,0,0,0,0,0,0,0,0,0,0,0,0,0,0.32502102851867676,0.7392277717590332,0.3174755871295929,0.6675322651863098,0.3128649592399597,0.5903701782226562,0.30273470282554626,0.5394884347915649,0.2807595729827881,0.5109385251998901,0.31629958748817444,0.5657976269721985,0.3375099301338196,0.4746003746986389,0.353842556476593,0.4176848232746124,0.3667661249637604,0.37546998262405396,0.326619029045105,0.5787966847419739,0.35798442363739014,0.47694703936576843,0.37908071279525757,0.4159162640571594,0.3956686854362488,0.36967986822128296,0.3436241149902344,0.5972771644592285,0.3784644305706024,0.5009177923202515,0.3999863266944885,0.44377827644348145,0.4161439538002014,0.3982953131198883,0.36613863706588745,0.6213056445121765,0.39362844824790955,0.5529305934906006,0.4107784628868103,0.5110083818435669,0.4252447485923767,0.4750517010688782
0,0,0,0,0,0,0,0,0,0,0,0,0,0,0,0,0,0,0,0,0,0,0,0,0,0,0,0,0,0,0,0,0,0,0,0,0,0,0,0,0,0,0.32241007685661316,0.7371760606765747,0.29974910616874695,0.6736986041069031,0.2861837148666382,0.5990275144577026,0.26978403329849243,0.5433273315429688,0.24308259785175323,0.5111474394798279,0.31010934710502625,0.5643537640571594,0.33742770552635193,0.4686918258666992,0.3563693165779114,0.4129621982574463,0.3703799545764923,0.37205320596694946,0.33152690529823303,0.5782783031463623,0.36875370144844055,0.47445517778396606,0.3890961706638336,0.41297000646591187,0.4038071632385254,0.36810392141342163,0.3565501868724823,0.5993613600730896,0.39517563581466675,0.5038048028945923,0.4160511791706085,0.44806942343711853,0.4305850863456726,0.40578508377075195,0.3824101388454437,0.6260585784912109,0.41299334168434143,0.5563414096832275,0.4288558065891266,0.5134602785110474,0.44059455394744873,0.4757812023162842
0,0,0,0,0,0,0,0,0,0,0,0,0,0,0,0,0,0,0,0,0,0,0,0,0,0,0,0,0,0,0,0,0,0,0,0,0,0,0,0,0,0,0.3221612572669983,0.737253725528717,0.29389283061027527,0.6774096488952637,0.2747780382633209,0.6047497987747192,0.25735414028167725,0.5483009219169617,0.2324461042881012,0.5136188268661499,0.31031110882759094,0.5622987747192383,0.3384590446949005,0.4649589955806732,0.35801005363464355,0.4099380373954773,0.37265917658805847,0.37012267112731934,0.3351666331291199,0.5753094553947449,0.3710125684738159,0.4704933166503906,0.3912450671195984,0.40938884019851685,0.40619754791259766,0.3659510910511017,0.36329352855682373,0.5969341993331909,0.399635374546051,0.5002071261405945,0.42012321949005127,0.44468191266059875,0.43452221155166626,0.4042852520942688,0.3913503587245941,0.6246404647827148,0.41941821575164795,0.553335964679718,0.43388864398002625,0.5101320147514343,0.44498398900032043,0.47343242168426514
0,0,0,0,0,0,0,0,0,0,0,0,0,0,0,0,0,0,0,0,0,0,0,0,0,0,0,0,0,0,0,0,0,0,0,0,0,0,0,0,0,0,0.32027196884155273,0.7358018159866333,0.2912455201148987,0.6772216558456421,0.27116847038269043,0.6061639189720154,0.2532801032066345,0.5500112771987915,0.2265862077474594,0.5176883935928345,0.3115042746067047,0.5571880340576172,0.33830997347831726,0.4612705409526825,0.357291579246521,0.40776100754737854,0.37181830406188965,0.3684688210487366,0.33799657225608826,0.5699219107627869,0.3723773956298828,0.4673847556114197,0.3916480839252472,0.4066855311393738,0.40575626492500305,0.36381855607032776,0.3666818141937256,0.5919700264930725,0.40190833806991577,0.4981094002723694,0.4218056797981262,0.4437318444252014,0.4350215792655945,0.4040103554725647,0.39407795667648315,0.6204108595848083,0.421416699886322,0.5498910546302795,0.4350227415561676,0.5092338919639587,0.4443572759628296,0.4756114184856415
0,0,0,0,0,0,0,0,0,0,0,0,0,0,0,0,0,0,0,0,0,0,0,0,0,0,0,0,0,0,0,0,0,0,0,0,0,0,0,0,0,0,0.32119572162628174,0.7358256578445435,0.2926218509674072,0.6758227348327637,0.27182331681251526,0.6052843928337097,0.25226062536239624,0.5505082607269287,0.22516173124313354,0.5192016363143921,0.31145355105400085,0.5562527179718018,0.338326096534729,0.45971184968948364,0.35754159092903137,0.40636616945266724,0.3722524642944336,0.36725014448165894,0.33780673146247864,0.5692897439002991,0.37273934483528137,0.46616896986961365,0.39275678992271423,0.4063059091567993,0.40782514214515686,0.3643151521682739,0.36649075150489807,0.5915905237197876,0.4016161561012268,0.4963330924510956,0.4217883348464966,0.4421447217464447,0.4355865716934204,0.40289002656936646,0.39437779784202576,0.6204400658607483,0.4210500121116638,0.5495222806930542,0.4344741702079773,0.5085383057594299,0.4437631070613861,0.47458934783935547
0,0,0,0,0,0,0,0,0,0,0,0,0,0,0,0,0,0,0,0,0,0,0,0,0,0,0,0,0,0,0,0,0,0,0,0,0,0,0,0,0,0,0.32325688004493713,0.7347742319107056,0.2920806407928467,0.6770391464233398,0.2700531780719757,0.6085425615310669,0.24902229011058807,0.5522511601448059,0.22169312834739685,0.5210208296775818,0.3132591247558594,0.5546905398368835,0.34068623185157776,0.4592375159263611,0.3600578308105469,0.40655484795570374,0.3756586015224457,0.36803755164146423,0.34258347749710083,0.5669817924499512,0.37733814120292664,0.46500658988952637,0.3968012034893036,0.4054805040359497,0.4108014702796936,0.3637109398841858,0.3724071979522705,0.588837206363678,0.4066729247570038,0.4992085099220276,0.4263032376766205,0.44623899459838867,0.4383738338947296,0.40876105427742004,0.3993069529533386,0.6170653104782104,0.4248718321323395,0.5496625900268555,0.4373052716255188,0.5120623707771301,0.4442836046218872,0.4822081923484802
0,0,0,0,0,0,0,0,0,0,0,0,0,0,0,0,0,0,0,0,0,0,0,0,0,0,0,0,0,0,0,0,0,0,0,0,0,0,0,0,0,0,0.3348371088504791,0.7304424047470093,0.2996055483818054,0.6721643209457397,0.27630719542503357,0.6061533689498901,0.25336697697639465,0.5522946119308472,0.22591052949428558,0.5226539373397827,0.32314589619636536,0.551735520362854,0.34992945194244385,0.45561107993125916,0.3683323562145233,0.40286293625831604,0.38293391466140747,0.3652171492576599,0.3542190194129944,0.5632979869842529,0.38592612743377686,0.45949190855026245,0.4040970504283905,0.4005401134490967,0.4167758822441101,0.3612292408943176,0.38468384742736816,0.5844547748565674,0.4151487648487091,0.49436047673225403,0.43304505944252014,0.4416232407093048,0.4438464641571045,0.40569695830345154,0.41181477904319763,0.6117765307426453,0.4336950182914734,0.5435472726821899,0.4438939094543457,0.5069910883903503,0.44845694303512573,0.47924715280532837
0,0,0,0,0,0,0,0,0,0,0,0,0,0,0,0,0,0,0,0,0,0,0,0,0,0,0,0,0,0,0,0,0,0,0,0,0,0,0,0,0,0,0.34117579460144043,0.7304049730300903,0.30484968423843384,0.674048662185669,0.2804850935935974,0.6090196371078491,0.25764185190200806,0.5545594692230225,0.2309824526309967,0.5240016579627991,0.3288000226020813,0.5495885610580444,0.3554018437862396,0.45462170243263245,0.37357190251350403,0.4021143317222595,0.38832688331604004,0.36462944746017456,0.3601505160331726,0.5615274906158447,0.39201971888542175,0.4590294361114502,0.4101316034793854,0.40057194232940674,0.42291688919067383,0.36151379346847534,0.39080628752708435,0.5834221839904785,0.42229413986206055,0.49614858627319336,0.43984508514404297,0.44557929039001465,0.4497559368610382,0.41204142570495605,0.41765958070755005,0.6115494966506958,0.43893635272979736,0.5443253517150879,0.4480084180831909,0.5103201270103455,0.4517495036125183,0.48600882291793823
0,0,0,0,0,0,0,0,0,0,0,0,0,0,0,0,0,0,0,0,0,0,0,0,0,0,0,0,0,0,0,0,0,0,0,0,0,0,0,0,0,0,0.34323322772979736,0.7320955395698547,0.3065665066242218,0.6760193109512329,0.2818360924720764,0.6104588508605957,0.2581033408641815,0.5562251806259155,0.23111560940742493,0.5255732536315918,0.3299518823623657,0.5497735738754272,0.355132132768631,0.45466339588165283,0.3729172646999359,0.4026270806789398,0.38830411434173584,0.3643435835838318,0.3608483076095581,0.5618075728416443,0.3914550840854645,0.4593406915664673,0.40973106026649475,0.4003830552101135,0.423506498336792,0.3601972460746765,0.3912580609321594,0.5839088559150696,0.4230026304721832,0.4978693425655365,0.4405869245529175,0.4475902318954468,0.45019304752349854,0.4135134220123291,0.41760486364364624,0.6119169592857361,0.4392514228820801,0.544783890247345,0.4490853250026703,0.5100113153457642,0.45326945185661316,0.48426562547683716
0,0,0,0,0,0,0,0,0,0,0,0,0,0,0,0,0,0,0,0,0,0,0,0,0,0,0,0,0,0,0,0,0,0,0,0,0,0,0,0,0,0,0.34708330035209656,0.7313224077224731,0.31125032901763916,0.6746318340301514,0.2865091860294342,0.6095452308654785,0.2625642418861389,0.5555772185325623,0.23490063846111298,0.5262162089347839,0.3336806893348694,0.550088107585907,0.35991570353507996,0.45470887422561646,0.37814047932624817,0.40206411480903625,0.39276188611984253,0.36420655250549316,0.36517050862312317,0.5615950226783752,0.39635300636291504,0.4581846594810486,0.4144822359085083,0.399361789226532,0.42728227376937866,0.359822154045105,0.3961140215396881,0.5831636190414429,0.4261564612388611,0.49369803071022034,0.44364410638809204,0.4417327642440796,0.45368528366088867,0.40649086236953735,0.42340198159217834,0.6107654571533203,0.4438433349132538,0.5417255759239197,0.4523792564868927,0.5053924322128296,0.4556818902492523,0.47877195477485657
0,0,0,0,0,0,0,0,0,0,0,0,0,0,0,0,0,0,0,0,0,0,0,0,0,0,0,0,0,0,0,0,0,0,0,0,0,0,0,0,0,0,0.3530915677547455,0.7308188676834106,0.3172657787799835,0.6746225357055664,0.29195713996887207,0.6096161603927612,0.2679522931575775,0.5557945370674133,0.24120277166366577,0.5261908173561096,0.33903709053993225,0.5487146377563477,0.36473318934440613,0.45324742794036865,0.3832065463066101,0.40045034885406494,0.39820581674575806,0.3627353012561798,0.37038734555244446,0.5605413317680359,0.4013827443122864,0.45713552832603455,0.419856458902359,0.39858466386795044,0.43307289481163025,0.3597889244556427,0.40130966901779175,0.5824795961380005,0.43075039982795715,0.4923126995563507,0.44834208488464355,0.440258264541626,0.4588485062122345,0.40577226877212524,0.428788959980011,0.6103613376617432,0.44848111271858215,0.5405218601226807,0.4572642743587494,0.504000723361969,0.4611378610134125,0.47764167189598083
0,0,0,0,0,0,0,0,0,0,0,0,0,0,0,0,0,0,0,0,0,0,0,0,0,0,0,0,0,0,0,0,0,0,0,0,0,0,0,0,0,0,0.36168327927589417,0.7292517423629761,0.3247080445289612,0.672184944152832,0.29932311177253723,0.6069982051849365,0.27580368518829346,0.553148090839386,0.24884814023971558,0.5245213508605957,0.3469303548336029,0.5452046394348145,0.37361711263656616,0.450161874294281,0.3913878798484802,0.3969416320323944,0.4051608443260193,0.35881155729293823,0.3797246813774109,0.5563663244247437,0.41044503450393677,0.45360618829727173,0.42846912145614624,0.39593034982681274,0.4413907825946808,0.35703015327453613,0.41101887822151184,0.5779572129249573,0.43786555528640747,0.4865714907646179,0.45494839549064636,0.43340763449668884,0.46544015407562256,0.3968724012374878,0.4382289946079254,0.6058273911476135,0.4558809697628021,0.5349397659301758,0.4653921127319336,0.4974638521671295,0.47048068046569824,0.4688766598701477
0,0,0,0,0,0,0,0,0,0,0,0,0,0,0,0,0,0,0,0,0,0,0,0,0,0,0,0,0,0,0,0,0,0,0,0,0,0,0,0,0,0,0.3644440770149231,0.7265578508377075,0.3271811306476593,0.6710889935493469,0.30085623264312744,0.6065062284469604,0.27672070264816284,0.5523269176483154,0.250232994556427,0.5211244821548462,0.3501630425453186,0.543635904788971,0.3763125240802765,0.44556236267089844,0.394196093082428,0.39252769947052,0.40832483768463135,0.3555167317390442,0.3827197253704071,0.5544695258140564,0.41347602009773254,0.4490247070789337,0.43133488297462463,0.39083805680274963,0.4439541697502136,0.35247892141342163,0.41419756412506104,0.5758820176124573,0.44199565052986145,0.4818516969680786,0.4589639902114868,0.4281679391860962,0.46897509694099426,0.391168475151062,0.4414815902709961,0.6041442155838013,0.46060022711753845,0.5325226783752441,0.4706704318523407,0.49482107162475586,0.47584789991378784,0.466522753238678
0,0,0,0,0,0,0,0,0,0,0,0,0,0,0,0,0,0,0,0,0,0,0,0,0,0,0,0,0,0,0,0,0,0,0,0,0,0,0,0,0,0,0.3656088411808014,0.729153037071228,0.3288714587688446,0.6732659339904785,0.30246981978416443,0.6074874401092529,0.27800604701042175,0.5531291365623474,0.2507748007774353,0.5223605632781982,0.3515821695327759,0.5436232686042786,0.37564125657081604,0.44722092151641846,0.3931356966495514,0.39492833614349365,0.40763962268829346,0.3570290207862854,0.38336458802223206,0.5553812980651855,0.4133392572402954,0.45098817348480225,0.4314810633659363,0.39332789182662964,0.4451744258403778,0.3540799021720886,0.4144195318222046,0.5774717926979065,0.44243955612182617,0.48690253496170044,0.45946794748306274,0.4343995153903961,0.4700866937637329,0.39748725295066833,0.44114112854003906,0.6058633327484131,0.4602885842323303,0.5357680916786194,0.4703271985054016,0.49846750497817993,0.4763398766517639,0.4698859453201294
0,0,0,0,0,0,0,0,0,0,0,0,0,0,0,0,0,0,0,0,0,0,0,0,0,0,0,0,0,0,0,0,0,0,0,0,0,0,0,0,0,0,0.36743488907814026,0.7238894701004028,0.3303786814212799,0.6676037311553955,0.30303406715393066,0.6022568345069885,0.2783550024032593,0.5479951500892639,0.2512753903865814,0.5180026292800903,0.35225263237953186,0.5406301617622375,0.3778005540370941,0.44321390986442566,0.39556726813316345,0.3913843333721161,0.40984630584716797,0.35474056005477905,0.3846156895160675,0.5517182350158691,0.4148944914340973,0.44604402780532837,0.4326416850090027,0.3880370557308197,0.4459313750267029,0.34986352920532227,0.41609251499176025,0.5734583139419556,0.4426904022693634,0.47945743799209595,0.45932871103286743,0.4260558485984802,0.46999993920326233,0.3888736367225647,0.4433467388153076,0.6022865176200867,0.4625004231929779,0.5323179960250854,0.4729459285736084,0.4945661425590515,0.47911614179611206,0.4653065800666809
0,0,0,0,0,0,0,0,0,0,0,0,0,0,0,0,0,0,0,0,0,0,0,0,0,0,0,0,0,0,0,0,0,0,0,0,0,0,0,0,0,0,0.37013548612594604,0.7170763611793518,0.3323012888431549,0.6618407964706421,0.3057974576950073,0.5985291600227356,0.28135180473327637,0.5437266230583191,0.25419318675994873,0.5130172371864319,0.35525670647621155,0.5351963639259338,0.38146698474884033,0.43806666135787964,0.3998432457447052,0.3863943815231323,0.4145734906196594,0.35038232803344727,0.38811028003692627,0.5461251139640808,0.41867339611053467,0.44155657291412354,0.4363788962364197,0.3847867548465729,0.4495784342288971,0.34800606966018677,0.4200008809566498,0.5675751566886902,0.44627904891967773,0.47548341751098633,0.4624466300010681,0.4228898584842682,0.472675085067749,0.3864484429359436,0.4471944570541382,0.5956574082374573,0.46550530195236206,0.5265083909034729,0.47510644793510437,0.488374799489975,0.4804536700248718,0.458451509475708
0,0,0,0,0,0,0,0,0,0,0,0,0,0,0,0,0,0,0,0,0,0,0,0,0,0,0,0,0,0,0,0,0,0,0,0,0,0,0,0,0,0,0.3714033365249634,0.7159724235534668,0.3344319760799408,0.6603395342826843,0.307564914226532,0.5963649153709412,0.2831558883190155,0.5415225625038147,0.2561444640159607,0.510233461856842,0.3577002286911011,0.5326974391937256,0.38339295983314514,0.4358600378036499,0.40196624398231506,0.3847218155860901,0.41689446568489075,0.3487369418144226,0.3899908661842346,0.5440155267715454,0.4207550883293152,0.4398603141307831,0.43898680806159973,0.38379567861557007,0.452730655670166,0.3473784327507019,0.421819269657135,0.5664753913879395,0.4491299092769623,0.47651851177215576,0.4660310447216034,0.426705539226532,0.47650203108787537,0.39253827929496765,0.44902658462524414,0.5958443880081177,0.4679775834083557,0.526940107345581,0.4777090549468994,0.4901471436023712,0.4832199215888977,0.46159106492996216
0,0,0,0,0,0,0,0,0,0,0,0,0,0,0,0,0,0,0,0,0,0,0,0,0,0,0,0,0,0,0,0,0,0,0,0,0,0,0,0,0,0,0.3733869791030884,0.7129108309745789,0.336719810962677,0.6567491292953491,0.30965954065322876,0.5927560925483704,0.2850784659385681,0.5390916466712952,0.25798118114471436,0.5091288089752197,0.360334187746048,0.5300706028938293,0.3856376111507416,0.4343840777873993,0.4040795564651489,0.38406533002853394,0.41865915060043335,0.34843066334724426,0.39180850982666016,0.5408987998962402,0.4223713278770447,0.4381335377693176,0.4401298761367798,0.3830186426639557,0.453483521938324,0.3468542993068695,0.4231022298336029,0.5627005100250244,0.4499961733818054,0.47275879979133606,0.46649277210235596,0.4231272339820862,0.4768693447113037,0.3883509039878845,0.45023924112319946,0.5915161967277527,0.4686901867389679,0.522681713104248,0.47802138328552246,0.48536279797554016,0.4834635853767395,0.45588982105255127
0,0,0,0,0,0,0,0,0,0,0,0,0,0,0,0,0,0,0,0,0,0,0,0,0,0,0,0,0,0,0,0,0,0,0,0,0,0,0,0,0,0,0.37454837560653687,0.709739625453949,0.3380776047706604,0.6544716954231262,0.3116706609725952,0.5919134616851807,0.28866490721702576,0.5378214120864868,0.2619887888431549,0.5073749423027039,0.3618942201137543,0.5275757312774658,0.38781291246414185,0.4330900013446808,0.40676531195640564,0.3835330605506897,0.42147767543792725,0.3484761416912079,0.39314624667167664,0.5384650230407715,0.42429211735725403,0.4363808035850525,0.4421422779560089,0.38125747442245483,0.45525062084198,0.3457174301147461,0.42417794466018677,0.5601552724838257,0.45177537202835083,0.4703085422515869,0.46832990646362305,0.4197044372558594,0.4785422682762146,0.38470107316970825,0.4516705870628357,0.5885843634605408,0.471637099981308,0.5187488794326782,0.48059916496276855,0.48113739490509033,0.4851170778274536,0.45180726051330566
0,0,0,0,0,0,0,0,0,0,0,0,0,0,0,0,0,0,0,0,0,0,0,0,0,0,0,0,0,0,0,0,0,0,0,0,0,0,0,0,0,0,0.3753404915332794,0.7100998163223267,0.3380575180053711,0.654192328453064,0.3121100068092346,0.5908157825469971,0.28894108533859253,0.5376795530319214,0.26210641860961914,0.5073399543762207,0.3634910583496094,0.5268115997314453,0.38826215267181396,0.4331665337085724,0.40648409724235535,0.3841412663459778,0.42104214429855347,0.34892773628234863,0.3943801522254944,0.5383239388465881,0.42448654770851135,0.4374978840351105,0.44198906421661377,0.38320112228393555,0.4553792476654053,0.34693610668182373,0.42490190267562866,0.5608627200126648,0.4525502920150757,0.4731747508049011,0.4692486524581909,0.42398345470428467,0.47992590069770813,0.3889560103416443,0.45115044713020325,0.5902931094169617,0.4710927903652191,0.5224660634994507,0.4806332588195801,0.4864870309829712,0.486310213804245,0.45825839042663574
0,0,0,0,0,0,0,0,0,0,0,0,0,0,0,0,0,0,0,0,0,0,0,0,0,0,0,0,0,0,0,0,0,0,0,0,0,0,0,0,0,0,0.3773074150085449,0.7050354480743408,0.34186115860939026,0.6501238346099854,0.3154366910457611,0.5876004695892334,0.2935902178287506,0.5341272950172424,0.26792433857917786,0.5040796995162964,0.36632776260375977,0.5220968723297119,0.39403077960014343,0.43105319142341614,0.41273820400238037,0.38229721784591675,0.4264620244503021,0.3464782238006592,0.39679497480392456,0.5330265164375305,0.4288235902786255,0.4344583749771118,0.4470274746417999,0.38027453422546387,0.4602549076080322,0.3439418077468872,0.426812082529068,0.5550928711891174,0.45581749081611633,0.4659721851348877,0.4730417728424072,0.4149307906627655,0.48365914821624756,0.37808069586753845,0.45378151535987854,0.5839709043502808,0.4770965576171875,0.5147554278373718,0.4889259338378906,0.47600364685058594,0.4961063861846924,0.4440712034702301
0,0,0,0,0,0,0,0,0,0,0,0,0,0,0,0,0,0,0,0,0,0,0,0,0,0,0,0,0,0,0,0,0,0,0,0,0,0,0,0,0,0,0.37745746970176697,0.7044554352760315,0.34163427352905273,0.6503411531448364,0.3157655894756317,0.5877714157104492,0.294197142124176,0.5346569418907166,0.2682283818721771,0.5044043064117432,0.3684486150741577,0.5204411745071411,0.39497753977775574,0.42982780933380127,0.4131600558757782,0.3823915421962738,0.4274396300315857,0.3477743864059448,0.39886710047721863,0.5325244665145874,0.4300326704978943,0.43439149856567383,0.4480360746383667,0.3820003271102905,0.46222198009490967,0.3473935127258301,0.42811089754104614,0.5556704998016357,0.4566630423069,0.46777641773223877,0.4741171896457672,0.41931450366973877,0.48584747314453125,0.3848353922367096,0.45357152819633484,0.5852622389793396,0.4755043089389801,0.5163329243659973,0.4870329797267914,0.47850120067596436,0.4949014484882355,0.447725772857666
0,0,0,0,0,0,0,0,0,0,0,0,0,0,0,0,0,0,0,0,0,0,0,0,0,0,0,0,0,0,0,0,0,0,0,0,0,0,0,0,0,0,0.3765016198158264,0.7004351615905762,0.343060702085495,0.6439523100852966,0.3179969787597656,0.5806025862693787,0.29688623547554016,0.5265138745307922,0.27166426181793213,0.49577924609184265,0.37003466486930847,0.5142819881439209,0.40297091007232666,0.4290149509906769,0.42283084988594055,0.3818747401237488,0.43733158707618713,0.3466532230377197,0.3994291424751282,0.5268668532371521,0.43801149725914,0.4344116449356079,0.45952343940734863,0.38353171944618225,0.4755655527114868,0.3480868935585022,0.4288845956325531,0.5510573387145996,0.46370238065719604,0.46627524495124817,0.4844626188278198,0.41687706112861633,0.49802064895629883,0.37934428453445435,0.45538806915283203,0.5824576616287231,0.48049846291542053,0.5154324769973755,0.49376410245895386,0.477215051651001,0.5028660893440247,0.4446107745170593
0,0,0,0,0,0,0,0,0,0,0,0,0,0,0,0,0,0,0,0,0,0,0,0,0,0,0,0,0,0,0,0,0,0,0,0,0,0,0,0,0,0,0.3754911720752716,0.6886780858039856,0.3431931138038635,0.6301043033599854,0.32213258743286133,0.5690345168113708,0.30374419689178467,0.5157695412635803,0.27911946177482605,0.48406603932380676,0.3770469129085541,0.506054162979126,0.4180208444595337,0.4258514642715454,0.44206565618515015,0.38328343629837036,0.4607728123664856,0.3520909547805786,0.40541785955429077,0.5209846496582031,0.45069044828414917,0.43323081731796265,0.47685378789901733,0.38595837354660034,0.4977448880672455,0.35279136896133423,0.43304118514060974,0.5460087060928345,0.47328630089759827,0.464143842458725,0.49758145213127136,0.4176921546459198,0.5148646831512451,0.3818935751914978,0.45680734515190125,0.5774379372596741,0.48579201102256775,0.5117800831794739,0.5001923441886902,0.47525596618652344,0.5108771920204163,0.4443323612213135
0,0,0,0,0,0,0,0,0,0,0,0,0,0,0,0,0,0,0,0,0,0,0,0,0,0,0,0,0,0,0,0,0,0,0,0,0,0,0,0,0,0,0.3766753673553467,0.6846019625663757,0.3460298180580139,0.625890851020813,0.325570285320282,0.563360333442688,0.30821073055267334,0.5106163024902344,0.2848641276359558,0.4794270694255829,0.37972158193588257,0.49978646636009216,0.42092305421829224,0.4216476082801819,0.446136474609375,0.38069313764572144,0.4653802514076233,0.35075873136520386,0.406434029340744,0.5144972205162048,0.4510488510131836,0.4285227954387665,0.4775466024875641,0.38147595524787903,0.49829381704330444,0.348030149936676,0.433226615190506,0.5402163863182068,0.47264742851257324,0.4578332304954529,0.4965992271900177,0.41131627559661865,0.513409435749054,0.37424570322036743,0.45759090781211853,0.5728243589401245,0.4869398772716522,0.5067187547683716,0.5029419660568237,0.46756666898727417,0.5155460834503174,0.43278610706329346
0,0,0,0,0,0,0,0,0,0,0,0,0,0,0,0,0,0,0,0,0,0,0,0,0,0,0,0,0,0,0,0,0,0,0,0,0,0,0,0,0,0,0.3768746852874756,0.676681637763977,0.34778714179992676,0.6191149353981018,0.32861000299453735,0.55765700340271,0.3120096027851105,0.5058724284172058,0.2897562086582184,0.4747381806373596,0.38403478264808655,0.49501410126686096,0.4249562621116638,0.41890281438827515,0.4498234987258911,0.37894803285598755,0.46926558017730713,0.34949156641960144,0.40972650051116943,0.5094714164733887,0.45455923676490784,0.42519864439964294,0.4804322421550751,0.3781318962574005,0.5008401274681091,0.34455931186676025,0.43540042638778687,0.5347557663917542,0.4755386412143707,0.4536547362804413,0.4991273283958435,0.4070780277252197,0.5158822536468506,0.37034720182418823,0.458902508020401,0.5669313669204712,0.4889252781867981,0.501501202583313,0.5051957368850708,0.46246010065078735,0.5182030200958252,0.42777112126350403
0,0,0,0,0,0,0,0,0,0,0,0,0,0,0,0,0,0,0,0,0,0,0,0,0,0,0,0,0,0,0,0,0,0,0,0,0,0,0,0,0,0,0.3807399570941925,0.6681265830993652,0.3515164256095886,0.6122924089431763,0.3327900171279907,0.5506414771080017,0.3178851902484894,0.49774810671806335,0.29602980613708496,0.4670543968677521,0.38886621594429016,0.48864641785621643,0.4292696714401245,0.4144597351551056,0.4538334012031555,0.3755044639110565,0.47285348176956177,0.3468366861343384,0.4142603874206543,0.5034359097480774,0.4592520594596863,0.42044830322265625,0.48531606793403625,0.3750185966491699,0.5056647062301636,0.3428666591644287,0.43910935521125793,0.5286943316459656,0.4792754650115967,0.4483671486377716,0.5031024217605591,0.4022998511791229,0.520115852355957,0.3662896752357483,0.46187326312065125,0.5605024695396423,0.4923126697540283,0.4956027865409851,0.5090839266777039,0.4573947787284851,0.5225755572319031,0.4235262870788574
0,0,0,0,0,0,0,0,0,0,0,0,0,0,0,0,0,0,0,0,0,0,0,0,0,0,0,0,0,0,0,0,0,0,0,0,0,0,0,0,0,0,0.3831731975078583,0.6605936288833618,0.3546108603477478,0.6051712036132812,0.33731240034103394,0.544547975063324,0.3225516080856323,0.4933319091796875,0.30148154497146606,0.4628031551837921,0.39343518018722534,0.48251795768737793,0.43589192628860474,0.41048112511634827,0.46167752146720886,0.3735535144805908,0.4819357097148895,0.34664085507392883,0.4189169406890869,0.49790239334106445,0.46485185623168945,0.4179897606372833,0.49104005098342896,0.37448960542678833,0.5115073919296265,0.34350281953811646,0.44384828209877014,0.5234248042106628,0.48472368717193604,0.44540977478027344,0.5088231563568115,0.4006146788597107,0.5259705185890198,0.36563241481781006,0.4662942886352539,0.5549597144126892,0.49675706028938293,0.49185997247695923,0.5135034918785095,0.4545171558856964,0.5267593264579773,0.4214856028556824
0,0,0,0,0,0,0,0,0,0,0,0,0,0,0,0,0,0,0,0,0,0,0,0,0,0,0,0,0,0,0,0,0,0,0,0,0,0,0,0,0,0,0.3848310112953186,0.6539452075958252,0.3578716516494751,0.5967507362365723,0.34281378984451294,0.5349664688110352,0.32857662439346313,0.48544955253601074,0.30748245120048523,0.45700088143348694,0.4005916118621826,0.4766598045825958,0.44260910153388977,0.40685057640075684,0.46843552589416504,0.37094300985336304,0.4886065125465393,0.34441351890563965,0.4252273440361023,0.4923972487449646,0.47212180495262146,0.41597309708595276,0.4988369047641754,0.37511491775512695,0.5195592045783997,0.3460204601287842,0.44874319434165955,0.5181331038475037,0.48990240693092346,0.44243675470352173,0.5143319964408875,0.39973536133766174,0.531873345375061,0.3665439188480377,0.46958789229393005,0.5496227741241455,0.5001960396766663,0.48696187138557434,0.5172021985054016,0.4505000710487366,0.530574381351471,0.4184308648109436
0,0,0,0,0,0,0,0,0,0,0,0,0,0,0,0,0,0,0,0,0,0,0,0,0,0,0,0,0,0,0,0,0,0,0,0,0,0,0,0,0,0,0.3845229148864746,0.6552967429161072,0.3583882749080658,0.5966683626174927,0.3439021110534668,0.5361742377281189,0.33023735880851746,0.4858635365962982,0.3081420958042145,0.4573815166950226,0.3999423682689667,0.4780077040195465,0.44034135341644287,0.4096779525279999,0.46572965383529663,0.37274354696273804,0.48539403080940247,0.3445992171764374,0.4242972731590271,0.4919198751449585,0.4696994125843048,0.4160517454147339,0.496151864528656,0.37363311648368835,0.5166682600975037,0.3434881269931793,0.44795188307762146,0.5171075463294983,0.48917409777641296,0.44338151812553406,0.5134509205818176,0.400166779756546,0.5304203033447266,0.3653247356414795,0.4690990447998047,0.5494468212127686,0.500629186630249,0.4867311418056488,0.5182450413703918,0.4500502943992615,0.5316848158836365,0.4176177978515625
0,0,0,0,0,0,0,0,0,0,0,0,0,0,0,0,0,0,0,0,0,0,0,0,0,0,0,0,0,0,0,0,0,0,0,0,0,0,0,0,0,0,0.39011892676353455,0.6400766968727112,0.36646655201911926,0.5819123983383179,0.3549184799194336,0.5239620208740234,0.342937707901001,0.4767397940158844,0.32150644063949585,0.45178404450416565,0.41313105821609497,0.46859776973724365,0.45995450019836426,0.40472540259361267,0.4859563708305359,0.373841792345047,0.5048227310180664,0.3502519130706787,0.4359084963798523,0.48301073908805847,0.4849480986595154,0.41025543212890625,0.511316180229187,0.37362146377563477,0.5300319194793701,0.3477092981338501,0.45748740434646606,0.5076533555984497,0.500054121017456,0.43653562664985657,0.5249695777893066,0.39900776743888855,0.5419349670410156,0.3680126667022705,0.4757605791091919,0.5388208031654358,0.5078573226928711,0.4794439375400543,0.5260189175605774,0.446707546710968,0.5395451784133911,0.4173741936683655
0,0,0,0,0,0,0,0,0,0,0,0,0,0,0,0,0,0,0,0,0,0,0,0,0,0,0,0,0,0,0,0,0,0,0,0,0,0,0,0,0,0,0.39368751645088196,0.6310519576072693,0.37319087982177734,0.5746731162071228,0.3634257912635803,0.5188428163528442,0.3507559597492218,0.4732590913772583,0.32882899045944214,0.44993025064468384,0.4170142114162445,0.46416571736335754,0.4633254110813141,0.4029519259929657,0.4885074496269226,0.37351173162460327,0.5064565539360046,0.35014963150024414,0.439091295003891,0.47668641805648804,0.4890183210372925,0.40824201703071594,0.5156601071357727,0.37401458621025085,0.5344637632369995,0.34881049394607544,0.4601094722747803,0.5004205107688904,0.5034956932067871,0.4353078603744507,0.5291794538497925,0.40013885498046875,0.5464670658111572,0.3690241575241089,0.47806957364082336,0.5306764841079712,0.5113375782966614,0.4753684401512146,0.5294818878173828,0.44531646370887756,0.5423192977905273,0.4172302782535553
0,0,0,0,0,0,0,0,0,0,0,0,0,0,0,0,0,0,0,0,0,0,0,0,0,0,0,0,0,0,0,0,0,0,0,0,0,0,0,0,0,0,0.39876145124435425,0.6240240335464478,0.37980568408966064,0.5687748193740845,0.3702963590621948,0.5148598551750183,0.35758543014526367,0.47078579664230347,0.3364099860191345,0.4486224055290222,0.4228947162628174,0.46031391620635986,0.4694797992706299,0.4023461937904358,0.49549877643585205,0.3729361891746521,0.5143561959266663,0.3501232862472534,0.4435020685195923,0.4722827970981598,0.49460458755493164,0.4073188900947571,0.5225223898887634,0.37491726875305176,0.5431393980979919,0.3507974147796631,0.4640212059020996,0.4954535961151123,0.508490800857544,0.4330000877380371,0.5350669622421265,0.40034350752830505,0.5536302328109741,0.3721296489238739,0.48226624727249146,0.5254634022712708,0.5159369707107544,0.47213324904441833,0.5347989201545715,0.44342121481895447,0.5488075017929077,0.41726553440093994
0,0,0,0,0,0,0,0,0,0,0,0,0,0,0,0,0,0,0,0,0,0,0,0,0,0,0,0,0,0,0,0,0,0,0,0,0,0,0,0,0,0,0.40267762541770935,0.6184840202331543,0.38392841815948486,0.5633371472358704,0.3754481077194214,0.5114755630493164,0.3631311058998108,0.4685542583465576,0.34297841787338257,0.44630613923072815,0.428739458322525,0.4575155973434448,0.47530388832092285,0.40218836069107056,0.5009329319000244,0.37321996688842773,0.5196581482887268,0.350901335477829,0.4498427212238312,0.4693528711795807,0.5011091828346252,0.407650887966156,0.5291385650634766,0.3775714039802551,0.5500787496566772,0.35491520166397095,0.47008228302001953,0.49236392974853516,0.5144104361534119,0.4331378638744354,0.541066586971283,0.40304499864578247,0.5593621730804443,0.3761073350906372,0.4872523546218872,0.5222187638282776,0.5206050872802734,0.4707772433757782,0.5388928651809692,0.4434816837310791,0.5515615344047546,0.4181070923805237
0,0,0,0,0,0,0,0,0,0,0,0,0,0,0,0,0,0,0,0,0,0,0,0,0,0,0,0,0,0,0,0,0,0,0,0,0,0,0,0,0,0,0.40401503443717957,0.6164281368255615,0.38458260893821716,0.5622037649154663,0.37679749727249146,0.5098581910133362,0.3646640479564667,0.46740254759788513,0.3451966345310211,0.4441520869731903,0.42987751960754395,0.4569549262523651,0.4757137894630432,0.4016813337802887,0.5013172626495361,0.37296414375305176,0.5200016498565674,0.35145920515060425,0.450264036655426,0.468643456697464,0.49969300627708435,0.406498521566391,0.527146577835083,0.37528058886528015,0.5481091737747192,0.35282713174819946,0.47042331099510193,0.4912790060043335,0.5154024362564087,0.43172550201416016,0.5416633486747742,0.4011932611465454,0.5600063800811768,0.3742932081222534,0.4878975450992584,0.5212042331695557,0.5221606492996216,0.46885359287261963,0.5408948659896851,0.44198036193847656,0.5538440942764282,0.4177584946155548
0,0,0,0,0,0,0,0,0,0,0,0,0,0,0,0,0,0,0,0,0,0,0,0,0,0,0,0,0,0,0,0,0,0,0,0,0,0,0,0,0,0,0.409945011138916,0.6106298565864563,0.3942795991897583,0.5560473203659058,0.38847294449806213,0.5065043568611145,0.3775233030319214,0.4653186500072479,0.35807961225509644,0.4426844120025635,0.44264131784439087,0.4529385268688202,0.490852415561676,0.4050273299217224,0.517673671245575,0.3786278963088989,0.5376041531562805,0.3591251075267792,0.4623134732246399,0.46393781900405884,0.513945460319519,0.4082544147968292,0.5424652099609375,0.3811262249946594,0.5633664727210999,0.36119136214256287,0.4810878038406372,0.4860644042491913,0.5260058641433716,0.43301960825920105,0.5525564551353455,0.4061393141746521,0.5706411600112915,0.3818609118461609,0.49704045057296753,0.5164198875427246,0.5309355854988098,0.46942684054374695,0.5503200888633728,0.4450782537460327,0.5638941526412964,0.42263832688331604
0,0,0,0,0,0,0,0,0,0,0,0,0,0,0,0,0,0,0,0,0,0,0,0,0,0,0,0,0,0,0,0,0,0,0,0,0,0,0,0,0,0,0.41502895951271057,0.6077893376350403,0.3991992175579071,0.5536715388298035,0.39418670535087585,0.503838062286377,0.38348835706710815,0.46306130290031433,0.36581623554229736,0.4405435621738434,0.4471782147884369,0.4539790153503418,0.4942692220211029,0.40636610984802246,0.5209640264511108,0.3818386197090149,0.5402650833129883,0.3641655147075653,0.466103196144104,0.46427538990974426,0.5175976753234863,0.40925607085227966,0.5461813807487488,0.3829488754272461,0.5675256252288818,0.3647826313972473,0.48445865511894226,0.4863099455833435,0.530665934085846,0.43185845017433167,0.5579144954681396,0.40550360083580017,0.577079713344574,0.38237464427948,0.5006687045097351,0.5163851380348206,0.535942792892456,0.4677708148956299,0.5552266836166382,0.44313982129096985,0.5683555603027344,0.42054036259651184
0,0,0,0,0,0,0,0,0,0,0,0,0,0,0,0,0,0,0,0,0,0,0,0,0,0,0,0,0,0,0,0,0,0,0,0,0,0,0,0,0,0,0.41814151406288147,0.6058741211891174,0.40032708644866943,0.553314745426178,0.39405184984207153,0.5034874081611633,0.3832964301109314,0.46329835057258606,0.3658740520477295,0.43952691555023193,0.44833487272262573,0.4526783525943756,0.49486565589904785,0.4045827090740204,0.5210179090499878,0.3805016875267029,0.5400305390357971,0.36338531970977783,0.46716347336769104,0.46448880434036255,0.5175811052322388,0.4091258645057678,0.5456883907318115,0.3825291097164154,0.5673002600669861,0.3644280433654785,0.48544859886169434,0.48703792691230774,0.5313388109207153,0.43315842747688293,0.558601975440979,0.40653878450393677,0.5782004594802856,0.38336384296417236,0.501201331615448,0.516741156578064,0.5355622172355652,0.46799346804618835,0.554726243019104,0.4434531033039093,0.5680060982704163,0.4212701916694641
0,0,0,0,0,0,0,0,0,0,0,0,0,0,0,0,0,0,0,0,0,0,0,0,0,0,0,0,0,0,0,0,0,0,0,0,0,0,0,0,0,0,0.4211456775665283,0.6060495376586914,0.403536856174469,0.5526224970817566,0.3972280025482178,0.5035039782524109,0.3877490162849426,0.4624341130256653,0.3711734414100647,0.4384918212890625,0.4520079493522644,0.45154619216918945,0.49998587369918823,0.4071115553379059,0.5271254181861877,0.38264715671539307,0.5470207333564758,0.36608368158340454,0.4713810384273529,0.4642248749732971,0.5229726433753967,0.41169166564941406,0.551441490650177,0.3872777819633484,0.5727996826171875,0.3704024851322174,0.4899393320083618,0.4870508015155792,0.5354247689247131,0.4345618486404419,0.5620359778404236,0.41038838028907776,0.5805678963661194,0.3896915018558502,0.5061197876930237,0.5175173282623291,0.5402308106422424,0.47023043036460876,0.5590372681617737,0.4469006657600403,0.571666955947876,0.42576196789741516
0,0,0,0,0,0,0,0,0,0,0,0,0,0,0,0,0,0,0,0,0,0,0,0,0,0,0,0,0,0,0,0,0,0,0,0,0,0,0,0,0,0,0.42606911063194275,0.6065342426300049,0.4080728590488434,0.5536267757415771,0.40148207545280457,0.504440426826477,0.391897976398468,0.46351367235183716,0.3753586411476135,0.44006142020225525,0.4547625482082367,0.45176514983177185,0.5022327303886414,0.40757936239242554,0.5283576250076294,0.38384321331977844,0.5471998453140259,0.36742812395095825,0.47439563274383545,0.46320289373397827,0.5250850915908813,0.4104192554950714,0.5529584288597107,0.38503244519233704,0.574020266532898,0.3668186366558075,0.4930681884288788,0.48577263951301575,0.5383427143096924,0.43314939737319946,0.5653160810470581,0.4080834686756134,0.5843029618263245,0.38553792238235474,0.5092239379882812,0.5163162350654602,0.5431060791015625,0.46921756863594055,0.5618454813957214,0.4459015130996704,0.5744026303291321,0.4240228533744812
0,0,0,0,0,0,0,0,0,0,0,0,0,0,0,0,0,0,0,0,0,0,0,0,0,0,0,0,0,0,0,0,0,0,0,0,0,0,0,0,0,0,0.4260251522064209,0.6079105734825134,0.40724092721939087,0.5552459955215454,0.4005945026874542,0.5065857768058777,0.3920552730560303,0.4649268388748169,0.37539902329444885,0.44001948833465576,0.45527300238609314,0.4530167579650879,0.5034562945365906,0.41035905480384827,0.5299615859985352,0.38593918085098267,0.5493305921554565,0.36954960227012634,0.47541940212249756,0.46406427025794983,0.5257915258407593,0.411263644695282,0.5542271733283997,0.38581234216690063,0.5758914351463318,0.36831995844841003,0.49450546503067017,0.4864693880081177,0.539303719997406,0.4328250586986542,0.5665333271026611,0.4081534147262573,0.5857714414596558,0.38607245683670044,0.5109067559242249,0.5174036026000977,0.5439355373382568,0.470370888710022,0.5624798536300659,0.44701406359672546,0.5749570727348328,0.42526453733444214
0,0,0,0,0,0,0,0,0,0,0,0,0,0,0,0,0,0,0,0,0,0,0,0,0,0,0,0,0,0,0,0,0,0,0,0,0,0,0,0,0,0,0.42547956109046936,0.6077883839607239,0.40704792737960815,0.5549964308738708,0.40088289976119995,0.5066642165184021,0.3922330141067505,0.46508485078811646,0.37565481662750244,0.4403466582298279,0.4561226963996887,0.45355644822120667,0.5042901039123535,0.4095916152000427,0.5310320854187012,0.3855269253253937,0.5505173802375793,0.3697000741958618,0.4755203127861023,0.4648919105529785,0.5255559682846069,0.4110177159309387,0.5533830523490906,0.38521313667297363,0.574692964553833,0.36735987663269043,0.49426212906837463,0.48717644810676575,0.5396730303764343,0.4328567385673523,0.5664263963699341,0.4072677791118622,0.5854768753051758,0.384356290102005,0.5104182958602905,0.517945408821106,0.5443820953369141,0.4699980318546295,0.5634763240814209,0.44654425978660583,0.5764462351799011,0.4248991310596466
0,0,0,0,0,0,0,0,0,0,0,0,0,0,0,0,0,0,0,0,0,0,0,0,0,0,0,0,0,0,0,0,0,0,0,0,0,0,0,0,0,0,0.42759957909584045,0.609719455242157,0.40888118743896484,0.5563116669654846,0.4026360511779785,0.507679283618927,0.39428699016571045,0.46639853715896606,0.37755441665649414,0.4423132538795471,0.4572274386882782,0.45581501722335815,0.5045729279518127,0.41106662154197693,0.53060382604599,0.3871762752532959,0.549297034740448,0.37096190452575684,0.4772622585296631,0.46726182103157043,0.5268179774284363,0.41277167201042175,0.5544141530990601,0.38673120737075806,0.5752719640731812,0.3689335882663727,0.4961540400981903,0.48949888348579407,0.5407211184501648,0.4343823194503784,0.5673835873603821,0.40897488594055176,0.5863007307052612,0.38628435134887695,0.51203453540802,0.5198009014129639,0.5456575751304626,0.4713074564933777,0.5643689036369324,0.44810301065444946,0.5769235491752625,0.4265648126602173
0,0,0,0,0,0,0,0,0,0,0,0,0,0,0,0,0,0,0,0,0,0,0,0,0,0,0,0,0,0,0,0,0,0,0,0,0,0,0,0,0,0,0.42917686700820923,0.6111477017402649,0.41103628277778625,0.5576089024543762,0.4045017659664154,0.5097254514694214,0.3953433334827423,0.4687480628490448,0.37852394580841064,0.44436198472976685,0.4577995836734772,0.4577983617782593,0.5057110786437988,0.41313648223876953,0.5318273305892944,0.3891045153141022,0.5506793856620789,0.3726440668106079,0.47798851132392883,0.46846187114715576,0.5281969308853149,0.41368338465690613,0.5560144186019897,0.38757288455963135,0.5769807696342468,0.36952823400497437,0.49697595834732056,0.4906069040298462,0.5424180626869202,0.4357171654701233,0.569566011428833,0.41042280197143555,0.5885704159736633,0.3872447907924652,0.512695848941803,0.5209126472473145,0.5468543171882629,0.47248637676239014,0.5658101439476013,0.4491245150566101,0.5784457325935364,0.4270649552345276
0,0,0,0,0,0,0,0,0,0,0,0,0,0,0,0,0,0,0,0,0,0,0,0,0,0,0,0,0,0,0,0,0,0,0,0,0,0,0,0,0,0,0.4285642206668854,0.6103001832962036,0.41067075729370117,0.5568328499794006,0.404488205909729,0.5090826153755188,0.39587247371673584,0.4682881236076355,0.37913233041763306,0.44445785880088806,0.4578041732311249,0.4569406509399414,0.505378782749176,0.4117332994937897,0.5320062637329102,0.3876810669898987,0.5514313578605652,0.3718491196632385,0.47732213139533997,0.46789172291755676,0.5274884700775146,0.41203075647354126,0.5555554628372192,0.385684609413147,0.5770218372344971,0.3680228590965271,0.49601882696151733,0.49041709303855896,0.5419408679008484,0.4349868893623352,0.5691562294960022,0.4091073274612427,0.588360071182251,0.38555774092674255,0.5117130279541016,0.5214114189147949,0.5464438199996948,0.47273221611976624,0.5652744770050049,0.4487880766391754,0.5780006647109985,0.4264679253101349
0,0,0,0,0,0,0,0,0,0,0,0,0,0,0,0,0,0,0,0,0,0,0,0,0,0,0,0,0,0,0,0,0,0,0,0,0,0,0,0,0,0,0.42782995104789734,0.6101412177085876,0.4095310866832733,0.558060884475708,0.4030109941959381,0.5093045830726624,0.39488035440444946,0.46768489480018616,0.3782852292060852,0.4437918961048126,0.4584246277809143,0.45628613233566284,0.5065785646438599,0.4122540354728699,0.533176064491272,0.38804176449775696,0.5523607730865479,0.3726218342781067,0.4777841567993164,0.4679301977157593,0.5286654233932495,0.4127325415611267,0.556753396987915,0.3868066072463989,0.578161358833313,0.36960768699645996,0.4963606297969818,0.49096930027008057,0.5425702333450317,0.43557778000831604,0.5699909329414368,0.4102396070957184,0.5892899036407471,0.38788461685180664,0.5117923617362976,0.5221010446548462,0.5465211868286133,0.47303035855293274,0.5656859874725342,0.44949445128440857,0.5787453651428223,0.4281601905822754
0,0,0,0,0,0,0,0,0,0,0,0,0,0,0,0,0,0,0,0,0,0,0,0,0,0,0,0,0,0,0,0,0,0,0,0,0,0,0,0,0,0,0.42762699723243713,0.6106654405593872,0.4096153974533081,0.5584573149681091,0.4029856324195862,0.5096145868301392,0.39474740624427795,0.46784982085227966,0.377980500459671,0.4441898465156555,0.45759209990501404,0.455928772687912,0.5063266754150391,0.41206586360931396,0.5337293148040771,0.38793808221817017,0.5533763766288757,0.37286368012428284,0.47681373357772827,0.4674205183982849,0.5281062722206116,0.4121866524219513,0.5566719770431519,0.3865275979042053,0.5784945487976074,0.36954110860824585,0.49543496966362,0.4903377294540405,0.5421579480171204,0.4351845979690552,0.5697156190872192,0.41012120246887207,0.5892012119293213,0.3879987299442291,0.5111684203147888,0.5214906930923462,0.5463275909423828,0.4725744426250458,0.5657554864883423,0.4491511285305023,0.57923424243927,0.4276958405971527
0,0,0,0,0,0,0,0,0,0,0,0,0,0,0,0,0,0,0,0,0,0,0,0,0,0,0,0,0,0,0,0,0,0,0,0,0,0,0,0,0,0,0.4255342483520508,0.6091780066490173,0.408303827047348,0.5550050735473633,0.4024752378463745,0.5060316920280457,0.39402270317077637,0.4648500084877014,0.3772328197956085,0.44169139862060547,0.45533129572868347,0.45319488644599915,0.5036236643791199,0.4099924564361572,0.5311486124992371,0.38670843839645386,0.5510873198509216,0.3715258538722992,0.47516557574272156,0.4642268121242523,0.5256484150886536,0.4098593294620514,0.5543688535690308,0.38453418016433716,0.5761837363243103,0.36808958649635315,0.4942547082901001,0.4876058101654053,0.5402734279632568,0.43357980251312256,0.5683208703994751,0.4082353711128235,0.58805912733078,0.3851587474346161,0.5102075934410095,0.5195391178131104,0.5447812676429749,0.4707603454589844,0.5644204020500183,0.4467277526855469,0.5781447291374207,0.4245645999908447
0,0,0,0,0,0,0,0,0,0,0,0,0,0,0,0,0,0,0,0,0,0,0,0,0,0,0,0,0,0,0,0,0,0,0,0,0,0,0,0,0,0,0.42559656500816345,0.609435498714447,0.40832725167274475,0.5541719198226929,0.4025976359844208,0.5051283240318298,0.39366549253463745,0.46420106291770935,0.3765767812728882,0.4411325752735138,0.45528438687324524,0.4530985653400421,0.5040050148963928,0.41142401099205017,0.5317103266716003,0.3874417841434479,0.5518408417701721,0.3722630739212036,0.4749889075756073,0.4644278287887573,0.5259016752243042,0.4100860357284546,0.554850161075592,0.38382816314697266,0.5768440365791321,0.36633384227752686,0.49401429295539856,0.4875936806201935,0.5406453013420105,0.43246138095855713,0.5683929920196533,0.40687862038612366,0.5878642201423645,0.383703351020813,0.5101022124290466,0.5194177031517029,0.5450863838195801,0.47049859166145325,0.5645544528961182,0.4465063214302063,0.5781499147415161,0.42418569326400757
0,0,0,0,0,0,0,0,0,0,0,0,0,0,0,0,0,0,0,0,0,0,0,0,0,0,0,0,0,0,0,0,0,0,0,0,0,0,0,0,0,0,0.4232679009437561,0.6061809659004211,0.4070805311203003,0.5515264868736267,0.40165597200393677,0.5019461512565613,0.3916763365268707,0.4615720510482788,0.37426790595054626,0.4393135905265808,0.4547024965286255,0.45010626316070557,0.5031243562698364,0.40719303488731384,0.5308002233505249,0.384206086397171,0.5510225296020508,0.36880138516426086,0.4734562635421753,0.4611447751522064,0.5246776938438416,0.4083890914916992,0.5539701581001282,0.38373270630836487,0.5762672424316406,0.36762940883636475,0.4918949007987976,0.48428791761398315,0.5385760068893433,0.43162181973457336,0.5667962431907654,0.4064316153526306,0.586891233921051,0.3835570812225342,0.507828414440155,0.5157341361045837,0.5425297617912292,0.468760222196579,0.5623348951339722,0.4446888864040375,0.5762907862663269,0.42235615849494934
0,0,0,0,0,0,0,0,0,0,0,0,0,0,0,0,0,0,0,0,0,0,0,0,0,0,0,0,0,0,0,0,0,0,0,0,0,0,0,0,0,0,0.4144209325313568,0.5938016176223755,0.39681947231292725,0.5400134325027466,0.38993191719055176,0.48744097352027893,0.3780835270881653,0.4475407600402832,0.3596900403499603,0.42487648129463196,0.44567346572875977,0.43861162662506104,0.49092671275138855,0.3891454339027405,0.517952561378479,0.36040133237838745,0.5370173454284668,0.3402513861656189,0.4642750918865204,0.4515385627746582,0.5143826603889465,0.39787134528160095,0.5430347919464111,0.36955976486206055,0.5647659301757812,0.35086995363235474,0.4824944734573364,0.4743379056453705,0.5276332497596741,0.4217769503593445,0.553741991519928,0.3951714038848877,0.5724009275436401,0.37456250190734863,0.4978652596473694,0.5038124918937683,0.5319388508796692,0.4582367241382599,0.5522355437278748,0.4328550100326538,0.567240297794342,0.4118048846721649
0,0,0,0,0,0,0,0,0,0,0,0,0,0,0,0,0,0,0,0,0,0,0,0,0,0,0,0,0,0,0,0,0,0,0,0,0,0,0,0,0,0,0.40416717529296875,0.5827522873878479,0.3850334584712982,0.5289011597633362,0.3763619065284729,0.47459450364112854,0.3634471297264099,0.4334523379802704,0.3437906503677368,0.41041332483291626,0.43070435523986816,0.42496514320373535,0.47704750299453735,0.3749276399612427,0.5042428374290466,0.34464505314826965,0.5223871469497681,0.3219270408153534,0.45079028606414795,0.43930530548095703,0.49985915422439575,0.3848486840724945,0.5278139710426331,0.35401028394699097,0.5481135249137878,0.33161085844039917,0.47033271193504333,0.4621354341506958,0.5143969655036926,0.4088262915611267,0.539518415927887,0.37919673323631287,0.5570663213729858,0.3555670380592346,0.4869496524333954,0.4907130002975464,0.5208076238632202,0.4462668299674988,0.541038990020752,0.4191572964191437,0.5559118390083313,0.39610975980758667
0,0,0,0,0,0,0,0,0,0,0,0,0,0,0,0,0,0,0,0,0,0,0,0,0,0,0,0,0,0,0,0,0,0,0,0,0,0,0,0,0,0,0.3910641670227051,0.5724250078201294,0.3712291419506073,0.5188248753547668,0.36213892698287964,0.4615834057331085,0.3488888144493103,0.4182634651660919,0.3276200592517853,0.3958781063556671,0.4125441312789917,0.41057926416397095,0.4583544135093689,0.357877254486084,0.48864901065826416,0.32730239629745483,0.5102276802062988,0.3069712519645691,0.43436771631240845,0.42381325364112854,0.4807880222797394,0.3673863410949707,0.5099579691886902,0.3394092917442322,0.5313616394996643,0.3232521414756775,0.45575177669525146,0.4459017515182495,0.49633118510246277,0.39092230796813965,0.5215750336647034,0.36190471053123474,0.5392751693725586,0.3418487012386322,0.4745478332042694,0.47441473603248596,0.5061713457107544,0.4295276999473572,0.526094377040863,0.40333178639411926,0.5410322546958923,0.38208895921707153
0,0,0,0,0,0,0,0,0,0,0,0,0,0,0,0,0,0,0,0,0,0,0,0,0,0,0,0,0,0,0,0,0,0,0,0,0,0,0,0,0,0,0.37797170877456665,0.5631241798400879,0.35441362857818604,0.5109793543815613,0.3412248492240906,0.45353174209594727,0.3271857500076294,0.40824514627456665,0.30678698420524597,0.3836793601512909,0.39422833919525146,0.39848780632019043,0.43511855602264404,0.3391774296760559,0.46337416768074036,0.3038439154624939,0.4838642477989197,0.2800304889678955,0.41750508546829224,0.4106981158256531,0.4612908661365509,0.3529442548751831,0.48872750997543335,0.32467320561408997,0.50956791639328,0.30877378582954407,0.439880907535553,0.4324306845664978,0.47966453433036804,0.37679824233055115,0.5045088529586792,0.3430946469306946,0.5225610136985779,0.3182257413864136,0.45979198813438416,0.461215615272522,0.4920605421066284,0.4124531149864197,0.5122120380401611,0.38301268219947815,0.5273024439811707,0.3572230339050293
0,0,0,0,0,0,0,0,0,0,0,0,0,0,0,0,0,0,0,0,0,0,0,0,0,0,0,0,0,0,0,0,0,0,0,0,0,0,0,0,0,0,0.3798333406448364,0.5675147175788879,0.35694292187690735,0.5130807161331177,0.3432360589504242,0.45681384205818176,0.3261895179748535,0.4140581786632538,0.30599987506866455,0.3905095160007477,0.39267322421073914,0.4016154408454895,0.43473580479621887,0.3426879048347473,0.4632668197154999,0.3082473874092102,0.4839131236076355,0.2841368317604065,0.41518479585647583,0.4112493097782135,0.4599803388118744,0.35076048970222473,0.4891160726547241,0.3184875547885895,0.510736882686615,0.29762595891952515,0.4383058547973633,0.4318675994873047,0.4782758057117462,0.3737982511520386,0.5053997039794922,0.33876439929008484,0.5249423384666443,0.3108944594860077,0.4599343240261078,0.46075209975242615,0.49127572774887085,0.410389244556427,0.5119792819023132,0.38008302450180054,0.527675211429596,0.3535645008087158
0,0,0,0,0,0,0,0,0,0,0,0,0,0,0,0,0,0,0,0,0,0,0,0,0,0,0,0,0,0,0,0,0,0,0,0,0,0,0,0,0,0,0.3489687442779541,0.5696065425872803,0.3226820230484009,0.5181117057800293,0.3058677613735199,0.45594459772109985,0.2860862612724304,0.40834933519363403,0.26215994358062744,0.3805115818977356,0.34954673051834106,0.3929348587989807,0.3894602358341217,0.31429630517959595,0.4170660972595215,0.26923996210098267,0.4373106062412262,0.236974835395813,0.3701254725456238,0.40413257479667664,0.4141402244567871,0.3228490352630615,0.4430496096611023,0.27890294790267944,0.46549496054649353,0.24706217646598816,0.3940921425819397,0.4239793121814728,0.4343567192554474,0.3486011028289795,0.46179690957069397,0.30916664004325867,0.48201748728752136,0.2802674174308777,0.41879644989967346,0.45129087567329407,0.4494748115539551,0.3861944079399109,0.46882256865501404,0.35100117325782776,0.48368608951568604,0.32195305824279785
0,0,0,0,0,0,0,0,0,0,0,0,0,0,0,0,0,0,0,0,0,0,0,0,0,0,0,0,0,0,0,0,0,0,0,0,0,0,0,0,0,0,0.33160167932510376,0.5910696983337402,0.3038366138935089,0.5302250385284424,0.2854388952255249,0.46075576543807983,0.2640118896961212,0.4096657335758209,0.23617999255657196,0.38037651777267456,0.32082536816596985,0.40716612339019775,0.3590884208679199,0.3244516849517822,0.3856160342693329,0.2752546966075897,0.40446069836616516,0.238064706325531,0.34318235516548157,0.41850417852401733,0.3864747881889343,0.3316505253314972,0.4142377972602844,0.2811894714832306,0.43579089641571045,0.2425626665353775,0.369555801153183,0.43903735280036926,0.40967825055122375,0.3577256202697754,0.43548449873924255,0.30985647439956665,0.45432615280151367,0.27238553762435913,0.39689305424690247,0.4659293591976166,0.4269513785839081,0.3989468812942505,0.4432697296142578,0.3574359714984894,0.4564627408981323,0.3210415244102478
0,0,0,0,0,0,0,0,0,0,0,0,0,0,0,0,0,0,0,0,0,0,0,0,0,0,0,0,0,0,0,0,0,0,0,0,0,0,0,0,0,0,0.3154437243938446,0.6147685647010803,0.28623250126838684,0.5521558523178101,0.2643985152244568,0.4799607992172241,0.2393501102924347,0.42678871750831604,0.20803573727607727,0.39612317085266113,0.2942459285259247,0.4323534071445465,0.33009007573127747,0.34109818935394287,0.3554088771343231,0.28747275471687317,0.37365931272506714,0.2468128204345703,0.3185752332210541,0.443510502576828,0.35972970724105835,0.3475370705127716,0.38688647747039795,0.2918545603752136,0.4077296555042267,0.24838519096374512,0.3470390737056732,0.4619613587856293,0.3840530216693878,0.3706859350204468,0.4072723984718323,0.3164626359939575,0.4237624406814575,0.27422794699668884,0.37724605202674866,0.48556846380233765,0.40436965227127075,0.41222861409187317,0.4184454381465912,0.3669053316116333,0.4289275109767914,0.32771873474121094
0,0,0,0,0,0,0,0,0,0,0,0,0,0,0,0,0,0,0,0,0,0,0,0,0,0,0,0,0,0,0,0,0,0,0,0,0,0,0,0,0,0,0.3015868067741394,0.6455947160720825,0.2708989679813385,0.5788378715515137,0.24786785244941711,0.4993404448032379,0.22045879065990448,0.44421514868736267,0.1857626736164093,0.41736340522766113,0.2708759605884552,0.46628957986831665,0.30622246861457825,0.3667060136795044,0.33086544275283813,0.30888694524765015,0.3487865626811981,0.26457756757736206,0.29726237058639526,0.47876790165901184,0.33678919076919556,0.3700357973575592,0.36347225308418274,0.30732691287994385,0.3835391700267792,0.25899624824523926,0.3274376392364502,0.49741488695144653,0.36239656805992126,0.3915981650352478,0.3851392865180969,0.33056366443634033,0.40088850259780884,0.2843153476715088,0.35948023200035095,0.5199784636497498,0.3845650553703308,0.43867984414100647,0.39864224195480347,0.3897154629230499,0.4085856080055237,0.34888768196105957
0,0,0,0,0,0,0,0,0,0,0,0,0,0,0,0,0,0,0,0,0,0,0,0,0,0,0,0,0,0,0,0,0,0,0,0,0,0,0,0,0,0,0.2901363670825958,0.6751375794410706,0.25798043608665466,0.6096007227897644,0.23281100392341614,0.5253972411155701,0.2043362706899643,0.4675247073173523,0.16902421414852142,0.4387650489807129,0.25392135977745056,0.49586430191993713,0.2878095209598541,0.38971444964408875,0.3115502893924713,0.329184889793396,0.32926151156425476,0.28303277492523193,0.2800571024417877,0.5100672245025635,0.31866565346717834,0.39456087350845337,0.344851016998291,0.32823458313941956,0.3652797341346741,0.27829357981681824,0.3110181987285614,0.529434323310852,0.34448331594467163,0.41680797934532166,0.36625200510025024,0.35268306732177734,0.3821844160556793,0.30485832691192627,0.3443332314491272,0.5516573190689087,0.367864727973938,0.4668644368648529,0.3808062672615051,0.4154209792613983,0.3900899291038513,0.37285420298576355
0,0,0,0,0,0,0,0,0,0,0,0,0,0,0,0,0,0,0,0,0,0,0,0,0,0,0,0,0,0,0,0,0,0,0,0,0,0,0,0,0,0,0.2827480733394623,0.7042329907417297,0.24885690212249756,0.6368908882141113,0.22212347388267517,0.5509976148605347,0.19342657923698425,0.49142152070999146,0.1586279720067978,0.46020084619522095,0.2414475977420807,0.5223451852798462,0.27338194847106934,0.41251683235168457,0.2950695753097534,0.3505784869194031,0.31105586886405945,0.3040750324726105,0.26803457736968994,0.5367804765701294,0.3052860200405121,0.4154890477657318,0.32890012860298157,0.34701260924339294,0.34709155559539795,0.29610082507133484,0.30035001039505005,0.5561398863792419,0.33369237184524536,0.4366322159767151,0.3529099225997925,0.37021246552467346,0.36615419387817383,0.32034021615982056,0.3364095687866211,0.5789660215377808,0.36021310091018677,0.4898937940597534,0.37133684754371643,0.43663090467453003,0.3778407871723175,0.3922484219074249
0,0,0,0,0,0,0,0,0,0,0,0,0,0,0,0,0,0,0,0,0,0,0,0,0,0,0,0,0,0,0,0,0,0,0,0,0,0,0,0,0,0,0.2822668254375458,0.723976731300354,0.24639606475830078,0.6561480760574341,0.21857863664627075,0.5689935088157654,0.19186905026435852,0.505367636680603,0.15737254917621613,0.4717789888381958,0.23722892999649048,0.5414481163024902,0.26776450872421265,0.42714279890060425,0.2878991365432739,0.3637070953845978,0.30226337909698486,0.31592845916748047,0.2638300359249115,0.5571417808532715,0.2990603446960449,0.4287896454334259,0.3200099468231201,0.3571244478225708,0.3353792428970337,0.3046313226222992,0.2960745096206665,0.5770186185836792,0.32852569222450256,0.45172321796417236,0.34613609313964844,0.3828977346420288,0.3575327694416046,0.33174365758895874,0.33207276463508606,0.5998006463050842,0.35588955879211426,0.5067982077598572,0.3661099374294281,0.4521663188934326,0.37163329124450684,0.406661719083786
0,0,0,0,0,0,0,0,0,0,0,0,0,0,0,0,0,0,0,0,0,0,0,0,0,0,0,0,0,0,0,0,0,0,0,0,0,0,0,0,0,0,0.28072336316108704,0.724494457244873,0.24554243683815002,0.6538439393043518,0.21952003240585327,0.5662362575531006,0.1929306983947754,0.5026150345802307,0.15765321254730225,0.469362735748291,0.23746651411056519,0.5380115509033203,0.2682134211063385,0.4242556691169739,0.28940123319625854,0.36125648021698,0.30519962310791016,0.3148398995399475,0.26375192403793335,0.5537205934524536,0.3003162443637848,0.42648035287857056,0.32282760739326477,0.3552735447883606,0.3393295109272003,0.3030787706375122,0.2956341505050659,0.5743175148963928,0.32826873660087585,0.45102909207344055,0.34711071848869324,0.38376596570014954,0.3594319224357605,0.33373260498046875,0.33151572942733765,0.5979052186012268,0.35542425513267517,0.5053496956825256,0.36580851674079895,0.45082563161849976,0.37162384390830994,0.40514999628067017
0,0,0,0,0,0,0,0,0,0,0,0,0,0,0,0,0,0,0,0,0,0,0,0,0,0,0,0,0,0,0,0,0,0,0,0,0,0,0,0,0,0,0.28018030524253845,0.7345291376113892,0.2449268400669098,0.6633662581443787,0.21969296038150787,0.5757327079772949,0.1937776505947113,0.5114473700523376,0.15894919633865356,0.4760006368160248,0.237008735537529,0.547457218170166,0.26746243238449097,0.4328230321407318,0.28772592544555664,0.36995071172714233,0.3021557927131653,0.3222866356372833,0.26266852021217346,0.5641910433769226,0.2995586097240448,0.43671008944511414,0.32084622979164124,0.36630311608314514,0.33564239740371704,0.3140473961830139,0.2942877411842346,0.5851254463195801,0.3279828727245331,0.4599435329437256,0.3459591865539551,0.3910883069038391,0.3571476340293884,0.33971694111824036,0.33011889457702637,0.6086883544921875,0.35491764545440674,0.5146661996841431,0.365566223859787,0.4593343436717987,0.37128740549087524,0.41305607557296753
0,0,0,0,0,0,0,0,0,0,0,0,0,0,0,0,0,0,0,0,0,0,0,0,0,0,0,0,0,0,0,0,0,0,0,0,0,0,0,0,0,0,0.27968260645866394,0.7323119640350342,0.24570968747138977,0.6614814400672913,0.2204439491033554,0.5740458965301514,0.19589149951934814,0.5097381472587585,0.16214589774608612,0.4753381013870239,0.23996612429618835,0.5429444313049316,0.2697465121746063,0.42885327339172363,0.2902175486087799,0.3656373620033264,0.3049085736274719,0.318918377161026,0.2649267911911011,0.5575802326202393,0.3004666566848755,0.4308423399925232,0.3222721815109253,0.36005133390426636,0.3378874361515045,0.30846887826919556,0.2959594130516052,0.5774853229522705,0.3276250660419464,0.4536437690258026,0.34553179144859314,0.3852519392967224,0.35694074630737305,0.3340807557106018,0.3318309187889099,0.6011351943016052,0.3554369807243347,0.5078310966491699,0.36548423767089844,0.45232704281806946,0.37099575996398926,0.40566909313201904
0,0,0,0,0,0,0,0,0,0,0,0,0,0,0,0,0,0,0,0,0,0,0,0,0,0,0,0,0,0,0,0,0,0,0,0,0,0,0,0,0,0,0.27997180819511414,0.7282593846321106,0.24572643637657166,0.6561732292175293,0.22080685198307037,0.569362461566925,0.19587092101573944,0.5050385594367981,0.16182640194892883,0.47152459621429443,0.23799943923950195,0.5386145114898682,0.2674061059951782,0.42498430609703064,0.28762221336364746,0.3613155484199524,0.30185312032699585,0.31396961212158203,0.2625408470630646,0.5531805157661438,0.29763826727867126,0.4251466989517212,0.31979429721832275,0.3538643717765808,0.3357153832912445,0.3022066652774811,0.2938840985298157,0.573442280292511,0.3253571391105652,0.44892922043800354,0.3434540033340454,0.3794170916080475,0.35522884130477905,0.3273083567619324,0.33032312989234924,0.5972113609313965,0.352743536233902,0.5029783844947815,0.3631771206855774,0.44686880707740784,0.3699418008327484,0.39973679184913635
0,0,0,0,0,0,0,0,0,0,0,0,0,0,0,0,0,0,0,0,0,0,0,0,0,0,0,0,0,0,0,0,0,0,0,0,0,0,0,0,0,0,0.27938321232795715,0.7277681827545166,0.24512651562690735,0.6559582948684692,0.22106020152568817,0.5691726803779602,0.19659501314163208,0.5047917366027832,0.16248108446598053,0.4703030586242676,0.2389521300792694,0.5385708808898926,0.268989235162735,0.4236966371536255,0.28972864151000977,0.35996001958847046,0.3045821189880371,0.31254860758781433,0.26297852396965027,0.5535005331039429,0.29845717549324036,0.42558008432388306,0.32064372301101685,0.35430359840393066,0.33684778213500977,0.30241894721984863,0.2936372458934784,0.5735028386116028,0.3255539536476135,0.4485696256160736,0.34391239285469055,0.37973207235336304,0.356120765209198,0.32852739095687866,0.3296789228916168,0.5968631505966187,0.3529691696166992,0.5025304555892944,0.36328065395355225,0.4460342824459076,0.36951297521591187,0.3988194763660431
0,0,0,0,0,0,0,0,0,0,0,0,0,0,0,0,0,0,0,0,0,0,0,0,0,0,0,0,0,0,0,0,0,0,0,0,0,0,0,0,0,0,0.27928784489631653,0.7159764766693115,0.24549713730812073,0.6446931958198547,0.22147950530052185,0.5573024749755859,0.19689525663852692,0.49302002787590027,0.1625962257385254,0.4610055088996887,0.23760682344436646,0.5262072682380676,0.2667813003063202,0.4118514060974121,0.2876534163951874,0.34868597984313965,0.3023708164691925,0.30205851793289185,0.2618398368358612,0.5398867726325989,0.2964478135108948,0.41223007440567017,0.31876903772354126,0.34224629402160645,0.33434373140335083,0.29168519377708435,0.292810320854187,0.5595477819442749,0.32335329055786133,0.43503642082214355,0.34142953157424927,0.3663855195045471,0.35292327404022217,0.3150708079338074,0.32887962460517883,0.5830129981040955,0.3502112925052643,0.4888422191143036,0.36072632670402527,0.4336780607700348,0.36757194995880127,0.3876988887786865
0,0,0,0,0,0,0,0,0,0,0,0,0,0,0,0,0,0,0,0,0,0,0,0,0,0,0,0,0,0,0,0,0,0,0,0,0,0,0,0,0,0,0.277565062046051,0.7125798463821411,0.2448367178440094,0.640903890132904,0.22117598354816437,0.553625226020813,0.19670280814170837,0.4899269938468933,0.16221818327903748,0.4567558467388153,0.23750631511211395,0.5210596323013306,0.2670815885066986,0.4082171618938446,0.2877434194087982,0.3455522656440735,0.3025630712509155,0.2987877130508423,0.2606281340122223,0.5362607836723328,0.29560428857803345,0.40997517108917236,0.31802743673324585,0.3395083546638489,0.33431679010391235,0.2880377173423767,0.29063746333122253,0.5569378137588501,0.3223072588443756,0.432984322309494,0.3409523069858551,0.3641839325428009,0.3531484007835388,0.31249117851257324,0.32635802030563354,0.5811904668807983,0.3495035171508789,0.4872370660305023,0.35996174812316895,0.43125325441360474,0.3662302792072296,0.38453271985054016
0,0,0,0,0,0,0,0,0,0,0,0,0,0,0,0,0,0,0,0,0,0,0,0,0,0,0,0,0,0,0,0,0,0,0,0,0,0,0,0,0,0,0.2756575047969818,0.7103453874588013,0.24362236261367798,0.6365047097206116,0.2209828495979309,0.549830973148346,0.19623953104019165,0.4874992370605469,0.16167892515659332,0.4548318684101105,0.23943954706192017,0.5169289112091064,0.26842671632766724,0.40577659010887146,0.28892552852630615,0.343799889087677,0.30400025844573975,0.29708924889564514,0.2620450258255005,0.5327184200286865,0.2964058220386505,0.408416748046875,0.3187301456928253,0.3381095826625824,0.33531156182289124,0.28637799620628357,0.2911389172077179,0.5548532009124756,0.32219281792640686,0.43257609009742737,0.3410134017467499,0.36391329765319824,0.3535316586494446,0.3119119703769684,0.3258841335773468,0.5812219977378845,0.3489372134208679,0.48852667212486267,0.3595311939716339,0.4322267770767212,0.36599281430244446,0.38531482219696045
0,0,0,0,0,0,0,0,0,0,0,0,0,0,0,0,0,0,0,0,0,0,0,0,0,0,0,0,0,0,0,0,0,0,0,0,0,0,0,0,0,0,0.2750394940376282,0.7101364731788635,0.2436583936214447,0.636343777179718,0.2204018235206604,0.5503166317939758,0.19533991813659668,0.48898637294769287,0.1611907035112381,0.45685338973999023,0.2388124316930771,0.5174601078033447,0.266838937997818,0.407120943069458,0.2868320047855377,0.34482303261756897,0.3015381395816803,0.29802218079566956,0.2614389955997467,0.5328028202056885,0.29532623291015625,0.408386766910553,0.31776300072669983,0.3379371762275696,0.33458149433135986,0.2860952615737915,0.29057490825653076,0.5545647144317627,0.32192322611808777,0.43280109763145447,0.34098172187805176,0.36396002769470215,0.3539646565914154,0.3120783567428589,0.32554131746292114,0.5806083679199219,0.3486829996109009,0.48851633071899414,0.35975465178489685,0.43254444003105164,0.36713707447052,0.385793536901474
0,0,0,0,0,0,0,0,0,0,0,0,0,0,0,0,0,0,0,0,0,0,0,0,0,0,0,0,0,0,0,0,0,0,0,0,0,0,0,0,0,0,0.27582207322120667,0.7119183540344238,0.24408619105815887,0.6391491889953613,0.22088271379470825,0.5513867139816284,0.19700276851654053,0.4882042706012726,0.16328194737434387,0.4557080864906311,0.23988103866577148,0.5215142369270325,0.2688777446746826,0.40813320875167847,0.2897595763206482,0.3452661633491516,0.30492863059043884,0.2983718514442444,0.2621910572052002,0.5377292037010193,0.29707521200180054,0.41108083724975586,0.32021623849868774,0.3411294221878052,0.33720749616622925,0.29015350341796875,0.29135459661483765,0.5596073865890503,0.32343050837516785,0.4347246289253235,0.34292054176330566,0.36575227975845337,0.355920672416687,0.3144109845161438,0.32646387815475464,0.5848971009254456,0.34993141889572144,0.49041980504989624,0.3607679307460785,0.4336783289909363,0.3673880696296692,0.3864889144897461
0,0,0,0,0,0,0,0,0,0,0,0,0,0,0,0,0,0,0,0,0,0,0,0,0,0,0,0,0,0,0,0,0,0,0,0,0,0,0,0,0,0,0.27546629309654236,0.7155471444129944,0.24426677823066711,0.6426623463630676,0.22143876552581787,0.5534342527389526,0.1977364718914032,0.49043533205986023,0.1643374264240265,0.4575543999671936,0.24022255837917328,0.5224819183349609,0.26853859424591064,0.4105580449104309,0.2893323600292206,0.347752183675766,0.3046877682209015,0.30102694034576416,0.2626945972442627,0.5377902984619141,0.2963261604309082,0.4124133586883545,0.3190509080886841,0.3412458896636963,0.33622458577156067,0.28906434774398804,0.29169103503227234,0.5592662692070007,0.3226131498813629,0.43627116084098816,0.34194260835647583,0.3668747842311859,0.3553779423236847,0.31488680839538574,0.32641878724098206,0.5847862958908081,0.34952792525291443,0.49275508522987366,0.3603495955467224,0.4365345239639282,0.3672877848148346,0.38964366912841797
0,0,0,0,0,0,0,0,0,0,0,0,0,0,0,0,0,0,0,0,0,0,0,0,0,0,0,0,0,0,0,0,0,0,0,0,0,0,0,0,0,0,0.276906281709671,0.7162201404571533,0.24543453752994537,0.6426424384117126,0.22311106324195862,0.5545235276222229,0.19922706484794617,0.49170586466789246,0.1653698831796646,0.4592023193836212,0.24180972576141357,0.523979663848877,0.2685075104236603,0.4120675325393677,0.28904056549072266,0.3485289514064789,0.3046530485153198,0.30157607793807983,0.2640627324581146,0.5389396548271179,0.2963770627975464,0.41284799575805664,0.31904828548431396,0.34157615900039673,0.33643364906311035,0.2895083725452423,0.2926502525806427,0.5601739287376404,0.3232136070728302,0.43700718879699707,0.34245842695236206,0.3674312233924866,0.3560226559638977,0.3152916729450226,0.32696107029914856,0.5856091380119324,0.35021457076072693,0.4939778745174408,0.36159375309944153,0.437799870967865,0.36932310461997986,0.39067667722702026
0,0,0,0,0,0,0,0,0,0,0,0,0,0,0,0,0,0,0,0,0,0,0,0,0,0,0,0,0,0,0,0,0,0,0,0,0,0,0,0,0,0,0.27741333842277527,0.716677188873291,0.24626371264457703,0.6438482999801636,0.2239617258310318,0.5554230213165283,0.19978615641593933,0.492798388004303,0.1660994291305542,0.4601837396621704,0.2413112223148346,0.5250421166419983,0.26803940534591675,0.41242516040802,0.2887786030769348,0.348209410905838,0.3044005334377289,0.30084389448165894,0.2632538676261902,0.5398648977279663,0.295463502407074,0.41301068663597107,0.3183000981807709,0.34161025285720825,0.33571553230285645,0.28941285610198975,0.292035847902298,0.5610227584838867,0.3220878839492798,0.43676337599754333,0.3413887023925781,0.3668298125267029,0.3549935817718506,0.31458479166030884,0.3268626928329468,0.5863118171691895,0.3494555354118347,0.4939000904560089,0.3609071969985962,0.43714001774787903,0.36902090907096863,0.38948720693588257
0,0,0,0,0,0,0,0,0,0,0,0,0,0,0,0,0,0,0,0,0,0,0,0,0,0,0,0,0,0,0,0,0,0,0,0,0,0,0,0,0,0,0.2793673574924469,0.7166092395782471,0.24754475057125092,0.6443127989768982,0.22466261684894562,0.5562537312507629,0.20144888758659363,0.49289941787719727,0.16766634583473206,0.46009305119514465,0.24388813972473145,0.5244054198265076,0.27138659358024597,0.4117974638938904,0.2918292284011841,0.3489513099193573,0.3069648742675781,0.3025067448616028,0.2664330005645752,0.5394971966743469,0.2992813289165497,0.413018137216568,0.32146504521369934,0.3422517478466034,0.3378801941871643,0.2902972102165222,0.2954751253128052,0.5608837604522705,0.32608282566070557,0.4379603862762451,0.3452765643596649,0.36999374628067017,0.3581540584564209,0.319137305021286,0.32988083362579346,0.5866127610206604,0.35283130407333374,0.4945872128009796,0.3634719252586365,0.43899521231651306,0.3701426088809967,0.39251381158828735
0,0,0,0,0,0,0,0,0,0,0,0,0,0,0,0,0,0,0,0,0,0,0,0,0,0,0,0,0,0,0,0,0,0,0,0,0,0,0,0,0,0,0.28197771310806274,0.718658983707428,0.2500583231449127,0.6461983323097229,0.22694212198257446,0.5581797957420349,0.20302067697048187,0.49505990743637085,0.1683843433856964,0.4636152684688568,0.24520176649093628,0.5276051759719849,0.2704317271709442,0.4139907956123352,0.2896974980831146,0.3497387170791626,0.3039184808731079,0.3019540011882782,0.26824361085891724,0.5423798561096191,0.30001014471054077,0.41437146067619324,0.3210764527320862,0.3421945869922638,0.3364557921886444,0.28902533650398254,0.29767677187919617,0.5630233883857727,0.32870975136756897,0.4398493766784668,0.34750455617904663,0.37073957920074463,0.3598541021347046,0.3191249966621399,0.33205655217170715,0.5876619219779968,0.35558825731277466,0.495674192905426,0.3670218586921692,0.44047313928604126,0.37415188550949097,0.3941325843334198
0,0,0,0,0,0,0,0,0,0,0,0,0,0,0,0,0,0,0,0,0,0,0,0,0,0,0,0,0,0,0,0,0,0,0,0,0,0,0,0,0,0,0.2815764546394348,0.7209527492523193,0.2516132891178131,0.6482866406440735,0.2299095094203949,0.559570848941803,0.2063114494085312,0.4950702488422394,0.17068225145339966,0.46254849433898926,0.24456340074539185,0.5318537950515747,0.269872784614563,0.41746777296066284,0.289000004529953,0.35181909799575806,0.3032117486000061,0.3024390935897827,0.2679014503955841,0.548103928565979,0.3000243604183197,0.4191393554210663,0.32131892442703247,0.34541669487953186,0.3367461562156677,0.2903705835342407,0.2978328466415405,0.5697638988494873,0.32997167110443115,0.44723790884017944,0.3494848906993866,0.37685680389404297,0.36211875081062317,0.32414358854293823,0.3325626254081726,0.5948460102081299,0.3571260869503021,0.5021424889564514,0.3692365884780884,0.4461246132850647,0.37690550088882446,0.39918968081474304
0,0,0,0,0,0,0,0,0,0,0,0,0,0,0,0,0,0,0,0,0,0,0,0,0,0,0,0,0,0,0,0,0,0,0,0,0,0,0,0,0,0,0.2824239432811737,0.7204552292823792,0.25260409712791443,0.6477746367454529,0.23050224781036377,0.5590059757232666,0.20721310377120972,0.49493569135665894,0.17211419343948364,0.4632866084575653,0.24620047211647034,0.5305697321891785,0.2731284201145172,0.41590777039527893,0.29238420724868774,0.3506593406200409,0.3062504529953003,0.3015677332878113,0.2693552076816559,0.5467837452888489,0.302498459815979,0.41808709502220154,0.32361429929733276,0.34385108947753906,0.338312566280365,0.28866952657699585,0.2995742857456207,0.5690596103668213,0.33237454295158386,0.44643694162368774,0.3522546887397766,0.3758726119995117,0.3648681938648224,0.32277390360832214,0.3346463441848755,0.5952059626579285,0.35972705483436584,0.5024250149726868,0.3719469904899597,0.4460539221763611,0.3799833357334137,0.3985954225063324
0,0,0,0,0,0,0,0,0,0,0,0,0,0,0,0,0,0,0,0,0,0,0,0,0,0,0,0,0,0,0,0,0,0,0,0,0,0,0,0,0,0,0.28220441937446594,0.7221149206161499,0.2522942125797272,0.6494560241699219,0.23107874393463135,0.5604199767112732,0.20844821631908417,0.4957558810710907,0.1727755069732666,0.4641464948654175,0.24610783159732819,0.5316505432128906,0.2724604606628418,0.41642236709594727,0.29168015718460083,0.35099688172340393,0.3055030405521393,0.3019726276397705,0.2694326639175415,0.5479899644851685,0.30227357149124146,0.4179798364639282,0.32357820868492126,0.3433644473552704,0.33842670917510986,0.28805309534072876,0.2996228039264679,0.5702248811721802,0.3317122161388397,0.44658827781677246,0.3515981435775757,0.3757229447364807,0.36436235904693604,0.32257989048957825,0.3345445692539215,0.5961720943450928,0.359448105096817,0.5028318166732788,0.37194517254829407,0.4465051293373108,0.3803531527519226,0.39937299489974976
0,0,0,0,0,0,0,0,0,0,0,0,0,0,0,0,0,0,0,0,0,0,0,0,0,0,0,0,0,0,0,0,0,0,0,0,0,0,0,0,0,0,0.2838403284549713,0.7245891690254211,0.25426772236824036,0.6507300138473511,0.2337331920862198,0.5600706338882446,0.21043336391448975,0.4947201907634735,0.17506268620491028,0.46163004636764526,0.24959149956703186,0.5322465896606445,0.27669215202331543,0.41920435428619385,0.29574283957481384,0.35307586193084717,0.30952203273773193,0.30272626876831055,0.2723820209503174,0.5503629446029663,0.305997371673584,0.4222015142440796,0.32744771242141724,0.34704750776290894,0.34258145093917847,0.28959256410598755,0.30207234621047974,0.5747498273849487,0.33615273237228394,0.4522005021572113,0.3564777672290802,0.3808364272117615,0.36945489048957825,0.32543298602104187,0.33668842911720276,0.6031080484390259,0.3658945858478546,0.5125434994697571,0.3808332085609436,0.45644718408584595,0.39140573143959045,0.4085479974746704
0,0,0,0,0,0,0,0,0,0,0,0,0,0,0,0,0,0,0,0,0,0,0,0,0,0,0,0,0,0,0,0,0,0,0,0,0,0,0,0,0,0,0.28473421931266785,0.7230363488197327,0.2552586495876312,0.6502823829650879,0.23473672568798065,0.561197817325592,0.2124694138765335,0.49599531292915344,0.1779005527496338,0.46183475852012634,0.2502622902393341,0.5307922959327698,0.27654945850372314,0.41636210680007935,0.2953813076019287,0.35076749324798584,0.3090544641017914,0.3013468384742737,0.2730238735675812,0.5473199486732483,0.30565890669822693,0.4182397425174713,0.3262772858142853,0.34414082765579224,0.34083065390586853,0.28897035121917725,0.30271077156066895,0.5703702569007874,0.3339526951313019,0.44641268253326416,0.35325002670288086,0.37527334690093994,0.3661634027957916,0.3214123249053955,0.3375520408153534,0.5978004932403564,0.36228758096694946,0.5057691931724548,0.37556999921798706,0.44959908723831177,0.38548728823661804,0.4018590748310089
0,0,0,0,0,0,0,0,0,0,0,0,0,0,0,0,0,0,0,0,0,0,0,0,0,0,0,0,0,0,0,0,0,0,0,0,0,0,0,0,0,0,0.28475770354270935,0.7208203077316284,0.2549245357513428,0.646552324295044,0.23429115116596222,0.5571607351303101,0.21122531592845917,0.49318602681159973,0.1770114302635193,0.4595402181148529,0.2510026693344116,0.5274139046669006,0.2776745855808258,0.41492995619773865,0.29662972688674927,0.3498561680316925,0.31021755933761597,0.30047011375427246,0.27298110723495483,0.5438687801361084,0.30537348985671997,0.4165121912956238,0.32631656527519226,0.34312570095062256,0.34145957231521606,0.2877776622772217,0.3017313778400421,0.5668692588806152,0.3326773941516876,0.44326603412628174,0.3520159125328064,0.3731467127799988,0.36510923504829407,0.31984150409698486,0.3361207842826843,0.5945068001747131,0.3606377840042114,0.5024576783180237,0.373354434967041,0.4465010166168213,0.38251399993896484,0.3992549777030945
0,0,0,0,0,0,0,0,0,0,0,0,0,0,0,0,0,0,0,0,0,0,0,0,0,0,0,0,0,0,0,0,0,0,0,0,0,0,0,0,0,0,0.2857207953929901,0.7194147109985352,0.25568610429763794,0.6447320580482483,0.23460592329502106,0.5556247234344482,0.21151798963546753,0.4915388822555542,0.17731615900993347,0.45859116315841675,0.25124651193618774,0.5272522568702698,0.2771839201450348,0.4157160818576813,0.2960708439350128,0.3506152629852295,0.3098394572734833,0.3012148141860962,0.2737785875797272,0.543298602104187,0.30572476983070374,0.41697412729263306,0.32646578550338745,0.3439445495605469,0.3415994942188263,0.2889304459095001,0.3026215434074402,0.565547525882721,0.33354467153549194,0.4431608021259308,0.35209155082702637,0.372928261756897,0.36455246806144714,0.31944265961647034,0.3369981646537781,0.5923870801925659,0.3613620400428772,0.5011832118034363,0.3735477328300476,0.4457443356513977,0.3818364143371582,0.3987775444984436
0,0,0,0,0,0,0,0,0,0,0,0,0,0,0,0,0,0,0,0,0,0,0,0,0,0,0,0,0,0,0,0,0,0,0,0,0,0,0,0,0,0,0.285706102848053,0.7189012169837952,0.25532928109169006,0.6457787752151489,0.2341669499874115,0.5571608543395996,0.21167364716529846,0.49299395084381104,0.1781189739704132,0.4589298367500305,0.25116658210754395,0.5278578996658325,0.277275413274765,0.4157778322696686,0.29625871777534485,0.3506335914134979,0.31010469794273376,0.3011853098869324,0.27383384108543396,0.5440917015075684,0.305803507566452,0.41723310947418213,0.3266388475894928,0.344185471534729,0.3418758511543274,0.2891528010368347,0.3026909828186035,0.5666048526763916,0.333371639251709,0.4436483383178711,0.35214391350746155,0.3730667233467102,0.36473405361175537,0.31934648752212524,0.3369165360927582,0.5934700965881348,0.36116793751716614,0.502064049243927,0.3734649419784546,0.44650739431381226,0.38171079754829407,0.3993316888809204
0,0,0,0,0,0,0,0,0,0,0,0,0,0,0,0,0,0,0,0,0,0,0,0,0,0,0,0,0,0,0,0,0,0,0,0,0,0,0,0,0,0,0.28476712107658386,0.718602180480957,0.2547329068183899,0.6453351378440857,0.2343880534172058,0.5571117401123047,0.2122480273246765,0.4922313690185547,0.17823472619056702,0.45776864886283875,0.25142326951026917,0.526691198348999,0.27914872765541077,0.4148344099521637,0.29823312163352966,0.35016700625419617,0.31205782294273376,0.30130836367607117,0.27403008937835693,0.5428308248519897,0.3076169788837433,0.4165635108947754,0.3290022015571594,0.34378474950790405,0.34464365243911743,0.2894378900527954,0.30310988426208496,0.5653994083404541,0.3353923261165619,0.4442182183265686,0.3548108637332916,0.3742123246192932,0.3677527904510498,0.3210097551345825,0.3372810482978821,0.5924423933029175,0.36236536502838135,0.5013655424118042,0.37506499886512756,0.4458025097846985,0.3839491009712219,0.39849036931991577
0,0,0,0,0,0,0,0,0,0,0,0,0,0,0,0,0,0,0,0,0,0,0,0,0,0,0,0,0,0,0,0,0,0,0,0,0,0,0,0,0,0,0.28421464562416077,0.7197794914245605,0.25518032908439636,0.6459738612174988,0.2348785400390625,0.5570329427719116,0.21292737126350403,0.49230092763900757,0.17834025621414185,0.45806342363357544,0.25052765011787415,0.5291808843612671,0.2773587107658386,0.4145277440547943,0.29680052399635315,0.3492264747619629,0.3108583688735962,0.30016446113586426,0.2729347348213196,0.546589195728302,0.30681222677230835,0.4173874258995056,0.32895419001579285,0.34392157196998596,0.34477800130844116,0.2895650863647461,0.30228912830352783,0.5700986385345459,0.3348691761493683,0.4461905360221863,0.35521379113197327,0.375236451625824,0.3686090409755707,0.32193517684936523,0.33696943521499634,0.5972331762313843,0.36205291748046875,0.503922700881958,0.3751850724220276,0.4472324550151825,0.3842363953590393,0.39939141273498535
0,0,0,0,0,0,0,0,0,0,0,0,0,0,0,0,0,0,0,0,0,0,0,0,0,0,0,0,0,0,0,0,0,0,0,0,0,0,0,0,0,0,0.28415825963020325,0.7203535437583923,0.2548352777957916,0.6460241675376892,0.23466375470161438,0.5566765069961548,0.2128312736749649,0.49184873700141907,0.1784658432006836,0.4576514661312103,0.2502669095993042,0.5290999412536621,0.2775028347969055,0.4146836996078491,0.2971702814102173,0.3494908809661865,0.3114568591117859,0.3005483150482178,0.27293750643730164,0.5465399622917175,0.3067062795162201,0.41709598898887634,0.3288656175136566,0.3435087203979492,0.344831258058548,0.28894609212875366,0.30237773060798645,0.570033073425293,0.3347780406475067,0.4456622004508972,0.35519251227378845,0.3749656081199646,0.36874669790267944,0.32186195254325867,0.3369852304458618,0.5972067713737488,0.3620930016040802,0.5038906335830688,0.37525424361228943,0.4473147988319397,0.3843991756439209,0.3996671736240387
0,0,0,0,0,0,0,0,0,0,0,0,0,0,0,0,0,0,0,0,0,0,0,0,0,0,0,0,0,0,0,0,0,0,0,0,0,0,0,0,0,0,0.28258347511291504,0.7212857007980347,0.25387468934059143,0.6471938490867615,0.2336694896221161,0.5585187673568726,0.21206557750701904,0.4942822754383087,0.1780431866645813,0.46057265996932983,0.2501671314239502,0.5265393257141113,0.27758002281188965,0.41384074091911316,0.29747387766838074,0.3488762378692627,0.31212183833122253,0.2998078465461731,0.2732018232345581,0.543657660484314,0.30771034955978394,0.41710367798805237,0.33018195629119873,0.34372851252555847,0.3463447093963623,0.2891364097595215,0.3029870092868805,0.5678233504295349,0.3368968069553375,0.44810277223587036,0.358757883310318,0.3784619867801666,0.3734569549560547,0.3258710503578186,0.33707302808761597,0.5963234901428223,0.3630748987197876,0.5058420300483704,0.3766063153743744,0.45013952255249023,0.3863987326622009,0.403143048286438
0,0,0,0,0,0,0,0,0,0,0,0,0,0,0,0,0,0,0,0,0,0,0,0,0,0,0,0,0,0,0,0,0,0,0,0,0,0,0,0,0,0,0.28244438767433167,0.7229194641113281,0.25529587268829346,0.647301971912384,0.2351263463497162,0.5569688081741333,0.21305055916309357,0.4916234314441681,0.1776648610830307,0.45916807651519775,0.24974383413791656,0.5282572507858276,0.2778037488460541,0.41413748264312744,0.297870397567749,0.34942013025283813,0.31205275654792786,0.30034083127975464,0.27232417464256287,0.5465762615203857,0.3080744743347168,0.4181596338748932,0.33067265152931213,0.344451367855072,0.34621256589889526,0.28998398780822754,0.302085816860199,0.571419358253479,0.3376777768135071,0.45065268874168396,0.36045601963996887,0.3812183141708374,0.3755986988544464,0.3292549252510071,0.3364558517932892,0.6000227332115173,0.36379069089889526,0.5080477595329285,0.3780464828014374,0.4526386857032776,0.38832610845565796,0.4061383605003357
0,0,0,0,0,0,0,0,0,0,0,0,0,0,0,0,0,0,0,0,0,0,0,0,0,0,0,0,0,0,0,0,0,0,0,0,0,0,0,0,0,0,0.2819122076034546,0.7236102223396301,0.25457948446273804,0.6469956040382385,0.23589187860488892,0.5563029646873474,0.2149527668952942,0.4901265501976013,0.17944636940956116,0.45742329955101013,0.24940001964569092,0.5284325480461121,0.27747276425361633,0.4154771864414215,0.2977631986141205,0.3509659767150879,0.31231242418289185,0.3018963634967804,0.27241891622543335,0.5474757552146912,0.3085419237613678,0.4190864562988281,0.331493616104126,0.34523943066596985,0.3474046289920807,0.290071964263916,0.30194681882858276,0.57280033826828,0.33761507272720337,0.4515516757965088,0.36053189635276794,0.3819069266319275,0.3758280575275421,0.329477459192276,0.33573609590530396,0.6018256545066833,0.36289677023887634,0.5092808604240417,0.3772276043891907,0.45380157232284546,0.3876922130584717,0.40744748711586
0,0,0,0,0,0,0,0,0,0,0,0,0,0,0,0,0,0,0,0,0,0,0,0,0,0,0,0,0,0,0,0,0,0,0,0,0,0,0,0,0,0,0.2828966975212097,0.7209775447845459,0.2551553547382355,0.6449882984161377,0.2357730269432068,0.5558536052703857,0.2144872099161148,0.4907970428466797,0.1800198256969452,0.4582563638687134,0.2512916028499603,0.5253509283065796,0.27931317687034607,0.41393059492111206,0.29939156770706177,0.3504277765750885,0.3139417767524719,0.3025027811527252,0.2738848924636841,0.5427103042602539,0.30985599756240845,0.417064368724823,0.33254310488700867,0.34462589025497437,0.3487929701805115,0.29076769948005676,0.3031153678894043,0.5667927265167236,0.33888521790504456,0.4478742480278015,0.3610232472419739,0.3797091841697693,0.3758511543273926,0.3278607726097107,0.33675849437713623,0.5952960848808289,0.3645409345626831,0.5049736499786377,0.3785349428653717,0.4505339562892914,0.38849520683288574,0.40437185764312744
0,0,0,0,0,0,0,0,0,0,0,0,0,0,0,0,0,0,0,0,0,0,0,0,0,0,0,0,0,0,0,0,0,0,0,0,0,0,0,0,0,0,0.283069908618927,0.7220893502235413,0.25549060106277466,0.6461946368217468,0.23570074141025543,0.5568513870239258,0.21334657073020935,0.49277591705322266,0.17852428555488586,0.4600355625152588,0.2514939308166504,0.5271408557891846,0.2794812023639679,0.4151575267314911,0.2995035648345947,0.351030558347702,0.31410810351371765,0.3025698661804199,0.2738485336303711,0.5444992184638977,0.3092905580997467,0.4184797704219818,0.33269932866096497,0.34600022435188293,0.3498862385749817,0.29228848218917847,0.3028336763381958,0.5687748789787292,0.33731919527053833,0.44843143224716187,0.359627366065979,0.3794785737991333,0.374933660030365,0.3275221586227417,0.33671319484710693,0.5974078178405762,0.36323872208595276,0.5066478848457336,0.3774190843105316,0.45151716470718384,0.3877179026603699,0.40521907806396484
0,0,0,0,0,0,0,0,0,0,0,0,0,0,0,0,0,0,0,0,0,0,0,0,0,0,0,0,0,0,0,0,0,0,0,0,0,0,0,0,0,0,0.2835829555988312,0.7204731106758118,0.2557225525379181,0.6443202495574951,0.23582857847213745,0.5548525452613831,0.21355250477790833,0.49089476466178894,0.1786271631717682,0.45871809124946594,0.2514188289642334,0.5260454416275024,0.2792811989784241,0.4144175946712494,0.29922932386398315,0.3503798246383667,0.31355828046798706,0.3018032908439636,0.2736966609954834,0.5439695715904236,0.30921661853790283,0.418020635843277,0.33262377977371216,0.34551042318344116,0.349406361579895,0.2915860116481781,0.30279719829559326,0.5689495801925659,0.33744633197784424,0.4488948881626129,0.3599472939968109,0.3800743818283081,0.3750263452529907,0.3278784155845642,0.33673372864723206,0.5982964038848877,0.36327940225601196,0.5072997808456421,0.37727275490760803,0.4517366588115692,0.3873167037963867,0.4049941897392273
0,0,0,0,0,0,0,0,0,0,0,0,0,0,0,0,0,0,0,0,0,0,0,0,0,0,0,0,0,0,0,0,0,0,0,0,0,0,0,0,0,0,0.2830466330051422,0.7216891050338745,0.2549728453159332,0.6473331451416016,0.2354716956615448,0.55727219581604,0.21401414275169373,0.49267247319221497,0.18069833517074585,0.45868635177612305,0.25118348002433777,0.5285429954528809,0.2791931629180908,0.4159308075904846,0.3001350164413452,0.35159868001937866,0.3157220184803009,0.30322372913360596,0.2731207609176636,0.546255886554718,0.3082631826400757,0.4184803366661072,0.33230191469192505,0.34583038091659546,0.35046735405921936,0.29201561212539673,0.30139559507369995,0.5700980424880981,0.33529314398765564,0.4472180902957916,0.3575682044029236,0.3778248131275177,0.37316861748695374,0.32586991786956787,0.3349180817604065,0.5976482629776001,0.3611542284488678,0.5057744383811951,0.37520384788513184,0.45080384612083435,0.38499605655670166,0.4048420190811157
0,0,0,0,0,0,0,0,0,0,0,0,0,0,0,0,0,0,0,0,0,0,0,0,0,0,0,0,0,0,0,0,0,0,0,0,0,0,0,0,0,0,0.28312644362449646,0.7215858697891235,0.25495895743370056,0.6466250419616699,0.23540815711021423,0.5566182732582092,0.2137417197227478,0.4920857548713684,0.1802712231874466,0.45824533700942993,0.2511039972305298,0.5281840562820435,0.27919042110443115,0.416748583316803,0.29987213015556335,0.35262924432754517,0.3151533603668213,0.3041050434112549,0.2730529010295868,0.5459768772125244,0.30856600403785706,0.4189971387386322,0.3324686586856842,0.34654879570007324,0.350348562002182,0.2926481068134308,0.3014239966869354,0.5700438022613525,0.3356177806854248,0.4475517272949219,0.3578137159347534,0.37819957733154297,0.37321123480796814,0.3260723352432251,0.3350454568862915,0.5980492830276489,0.3611376881599426,0.5060861110687256,0.3749593198299408,0.4506600499153137,0.3845368027687073,0.4043177366256714
0,0,0,0,0,0,0,0,0,0,0,0,0,0,0,0,0,0,0,0,0,0,0,0,0,0,0,0,0,0,0,0,0,0,0,0,0,0,0,0,0,0,0.2822623550891876,0.7227352857589722,0.2544424533843994,0.6486642956733704,0.23459528386592865,0.5578583478927612,0.2138209491968155,0.4921944737434387,0.18127800524234772,0.45837926864624023,0.2510084807872772,0.5295259952545166,0.2814789116382599,0.418251097202301,0.3033355176448822,0.35526973009109497,0.3193936347961426,0.3082762658596039,0.2730017900466919,0.5466242432594299,0.3101327419281006,0.4197695553302765,0.3349601924419403,0.3481518030166626,0.3534145951271057,0.2959139049053192,0.3015589416027069,0.5698711276054382,0.33647578954696655,0.44665467739105225,0.3590714931488037,0.37800532579421997,0.37468087673187256,0.32691964507102966,0.33519285917282104,0.5970617532730103,0.36199671030044556,0.5048602819442749,0.3754640817642212,0.4493606984615326,0.3846905529499054,0.40316712856292725
0,0,0,0,0,0,0,0,0,0,0,0,0,0,0,0,0,0,0,0,0,0,0,0,0,0,0,0,0,0,0,0,0,0,0,0,0,0,0,0,0,0,0.2826978862285614,0.7220274806022644,0.25461411476135254,0.6481673121452332,0.2347261607646942,0.5579009652137756,0.21355751156806946,0.49280357360839844,0.18100789189338684,0.45897406339645386,0.25100651383399963,0.5279130935668945,0.281667023897171,0.4171806573867798,0.30370032787323,0.35469120740890503,0.319789320230484,0.3080105781555176,0.2730245590209961,0.5449578762054443,0.3102807402610779,0.41867581009864807,0.33524543046951294,0.3477485179901123,0.35364440083503723,0.2958773076534271,0.3017575740814209,0.5685454607009888,0.3363500237464905,0.44582104682922363,0.3588483929634094,0.3772570490837097,0.3744522035121918,0.3260408639907837,0.3357502818107605,0.5962181091308594,0.361941397190094,0.5041537284851074,0.37547537684440613,0.44833797216415405,0.385123074054718,0.4016469120979309
0,0,0,0,0,0,0,0,0,0,0,0,0,0,0,0,0,0,0,0,0,0,0,0,0,0,0,0,0,0,0,0,0,0,0,0,0,0,0,0,0,0,0.2813302278518677,0.7253041863441467,0.25348150730133057,0.6501740217208862,0.2347160279750824,0.5575367212295532,0.214100182056427,0.49151962995529175,0.18148937821388245,0.4572756290435791,0.2504954934120178,0.5279192924499512,0.282594233751297,0.41849732398986816,0.3056374192237854,0.3557351231575012,0.322640061378479,0.3086419701576233,0.2721920311450958,0.546430230140686,0.31059250235557556,0.42139142751693726,0.33624282479286194,0.35037165880203247,0.35533204674720764,0.29821592569351196,0.3005524277687073,0.5709827542304993,0.336500346660614,0.4484182596206665,0.35862991213798523,0.3793874680995941,0.3738865256309509,0.32788515090942383,0.3346692621707916,0.5993769764900208,0.3615998923778534,0.506200909614563,0.3753848671913147,0.4497905373573303,0.385120153427124,0.4029370844364166
0,0,0,0,0,0,0,0,0,0,0,0,0,0,0,0,0,0,0,0,0,0,0,0,0,0,0,0,0,0,0,0,0,0,0,0,0,0,0,0,0,0,0.2815248668193817,0.7247472405433655,0.2532728314399719,0.6497586965560913,0.23496435582637787,0.5581746697425842,0.2153778076171875,0.49199607968330383,0.18273627758026123,0.45773667097091675,0.2513093948364258,0.5265452265739441,0.28456756472587585,0.4167977273464203,0.3080417811870575,0.35517141222953796,0.3250269889831543,0.30914798378944397,0.27322879433631897,0.5447655916213989,0.31310930848121643,0.4204352796077728,0.33897995948791504,0.3505678176879883,0.357829213142395,0.2994377613067627,0.3016265630722046,0.5692908763885498,0.338335782289505,0.44701310992240906,0.36019620299339294,0.3789628744125366,0.3751261532306671,0.32787826657295227,0.3352903723716736,0.5981444716453552,0.36271435022354126,0.505985677242279,0.3763713538646698,0.45019230246543884,0.3860640823841095,0.4036513864994049
0,0,0,0,0,0,0,0,0,0,0,0,0,0,0,0,0,0,0,0,0,0,0,0,0,0,0,0,0,0,0,0,0,0,0,0,0,0,0,0,0,0,0.2813049256801605,0.7255198955535889,0.25330647826194763,0.6497573256492615,0.23507137596607208,0.5574008226394653,0.21500518918037415,0.49067801237106323,0.18221531808376312,0.4566013216972351,0.25159502029418945,0.5277941226959229,0.2843516170978546,0.41815173625946045,0.30740591883659363,0.35667285323143005,0.32392799854278564,0.31059494614601135,0.27342867851257324,0.5459010004997253,0.31274697184562683,0.42110854387283325,0.33827632665634155,0.3512624502182007,0.3569108843803406,0.30045250058174133,0.3016999661922455,0.5702090859413147,0.3378131687641144,0.44752874970436096,0.3593519330024719,0.379578173160553,0.37416887283325195,0.328978031873703,0.3353329598903656,0.5988672375679016,0.36256319284439087,0.5067926645278931,0.3762094974517822,0.4515484571456909,0.38581785559654236,0.4056633710861206
0,0,0,0,0,0,0,0,0,0,0,0,0,0,0,0,0,0,0,0,0,0,0,0,0,0,0,0,0,0,0,0,0,0,0,0,0,0,0,0,0,0,0.2795009911060333,0.7264399528503418,0.2513236701488495,0.6518943905830383,0.23331406712532043,0.5598674416542053,0.21329639852046967,0.49447083473205566,0.18160268664360046,0.4600951671600342,0.251974493265152,0.5275850892066956,0.28495973348617554,0.4194236099720001,0.308199018239975,0.3584160804748535,0.3251294195652008,0.31303519010543823,0.27385810017585754,0.5449414253234863,0.31272754073143005,0.42221328616142273,0.33818331360816956,0.35325711965560913,0.35705211758613586,0.30307766795158386,0.30198413133621216,0.5690092444419861,0.3375268876552582,0.4482651948928833,0.35881197452545166,0.38100874423980713,0.37371498346328735,0.33085349202156067,0.3354152739048004,0.5977450013160706,0.3623732924461365,0.5071096420288086,0.37568965554237366,0.4522568881511688,0.3852465748786926,0.4067274034023285
0,0,0,0,0,0,0,0,0,0,0,0,0,0,0,0,0,0,0,0,0,0,0,0,0,0,0,0,0,0,0,0,0,0,0,0,0,0,0,0,0,0,0.2789732813835144,0.7273104190826416,0.25150901079177856,0.6532716751098633,0.23363469541072845,0.560579240322113,0.2140771448612213,0.49466684460639954,0.18245086073875427,0.4601908326148987,0.2512553334236145,0.5292038917541504,0.2841982841491699,0.42074277997016907,0.30759376287460327,0.3591277599334717,0.32453837990760803,0.31311944127082825,0.27256935834884644,0.5467851161956787,0.31173378229141235,0.4227999448776245,0.33767572045326233,0.35310041904449463,0.35664719343185425,0.3020201325416565,0.30041152238845825,0.5713300704956055,0.33667993545532227,0.4491187036037445,0.3586995005607605,0.381003737449646,0.3738960027694702,0.3300520181655884,0.3338785767555237,0.6005467772483826,0.36134517192840576,0.5089353919029236,0.3751165270805359,0.4535430669784546,0.3851005434989929,0.40738001465797424
0,0,0,0,0,0,0,0,0,0,0,0,0,0,0,0,0,0,0,0,0,0,0,0,0,0,0,0,0,0,0,0,0,0,0,0,0,0,0,0,0,0,0.278950035572052,0.7267132997512817,0.2516213655471802,0.6519657373428345,0.23387719690799713,0.5593681335449219,0.21384230256080627,0.4937213361263275,0.18161913752555847,0.4596906900405884,0.2509879171848297,0.5288177132606506,0.2843499183654785,0.42057177424430847,0.30793166160583496,0.3592027425765991,0.3250594139099121,0.31348705291748047,0.272349089384079,0.5463436245918274,0.311604768037796,0.4229092001914978,0.33745676279067993,0.35361790657043457,0.35642749071121216,0.30298471450805664,0.3004273474216461,0.5707507729530334,0.3367130160331726,0.44856783747673035,0.35852116346359253,0.38064396381378174,0.3736109733581543,0.3297225832939148,0.3342275023460388,0.5999414324760437,0.36173954606056213,0.5081419348716736,0.37540456652641296,0.4526347815990448,0.38522863388061523,0.40625888109207153
0,0,0,0,0,0,0,0,0,0,0,0,0,0,0,0,0,0,0,0,0,0,0,0,0,0,0,0,0,0,0,0,0,0,0,0,0,0,0,0,0,0,0.27783098816871643,0.7299576997756958,0.2506568133831024,0.654545247554779,0.2337631732225418,0.5612321496009827,0.21398258209228516,0.4949672222137451,0.1818864345550537,0.4607747495174408,0.2503754794597626,0.530483603477478,0.284043550491333,0.4224207401275635,0.3076455891132355,0.360662043094635,0.32495126128196716,0.3146342635154724,0.27142322063446045,0.5479016900062561,0.3113371729850769,0.42438703775405884,0.3373944163322449,0.3544895648956299,0.3565903902053833,0.30310991406440735,0.29935985803604126,0.5724610686302185,0.33604761958122253,0.44977259635925293,0.3581109642982483,0.38077646493911743,0.37347811460494995,0.32888585329055786,0.33306580781936646,0.601805567741394,0.3603120744228363,0.509365439414978,0.3743141293525696,0.45327162742614746,0.3847862780094147,0.4063599109649658
0,0,0,0,0,0,0,0,0,0,0,0,0,0,0,0,0,0,0,0,0,0,0,0,0,0,0,0,0,0,0,0,0,0,0,0,0,0,0,0,0,0,0.27792221307754517,0.7266654968261719,0.2507841885089874,0.649948239326477,0.2330091893672943,0.5580778121948242,0.21299800276756287,0.4927757680416107,0.18083518743515015,0.4599583148956299,0.2509584128856659,0.5270489454269409,0.28580620884895325,0.41925275325775146,0.3099060356616974,0.35795968770980835,0.3273540735244751,0.31253230571746826,0.2730358839035034,0.5438293814659119,0.313263475894928,0.4215966463088989,0.3394923508167267,0.352461040019989,0.3585392236709595,0.3014683127403259,0.30145230889320374,0.5679951906204224,0.337911993265152,0.44728660583496094,0.3600778877735138,0.37947261333465576,0.37523043155670166,0.32762646675109863,0.33493152260780334,0.5975151658058167,0.3620527982711792,0.507167637348175,0.3758477568626404,0.4521542191505432,0.3860380947589874,0.40566402673721313
0,0,0,0,0,0,0,0,0,0,0,0,0,0,0,0,0,0,0,0,0,0,0,0,0,0,0,0,0,0,0,0,0,0,0,0,0,0,0,0,0,0,0.2779707610607147,0.7276138067245483,0.25113338232040405,0.6515882611274719,0.23331111669540405,0.5595360398292542,0.21348005533218384,0.4939519166946411,0.18180304765701294,0.4604037404060364,0.25216910243034363,0.5291528701782227,0.28510284423828125,0.421165406703949,0.3085559904575348,0.35932692885398865,0.32570159435272217,0.3134709894657135,0.27377042174339294,0.5453320145606995,0.3127332627773285,0.42249220609664917,0.338582307100296,0.35313349962234497,0.3575659692287445,0.30227982997894287,0.30180731415748596,0.5688784718513489,0.3376055359840393,0.4476894438266754,0.3596087694168091,0.3796679377555847,0.3747706115245819,0.3280983567237854,0.33506882190704346,0.5978133678436279,0.3620569705963135,0.5068377256393433,0.3758244812488556,0.451585590839386,0.3860038220882416,0.40513789653778076
0,0,0,0,0,0,0,0,0,0,0,0,0,0,0,0,0,0,0,0,0,0,0,0,0,0,0,0,0,0,0,0,0,0,0,0,0,0,0,0,0,0,0.2758014500141144,0.7244712114334106,0.2493460476398468,0.649187445640564,0.23241975903511047,0.5566099286079407,0.2130255401134491,0.4902650713920593,0.1813797652721405,0.45549583435058594,0.25159117579460144,0.5244383811950684,0.2850534915924072,0.41537439823150635,0.30880582332611084,0.35307252407073975,0.32601356506347656,0.3065148591995239,0.2730226218700409,0.5413379073143005,0.31293952465057373,0.41804003715515137,0.3394514322280884,0.3481834828853607,0.3590110242366791,0.2966051697731018,0.3008464574813843,0.5666311979293823,0.3370649218559265,0.4450054466724396,0.3594290614128113,0.3768845796585083,0.3748284578323364,0.32520386576652527,0.334219753742218,0.5974576473236084,0.36104723811149597,0.5062937140464783,0.37493693828582764,0.4508499503135681,0.38539066910743713,0.40410470962524414
0,0,0,0,0,0,0,0,0,0,0,0,0,0,0,0,0,0,0,0,0,0,0,0,0,0,0,0,0,0,0,0,0,0,0,0,0,0,0,0,0,0,0.27464166283607483,0.7235591411590576,0.24822577834129333,0.647473931312561,0.23145966231822968,0.5543174147605896,0.2121591866016388,0.488064706325531,0.18049052357673645,0.4534463584423065,0.2510417103767395,0.5207592248916626,0.28425467014312744,0.41296151280403137,0.30762729048728943,0.3512853682041168,0.3243817090988159,0.304901659488678,0.27195852994918823,0.5369387865066528,0.31224825978279114,0.41478124260902405,0.33907464146614075,0.34606748819351196,0.35881441831588745,0.29540884494781494,0.29934945702552795,0.5618683099746704,0.3362995684146881,0.4415338933467865,0.35904955863952637,0.374237060546875,0.37458717823028564,0.3231075406074524,0.33242106437683105,0.5927474498748779,0.35980188846588135,0.5020849704742432,0.3737458288669586,0.44703543186187744,0.3839437961578369,0.40077629685401917
0,0,0,0,0,0,0,0,0,0,0,0,0,0,0,0,0,0,0,0,0,0,0,0,0,0,0,0,0,0,0,0,0,0,0,0,0,0,0,0,0,0,0.27209770679473877,0.7207149267196655,0.24714913964271545,0.642010509967804,0.23100712895393372,0.5484493374824524,0.2112131416797638,0.4832337200641632,0.17896169424057007,0.4503878653049469,0.24890415370464325,0.5168794393539429,0.2828787565231323,0.4094148874282837,0.30670166015625,0.3478269875049591,0.32367488741874695,0.3015238642692566,0.26982080936431885,0.5334261059761047,0.3110666871070862,0.4115593433380127,0.338634192943573,0.3434704542160034,0.3586603105068207,0.2931066155433655,0.29755887389183044,0.5585072636604309,0.3349822163581848,0.43826940655708313,0.35861796140670776,0.3716704845428467,0.37477079033851624,0.32090747356414795,0.3309478759765625,0.589343786239624,0.35808879137039185,0.4987298846244812,0.37220481038093567,0.443829745054245,0.38288259506225586,0.39773690700531006
0,0,0,0,0,0,0,0,0,0,0,0,0,0,0,0,0,0,0,0,0,0,0,0,0,0,0,0,0,0,0,0,0,0,0,0,0,0,0,0,0,0,0.2701430320739746,0.7191065549850464,0.2443859875202179,0.6409573554992676,0.22855116426944733,0.5482326149940491,0.20989826321601868,0.4819728136062622,0.17807337641716003,0.4488954246044159,0.2468228042125702,0.5139885544776917,0.28115320205688477,0.4064200818538666,0.3054179847240448,0.34459179639816284,0.3228985369205475,0.29820454120635986,0.2681315541267395,0.5298572778701782,0.30961596965789795,0.4083153307437897,0.3375023603439331,0.34040316939353943,0.3579176962375641,0.2905179262161255,0.29628145694732666,0.5548843145370483,0.3337585926055908,0.43500280380249023,0.3575839102268219,0.368940144777298,0.3739599883556366,0.3185732364654541,0.3298252820968628,0.5862680673599243,0.3570498824119568,0.4960543215274811,0.37099555134773254,0.44138574600219727,0.3814297020435333,0.39538925886154175
