0.697564423084259,0.7530642151832581,0.6643391251564026,0.6285169720649719,0.5977860689163208,0.5062875151634216,0.5388944149017334,0.40756756067276,0.5350896120071411,0.3122514486312866,0.4732874929904938,0.5323481559753418,0.41068127751350403,0.580467700958252,0.4356617331504822,0.6234247088432312,0.4743228256702423,0.6314472556114197,0.45691806077957153,0.6167355179786682,0.4039263427257538,0.6650155782699585,0.43339863419532776,0.6955537796020508,0.471611350774765,0.6958371996879578,0.45487257838249207,0.7101231813430786,0.4111175537109375,0.7449249625205994,0.44307419657707214,0.765816330909729,0.4800426959991455,0.76213538646698,0.46304017305374146,0.8011654019355774,0.43070608377456665,0.8186309337615967,0.46093061566352844,0.8299184441566467,0.48881056904792786,0.8234228491783142
0.6979449987411499,0.7535793781280518,0.6652181148529053,0.628985583782196,0.5984970331192017,0.5059309005737305,0.5388361215591431,0.40762072801589966,0.5338531136512756,0.3130761981010437,0.4734303951263428,0.5326263308525085,0.41107338666915894,0.580589771270752,0.4349302649497986,0.6245204210281372,0.47334983944892883,0.6343920230865479,0.45668214559555054,0.6172620058059692,0.4041593372821808,0.6653180718421936,0.4336504638195038,0.6959577798843384,0.4718243479728699,0.6967815160751343,0.45456206798553467,0.7109042406082153,0.41067200899124146,0.745128870010376,0.44299161434173584,0.7663067579269409,0.4802687466144562,0.7632320523262024,0.4627586007118225,0.8025597333908081,0.429858535528183,0.8193289041519165,0.46041786670684814,0.8309820890426636,0.48857077956199646,0.8246634006500244
0.6990149021148682,0.7541011571884155,0.6655545234680176,0.6295989751815796,0.5988901853561401,0.5066030025482178,0.5392816662788391,0.4082922339439392,0.5337141156196594,0.31344425678253174,0.47387680411338806,0.5322513580322266,0.410798579454422,0.580394983291626,0.4349195957183838,0.6242520809173584,0.4734000861644745,0.6335789561271667,0.45727166533470154,0.6165181994438171,0.4038339853286743,0.6646474599838257,0.4333219826221466,0.695604145526886,0.4715960621833801,0.6963951587677002,0.45517969131469727,0.7100363373756409,0.4104161858558655,0.7446750998497009,0.442741721868515,0.7662204504013062,0.48003628849983215,0.7630488872528076,0.46335509419441223,0.8016989827156067,0.4296397566795349,0.819085955619812,0.45984166860580444,0.8307639360427856,0.4878960847854614,0.8245123028755188
0.6986438035964966,0.7539582848548889,0.6657446622848511,0.6302477121353149,0.5986038446426392,0.5065702199935913,0.5390457510948181,0.40736162662506104,0.5345647931098938,0.31151720881462097,0.47360408306121826,0.5323920845985413,0.4103880524635315,0.5813162326812744,0.4349556863307953,0.6251823902130127,0.4737527072429657,0.6340928673744202,0.4571838974952698,0.616338849067688,0.40390825271606445,0.665817379951477,0.4336998462677002,0.6966145038604736,0.4722248315811157,0.6969261765480042,0.455208420753479,0.709717869758606,0.4107247591018677,0.7456543445587158,0.44319063425064087,0.7671501636505127,0.4805837869644165,0.7635135054588318,0.4632762670516968,0.801387369632721,0.4300183355808258,0.8198388814926147,0.4605793058872223,0.8315059542655945,0.48875704407691956,0.8249473571777344
0.6993813514709473,0.7547544240951538,0.6663245558738708,0.6304377913475037,0.5986529588699341,0.5065966248512268,0.5387037396430969,0.40746504068374634,0.5340498089790344,0.31164640188217163,0.4738263785839081,0.5325114130973816,0.4105621576309204,0.5808781981468201,0.43494388461112976,0.62496417760849,0.4738144874572754,0.634535014629364,0.45716822147369385,0.6169369220733643,0.40376055240631104,0.6655105352401733,0.43373003602027893,0.6963191032409668,0.47243499755859375,0.6969599723815918,0.4550325870513916,0.7106303572654724,0.4102213382720947,0.7453188300132751,0.44293028116226196,0.7667638063430786,0.48062944412231445,0.7636001706123352,0.46309226751327515,0.8026261925697327,0.4295896589756012,0.819980263710022,0.46020737290382385,0.8315502405166626,0.4884781539440155,0.8252081871032715
0.7038255929946899,0.7495734095573425,0.6650531888008118,0.6251365542411804,0.5988973379135132,0.5047314167022705,0.545765221118927,0.40288132429122925,0.5387001037597656,0.3098122477531433,0.479724645614624,0.5253717303276062,0.4150879979133606,0.5755691528320312,0.4411785900592804,0.6192695498466492,0.4814331829547882,0.6283654570579529,0.4629092216491699,0.6107627749443054,0.4080238342285156,0.6597456932067871,0.4396269917488098,0.690069854259491,0.4787927567958832,0.6895694732666016,0.46074700355529785,0.7058285474777222,0.4134635925292969,0.7392175197601318,0.447104811668396,0.7608993053436279,0.48498204350471497,0.758858323097229,0.4692172110080719,0.7988461256027222,0.432120144367218,0.8161320090293884,0.4632936716079712,0.8275818228721619,0.49197354912757874,0.82237708568573
0.7092368602752686,0.7553144097328186,0.6714118719100952,0.6300579309463501,0.6029579639434814,0.5095759630203247,0.5451735258102417,0.4082305133342743,0.5398870706558228,0.31010228395462036,0.4790523648262024,0.52713942527771,0.41416656970977783,0.5781463980674744,0.4409543573856354,0.6209232807159424,0.4796116352081299,0.6278170347213745,0.46247655153274536,0.6114097833633423,0.4093075096607208,0.661687433719635,0.4411300718784332,0.6915172934532166,0.4799048900604248,0.6895267963409424,0.4606660008430481,0.7062848806381226,0.41543272137641907,0.7410878539085388,0.44916555285453796,0.7622489929199219,0.48671644926071167,0.7578198313713074,0.46916478872299194,0.7991898655891418,0.4336560368537903,0.8147622346878052,0.46523338556289673,0.8261917233467102,0.49413689970970154,0.8199977874755859
0.7065290212631226,0.7535085678100586,0.6702265739440918,0.627265989780426,0.603990375995636,0.5051587820053101,0.5485460162162781,0.40288323163986206,0.5385467410087585,0.3108006715774536,0.4815049171447754,0.5272830128669739,0.4153214693069458,0.5744438767433167,0.4402341842651367,0.6162157654762268,0.4789959192276001,0.6239010095596313,0.4647771716117859,0.6097009181976318,0.41000157594680786,0.6583741307258606,0.4392814338207245,0.6890372037887573,0.4769296944141388,0.6884286403656006,0.46276789903640747,0.7026389241218567,0.41643664240837097,0.7376019954681396,0.44873493909835815,0.7591160535812378,0.4859606623649597,0.7556732892990112,0.4710161089897156,0.7937099933624268,0.4356130361557007,0.811365008354187,0.4658445417881012,0.8228393793106079,0.4948185980319977,0.816324770450592
0.7093110084533691,0.760893702507019,0.6753509640693665,0.6350646018981934,0.6096317172050476,0.5134195685386658,0.5528376698493958,0.4134025573730469,0.5379581451416016,0.3251941204071045,0.48259758949279785,0.5293156504631042,0.4177635908126831,0.5706387758255005,0.4408458173274994,0.61122727394104,0.4778992533683777,0.622365415096283,0.4636991322040558,0.6105553507804871,0.41124099493026733,0.6556454300880432,0.4404964745044708,0.6848689317703247,0.4774792492389679,0.6852335929870605,0.4604114294052124,0.7027921080589294,0.4154539108276367,0.7343099117279053,0.4478605389595032,0.7546095848083496,0.48475849628448486,0.7528157830238342,0.4683765172958374,0.7934033870697021,0.4329487979412079,0.8072595596313477,0.4632697105407715,0.817934513092041,0.4919951260089874,0.8121756315231323
0.7076568603515625,0.7604156732559204,0.6738671660423279,0.6339200735092163,0.6092380881309509,0.5120295286178589,0.5538508892059326,0.4114379286766052,0.5353086590766907,0.3286392390727997,0.4827992618083954,0.5281218886375427,0.41690826416015625,0.5725328922271729,0.4397718012332916,0.6132007837295532,0.47698909044265747,0.6234768629074097,0.46483150124549866,0.6083246469497681,0.4112342596054077,0.6568703651428223,0.4391920566558838,0.6869000196456909,0.47600799798965454,0.6870425939559937,0.4621092677116394,0.7004748582839966,0.41702768206596375,0.7361690402030945,0.44849926233291626,0.7565938234329224,0.4850766062736511,0.7544973492622375,0.4700373411178589,0.7918487787246704,0.434857040643692,0.8085595369338989,0.4648175537586212,0.8195304870605469,0.4936218857765198,0.8135424852371216
0.7084546089172363,0.7505550384521484,0.6720396280288696,0.6177039742469788,0.6062438488006592,0.4947369694709778,0.5519247651100159,0.3945891559123993,0.5468930602073669,0.30392739176750183,0.487411230802536,0.519778311252594,0.42248108983039856,0.5667394995689392,0.44961634278297424,0.6051671504974365,0.4875537157058716,0.6104776859283447,0.4712807536125183,0.6044765710830688,0.4178886413574219,0.6489606499671936,0.4495217204093933,0.6754089593887329,0.4874115586280823,0.6722540855407715,0.4696972966194153,0.697594165802002,0.42592161893844604,0.7229730486869812,0.45973193645477295,0.7427197098731995,0.49645739793777466,0.7399483919143677,0.4784190058708191,0.7884617447853088,0.4442334771156311,0.7912538051605225,0.4767392873764038,0.80179762840271,0.5055916905403137,0.7972447872161865
0.7076129913330078,0.7419034838676453,0.6727657318115234,0.6157256960868835,0.6057718992233276,0.4982956051826477,0.550989031791687,0.398958295583725,0.5468542575836182,0.3056792616844177,0.4840192496776581,0.5187009572982788,0.4186256229877472,0.5694544911384583,0.4453515410423279,0.6086193919181824,0.4840248227119446,0.6135175824165344,0.46898531913757324,0.6019212007522583,0.4166329503059387,0.6523116827011108,0.44876524806022644,0.6783725619316101,0.4870111048221588,0.6733934283256531,0.46814170479774475,0.694858193397522,0.4246021807193756,0.725865364074707,0.45871394872665405,0.7442843317985535,0.4956746995449066,0.7390682697296143,0.4776895046234131,0.7858352661132812,0.44474712014198303,0.7938989996910095,0.4769645929336548,0.8022381663322449,0.5063406229019165,0.7953454256057739
0.7069554924964905,0.7450494766235352,0.6734327673912048,0.6143561601638794,0.6078973412513733,0.4944566488265991,0.549951434135437,0.3982742428779602,0.5480396747589111,0.30427277088165283,0.4833980202674866,0.5186266899108887,0.4200612008571625,0.5717673897743225,0.44904083013534546,0.6089761853218079,0.4881591796875,0.6102930903434753,0.46803247928619385,0.602037250995636,0.4173681139945984,0.6528192162513733,0.4497247338294983,0.6785013675689697,0.48806869983673096,0.6731736660003662,0.46719449758529663,0.6948862075805664,0.42437124252319336,0.7250003814697266,0.45898061990737915,0.7437797784805298,0.4955562949180603,0.7381919026374817,0.4770582318305969,0.7855585813522339,0.44416627287864685,0.7915085554122925,0.47762835025787354,0.8000063896179199,0.5070352554321289,0.7933125495910645
0.7067244052886963,0.7443634271621704,0.6747351884841919,0.6148899793624878,0.607149600982666,0.494398295879364,0.5497697591781616,0.3957952857017517,0.5488556623458862,0.2990356385707855,0.48277825117111206,0.5189259648323059,0.42024195194244385,0.5703911781311035,0.4476068615913391,0.6077012419700623,0.4860943555831909,0.6100038290023804,0.4674666225910187,0.6020764708518982,0.4166545271873474,0.6520748734474182,0.44861406087875366,0.6776522397994995,0.48700767755508423,0.6728534698486328,0.4665478765964508,0.6954345703125,0.4228772819042206,0.7252916693687439,0.45789429545402527,0.7435879111289978,0.49513179063796997,0.7373888492584229,0.47638511657714844,0.7864975929260254,0.4435255229473114,0.7942309379577637,0.4768331050872803,0.8019740581512451,0.5064820051193237,0.7940898537635803
0.7072019577026367,0.7449242472648621,0.6744185090065002,0.6154422163963318,0.60736083984375,0.4958181381225586,0.5502802729606628,0.3973585367202759,0.5488455891609192,0.3021355867385864,0.4834819734096527,0.5193005800247192,0.42075690627098083,0.5691627860069275,0.4479052424430847,0.606732964515686,0.48618248105049133,0.6098434925079346,0.46790018677711487,0.6023151874542236,0.41674408316612244,0.651214599609375,0.448397696018219,0.676876962184906,0.4866514503955841,0.6724947690963745,0.46679288148880005,0.6953917741775513,0.4232249855995178,0.7246390581130981,0.45786920189857483,0.7428958415985107,0.494831383228302,0.7373221516609192,0.476569265127182,0.7860888838768005,0.4434710741043091,0.7928178310394287,0.4766024053096771,0.8008822202682495,0.5061366558074951,0.793641209602356
0.715735912322998,0.7541272640228271,0.6808240413665771,0.6232084035873413,0.6126429438591003,0.5041555166244507,0.5577371716499329,0.4023681879043579,0.551371693611145,0.3043239712715149,0.48907727003097534,0.522304117679596,0.4256628453731537,0.5774242877960205,0.45535123348236084,0.6183072328567505,0.49697116017341614,0.6242603659629822,0.47441336512565613,0.605233371257782,0.42364221811294556,0.6641190052032471,0.4574586749076843,0.6902426481246948,0.496574342250824,0.6846646666526794,0.4753699004650116,0.7008458971977234,0.4328017830848694,0.736329197883606,0.4690898358821869,0.7541059255599976,0.5062832832336426,0.747995138168335,0.48759347200393677,0.7937692403793335,0.45552900433540344,0.8044300079345703,0.4901558756828308,0.8126559257507324,0.5191131830215454,0.804550051689148
0.7149382829666138,0.7470157146453857,0.6769192218780518,0.6182360649108887,0.6064268946647644,0.5007249712944031,0.5548906922340393,0.39457929134368896,0.5497378706932068,0.29661545157432556,0.4856073558330536,0.521737277507782,0.42046916484832764,0.5852822065353394,0.4524008631706238,0.6247528791427612,0.4951718747615814,0.6285645961761475,0.4723089039325714,0.6059062480926514,0.42233359813690186,0.670179009437561,0.4568520784378052,0.6947521567344666,0.496165931224823,0.6877244710922241,0.4747326672077179,0.7016823291778564,0.4347860813140869,0.7411105632781982,0.46975159645080566,0.757292628288269,0.5066458582878113,0.7500030398368835,0.48748448491096497,0.7946898937225342,0.45764780044555664,0.807712197303772,0.4907945692539215,0.814252495765686,0.5194293856620789,0.8053880333900452
0.7192107439041138,0.7541165947914124,0.6828258633613586,0.625097393989563,0.612130880355835,0.5042505264282227,0.5571669340133667,0.4004400372505188,0.5513089895248413,0.3017966151237488,0.4883328676223755,0.5228347182273865,0.42535489797592163,0.5796834826469421,0.45409807562828064,0.6222573518753052,0.49481400847435,0.6298971176147461,0.4731765687465668,0.6059358716011047,0.4229673147201538,0.6671945452690125,0.4562040865421295,0.6938788890838623,0.4954147934913635,0.6890448927879333,0.47407054901123047,0.701238214969635,0.43395504355430603,0.7404807806015015,0.46947938203811646,0.7575131058692932,0.5068016648292542,0.7512220144271851,0.486470103263855,0.7944878339767456,0.4569767117500305,0.8087213039398193,0.4906010329723358,0.8157630562782288,0.5192005634307861,0.8068183660507202
0.7418173551559448,0.7055568099021912,0.7055454254150391,0.5698654651641846,0.6407046914100647,0.47121602296829224,0.5791789293289185,0.4178270697593689,0.5532904863357544,0.3964044749736786,0.5262348651885986,0.4589468836784363,0.4598206579685211,0.5008450746536255,0.47078707814216614,0.5463505983352661,0.49651139974594116,0.5651509761810303,0.5020061135292053,0.5323612093925476,0.45213329792022705,0.5942351818084717,0.476650595664978,0.6263722777366638,0.5072780251502991,0.6255499720573425,0.49557262659072876,0.6202845573425293,0.4556165933609009,0.668626606464386,0.4863244593143463,0.6897754669189453,0.5188214778900146,0.688782811164856,0.5009196400642395,0.70906662940979,0.4669986367225647,0.7316730618476868,0.49976325035095215,0.7438970804214478,0.5308212041854858,0.7410528063774109
0.7229357957839966,0.7083336114883423,0.6846387982368469,0.5782790184020996,0.6183820366859436,0.48867255449295044,0.5457666516304016,0.47071582078933716,0.5031760334968567,0.5153829455375671,0.5154153108596802,0.46513283252716064,0.4470319449901581,0.5035494565963745,0.46154463291168213,0.5480499267578125,0.49151450395584106,0.5667197108268738,0.48839816451072693,0.5393035411834717,0.43452751636505127,0.5955453515052795,0.46028876304626465,0.6332349181175232,0.49376609921455383,0.6379335522651672,0.47994038462638855,0.6280742883682251,0.4420660138130188,0.6746390461921692,0.47210580110549927,0.6990404725074768,0.5045694708824158,0.6986098885536194,0.48445117473602295,0.718232274055481,0.4554934799671173,0.7384361028671265,0.4861374795436859,0.752997100353241,0.5155986547470093,0.7531293630599976
0.7077618837356567,0.7098962068557739,0.6698247194290161,0.5762576460838318,0.6036710739135742,0.4852742850780487,0.533776581287384,0.47152507305145264,0.49296483397483826,0.5198976993560791,0.49953949451446533,0.46296435594558716,0.4339458644390106,0.500489354133606,0.44675761461257935,0.544126033782959,0.47585007548332214,0.5661298632621765,0.4736595153808594,0.5395364761352539,0.42152202129364014,0.5951403975486755,0.4471975564956665,0.628506064414978,0.48059940338134766,0.6325255632400513,0.4650387465953827,0.6294293999671936,0.4277957081794739,0.6736897826194763,0.4583752751350403,0.693737268447876,0.4911903738975525,0.6927607655525208,0.46918320655822754,0.7200142741203308,0.4416092038154602,0.7391906380653381,0.4727763831615448,0.7507107257843018,0.5012959837913513,0.7473433017730713
0.6866995096206665,0.7028168439865112,0.6475667953491211,0.5634023547172546,0.5833272337913513,0.47772806882858276,0.5172609686851501,0.45536330342292786,0.47655224800109863,0.4916943311691284,0.4845426678657532,0.4672403633594513,0.41832953691482544,0.488231897354126,0.4281735420227051,0.5317784547805786,0.45685118436813354,0.5589812994003296,0.4561256766319275,0.5462143421173096,0.4068063199520111,0.5806841850280762,0.4306379556655884,0.6128111481666565,0.46557724475860596,0.6229116320610046,0.4457738995552063,0.6365125775337219,0.4142424464225769,0.6647745966911316,0.4428409934043884,0.6817909479141235,0.47672316431999207,0.6842080354690552,0.44903498888015747,0.7240108251571655,0.42703890800476074,0.7305378317832947,0.4549592137336731,0.7394750714302063,0.4832392930984497,0.7374892234802246
0.6560284495353699,0.6934179067611694,0.6182538866996765,0.5581189393997192,0.5502211451530457,0.4680154323577881,0.4743186831474304,0.45493704080581665,0.42733141779899597,0.505664587020874,0.4443894624710083,0.4600963592529297,0.37627023458480835,0.5095239877700806,0.40176430344581604,0.5443905591964722,0.44116702675819397,0.555372416973114,0.4214344024658203,0.541890025138855,0.37215811014175415,0.5899171233177185,0.4038054347038269,0.6143668293952942,0.4423856735229492,0.6168868541717529,0.4165996313095093,0.6326520442962646,0.3820112347602844,0.6666172742843628,0.41332218050956726,0.6805050373077393,0.4480295181274414,0.6794261336326599,0.42457160353660583,0.7223565578460693,0.39894741773605347,0.7305210828781128,0.42983776330947876,0.7394485473632812,0.4579317271709442,0.7380121946334839
0.6359948515892029,0.6916325092315674,0.6036972999572754,0.5519444942474365,0.5492894649505615,0.4605492949485779,0.4853767156600952,0.44667407870292664,0.44901642203330994,0.48890018463134766,0.4204164445400238,0.4545027017593384,0.36657795310020447,0.5047473907470703,0.39631420373916626,0.5403652191162109,0.4357149302959442,0.552563488483429,0.3934984505176544,0.536702573299408,0.3554419279098511,0.5833103656768799,0.38927385210990906,0.610282301902771,0.4292098581790924,0.6150184273719788,0.3892104923725128,0.6275059580802917,0.35917311906814575,0.6597691178321838,0.3934844434261322,0.6782633066177368,0.4295094311237335,0.679763674736023,0.4013592600822449,0.7174658179283142,0.37696021795272827,0.7280139923095703,0.41027212142944336,0.7381643652915955,0.440097451210022,0.7376798987388611
0.580669641494751,0.6926286220550537,0.5470023155212402,0.5537646412849426,0.4885179102420807,0.43974828720092773,0.4422142505645752,0.3499240279197693,0.42501401901245117,0.27423161268234253,0.35505929589271545,0.46671777963638306,0.3248679041862488,0.5283068418502808,0.36044204235076904,0.5558751225471497,0.4001201391220093,0.5632628202438354,0.33298495411872864,0.5542652606964111,0.31371212005615234,0.6023358702659607,0.3477015793323517,0.6226308941841125,0.3870997428894043,0.6269106864929199,0.3317885398864746,0.6488724946975708,0.319067120552063,0.6756883859634399,0.35012736916542053,0.6881040334701538,0.38653257489204407,0.6899313926696777,0.3424519896507263,0.7382786273956299,0.3322587311267853,0.7446342706680298,0.3651626706123352,0.7491028308868408,0.3938208222389221,0.7481264472007751
0.560174822807312,0.7129440307617188,0.529358983039856,0.574373185634613,0.4766097366809845,0.47916579246520996,0.4185877740383148,0.4529270529747009,0.384124219417572,0.47999629378318787,0.336922824382782,0.48228755593299866,0.31312236189842224,0.5164517164230347,0.3453751504421234,0.5426371097564697,0.38367411494255066,0.5551236867904663,0.30558812618255615,0.565095841884613,0.30046775937080383,0.5972434878349304,0.3331678509712219,0.6179484724998474,0.37205106019973755,0.6262368559837341,0.29890334606170654,0.657628059387207,0.3032256066799164,0.6755625605583191,0.3340368866920471,0.6855853796005249,0.36893928050994873,0.6893727779388428,0.3066778779029846,0.74735426902771,0.31340885162353516,0.7497913837432861,0.3467693328857422,0.751546323299408,0.3757021725177765,0.7541183829307556
0.5447728633880615,0.7030425071716309,0.5206452012062073,0.5678226947784424,0.46561184525489807,0.4649544060230255,0.4085368812084198,0.41714709997177124,0.3781900107860565,0.40843766927719116,0.3268166780471802,0.485668420791626,0.3126225471496582,0.5246368050575256,0.34744328260421753,0.5492275953292847,0.38178256154060364,0.5620060563087463,0.3002755641937256,0.5692794322967529,0.3034146726131439,0.6020427942276001,0.3368164002895355,0.6186419129371643,0.37136566638946533,0.6261324882507324,0.29785650968551636,0.6605308055877686,0.3024560809135437,0.6772595643997192,0.3336184024810791,0.6858607530593872,0.3672116696834564,0.6908348798751831,0.30894386768341064,0.7475767135620117,0.31334519386291504,0.7503691911697388,0.3455498218536377,0.7518219947814941,0.37201830744743347,0.7530773282051086
0.5137593150138855,0.710135817527771,0.49039697647094727,0.5809224843978882,0.43238258361816406,0.4745105504989624,0.38473737239837646,0.3838060796260834,0.3659307360649109,0.30390989780426025,0.2978951632976532,0.4951059818267822,0.3049434423446655,0.5241847038269043,0.3419579863548279,0.5535614490509033,0.3715935945510864,0.5749096274375916,0.2710728049278259,0.5777279138565063,0.28171831369400024,0.6033223867416382,0.31667768955230713,0.6211658120155334,0.34946370124816895,0.6315265893936157,0.2692890763282776,0.6708616614341736,0.28488847613334656,0.6811762452125549,0.3175952434539795,0.690387487411499,0.34892624616622925,0.6970193386077881,0.2827948331832886,0.7567356824874878,0.297237753868103,0.75456702709198,0.3288499116897583,0.7528063058853149,0.3520471751689911,0.7531609535217285
0.49241745471954346,0.7250185608863831,0.4645589590072632,0.5849939584732056,0.3912099301815033,0.46779680252075195,0.33191001415252686,0.3754456043243408,0.3173162639141083,0.27752256393432617,0.25983378291130066,0.5114436745643616,0.2808436453342438,0.5496938824653625,0.3282009959220886,0.5790421366691589,0.35904303193092346,0.5998721718788147,0.23477981984615326,0.599220871925354,0.264756441116333,0.6345098614692688,0.3068614900112152,0.6486070156097412,0.33739611506462097,0.6582475900650024,0.23188476264476776,0.6942156553268433,0.25855904817581177,0.7110954523086548,0.2955569922924042,0.7166711688041687,0.3248545527458191,0.7212820649147034,0.24013446271419525,0.7830537557601929,0.2572515606880188,0.7889748811721802,0.2942604124546051,0.7849434614181519,0.32020020484924316,0.7844809293746948
0.48163729906082153,0.7161410450935364,0.45143720507621765,0.5812374949455261,0.3760198950767517,0.469849169254303,0.3144325315952301,0.382546067237854,0.3068963587284088,0.2836949825286865,0.23696795105934143,0.5422579646110535,0.23200584948062897,0.5933785438537598,0.2804419696331024,0.6137022376060486,0.3240935504436493,0.6216622591018677,0.22103142738342285,0.6316071152687073,0.2341134250164032,0.6692247986793518,0.27812543511390686,0.6774036288261414,0.3169914782047272,0.6790259480476379,0.2254132330417633,0.7200026512145996,0.23581752181053162,0.735153079032898,0.2708800137042999,0.7377232313156128,0.30460792779922485,0.736583411693573,0.23822364211082458,0.8002128601074219,0.24082987010478973,0.8019540309906006,0.27551883459091187,0.7994916439056396,0.3035409152507782,0.7968817949295044
0.48587167263031006,0.7211147546768188,0.45886343717575073,0.5880910158157349,0.3879261016845703,0.47137147188186646,0.3225112557411194,0.3808192312717438,0.3067721426486969,0.28784701228141785,0.24908113479614258,0.5287860631942749,0.21453288197517395,0.6019178032875061,0.2556551694869995,0.6308274269104004,0.29774048924446106,0.637269914150238,0.22865590453147888,0.6184642314910889,0.21590688824653625,0.6759366989135742,0.2560313940048218,0.6904929876327515,0.29723048210144043,0.6920689344406128,0.22824960947036743,0.7087266445159912,0.21408310532569885,0.7419085502624512,0.24344240128993988,0.7496514916419983,0.27867037057876587,0.750596821308136,0.23638269305229187,0.7909641861915588,0.2205914556980133,0.8075142502784729,0.2466878443956375,0.809314489364624,0.2730361819267273,0.8075051307678223
0.4900946021080017,0.7267657518386841,0.4576004147529602,0.5907491445541382,0.3866659998893738,0.47521543502807617,0.3190116584300995,0.3861008882522583,0.3056681454181671,0.29270923137664795,0.23604246973991394,0.5447461605072021,0.20273305475711823,0.5935590863227844,0.2417178750038147,0.624387800693512,0.2771505117416382,0.640224039554596,0.21745803952217102,0.6344290375709534,0.2044152021408081,0.670838475227356,0.24319377541542053,0.682395339012146,0.28175681829452515,0.6876338124275208,0.2198438048362732,0.7220345139503479,0.20140856504440308,0.7384995818138123,0.23053902387619019,0.7428317070007324,0.26532307267189026,0.7440746426582336,0.23001456260681152,0.8013084530830383,0.20829811692237854,0.806853175163269,0.23118233680725098,0.807162880897522,0.2558917999267578,0.8055071234703064
0.48334503173828125,0.7305107116699219,0.4572306275367737,0.5977504849433899,0.38323694467544556,0.47978049516677856,0.3140014111995697,0.38870590925216675,0.30292606353759766,0.28993159532546997,0.24347832798957825,0.5308350324630737,0.20020297169685364,0.6077958345413208,0.23937800526618958,0.6458600759506226,0.2844826579093933,0.656254768371582,0.21867817640304565,0.6202442646026611,0.21072152256965637,0.6874696612358093,0.2511625289916992,0.7043617367744446,0.293552041053772,0.703648030757904,0.21584045886993408,0.7121004462242126,0.21069064736366272,0.7529382109642029,0.24055033922195435,0.7630380392074585,0.27654606103897095,0.7611075639724731,0.22124803066253662,0.7985973954200745,0.21602773666381836,0.8242557644844055,0.24432912468910217,0.8286715745925903,0.2705915570259094,0.8250637054443359
0.49012047052383423,0.7320676445960999,0.4563039243221283,0.593741238117218,0.38806307315826416,0.47667282819747925,0.3288256525993347,0.3828747570514679,0.31239423155784607,0.2897169291973114,0.2530058026313782,0.5264236330986023,0.24530458450317383,0.5933514833450317,0.2893875241279602,0.6174942851066589,0.32921817898750305,0.6217730045318604,0.23100809752941132,0.618649423122406,0.23884518444538116,0.6739516258239746,0.27964264154434204,0.6892262697219849,0.3191557824611664,0.6897510886192322,0.22965660691261292,0.7128583192825317,0.2370162010192871,0.7452913522720337,0.2704712748527527,0.7517597079277039,0.30628344416618347,0.7501128315925598,0.2369758039712906,0.799194872379303,0.24186187982559204,0.8188291192054749,0.2768612504005432,0.8202211856842041,0.30751505494117737,0.8170826435089111
0.500999927520752,0.7274966835975647,0.4685434103012085,0.5898311138153076,0.40118154883384705,0.47274893522262573,0.337493360042572,0.38099491596221924,0.3215668797492981,0.2933585047721863,0.2594095766544342,0.5467327833175659,0.19984965026378632,0.6217689514160156,0.2139481008052826,0.6636701822280884,0.23718208074569702,0.6792903542518616,0.24033652245998383,0.6349992156028748,0.22212031483650208,0.6997036337852478,0.25836822390556335,0.7127441763877869,0.29849129915237427,0.7096216678619385,0.2437385618686676,0.7229568362236023,0.23185810446739197,0.7620774507522583,0.25889500975608826,0.768713653087616,0.2941364049911499,0.7670103907585144,0.2536539137363434,0.8029557466506958,0.2444547861814499,0.8235189914703369,0.2726143002510071,0.8255830407142639,0.3016531765460968,0.8212199807167053
0.5148236751556396,0.7341662645339966,0.4844568967819214,0.592966616153717,0.41636842489242554,0.4747806787490845,0.3525339961051941,0.38492268323898315,0.33541935682296753,0.2969619035720825,0.2697910964488983,0.5315122604370117,0.2540016770362854,0.5994818210601807,0.29917165637016296,0.6237933039665222,0.3390626311302185,0.6272625923156738,0.25189951062202454,0.6279263496398926,0.252010703086853,0.6813561320304871,0.2943481504917145,0.6960786581039429,0.33375564217567444,0.6954925656318665,0.2538982033729553,0.7233967781066895,0.2538785934448242,0.7544714212417603,0.2879410982131958,0.7590779662132263,0.32393622398376465,0.7563568353652954,0.2640300989151001,0.811353325843811,0.2608317732810974,0.8265730738639832,0.2953198254108429,0.8261019587516785,0.32569214701652527,0.82082200050354
0.5146645307540894,0.7401195764541626,0.4846218526363373,0.596808671951294,0.41556987166404724,0.47833412885665894,0.35201185941696167,0.3861193060874939,0.3412255346775055,0.29355254769325256,0.2730363607406616,0.5371691584587097,0.24192467331886292,0.6054223775863647,0.28718239068984985,0.6278460025787354,0.3320971131324768,0.6311793923377991,0.25642096996307373,0.630193829536438,0.25131261348724365,0.6797859072685242,0.2954142689704895,0.6885210275650024,0.33872711658477783,0.6877179145812988,0.25946080684661865,0.7220847606658936,0.2622789740562439,0.7500497102737427,0.29678013920783997,0.7527811527252197,0.3349621891975403,0.7512648105621338,0.26888394355773926,0.8076148629188538,0.2696583569049835,0.8209347724914551,0.30452749133110046,0.8207099437713623,0.3358408510684967,0.8172551393508911
0.5263261198997498,0.7425230741500854,0.4875309467315674,0.602495551109314,0.4217683672904968,0.4880221486091614,0.3647556006908417,0.3939792513847351,0.34886065125465393,0.30199146270751953,0.27591073513031006,0.559175968170166,0.27805647253990173,0.5965617895126343,0.3246347904205322,0.6160380244255066,0.3625788688659668,0.6280052661895752,0.25969842076301575,0.6519185900688171,0.27556824684143066,0.6788315773010254,0.31763675808906555,0.6885420083999634,0.35351577401161194,0.6931866407394409,0.2657812535762787,0.7439006567001343,0.28583988547325134,0.7550430297851562,0.3193374574184418,0.7584097981452942,0.3514012396335602,0.7621266841888428,0.2817886173725128,0.8286524415016174,0.2956615686416626,0.8302234411239624,0.32846441864967346,0.8272402286529541,0.3541804254055023,0.8267452120780945
0.5456065535545349,0.7512485384941101,0.5044555068016052,0.616995632648468,0.4326249957084656,0.5037886500358582,0.37148919701576233,0.4107539653778076,0.3582710325717926,0.3131342828273773,0.28835952281951904,0.5613541007041931,0.2611401677131653,0.6193901300430298,0.30625075101852417,0.6411007046699524,0.35063448548316956,0.6438760161399841,0.2732585668563843,0.6538857221603394,0.27109789848327637,0.7018519043922424,0.31396719813346863,0.7107291221618652,0.35489505529403687,0.7058767676353455,0.27886515855789185,0.7482255697250366,0.285443514585495,0.7729518413543701,0.320233553647995,0.776228666305542,0.35682788491249084,0.7718037366867065,0.29181069135665894,0.8354347944259644,0.29646220803260803,0.8449280261993408,0.33092474937438965,0.843847930431366,0.35893702507019043,0.8390323519706726
0.5474391579627991,0.7546241879463196,0.5121559500694275,0.6269199252128601,0.44191351532936096,0.5163701772689819,0.3820997178554535,0.42178887128829956,0.370176762342453,0.3256371319293976,0.3001706004142761,0.5750255584716797,0.2431917041540146,0.6327930688858032,0.28485971689224243,0.6574878692626953,0.33120742440223694,0.6550957560539246,0.28769421577453613,0.6660084128379822,0.27424144744873047,0.7254195213317871,0.31801384687423706,0.7347456812858582,0.3563902974128723,0.724794864654541,0.29489684104919434,0.7591369152069092,0.2973528206348419,0.7947121858596802,0.33067217469215393,0.7971327900886536,0.3638213276863098,0.7891790866851807,0.30689775943756104,0.843661904335022,0.30986273288726807,0.8616143465042114,0.3446285128593445,0.8618820905685425,0.37223029136657715,0.8544515371322632
0.5629001259803772,0.8173041939735413,0.5346693992614746,0.688271164894104,0.4649096131324768,0.5657256841659546,0.4063112139701843,0.46427926421165466,0.390018492937088,0.3673224151134491,0.33200058341026306,0.5897793769836426,0.30353841185569763,0.6479480862617493,0.34638622403144836,0.672149121761322,0.3899763524532318,0.6735916137695312,0.31073495745658875,0.6838535070419312,0.31171807646751404,0.7416688799858093,0.354070782661438,0.7564519047737122,0.38943085074424744,0.7565286159515381,0.30946749448776245,0.7818574905395508,0.32182204723358154,0.8199325799942017,0.3542950451374054,0.8267807364463806,0.38378024101257324,0.8277122378349304,0.31679806113243103,0.8747823238372803,0.32775768637657166,0.8942070603370667,0.36003515124320984,0.8987557888031006,0.3832002282142639,0.900747537612915
0.5615403652191162,0.8177562952041626,0.5395810604095459,0.6913995146751404,0.4744308888912201,0.5671254396438599,0.41412726044654846,0.46814727783203125,0.39273831248283386,0.37386196851730347,0.33595332503318787,0.5995990037918091,0.33717846870422363,0.6092255115509033,0.38172197341918945,0.6371490955352783,0.41807276010513306,0.6594035029411316,0.3137921094894409,0.6846202611923218,0.3279210329055786,0.702498733997345,0.3679451048374176,0.721803605556488,0.3995693325996399,0.7355118989944458,0.3097224831581116,0.7719194293022156,0.3265931308269501,0.778692364692688,0.3590181767940521,0.7886019945144653,0.38757893443107605,0.8010832667350769,0.31333595514297485,0.8541028499603271,0.3271305561065674,0.8500443696975708,0.36006954312324524,0.8561902642250061,0.38251250982284546,0.8657857775688171
0.5653018355369568,0.8116255402565002,0.5412685871124268,0.6907024383544922,0.47239476442337036,0.5767049789428711,0.4127669930458069,0.48638975620269775,0.3981829583644867,0.3898146152496338,0.3505389392375946,0.6113809943199158,0.3494850993156433,0.6100226044654846,0.3915730118751526,0.6391539573669434,0.4279552102088928,0.6614542007446289,0.327879935503006,0.6927394866943359,0.33739638328552246,0.7034363746643066,0.3773126006126404,0.7231985330581665,0.408424437046051,0.7338473796844482,0.32345113158226013,0.7789311408996582,0.3416144847869873,0.7832261919975281,0.37357860803604126,0.7965268492698669,0.39811035990715027,0.8056784868240356,0.32744669914245605,0.8607434034347534,0.3445967137813568,0.8599650263786316,0.3758431673049927,0.8658881783485413,0.39328962564468384,0.8713287711143494
0.5699176788330078,0.8112874627113342,0.5496254563331604,0.6928970217704773,0.4857707619667053,0.5816601514816284,0.4317653477191925,0.48949384689331055,0.4099942743778229,0.39886149764060974,0.36046916246414185,0.617526113986969,0.3504123091697693,0.662836492061615,0.3880038559436798,0.6895366311073303,0.4285045862197876,0.6994443535804749,0.33977270126342773,0.6997280716896057,0.3473823368549347,0.7492201924324036,0.3859694004058838,0.7641429901123047,0.4216262102127075,0.7635202407836914,0.33800649642944336,0.7870140075683594,0.35038793087005615,0.8189235329627991,0.3824426531791687,0.8284217119216919,0.4127235412597656,0.8276500701904297,0.3442264199256897,0.8688087463378906,0.35301482677459717,0.8860690593719482,0.3857573866844177,0.8909367322921753,0.4091520309448242,0.8896412253379822
0.5820544958114624,0.8456891179084778,0.5686700344085693,0.7202759981155396,0.5114237070083618,0.6013320088386536,0.452112078666687,0.509663462638855,0.42884185910224915,0.4182174801826477,0.3885022699832916,0.625464677810669,0.3671339154243469,0.6497971415519714,0.3991211950778961,0.6856650710105896,0.439632773399353,0.70328688621521,0.36218661069869995,0.7054165005683899,0.3564746379852295,0.7456108927726746,0.39262154698371887,0.7685451507568359,0.4279967248439789,0.7734419107437134,0.3542235791683197,0.7931300401687622,0.3593704402446747,0.8215479850769043,0.3907916843891144,0.8342336416244507,0.4212401509284973,0.836815357208252,0.35612908005714417,0.8763641119003296,0.36232396960258484,0.8938412070274353,0.3939659893512726,0.9003593325614929,0.4177950918674469,0.9001176953315735
0.6133308410644531,0.8209760785102844,0.5911797285079956,0.7040359973907471,0.5275423526763916,0.5899325609207153,0.47176021337509155,0.49779802560806274,0.45269542932510376,0.4097139239311218,0.40293189883232117,0.6256417632102966,0.3684350848197937,0.67924565076828,0.40046757459640503,0.7071581482887268,0.44265836477279663,0.7135033011436462,0.3838008642196655,0.703869104385376,0.36522242426872253,0.7616065740585327,0.40081751346588135,0.7766987681388855,0.4399263560771942,0.773591160774231,0.3807593286037445,0.7889828681945801,0.373853474855423,0.8280487060546875,0.40608131885528564,0.8345773220062256,0.4405042231082916,0.8289685845375061,0.38580191135406494,0.8691009283065796,0.3838280737400055,0.8924051523208618,0.41819697618484497,0.8947259187698364,0.4462238550186157,0.8866052627563477
0.6327448487281799,0.8337312340736389,0.6109806299209595,0.7138672471046448,0.5544577836990356,0.5954399704933167,0.4957254230976105,0.5052326917648315,0.4702983796596527,0.4273195266723633,0.44507429003715515,0.6281049251556396,0.3859313130378723,0.6365512013435364,0.3944787383079529,0.6818840503692627,0.4237907826900482,0.7129203081130981,0.42033565044403076,0.7051629424095154,0.37991616129875183,0.7360763549804688,0.40174856781959534,0.7662495374679565,0.43166351318359375,0.7777566909790039,0.4122695326805115,0.7890031933784485,0.38641247153282166,0.8152720332145691,0.41160252690315247,0.8317016363143921,0.4431537985801697,0.8368103504180908,0.4139057695865631,0.8685424327850342,0.39479759335517883,0.884337306022644,0.4181534945964813,0.8930925130844116,0.44254758954048157,0.8899587392807007
0.6711409687995911,0.8009015321731567,0.6406983137130737,0.6877914667129517,0.5717884302139282,0.577293872833252,0.5128803849220276,0.49154821038246155,0.4865826964378357,0.41900834441185,0.46682557463645935,0.6185147762298584,0.4106733798980713,0.6419271230697632,0.4175763428211212,0.6887136697769165,0.44679611921310425,0.7207359671592712,0.4449392259120941,0.6986764669418335,0.4100506901741028,0.7503151297569275,0.4346578121185303,0.7805612683296204,0.46716395020484924,0.7877675890922546,0.4397735893726349,0.7870265245437622,0.419780433177948,0.8344212770462036,0.44739454984664917,0.8502359986305237,0.4813886880874634,0.8511271476745605,0.4437929391860962,0.8714183568954468,0.43037915229797363,0.9093181490898132,0.457805871963501,0.9198780059814453,0.48459625244140625,0.9136394262313843
0.7072045803070068,0.807677149772644,0.675105631351471,0.6916283965110779,0.6039544939994812,0.5810967087745667,0.5503593683242798,0.5059065818786621,0.5269461274147034,0.4508087635040283,0.5030550956726074,0.598615825176239,0.42922136187553406,0.6206150054931641,0.42859140038490295,0.6742416620254517,0.4562240242958069,0.7090227603912354,0.4767896831035614,0.6787724494934082,0.424271821975708,0.7268136739730835,0.44955649971961975,0.7632735967636108,0.48507359623908997,0.7737149596214294,0.46964889764785767,0.768538773059845,0.4381224513053894,0.8179765939712524,0.46625348925590515,0.8404872417449951,0.4997381567955017,0.8450718522071838,0.47497135400772095,0.8552824854850769,0.4571540355682373,0.897754430770874,0.4838578999042511,0.9110857248306274,0.510215163230896,0.9058399200439453
0.7554738521575928,0.7554566264152527,0.7172433137893677,0.6352030634880066,0.6459831595420837,0.5589957237243652,0.5722671747207642,0.5469267964363098,0.5296215415000916,0.5923924446105957,0.5529327392578125,0.5398262739181519,0.4781007170677185,0.5584044456481934,0.4708165228366852,0.6071025133132935,0.4889563024044037,0.6403458714485168,0.5264332890510559,0.619924783706665,0.4618609547615051,0.6655920147895813,0.48113882541656494,0.7029196619987488,0.5132657885551453,0.711266279220581,0.5178602337837219,0.7113920450210571,0.4739533066749573,0.7483081221580505,0.5015913844108582,0.7679945230484009,0.5334000587463379,0.7676199078559875,0.5239455103874207,0.7991347908973694,0.49446752667427063,0.8167332410812378,0.5222643613815308,0.8267866969108582,0.5504105687141418,0.8216949105262756
0.7664070725440979,0.735146164894104,0.7175067663192749,0.612163245677948,0.6464147567749023,0.5093969106674194,0.5989792943000793,0.4197305738925934,0.5873516798019409,0.34347960352897644,0.5434615015983582,0.5206752419471741,0.4790622293949127,0.5686110854148865,0.5037400126457214,0.6074432134628296,0.5419966578483582,0.6134257316589355,0.531391441822052,0.5998612642288208,0.4776361882686615,0.6554455757141113,0.5090205669403076,0.6851716637611389,0.5467199087142944,0.6784791350364685,0.5339615941047668,0.6900048851966858,0.48702532052993774,0.7317858934402466,0.5181440114974976,0.7514131665229797,0.5530214905738831,0.7441235780715942,0.5467919707298279,0.7766637206077576,0.5060163140296936,0.7942934632301331,0.5369904041290283,0.8055702447891235,0.5676676034927368,0.7985337972640991
0.7818365097045898,0.7269386649131775,0.7469302415847778,0.6037297248840332,0.6779537200927734,0.512554943561554,0.6100651621818542,0.4840211868286133,0.5704962015151978,0.515992283821106,0.5688936710357666,0.5045610666275024,0.49410557746887207,0.5487404465675354,0.5104799270629883,0.5881903767585754,0.5438082218170166,0.5993615984916687,0.5508653521537781,0.5772327780723572,0.4883297085762024,0.6343477964401245,0.514763355255127,0.6672442555427551,0.5486583113670349,0.6665377616882324,0.5472491383552551,0.6623292565345764,0.49347609281539917,0.7112588882446289,0.522637128829956,0.7345508337020874,0.5554441809654236,0.7311553359031677,0.5544987320899963,0.7498742341995239,0.5079212188720703,0.7743479609489441,0.536052942276001,0.7873028516769409,0.5666032433509827,0.7836346626281738
0.7903568148612976,0.7231968641281128,0.7476124167442322,0.595620334148407,0.6774131059646606,0.49471908807754517,0.628974199295044,0.41784462332725525,0.6215871572494507,0.36261364817619324,0.5763550400733948,0.48401308059692383,0.4976653754711151,0.537238359451294,0.5200189352035522,0.5793160200119019,0.5552701950073242,0.5834821462631226,0.5610396862030029,0.5574049949645996,0.49668973684310913,0.6242186427116394,0.5230791568756104,0.6583120822906494,0.5577207803726196,0.6522974371910095,0.5586565136909485,0.6443175077438354,0.5021806359291077,0.7000209093093872,0.529282808303833,0.726071298122406,0.5621460676193237,0.7232458591461182,0.5657375454902649,0.733015775680542,0.520288348197937,0.7677469849586487,0.5477858781814575,0.7824353575706482,0.5764936804771423,0.7764696478843689
0.7940753102302551,0.7173033952713013,0.7486579418182373,0.5915061831474304,0.6788486242294312,0.5041354894638062,0.612606406211853,0.47639891505241394,0.5746859312057495,0.49864116311073303,0.5771522521972656,0.48594510555267334,0.4988126754760742,0.5348814129829407,0.5202428698539734,0.571744441986084,0.5548559427261353,0.5788082480430603,0.5600571632385254,0.558827817440033,0.49728572368621826,0.6204612255096436,0.5251915454864502,0.6502234935760498,0.559785008430481,0.6476566791534424,0.5568638443946838,0.6450104117393494,0.5036108493804932,0.6965988874435425,0.5339710712432861,0.7180991172790527,0.56767737865448,0.7147931456565857,0.5638669729232788,0.7343955636024475,0.5194517374038696,0.762044370174408,0.5499357581138611,0.7754587531089783,0.5813082456588745,0.7734863758087158
0.7984876036643982,0.702311635017395,0.747944712638855,0.5743181705474854,0.6791908144950867,0.47583216428756714,0.6292656660079956,0.4013667702674866,0.6187306642532349,0.3484715223312378,0.5809308290481567,0.4682502746582031,0.5036011934280396,0.521732747554779,0.529905378818512,0.5609135031700134,0.5655812621116638,0.5639246106147766,0.567314088344574,0.542911946773529,0.5037139058113098,0.608469545841217,0.5326557755470276,0.6392236351966858,0.5682306289672852,0.6325436234474182,0.5663783550262451,0.6305077075958252,0.5091737508773804,0.6837449073791504,0.5385680198669434,0.7076584696769714,0.5732138156890869,0.7048217058181763,0.5742281079292297,0.7202526926994324,0.5259159803390503,0.7513811588287354,0.5554436445236206,0.7651359438896179,0.5864289999008179,0.761355996131897
0.8009731769561768,0.6859641075134277,0.7496265769004822,0.5595594048500061,0.6776337623596191,0.44821932911872864,0.6343576908111572,0.3516381084918976,0.6346369385719299,0.26220402121543884,0.582844614982605,0.45387911796569824,0.5026064515113831,0.5161862969398499,0.5333374738693237,0.5512299537658691,0.5720036625862122,0.5488945841789246,0.5729770064353943,0.5295262336730957,0.5082830786705017,0.599371612071991,0.5408920049667358,0.6254963874816895,0.5768761038780212,0.6147419214248657,0.5732933878898621,0.61739581823349,0.5173354744911194,0.6715566515922546,0.548551082611084,0.6905969381332397,0.5844160318374634,0.6829645037651062,0.5787269473075867,0.7066303491592407,0.5339484214782715,0.7395084500312805,0.5652185082435608,0.7490031719207764,0.596713662147522,0.7417005300521851
0.7962528467178345,0.6606334447860718,0.7470813393592834,0.5342979431152344,0.6786724925041199,0.4255536198616028,0.6334608793258667,0.3351873755455017,0.6326978802680969,0.2507307231426239,0.5807102918624878,0.4357824921607971,0.5015706419944763,0.4939405620098114,0.5347234010696411,0.5205989480018616,0.5722049474716187,0.5141751170158386,0.573539137840271,0.5100956559181213,0.5070720911026001,0.5736692547798157,0.5419279336929321,0.593339741230011,0.5771483182907104,0.5793250203132629,0.5768419504165649,0.5934027433395386,0.5207290649414062,0.6405900716781616,0.5549962520599365,0.6524433493614197,0.5901784896850586,0.6409953832626343,0.5865863561630249,0.6769790649414062,0.5454950332641602,0.6991531252861023,0.5783477425575256,0.7042140960693359,0.6089568138122559,0.6970983147621155
0.7984177470207214,0.6636146306991577,0.7481939196586609,0.5340636372566223,0.6764553189277649,0.42501765489578247,0.6273738145828247,0.32881224155426025,0.6338546872138977,0.2326376736164093,0.5806689858436584,0.4334312677383423,0.5013952851295471,0.49942928552627563,0.5346983671188354,0.53214031457901,0.5711669921875,0.5254480838775635,0.5739603042602539,0.5068668127059937,0.5072668194770813,0.5771700143814087,0.5417693853378296,0.598154604434967,0.576439380645752,0.5840734839439392,0.5779678821563721,0.5914548635482788,0.5201278328895569,0.6420336365699768,0.5546577572822571,0.6562105417251587,0.5887697339057922,0.6436879634857178,0.5886598825454712,0.6757878065109253,0.5423504710197449,0.6975247859954834,0.5766414999961853,0.7041991949081421,0.6086574792861938,0.6972196102142334
0.7920949459075928,0.6492478847503662,0.741653323173523,0.5196107029914856,0.6690303087234497,0.40910887718200684,0.6192705631256104,0.31560543179512024,0.6261931657791138,0.2215423882007599,0.5758079886436462,0.4246175289154053,0.49873411655426025,0.48676589131355286,0.5310963988304138,0.5182536244392395,0.5662428736686707,0.5109326839447021,0.5702788829803467,0.49778538942337036,0.50403892993927,0.5637674927711487,0.5392550826072693,0.5844767689704895,0.5740615725517273,0.5708060264587402,0.5753185749053955,0.581890881061554,0.5159196257591248,0.6290333271026611,0.5505902767181396,0.6433838605880737,0.5850656628608704,0.6307521462440491,0.5858463048934937,0.6659265756607056,0.5391408801078796,0.6868593692779541,0.5719359517097473,0.6923269629478455,0.6030663251876831,0.6843421459197998
0.7763170599937439,0.6294975280761719,0.726531982421875,0.500124454498291,0.6548725962638855,0.38914453983306885,0.6065874099731445,0.29679667949676514,0.609836995601654,0.2043251395225525,0.555966317653656,0.40917569398880005,0.48386842012405396,0.4733322262763977,0.5188736319541931,0.5030050277709961,0.5536782145500183,0.49480190873146057,0.5504208207130432,0.4830152690410614,0.4905815124511719,0.5500768423080444,0.5266172289848328,0.5695079565048218,0.5620095133781433,0.5556882619857788,0.5563006401062012,0.5678973197937012,0.5042533874511719,0.6139323115348816,0.5392376780509949,0.6274149417877197,0.5731531381607056,0.614578902721405,0.5683878660202026,0.6511878371238708,0.5274176597595215,0.6719753742218018,0.5610591769218445,0.6779456734657288,0.5912274122238159,0.6705459952354431
0.7823979258537292,0.6364595890045166,0.7338605523109436,0.5060259103775024,0.6645788550376892,0.39881691336631775,0.6167261004447937,0.30519381165504456,0.6163967847824097,0.2132098376750946,0.562236487865448,0.41089826822280884,0.48646557331085205,0.48041805624961853,0.5213185548782349,0.5130139589309692,0.556952178478241,0.5058616399765015,0.5542458295822144,0.48521843552589417,0.49287012219429016,0.5571632385253906,0.5281851887702942,0.579216480255127,0.5624644756317139,0.5643780827522278,0.5576888918876648,0.5709586143493652,0.5087772607803345,0.6219205260276794,0.5424906611442566,0.6369203329086304,0.574679970741272,0.6238163113594055,0.5680490732192993,0.6557836532592773,0.5276917815208435,0.6746143102645874,0.5623431205749512,0.6838022470474243,0.5928668975830078,0.6785789728164673
0.7738035917282104,0.6287579536437988,0.7241505980491638,0.4991885721683502,0.654159426689148,0.393169105052948,0.6053074598312378,0.30321046710014343,0.6064233779907227,0.21056276559829712,0.5496149659156799,0.4058798551559448,0.4751926362514496,0.4688289165496826,0.5068187117576599,0.5030908584594727,0.5423118472099304,0.49961763620376587,0.5404002070426941,0.4781549274921417,0.48339682817459106,0.551774799823761,0.518418550491333,0.5752730965614319,0.5531569719314575,0.5603708028793335,0.5441673398017883,0.5630174875259399,0.4964762330055237,0.6165361404418945,0.5302398204803467,0.6324015855789185,0.5638349056243896,0.6178674101829529,0.555823028087616,0.6478956341743469,0.5157899856567383,0.6748989224433899,0.5489234924316406,0.6810770630836487,0.5796567797660828,0.671395480632782
0.7565772533416748,0.6278164386749268,0.7033452391624451,0.5009180903434753,0.6324483752250671,0.394672155380249,0.5830101370811462,0.30493244528770447,0.5843868255615234,0.21106436848640442,0.5271146297454834,0.4061523377895355,0.4580233097076416,0.46827057003974915,0.48775357007980347,0.5083845257759094,0.5234163999557495,0.5105103850364685,0.5168682932853699,0.48016196489334106,0.46361851692199707,0.5560318231582642,0.49725502729415894,0.5855196118354797,0.5334233045578003,0.5748888254165649,0.5187254548072815,0.5686477422714233,0.47487959265708923,0.6267088055610657,0.5057264566421509,0.6482729911804199,0.5413877964019775,0.6364402770996094,0.5263383388519287,0.6567138433456421,0.48187100887298584,0.6915988922119141,0.508690595626831,0.7050794363021851,0.5384249687194824,0.6991475224494934
0.7599773406982422,0.6213595271110535,0.7059221863746643,0.49610820412635803,0.6339366436004639,0.3893187642097473,0.5867655277252197,0.2951810359954834,0.5871239900588989,0.20379194617271423,0.5226622819900513,0.4082474708557129,0.4575616121292114,0.47151434421539307,0.488618940114975,0.5073145031929016,0.5235395431518555,0.5057124495506287,0.5135304927825928,0.48217058181762695,0.46524378657341003,0.5527362823486328,0.4992521107196808,0.5772085785865784,0.5333971977233887,0.565658450126648,0.5192311406135559,0.5683716535568237,0.4761541187763214,0.619326114654541,0.50957190990448,0.6366323232650757,0.5449551343917847,0.6265281438827515,0.5320523977279663,0.6541880369186401,0.4929392337799072,0.6849062442779541,0.5248492956161499,0.6932172775268555,0.5555721521377563,0.6863314509391785
0.7444336414337158,0.6302338242530823,0.6930649280548096,0.4996544122695923,0.6275837421417236,0.3923081159591675,0.5787261128425598,0.2997387647628784,0.5726343393325806,0.20968779921531677,0.5139462351799011,0.41387739777565,0.45188263058662415,0.4729034900665283,0.4759923219680786,0.5153856873512268,0.5089020133018494,0.52310711145401,0.5014495849609375,0.4880572259426117,0.45325785875320435,0.5593884587287903,0.48465585708618164,0.5905452966690063,0.5182163119316101,0.5822034478187561,0.5042562484741211,0.5757433176040649,0.46642911434173584,0.6295662522315979,0.49735039472579956,0.6514824628829956,0.5305033326148987,0.6419498324394226,0.5148827433586121,0.6627339720726013,0.4765316843986511,0.6934198141098022,0.5058703422546387,0.7053202986717224,0.5354034304618835,0.6991909146308899
0.7225828170776367,0.6493891477584839,0.668877899646759,0.5258802175521851,0.6009202003479004,0.4480821490287781,0.5379371047019958,0.438097208738327,0.5018574595451355,0.48645415902137756,0.4972876310348511,0.43206843733787537,0.43076252937316895,0.4884856641292572,0.4458668828010559,0.5334013104438782,0.47369468212127686,0.548835813999176,0.47778189182281494,0.5046675801277161,0.42780059576034546,0.5782577991485596,0.4564219117164612,0.6140674352645874,0.48937058448791504,0.6119553446769714,0.47508805990219116,0.5934079885482788,0.44158703088760376,0.6514362692832947,0.47275733947753906,0.6748021841049194,0.504554033279419,0.6684521436691284,0.48252421617507935,0.6846253275871277,0.45171231031417847,0.713944673538208,0.4845961332321167,0.7271101474761963,0.5155296921730042,0.7232091426849365
0.7034450173377991,0.6589664220809937,0.654101550579071,0.5268844962120056,0.5877071619033813,0.4446428418159485,0.5311956405639648,0.4133387804031372,0.5053916573524475,0.42527422308921814,0.4744008779525757,0.4437093734741211,0.4097418785095215,0.5126092433929443,0.4351452589035034,0.5521949529647827,0.46887481212615967,0.5596436262130737,0.45919644832611084,0.521622896194458,0.4130870997905731,0.5978386402130127,0.44524291157722473,0.6268464922904968,0.4788687229156494,0.6211016774177551,0.46016910672187805,0.611854612827301,0.4283708930015564,0.6696314811706543,0.4593086242675781,0.6859623193740845,0.4904899597167969,0.6789462566375732,0.4708387851715088,0.7034471035003662,0.4402376115322113,0.7242394089698792,0.47248661518096924,0.7320827841758728,0.5013772249221802,0.7286475896835327
0.689281165599823,0.6567419767379761,0.6357778906822205,0.5296099185943604,0.5615191459655762,0.42602968215942383,0.518668532371521,0.33455783128738403,0.5076881647109985,0.25393959879875183,0.4517131447792053,0.4518393278121948,0.392736554145813,0.5404561758041382,0.4265262484550476,0.573689877986908,0.46304166316986084,0.5687262415885925,0.4441693425178528,0.5324034690856934,0.3988930583000183,0.618302047252655,0.4353553354740143,0.6402289271354675,0.47137850522994995,0.6260721683502197,0.45155370235443115,0.6228209137916565,0.4149314761161804,0.6867647171020508,0.4490966796875,0.6990624070167542,0.4833974838256836,0.6851264834403992,0.4672851264476776,0.7114549279212952,0.4408605396747589,0.7466679811477661,0.4760206341743469,0.7502870559692383,0.5050977468490601,0.7372833490371704
0.6905944347381592,0.668571412563324,0.6391476988792419,0.537350058555603,0.568836510181427,0.43288448452949524,0.5218963027000427,0.3424255847930908,0.5085131525993347,0.2645483911037445,0.4548645615577698,0.4563443660736084,0.39812546968460083,0.5347203612327576,0.42989036440849304,0.5704389214515686,0.4678264260292053,0.5703862309455872,0.44109269976615906,0.5346800088882446,0.4011802673339844,0.6142035126686096,0.43759098649024963,0.6392365097999573,0.4738180935382843,0.6276401281356812,0.44556909799575806,0.6251823306083679,0.41506168246269226,0.6840668320655823,0.4494902491569519,0.6979103088378906,0.4823578894138336,0.6856961846351624,0.46085017919540405,0.7150529623031616,0.4415327310562134,0.745437502861023,0.4773641526699066,0.7487015724182129,0.5049495697021484,0.7381108403205872
0.679394006729126,0.671502947807312,0.6293355822563171,0.5414530038833618,0.558223307132721,0.43801477551460266,0.509742796421051,0.350909948348999,0.49409255385398865,0.27690356969833374,0.44426846504211426,0.46448543667793274,0.38593804836273193,0.540901243686676,0.41945093870162964,0.5778377056121826,0.4574955105781555,0.5779216885566711,0.4328652024269104,0.5436462163925171,0.3917204737663269,0.6227394342422485,0.42895373702049255,0.6457927227020264,0.46598321199417114,0.6326783299446106,0.4380606412887573,0.6341429352760315,0.40665048360824585,0.6898332238197327,0.44055360555648804,0.7013357877731323,0.4739752411842346,0.6883646845817566,0.4534507095813751,0.723630964756012,0.43023234605789185,0.7486417293548584,0.4644818603992462,0.751815915107727,0.49251434206962585,0.7416869401931763
0.6695246696472168,0.680994987487793,0.6226921677589417,0.5497915744781494,0.5488011837005615,0.44998881220817566,0.4987562894821167,0.3665735721588135,0.4814299941062927,0.29858967661857605,0.4333747923374176,0.47175541520118713,0.3727937340736389,0.550736129283905,0.4078257083892822,0.5875372290611267,0.44786199927330017,0.5857992768287659,0.4204743802547455,0.5519955158233643,0.3790661692619324,0.6296716332435608,0.41780394315719604,0.6523095965385437,0.4564783573150635,0.6382105946540833,0.42477989196777344,0.6442304849624634,0.3958875834941864,0.6971078515052795,0.4310664236545563,0.70804762840271,0.46518072485923767,0.6944823265075684,0.4393883943557739,0.7351095676422119,0.42140549421310425,0.7563081383705139,0.45715802907943726,0.7592212557792664,0.4848538637161255,0.7485049366950989
0.6458578109741211,0.6974745988845825,0.5998532772064209,0.5654417276382446,0.5279273986816406,0.46135932207107544,0.4758354127407074,0.37402501702308655,0.46286341547966003,0.29475799202919006,0.41000664234161377,0.4914149045944214,0.35959261655807495,0.5555991530418396,0.39502203464508057,0.5906691551208496,0.43615344166755676,0.593030571937561,0.3950456380844116,0.5759835243225098,0.36493298411369324,0.6394605040550232,0.4038922190666199,0.6607053875923157,0.4429296553134918,0.6506614685058594,0.3974204659461975,0.6694428324699402,0.3785927891731262,0.707952618598938,0.41378599405288696,0.7194750308990479,0.4496132731437683,0.7101317644119263,0.41082730889320374,0.759519100189209,0.402101993560791,0.7742266654968262,0.43806126713752747,0.7752341032028198,0.4661891460418701,0.7640851736068726
0.6444119811058044,0.7070235013961792,0.6084665060043335,0.5725500583648682,0.5453317165374756,0.47294938564300537,0.48603805899620056,0.42165547609329224,0.45688825845718384,0.4023181200027466,0.4112509489059448,0.4916617274284363,0.3570866882801056,0.5648671984672546,0.3907175064086914,0.5967491269111633,0.4342018663883209,0.5975251197814941,0.39493927359580994,0.5762919783592224,0.36169254779815674,0.6428890228271484,0.398628830909729,0.6639494895935059,0.43994009494781494,0.655727744102478,0.39837801456451416,0.6693572998046875,0.375894159078598,0.7127479314804077,0.4111080467700958,0.7245618104934692,0.44778960943222046,0.7165651321411133,0.41501426696777344,0.762105405330658,0.40222251415252686,0.7770426869392395,0.4371336102485657,0.7790704369544983,0.465087354183197,0.7699358463287354
0.6284288167953491,0.7091346979141235,0.586514413356781,0.5745694637298584,0.5165443420410156,0.46612370014190674,0.46181589365005493,0.37714773416519165,0.4521762430667877,0.29124101996421814,0.39660054445266724,0.4984278082847595,0.3496137857437134,0.5795034766197205,0.3882749676704407,0.6110723614692688,0.4305998384952545,0.6086260080337524,0.3832780420780182,0.5848779678344727,0.3567756116390228,0.6543533205986023,0.3959333300590515,0.672280490398407,0.4354555904865265,0.6633425354957581,0.387332022190094,0.6798697113990784,0.3720329701900482,0.7200431823730469,0.4067476987838745,0.7306700348854065,0.44182080030441284,0.7223637104034424,0.40074989199638367,0.7700629234313965,0.3919376730918884,0.7838940620422363,0.42676693201065063,0.7867863774299622,0.45349887013435364,0.7771974802017212
0.6220324635505676,0.7086251974105835,0.5768032670021057,0.575221061706543,0.5037137866020203,0.47587114572525024,0.4487638473510742,0.38881924748420715,0.4424106776714325,0.30171677470207214,0.38601547479629517,0.5135905742645264,0.34197789430618286,0.5898277163505554,0.37985506653785706,0.6186552047729492,0.42264464497566223,0.6161761283874512,0.3737194240093231,0.6015802621841431,0.3507932424545288,0.6654213666915894,0.38903093338012695,0.6807778477668762,0.4291974604129791,0.6707907319068909,0.37975937128067017,0.6969903111457825,0.36701107025146484,0.7328746914863586,0.4002581536769867,0.7419895529747009,0.4357227683067322,0.7328585982322693,0.39424338936805725,0.7869203686714172,0.39001667499542236,0.7995924353599548,0.42523568868637085,0.8009539246559143,0.45282894372940063,0.7893589735031128
0.6153498291969299,0.7177848815917969,0.5736644268035889,0.5793933272361755,0.5067611932754517,0.47659623622894287,0.44913777709007263,0.39061278104782104,0.43552151322364807,0.3121512532234192,0.38183629512786865,0.5100747346878052,0.3430726230144501,0.561065673828125,0.3788742423057556,0.5890324711799622,0.41918259859085083,0.5933802127838135,0.3626660406589508,0.6023043394088745,0.34478050470352173,0.6384420990943909,0.38190311193466187,0.6553043127059937,0.4212956726551056,0.6560380458831787,0.36321914196014404,0.6993950009346008,0.35605812072753906,0.7148482203483582,0.38833943009376526,0.7248244285583496,0.4242057502269745,0.725750207901001,0.3745849132537842,0.7897653579711914,0.3733706474304199,0.7873307466506958,0.4063414931297302,0.7891764044761658,0.43317854404449463,0.7857802510261536
0.6151853799819946,0.7202233672142029,0.5755746364593506,0.5820540189743042,0.5063713788986206,0.47808539867401123,0.4493221938610077,0.3906434178352356,0.4375283718109131,0.3085181713104248,0.3826739192008972,0.5091967582702637,0.3436060845851898,0.5654920339584351,0.38046160340309143,0.5943319797515869,0.4210050106048584,0.5982996821403503,0.36303624510765076,0.59993577003479,0.3455362915992737,0.6399245858192444,0.3827396631240845,0.6569889187812805,0.42221686244010925,0.6577902436256409,0.36279410123825073,0.6974942684173584,0.3555345833301544,0.7140024304389954,0.38796061277389526,0.7245535254478455,0.4238737225532532,0.7264211177825928,0.372481107711792,0.7890042066574097,0.3711783289909363,0.7852388620376587,0.4044640064239502,0.7871971130371094,0.4311867356300354,0.7844445705413818
0.5984557867050171,0.6994027495384216,0.5611463189125061,0.5614535808563232,0.4955522119998932,0.4495692551136017,0.44705072045326233,0.35443875193595886,0.43735748529434204,0.266827791929245,0.376363068819046,0.47744667530059814,0.3492850959300995,0.5351941585540771,0.386949360370636,0.5578751564025879,0.4234289526939392,0.5592035055160522,0.35557085275650024,0.5664196014404297,0.34307751059532166,0.6051844954490662,0.38123011589050293,0.6218752264976501,0.41923439502716064,0.62579345703125,0.35614824295043945,0.6601232290267944,0.34278014302253723,0.6757761240005493,0.37725815176963806,0.6861035823822021,0.41292768716812134,0.687498927116394,0.3677886426448822,0.7462149262428284,0.35783451795578003,0.7464349865913391,0.3909674286842346,0.7480676770210266,0.4179023504257202,0.7456099390983582
0.5924959182739258,0.6811560988426208,0.5577361583709717,0.5429021120071411,0.49243050813674927,0.4342226982116699,0.4395311176776886,0.3411960005760193,0.42774519324302673,0.2510637938976288,0.3713509142398834,0.4623642861843109,0.34567713737487793,0.5194582939147949,0.3845244348049164,0.5451310873031616,0.42138078808784485,0.5512721538543701,0.3515036702156067,0.549568235874176,0.3425089716911316,0.5892544388771057,0.3797524571418762,0.6060049533843994,0.4168238639831543,0.6101840734481812,0.3516504764556885,0.640795111656189,0.34569621086120605,0.6562063097953796,0.3777272403240204,0.6670348048210144,0.4123387634754181,0.6693679690361023,0.36159250140190125,0.7248344421386719,0.35905641317367554,0.7241349816322327,0.3912086486816406,0.7276820540428162,0.417281836271286,0.726642906665802
0.5826581120491028,0.6653354167938232,0.5537383556365967,0.528419554233551,0.49358105659484863,0.4138202369213104,0.4462103843688965,0.3194013833999634,0.43180906772613525,0.23812136054039001,0.3762075901031494,0.43670427799224854,0.35415738821029663,0.4709310829639435,0.3913514018058777,0.49800339341163635,0.42911118268966675,0.5098904371261597,0.35219401121139526,0.5247188210487366,0.3440285325050354,0.5464035868644714,0.3804170787334442,0.56527179479599,0.4184837341308594,0.5771539807319641,0.3482086956501007,0.6170763373374939,0.3462238311767578,0.6230208873748779,0.3772962689399719,0.6346959471702576,0.412273645401001,0.6424190998077393,0.3543117046356201,0.7018771171569824,0.3555307388305664,0.696645975112915,0.3870421350002289,0.7013818621635437,0.41420483589172363,0.7026848793029785
0.5809582471847534,0.651351273059845,0.5523457527160645,0.5134345293045044,0.49657517671585083,0.4012373685836792,0.45184406638145447,0.3188646733760834,0.4348748028278351,0.25869593024253845,0.37766388058662415,0.41694265604019165,0.3381860852241516,0.4541015625,0.36975014209747314,0.4839572310447693,0.4084929823875427,0.4966176152229309,0.3536108732223511,0.5031389594078064,0.32949894666671753,0.5319158434867859,0.3613124191761017,0.5533807873725891,0.3992743492126465,0.5621924996376038,0.3482814133167267,0.5944326519966125,0.335468590259552,0.6069945096969604,0.3632597327232361,0.6210895776748657,0.39780908823013306,0.6283204555511475,0.3538065254688263,0.6804800033569336,0.34858179092407227,0.6814113259315491,0.3780047297477722,0.6899541616439819,0.4040864109992981,0.6920291781425476
0.5783386826515198,0.6503581404685974,0.5500738620758057,0.5165817141532898,0.49122828245162964,0.4028787910938263,0.4469520151615143,0.30756551027297974,0.4290403127670288,0.23199373483657837,0.3712157607078552,0.4240413308143616,0.34619244933128357,0.4473438262939453,0.3815096616744995,0.47604119777679443,0.4166273772716522,0.4920884668827057,0.3473091423511505,0.5087884664535522,0.3349408507347107,0.5239754319190979,0.3693070411682129,0.5430865287780762,0.4039676785469055,0.5557118058204651,0.3426680564880371,0.59970623254776,0.3346521556377411,0.5988031625747681,0.364987850189209,0.6110128164291382,0.39731743931770325,0.6221328973770142,0.34941309690475464,0.6848646998405457,0.3416827917098999,0.6719275712966919,0.37268686294555664,0.6761157512664795,0.3984883725643158,0.6800247430801392
0.5739843845367432,0.6377224326133728,0.5442205667495728,0.5004189610481262,0.48704418540000916,0.3942711353302002,0.4409466087818146,0.31476905941963196,0.4233205318450928,0.25681445002555847,0.3671567142009735,0.40477466583251953,0.3298153877258301,0.45587921142578125,0.36447447538375854,0.48293712735176086,0.4035857021808624,0.49094024300575256,0.3433491587638855,0.48992013931274414,0.325737327337265,0.5336334705352783,0.36007753014564514,0.5515115261077881,0.3977752923965454,0.5554726123809814,0.33964526653289795,0.5817101001739502,0.33072513341903687,0.6090747117996216,0.3606584668159485,0.6188316941261292,0.3946765065193176,0.6211270689964294,0.34730106592178345,0.6700472235679626,0.33994758129119873,0.6789984107017517,0.37048590183258057,0.6844349503517151,0.39684659242630005,0.68471360206604
0.5690593719482422,0.6261789798736572,0.5423493385314941,0.4914429187774658,0.4854440689086914,0.384091317653656,0.4403155744075775,0.3011685609817505,0.42380672693252563,0.24205073714256287,0.3618335425853729,0.3960384726524353,0.323045939207077,0.45720669627189636,0.35653677582740784,0.4868505895137787,0.39711421728134155,0.4926128387451172,0.3377039432525635,0.48009634017944336,0.31695449352264404,0.5345781445503235,0.34974074363708496,0.5549296140670776,0.3889515697956085,0.5556520223617554,0.33313119411468506,0.5726397633552551,0.32132697105407715,0.6093841791152954,0.35063061118125916,0.6213086247444153,0.3862272799015045,0.6206413507461548,0.34005823731422424,0.6616607904434204,0.3312470614910126,0.6779330372810364,0.3619420528411865,0.6843240261077881,0.3895285725593567,0.6804810166358948
0.5642572045326233,0.6352475881576538,0.527159571647644,0.49673908948898315,0.4581594467163086,0.4205838143825531,0.38259702920913696,0.4112452268600464,0.3383338451385498,0.456409752368927,0.35217079520225525,0.4050478935241699,0.304945170879364,0.4545958638191223,0.336439311504364,0.48552268743515015,0.3754211664199829,0.49614012241363525,0.3216809928417206,0.4871511459350586,0.2978113889694214,0.5312310457229614,0.3290309011936188,0.5526218414306641,0.36761751770973206,0.5580040812492371,0.3144252598285675,0.578724205493927,0.30205515027046204,0.6047255992889404,0.33172568678855896,0.6172156929969788,0.36696481704711914,0.6191346645355225,0.3209391236305237,0.6675720810890198,0.3158552646636963,0.6735368967056274,0.3483578562736511,0.6800018548965454,0.37743550539016724,0.680745005607605
0.5616354942321777,0.6314822435379028,0.5246567726135254,0.49536699056625366,0.45244061946868896,0.41625598073005676,0.3774750232696533,0.41146692633628845,0.3352409899234772,0.46409350633621216,0.349083811044693,0.40508562326431274,0.30468618869781494,0.4754481017589569,0.3377717435359955,0.5005508661270142,0.37705937027931213,0.5028569102287292,0.3203830420970917,0.48572924733161926,0.2939392626285553,0.5432578325271606,0.32529348134994507,0.5626159310340881,0.3647787868976593,0.5642452836036682,0.3145594298839569,0.5751258730888367,0.29745781421661377,0.613868772983551,0.3291436731815338,0.6245198249816895,0.3642834424972534,0.6222944259643555,0.32310861349105835,0.662537157535553,0.31491196155548096,0.6758681535720825,0.3468059301376343,0.680664598941803,0.3742249310016632,0.6769890189170837
0.5438795685768127,0.6394301056861877,0.5065141916275024,0.5045304298400879,0.43212640285491943,0.43391039967536926,0.35541677474975586,0.4396587908267975,0.31436362862586975,0.49825769662857056,0.3434065282344818,0.41193556785583496,0.2967489957809448,0.4615266025066376,0.3270568549633026,0.49252158403396606,0.36733683943748474,0.504119336605072,0.31166672706604004,0.492509663105011,0.28434091806411743,0.5353695750236511,0.31551623344421387,0.5590314269065857,0.35705557465553284,0.5658158659934998,0.30216577649116516,0.5835129022598267,0.2887302041053772,0.6133866906166077,0.3202676773071289,0.6272764801979065,0.3564496338367462,0.6283569931983948,0.3070189952850342,0.6743155121803284,0.3059065043926239,0.686468243598938,0.3389272093772888,0.6928095817565918,0.3670733571052551,0.6915214657783508
0.5512073040008545,0.6455153226852417,0.5228405594825745,0.5090053677558899,0.45396387577056885,0.4295232594013214,0.3833800256252289,0.4078332185745239,0.34308892488479614,0.4275238513946533,0.33990705013275146,0.4153454303741455,0.30294033885002136,0.47175973653793335,0.33496785163879395,0.5019769072532654,0.3744830787181854,0.5130327939987183,0.3085353672504425,0.4966963529586792,0.2887531518936157,0.5455775260925293,0.3182991147041321,0.5686898827552795,0.35714688897132874,0.5734042525291443,0.3011349141597748,0.5891502499580383,0.289955198764801,0.6196134090423584,0.31908369064331055,0.6347006559371948,0.3546241521835327,0.6367817521095276,0.3094902038574219,0.6790236830711365,0.30444881319999695,0.6902679204940796,0.3363165259361267,0.6984539031982422,0.36456599831581116,0.6975812911987305
0.5334063172340393,0.6613082885742188,0.5027722120285034,0.5185820460319519,0.4290693700313568,0.4313685894012451,0.3583211898803711,0.3871877193450928,0.32954174280166626,0.3667762577533722,0.3216276168823242,0.4364639222621918,0.2795948088169098,0.494351863861084,0.3128831386566162,0.5172181129455566,0.351834237575531,0.5229190587997437,0.29518675804138184,0.5176534056663513,0.2769668698310852,0.5649093389511108,0.3088476061820984,0.5802831649780273,0.3454383313655853,0.5814369916915894,0.29080167412757874,0.6087158918380737,0.284902423620224,0.6349512934684753,0.3131820261478424,0.6435865163803101,0.34527820348739624,0.6438175439834595,0.29868751764297485,0.6983174085617065,0.29703155159950256,0.7033939361572266,0.3277631103992462,0.7065497040748596,0.3531147241592407,0.7054862976074219
0.5347683429718018,0.6616044640541077,0.512667179107666,0.5216917991638184,0.4471645951271057,0.41447487473487854,0.3875429034233093,0.33076515793800354,0.3660799264907837,0.2530462145805359,0.314574271440506,0.4506506323814392,0.2806999683380127,0.5024217367172241,0.3199009299278259,0.5228850245475769,0.3599890172481537,0.5280436277389526,0.29113736748695374,0.5339809656143188,0.27682486176490784,0.5763288736343384,0.3123825788497925,0.5904194116592407,0.34882134199142456,0.5907824635505676,0.29017016291618347,0.6243256330490112,0.28251928091049194,0.6430199146270752,0.31252574920654297,0.6515524983406067,0.3463430404663086,0.6531389951705933,0.29988783597946167,0.7084035277366638,0.2977694571018219,0.7087547779083252,0.32838571071624756,0.7110516428947449,0.35305726528167725,0.7083084583282471
0.5332372188568115,0.6627123355865479,0.506568968296051,0.5195774435997009,0.44685614109039307,0.4029093086719513,0.3948309123516083,0.30358296632766724,0.3810375928878784,0.2102195918560028,0.30925387144088745,0.4583474099636078,0.27312201261520386,0.5283541679382324,0.3130999803543091,0.5508292317390442,0.3534868061542511,0.5504308938980103,0.29073840379714966,0.5447064638137817,0.2756243050098419,0.5954161286354065,0.3117360472679138,0.6079705357551575,0.34879985451698303,0.6041244864463806,0.2937491834163666,0.6351265907287598,0.2834797203540802,0.6545817255973816,0.3130838871002197,0.6632015705108643,0.3466542959213257,0.6617737412452698,0.30558398365974426,0.7185207605361938,0.2973632216453552,0.715287446975708,0.3272061049938202,0.7164732813835144,0.35284218192100525,0.7118289470672607
0.5436119437217712,0.6673228740692139,0.5095975399017334,0.5196370482444763,0.4499799609184265,0.4062386155128479,0.3946554660797119,0.3132527768611908,0.38097378611564636,0.2250910997390747,0.31368720531463623,0.4562264680862427,0.2720447778701782,0.5253068804740906,0.31246545910835266,0.5463902950286865,0.3533785343170166,0.5467498302459717,0.2941379249095917,0.5462342500686646,0.27361637353897095,0.5904941558837891,0.310832679271698,0.6039288640022278,0.34909483790397644,0.6029378771781921,0.29554930329322815,0.6379879713058472,0.28341108560562134,0.6521965861320496,0.3136071264743805,0.6605122089385986,0.3492012023925781,0.6619266867637634,0.3057619035243988,0.7235775589942932,0.2980932593345642,0.7146583795547485,0.32903754711151123,0.7160046696662903,0.35648050904273987,0.7141302824020386
0.549530565738678,0.6716551780700684,0.5132796764373779,0.5288463830947876,0.4556010365486145,0.4167255163192749,0.4038582444190979,0.32769152522087097,0.38657471537590027,0.2455672323703766,0.3124471604824066,0.46445295214653015,0.2735343277454376,0.5341101288795471,0.3145635426044464,0.5550866723060608,0.3559228181838989,0.5532061457633972,0.2947542667388916,0.5539031624794006,0.27670881152153015,0.5985786318778992,0.31550735235214233,0.6129716038703918,0.3556455671787262,0.6107110381126404,0.29739195108413696,0.6459550261497498,0.2865033745765686,0.6618173718452454,0.31833145022392273,0.6712547540664673,0.35495296120643616,0.6710700988769531,0.3094646632671356,0.7319013476371765,0.30102673172950745,0.7246594429016113,0.3336889445781708,0.7273275256156921,0.36189690232276917,0.7250974774360657
0.5642626285552979,0.6767300963401794,0.5200150012969971,0.5375158190727234,0.45735546946525574,0.4285229742527008,0.4078829288482666,0.3304746747016907,0.3919958472251892,0.24416008591651917,0.32409393787384033,0.4629296064376831,0.2706416845321655,0.5457437634468079,0.3104809820652008,0.5703398585319519,0.34981393814086914,0.5658423900604248,0.30704277753829956,0.5507671236991882,0.27824240922927856,0.6074246764183044,0.3151501715183258,0.6232317090034485,0.3540275990962982,0.6178513169288635,0.30864977836608887,0.64568030834198,0.2909861207008362,0.6670407056808472,0.32112830877304077,0.6783807277679443,0.35684219002723694,0.6773408651351929,0.3192700445652008,0.7342734336853027,0.30581387877464294,0.7287343144416809,0.33809804916381836,0.7343540191650391,0.3662799298763275,0.7328392267227173
0.5615978837013245,0.6779383420944214,0.5232787132263184,0.5357638597488403,0.4644056558609009,0.4209756851196289,0.4124308228492737,0.328922301530838,0.39205095171928406,0.2518198788166046,0.32606303691864014,0.4549380838871002,0.2747337818145752,0.532987654209137,0.314258337020874,0.5597909688949585,0.3543432056903839,0.5574392676353455,0.30739647150039673,0.5443822741508484,0.27838850021362305,0.598619818687439,0.31517207622528076,0.6163501143455505,0.3541603088378906,0.612781286239624,0.30802109837532043,0.6396544575691223,0.29029548168182373,0.6637922525405884,0.3211900591850281,0.6761313676834106,0.3571392595767975,0.6759124994277954,0.3186604976654053,0.7294667363166809,0.30546703934669495,0.728502631187439,0.33804672956466675,0.7346510887145996,0.36632561683654785,0.7326259613037109
0.6256390810012817,0.6907100677490234,0.571392834186554,0.5584788918495178,0.4862663745880127,0.4374537169933319,0.4410254657268524,0.32819706201553345,0.4454076290130615,0.22753292322158813,0.3968619406223297,0.44855135679244995,0.30381202697753906,0.5446975231170654,0.34475284814834595,0.5733392238616943,0.38120272755622864,0.5567605495452881,0.39322784543037415,0.5352291464805603,0.30424198508262634,0.6241400837898254,0.3455446660518646,0.6455026268959045,0.38159555196762085,0.6275701522827148,0.39862459897994995,0.6333387494087219,0.32279497385025024,0.6983996033668518,0.3673536777496338,0.712382972240448,0.40415218472480774,0.6955691576004028,0.41165024042129517,0.7311912775039673,0.3568333089351654,0.7615911960601807,0.39968743920326233,0.770663857460022,0.4317657947540283,0.759567379951477
0.6288281083106995,0.6958643198013306,0.5690944194793701,0.5583918690681458,0.4905778169631958,0.4321805238723755,0.4488760828971863,0.3202331066131592,0.4540811777114868,0.2145945429801941,0.39425021409988403,0.45146700739860535,0.3050871789455414,0.5493279695510864,0.3443024158477783,0.5798612236976624,0.3804183006286621,0.5642836689949036,0.392208993434906,0.5403715372085571,0.30964258313179016,0.6293573975563049,0.349809467792511,0.6488862633705139,0.38885968923568726,0.6294475793838501,0.3987049460411072,0.6383126974105835,0.32745105028152466,0.7023475170135498,0.3673575520515442,0.7162691950798035,0.40444356203079224,0.6981360912322998,0.4107740521430969,0.7345372438430786,0.3550759553909302,0.7644267082214355,0.3950054943561554,0.7746782302856445,0.4278920888900757,0.765429675579071
0.6440330743789673,0.7012996673583984,0.5836666226387024,0.5688190460205078,0.5026618838310242,0.44256582856178284,0.4599030911922455,0.33429086208343506,0.45622411370277405,0.23670551180839539,0.4175305664539337,0.44706517457962036,0.3143576383590698,0.5443323254585266,0.3543545603752136,0.5752193331718445,0.39320191740989685,0.5595077872276306,0.41749849915504456,0.5324910283088684,0.3179203271865845,0.6253708600997925,0.3597998321056366,0.6467399597167969,0.3994743824005127,0.6266081929206848,0.4231506288051605,0.6267586350440979,0.33764636516571045,0.6991117000579834,0.3800864815711975,0.7140547633171082,0.41820716857910156,0.6957836151123047,0.4333750009536743,0.7228868007659912,0.36762940883636475,0.7623118758201599,0.40912294387817383,0.7742692232131958,0.44219276309013367,0.7638249397277832
0.6609488725662231,0.7014201879501343,0.6044474840164185,0.576772928237915,0.5150949954986572,0.48733896017074585,0.4359113872051239,0.45156824588775635,0.39039093255996704,0.4551261067390442,0.4351702630519867,0.4409523606300354,0.31990963220596313,0.5426127910614014,0.3568996489048004,0.5760742425918579,0.3964528441429138,0.5660315155982971,0.43646904826164246,0.5228461027145386,0.32194629311561584,0.6188288331031799,0.3631120026111603,0.6444435715675354,0.4036906957626343,0.6307471394538879,0.4416722357273102,0.6167100071907043,0.3437337875366211,0.6939474940299988,0.38729438185691833,0.7104375958442688,0.42627543210983276,0.6943172216415405,0.4526352286338806,0.7169838547706604,0.37604761123657227,0.7570760250091553,0.41611453890800476,0.768902063369751,0.44952908158302307,0.7581058740615845
0.6687519550323486,0.7097781896591187,0.6073688268661499,0.5797624588012695,0.5218534469604492,0.4442178010940552,0.4838971197605133,0.3250540494918823,0.4917348027229309,0.21662366390228271,0.4665900766849518,0.43003371357917786,0.3355306386947632,0.5169931054115295,0.37015774846076965,0.5564132332801819,0.4111066162586212,0.5470374226570129,0.47504371404647827,0.511387050151825,0.33822691440582275,0.6054314374923706,0.3799590468406677,0.6318103671073914,0.4248180687427521,0.6131770610809326,0.48283612728118896,0.6086521744728088,0.3610468804836273,0.6823651194572449,0.4030531942844391,0.6993714570999146,0.444302499294281,0.6810727715492249,0.48934629559516907,0.7106928825378418,0.3968680799007416,0.751828670501709,0.4352197051048279,0.7623996138572693,0.47012001276016235,0.7505765557289124
0.6731873154640198,0.7106289267539978,0.6118961572647095,0.5827582478523254,0.5234957337379456,0.4524450898170471,0.47521620988845825,0.3439568877220154,0.4668165147304535,0.24721920490264893,0.4670215845108032,0.42578449845314026,0.3319000005722046,0.5184738636016846,0.3687248229980469,0.5587202906608582,0.41324853897094727,0.5487316250801086,0.474244624376297,0.5107647180557251,0.3351972997188568,0.6042820811271667,0.37955307960510254,0.6330943703651428,0.426079124212265,0.6178229451179504,0.4828909933567047,0.607765793800354,0.362225741147995,0.6841695308685303,0.40781569480895996,0.6984561085700989,0.45129626989364624,0.6807467937469482,0.4907618761062622,0.7097190618515015,0.39909541606903076,0.7494025230407715,0.4404233992099762,0.7605205178260803,0.4767472743988037,0.7476047277450562
0.6806479692459106,0.713869571685791,0.6164801716804504,0.5851357579231262,0.528256893157959,0.45714783668518066,0.4826142191886902,0.34629595279693604,0.47711461782455444,0.24656903743743896,0.47629889845848083,0.42518937587738037,0.33528420329093933,0.5154940485954285,0.37081435322761536,0.5602811574935913,0.4159686863422394,0.5525728464126587,0.48709800839424133,0.5065606832504272,0.3418731093406677,0.6005220413208008,0.38449615240097046,0.6330654621124268,0.43084362149238586,0.6174696683883667,0.4977410137653351,0.603451669216156,0.3698893189430237,0.6789119243621826,0.415195107460022,0.6973657608032227,0.45921894907951355,0.6793957948684692,0.5070740580558777,0.7059859037399292,0.407137006521225,0.7460229396820068,0.4477168023586273,0.7593925595283508,0.48572584986686707,0.7466827630996704
0.6849822998046875,0.7197588086128235,0.6221246719360352,0.591050386428833,0.5352782607078552,0.4607621133327484,0.4942127466201782,0.34695273637771606,0.4921015799045563,0.24249839782714844,0.4834786057472229,0.4264584481716156,0.33948731422424316,0.5137079954147339,0.37238138914108276,0.5611136555671692,0.4167689085006714,0.5557956695556641,0.4934309124946594,0.5074897408485413,0.34497952461242676,0.6000922322273254,0.38779550790786743,0.6330858469009399,0.4349495768547058,0.6172536015510559,0.5036852955818176,0.6040191650390625,0.3733007311820984,0.6779113411903381,0.41886889934539795,0.6968077421188354,0.4635952413082123,0.6787882447242737,0.512735903263092,0.7058089375495911,0.4106459617614746,0.7453782558441162,0.45065486431121826,0.7597963213920593,0.48940715193748474,0.7477810978889465
0.686874508857727,0.7258024215698242,0.6269747018814087,0.5960546135902405,0.5397889614105225,0.4668958783149719,0.4922794699668884,0.35756760835647583,0.4808734059333801,0.26142245531082153,0.49143102765083313,0.4285104274749756,0.3416777551174164,0.5160025358200073,0.374616414308548,0.564324676990509,0.4202756881713867,0.5594455599784851,0.5016048550605774,0.5117023587226868,0.3475487232208252,0.6031246185302734,0.3909304440021515,0.6367510557174683,0.439873605966568,0.6210321187973022,0.5109423995018005,0.6085976958274841,0.3775702118873596,0.6818512678146362,0.42354297637939453,0.7016921639442444,0.4685836136341095,0.6838119029998779,0.5187131762504578,0.7099249958992004,0.41627398133277893,0.748960554599762,0.45511937141418457,0.7647783160209656,0.492460161447525,0.7531641721725464
0.6870555281639099,0.7318861484527588,0.6281119585037231,0.6003490686416626,0.5409431457519531,0.4622035324573517,0.5000143647193909,0.3448764383792877,0.49767181277275085,0.23822811245918274,0.49066978693008423,0.4325332045555115,0.3421976566314697,0.5183185935020447,0.3751671314239502,0.5658377408981323,0.4212600588798523,0.5612525343894958,0.4990179240703583,0.5170988440513611,0.3462076485157013,0.6059243083000183,0.3895838260650635,0.6386758089065552,0.43880730867385864,0.6234751343727112,0.5077846050262451,0.6155704855918884,0.3729889690876007,0.6835306286811829,0.41871634125709534,0.7030310034751892,0.4653812050819397,0.687279224395752,0.5150247812271118,0.718030571937561,0.4106050133705139,0.7520274519920349,0.4494837522506714,0.7669374942779541,0.48890432715415955,0.7569459080696106
0.6876444220542908,0.7315673232078552,0.6267810463905334,0.5992579460144043,0.5405005812644958,0.46282604336738586,0.49897336959838867,0.3453434109687805,0.49617820978164673,0.23948508501052856,0.4887758791446686,0.43600380420684814,0.34148192405700684,0.5233176946640015,0.3770734965801239,0.5688613057136536,0.4238607883453369,0.5629485845565796,0.4969465136528015,0.5214074850082397,0.3461618423461914,0.61053466796875,0.3907727599143982,0.641825795173645,0.43959105014801025,0.6267045736312866,0.5052118301391602,0.6193410158157349,0.37413638830184937,0.6890613436698914,0.41947102546691895,0.7074761390686035,0.46489179134368896,0.6912863850593567,0.5119965076446533,0.7212427854537964,0.410710871219635,0.756354570388794,0.44977766275405884,0.7703055739402771,0.4879859387874603,0.7595837116241455
0.6853593587875366,0.7326452732086182,0.6259079575538635,0.6002969741821289,0.5402646660804749,0.4645462930202484,0.49608898162841797,0.3493365943431854,0.4888480305671692,0.24628537893295288,0.4893984794616699,0.4366971254348755,0.34228813648223877,0.5224151015281677,0.375680148601532,0.567907989025116,0.4211117625236511,0.5644472241401672,0.4961133599281311,0.5226261019706726,0.34502696990966797,0.6111142635345459,0.38890910148620605,0.6422531604766846,0.4376031160354614,0.62782222032547,0.5034277439117432,0.6211521625518799,0.3701115846633911,0.6899010539054871,0.4152950942516327,0.7077751159667969,0.4610833525657654,0.6921077370643616,0.5095070600509644,0.7242159843444824,0.4071628451347351,0.7571691274642944,0.4465448260307312,0.7698978185653687,0.4850504994392395,0.7593494653701782
0.683896541595459,0.7308191657066345,0.6238600015640259,0.5966042876243591,0.5375084280967712,0.4601197838783264,0.4951803386211395,0.34559211134910583,0.49175703525543213,0.24160566926002502,0.48175927996635437,0.43752044439315796,0.3403656482696533,0.5222173929214478,0.37393951416015625,0.5659106969833374,0.41920608282089233,0.5620675086975098,0.4870372414588928,0.524888813495636,0.34394392371177673,0.610194981098175,0.3865066468715668,0.6400770545005798,0.43423497676849365,0.6267365217208862,0.4937918782234192,0.624209463596344,0.3676280081272125,0.6892057657241821,0.41138821840286255,0.706558346748352,0.45657235383987427,0.692523181438446,0.4991655945777893,0.727230429649353,0.4018429219722748,0.7574781775474548,0.44137102365493774,0.770206868648529,0.47988778352737427,0.7605465054512024
0.6827406287193298,0.7304873466491699,0.6199079751968384,0.590177059173584,0.5372980237007141,0.45161551237106323,0.4983764588832855,0.3336537480354309,0.5071036219596863,0.22415971755981445,0.47137778997421265,0.4413186311721802,0.3406669795513153,0.5217562913894653,0.37365439534187317,0.5659878253936768,0.41668030619621277,0.5635941028594971,0.47382745146751404,0.5286944508552551,0.34428906440734863,0.6096686124801636,0.38500428199768066,0.6407648921012878,0.4299013316631317,0.6298836469650269,0.4784819483757019,0.6280912160873413,0.36785826086997986,0.6898049116134644,0.408490389585495,0.7082316875457764,0.4514634907245636,0.6966106295585632,0.4824937582015991,0.7316030859947205,0.39436084032058716,0.7592348456382751,0.4340975284576416,0.7699236273765564,0.4719615578651428,0.7611054182052612
0.6867083311080933,0.7289009094238281,0.6231252551078796,0.5866138339042664,0.5399561524391174,0.4501754939556122,0.4996371865272522,0.3322142958641052,0.5087412595748901,0.2239362597465515,0.4676694869995117,0.444625586271286,0.33947664499282837,0.524236798286438,0.3744948208332062,0.5693029165267944,0.4191933274269104,0.5673121213912964,0.46883976459503174,0.5309575796127319,0.3438342809677124,0.6106283664703369,0.3844486474990845,0.6433396339416504,0.42918407917022705,0.6336631774902344,0.47249963879585266,0.629899263381958,0.36645764112472534,0.6896970272064209,0.40624314546585083,0.7104669213294983,0.44831663370132446,0.7009965777397156,0.4765954613685608,0.7335538864135742,0.3898315131664276,0.7587456107139587,0.42921698093414307,0.7732325196266174,0.4666425585746765,0.7690637111663818
0.6869497299194336,0.7290598750114441,0.6231299638748169,0.5887960195541382,0.5384442210197449,0.4525150656700134,0.4988936185836792,0.3347395956516266,0.5043154954910278,0.23094695806503296,0.4637465476989746,0.44811397790908813,0.3394767642021179,0.5276598334312439,0.377733051776886,0.5688717365264893,0.42376288771629333,0.5623171329498291,0.46497902274131775,0.5336824655532837,0.3449581265449524,0.6117969155311584,0.38622668385505676,0.6415424346923828,0.43021512031555176,0.6295241713523865,0.46888652443885803,0.6305409669876099,0.36819419264793396,0.6904521584510803,0.4083223342895508,0.7090058326721191,0.44954872131347656,0.6978015303611755,0.473709374666214,0.7317484617233276,0.3913074731826782,0.7574446797370911,0.4307214915752411,0.7715253829956055,0.4676945209503174,0.7670937180519104
0.6831494569778442,0.7264032363891602,0.6204716563224792,0.5875647664070129,0.5361219048500061,0.4512839615345001,0.49737271666526794,0.33367207646369934,0.5037969350814819,0.2295864224433899,0.4637695252895355,0.4472392797470093,0.3391740024089813,0.5271808505058289,0.3779546618461609,0.5672070980072021,0.4249642789363861,0.5597617030143738,0.46531879901885986,0.5331143736839294,0.3453053832054138,0.6114471554756165,0.3865198493003845,0.6405569911003113,0.4308122992515564,0.6277613639831543,0.4691244959831238,0.6298681497573853,0.36749085783958435,0.689018189907074,0.40750980377197266,0.7083562612533569,0.44884762167930603,0.6970527172088623,0.47350773215293884,0.7305975556373596,0.39088118076324463,0.7564760446548462,0.43024560809135437,0.7715036869049072,0.4670366644859314,0.7676315307617188
0.6836816072463989,0.7263832092285156,0.6233401894569397,0.5868163704872131,0.5389663577079773,0.45532044768333435,0.4950765371322632,0.34284788370132446,0.4948345124721527,0.24753227829933167,0.4588228762149811,0.4480741620063782,0.3421049118041992,0.5234456658363342,0.37906038761138916,0.5611928701400757,0.42453402280807495,0.5562346577644348,0.45731180906295776,0.5383388996124268,0.34631460905075073,0.6070345640182495,0.384757399559021,0.6360088586807251,0.42888742685317993,0.6264660954475403,0.45929598808288574,0.6374136805534363,0.36631345748901367,0.6868874430656433,0.40378904342651367,0.7062748074531555,0.444734662771225,0.6988182067871094,0.4639481008052826,0.7384190559387207,0.387722909450531,0.7544618248939514,0.42479509115219116,0.7712884545326233,0.4601563811302185,0.7710204124450684
0.6702836751937866,0.7278854250907898,0.6206269264221191,0.5817235112190247,0.5507386922836304,0.451477587223053,0.505661129951477,0.3292473554611206,0.5230916738510132,0.21768894791603088,0.4346767067909241,0.46058401465415955,0.34855902194976807,0.5234401226043701,0.38329988718032837,0.563202440738678,0.4255845844745636,0.5650643110275269,0.4247421622276306,0.555012047290802,0.3512985408306122,0.6123166680335999,0.3873580992221832,0.6380274295806885,0.42978110909461975,0.6332670450210571,0.4248495399951935,0.6587468981742859,0.3673231601715088,0.6924381256103516,0.4017767012119293,0.7097640633583069,0.4398185610771179,0.7052819728851318,0.43171998858451843,0.7582632303237915,0.38666829466819763,0.7633615732192993,0.4224563539028168,0.7756677269935608,0.454951673746109,0.7753220200538635
0.6637512445449829,0.7284348607063293,0.6266378164291382,0.5748074650764465,0.5639525055885315,0.45032209157943726,0.5138267278671265,0.33393368124961853,0.5199801325798035,0.22966262698173523,0.4343520700931549,0.4699397087097168,0.3640265464782715,0.511042058467865,0.3912277817726135,0.5554018020629883,0.4299403429031372,0.5694206357002258,0.4144873023033142,0.5650754570960999,0.3576788902282715,0.6041286587715149,0.39010918140411377,0.6328620910644531,0.43241065740585327,0.6375100612640381,0.4108087420463562,0.6682803630828857,0.37037333846092224,0.6891849637031555,0.40393301844596863,0.7067900896072388,0.4425141513347626,0.7080495953559875,0.4188271164894104,0.7653496265411377,0.39042365550994873,0.7609513998031616,0.4253920614719391,0.7706077098846436,0.4570345878601074,0.7681996822357178
0.6540482044219971,0.7240089178085327,0.6260436177253723,0.5700868368148804,0.5655378103256226,0.449750691652298,0.5150684118270874,0.33570438623428345,0.5220867395401001,0.22903352975845337,0.42682790756225586,0.4724639058113098,0.3690914511680603,0.5159831643104553,0.39731645584106445,0.5590620040893555,0.4353022575378418,0.5730432271957397,0.40314435958862305,0.5671591758728027,0.3656751215457916,0.6087870597839355,0.3997528851032257,0.6351550221443176,0.4415370523929596,0.6401589512825012,0.3998810052871704,0.6700432896614075,0.37797629833221436,0.6923097372055054,0.41153037548065186,0.7063664793968201,0.44966602325439453,0.7071758508682251,0.4083241820335388,0.7638393044471741,0.4003402888774872,0.7640414237976074,0.43521034717559814,0.7701805830001831,0.4644969403743744,0.7646500468254089
0.6541996598243713,0.7203428745269775,0.6288652420043945,0.5675987601280212,0.567399799823761,0.44677168130874634,0.5155152678489685,0.33878904581069946,0.5219908952713013,0.22937142848968506,0.4190111458301544,0.47460344433784485,0.3778047561645508,0.5256516933441162,0.41260048747062683,0.5649380087852478,0.45390090346336365,0.5756904482841492,0.39545726776123047,0.5709393620491028,0.37998372316360474,0.6169403195381165,0.4209057092666626,0.6385571360588074,0.4648009240627289,0.6424416899681091,0.394461065530777,0.6749749183654785,0.39796513319015503,0.7012958526611328,0.4345959722995758,0.7113747000694275,0.4731091260910034,0.7099854350090027,0.40344125032424927,0.7696557641029358,0.41859889030456543,0.7737377882003784,0.4564065933227539,0.775895357131958,0.48569899797439575,0.7694783210754395
0.6459546089172363,0.7287249565124512,0.6279256343841553,0.5737881064414978,0.5703937411308289,0.44838809967041016,0.5154439210891724,0.34310320019721985,0.5174536108970642,0.2335207760334015,0.41284626722335815,0.4773048758506775,0.3878965973854065,0.5318254828453064,0.426949143409729,0.5687035322189331,0.467918336391449,0.5782228112220764,0.38970279693603516,0.5736004114151001,0.3875018358230591,0.6234531998634338,0.4313376545906067,0.6423782706260681,0.47537678480148315,0.644985020160675,0.389326810836792,0.6774338483810425,0.4052845239639282,0.7056994438171387,0.44209322333335876,0.7136580348014832,0.47956350445747375,0.7125168442726135,0.3990694284439087,0.7725797891616821,0.4243052303791046,0.7786088585853577,0.4625292420387268,0.7793665528297424,0.4910510182380676,0.7746005058288574
0.6513388156890869,0.7245218753814697,0.6282237768173218,0.5723721981048584,0.5685484409332275,0.45151302218437195,0.5146679878234863,0.34229061007499695,0.5149937272071838,0.2358885109424591,0.4177570939064026,0.47567111253738403,0.3844568133354187,0.5242763161659241,0.42067229747772217,0.5657322406768799,0.4597407579421997,0.579105794429779,0.3938509523868561,0.5737722516059875,0.3817145526409149,0.6159380674362183,0.42455267906188965,0.6383599638938904,0.46986815333366394,0.6440339684486389,0.3921273648738861,0.6779713034629822,0.40256065130233765,0.7029599547386169,0.4391670823097229,0.712234377861023,0.47773468494415283,0.7130401730537415,0.4001687467098236,0.7728087902069092,0.42107081413269043,0.7769727110862732,0.4592146873474121,0.7798694372177124,0.4888811409473419,0.7747808694839478
0.6408587694168091,0.7485395073890686,0.6210406422615051,0.5939152240753174,0.5605787634849548,0.4683494567871094,0.5011541247367859,0.36473363637924194,0.49879252910614014,0.2513563334941864,0.4104936122894287,0.4816089868545532,0.3950420618057251,0.5173864364624023,0.4390200078487396,0.5508700609207153,0.4788339138031006,0.5630332827568054,0.3857567608356476,0.5799920558929443,0.38183289766311646,0.6119851469993591,0.4290851354598999,0.6322287321090698,0.4746350347995758,0.6418967247009277,0.38273417949676514,0.6856418251991272,0.40109142661094666,0.7041445374488831,0.43904560804367065,0.711844265460968,0.47594499588012695,0.7153567671775818,0.3908575177192688,0.7817033529281616,0.41808322072029114,0.7830593585968018,0.45756834745407104,0.7855199575424194,0.48643189668655396,0.7842236161231995
0.6304073929786682,0.7579705715179443,0.6178069114685059,0.6117516160011292,0.5586104393005371,0.4818447232246399,0.4974295496940613,0.3724084496498108,0.49101513624191284,0.2614094614982605,0.4201629161834717,0.49054399132728577,0.3950369954109192,0.5041080117225647,0.43581733107566833,0.5373245477676392,0.47924336791038513,0.5538848042488098,0.39069366455078125,0.5831868052482605,0.3772444725036621,0.6006540060043335,0.4205051362514496,0.6228592991828918,0.4657033085823059,0.6364194750785828,0.38038381934165955,0.6849755048751831,0.39141950011253357,0.6980692148208618,0.42678457498550415,0.7085382342338562,0.4634128212928772,0.714277982711792,0.38121068477630615,0.777704656124115,0.40198999643325806,0.7800450325012207,0.43780362606048584,0.7854387760162354,0.4646606147289276,0.7844467759132385
0.6283091306686401,0.7408031225204468,0.6187726855278015,0.600537121295929,0.5580823421478271,0.4779166579246521,0.4983566999435425,0.37018057703971863,0.4889383912086487,0.26123368740081787,0.4036611318588257,0.48839420080184937,0.3991166353225708,0.5106872320175171,0.44325217604637146,0.5439839363098145,0.4834202229976654,0.5612578392028809,0.3762633800506592,0.5805804133415222,0.3829699158668518,0.6102328300476074,0.42803680896759033,0.6310345530509949,0.46979987621307373,0.6425614356994629,0.3703814744949341,0.6827525496482849,0.3970668911933899,0.7056488394737244,0.4345044791698456,0.7137218713760376,0.46906962990760803,0.717409610748291,0.3765183687210083,0.7756859064102173,0.4106639623641968,0.7855722904205322,0.44924649596214294,0.7865663766860962,0.475456178188324,0.7826246023178101
0.6401541233062744,0.7894393801689148,0.6268138289451599,0.6546744704246521,0.5641335844993591,0.5185972452163696,0.49568015336990356,0.40795478224754333,0.46953344345092773,0.30418476462364197,0.4620134234428406,0.5459762811660767,0.38223111629486084,0.5138670206069946,0.4220142066478729,0.5324141979217529,0.4751640260219574,0.558022677898407,0.4313744008541107,0.6392949819564819,0.3635231554508209,0.6116279363632202,0.4104790687561035,0.6216412782669067,0.4590425491333008,0.6395105719566345,0.4132588505744934,0.7346701622009277,0.37516045570373535,0.704405665397644,0.41330593824386597,0.7059208750724792,0.4498947262763977,0.7162782549858093,0.4059810936450958,0.821290135383606,0.38158029317855835,0.7884902358055115,0.41591334342956543,0.7864030599594116,0.44349342584609985,0.7897202968597412
0.626459538936615,0.803365170955658,0.6136160492897034,0.6684221029281616,0.5548524856567383,0.5230844616889954,0.4857338070869446,0.4105387330055237,0.45321497321128845,0.314188152551651,0.450680673122406,0.5583866238594055,0.377737820148468,0.5240220427513123,0.4189082086086273,0.5430523753166199,0.47286155819892883,0.5749046206474304,0.42047131061553955,0.6488919258117676,0.35785624384880066,0.6234372854232788,0.4067881107330322,0.6359033584594727,0.45642006397247314,0.6565741896629333,0.40431928634643555,0.7405787110328674,0.3691214919090271,0.7141133546829224,0.40865206718444824,0.7191554307937622,0.4465673267841339,0.7318164110183716,0.39959442615509033,0.8232929706573486,0.3739725947380066,0.7976095676422119,0.40883126854896545,0.7959061861038208,0.4380379021167755,0.7978939414024353
0.6534156203269958,0.682822048664093,0.5917869806289673,0.6425862908363342,0.5055781006813049,0.6370980739593506,0.43911007046699524,0.6536406874656677,0.3847409188747406,0.66876220703125,0.48424965143203735,0.598666250705719,0.3982142210006714,0.6517342329025269,0.3418236970901489,0.6945251226425171,0.29946452379226685,0.7265245914459229,0.514908492565155,0.6368957757949829,0.42643827199935913,0.7068029046058655,0.3674086928367615,0.7702624797821045,0.3289150595664978,0.8179233074188232,0.5498639941215515,0.6885960698127747,0.4680185317993164,0.7525988221168518,0.4172983169555664,0.810581624507904,0.38472652435302734,0.8433693051338196,0.5853384733200073,0.7426556944847107,0.5220228433609009,0.7953382730484009,0.48625150322914124,0.8329060673713684,0.4624103307723999,0.8548374176025391
0.646904706954956,0.7076516151428223,0.590142548084259,0.6527831554412842,0.4889961779117584,0.6305567622184753,0.40332961082458496,0.6236358880996704,0.3410848379135132,0.5965580940246582,0.47163528203964233,0.5810688734054565,0.35383856296539307,0.6452272534370422,0.301708459854126,0.7310479879379272,0.2828667163848877,0.7970672845840454,0.5039176940917969,0.6293383240699768,0.36688733100891113,0.7243848443031311,0.3220207095146179,0.8138414025306702,0.30537429451942444,0.8662936091423035,0.5374931693077087,0.70120769739151,0.40721774101257324,0.7898988127708435,0.3619503676891327,0.8642603754997253,0.34132713079452515,0.908125102519989,0.5701950192451477,0.7830582857131958,0.46632933616638184,0.8443873524665833,0.42028528451919556,0.88824462890625,0.3930925130844116,0.9153040647506714
0.6885844469070435,0.713986337184906,0.6220492124557495,0.6557052731513977,0.5114700794219971,0.6211663484573364,0.417269229888916,0.6107285022735596,0.3535427749156952,0.5752521753311157,0.48768675327301025,0.5685082077980042,0.3626134693622589,0.6392887234687805,0.3114560842514038,0.7266463041305542,0.2903017997741699,0.7946897745132446,0.5186941623687744,0.6201016306877136,0.378679096698761,0.7175517082214355,0.33195820450782776,0.8090417981147766,0.3133731484413147,0.8659777641296387,0.5490792989730835,0.6937097311019897,0.4190274477005005,0.7814962267875671,0.3773117959499359,0.8559691905975342,0.35938823223114014,0.900268018245697,0.5762540102005005,0.7788832783699036,0.4691484272480011,0.836423933506012,0.4328799545764923,0.8810557126998901,0.41489455103874207,0.9123660326004028
0.7160497307777405,0.7385264039039612,0.6452955603599548,0.665033221244812,0.5324333906173706,0.6201763153076172,0.4322422742843628,0.6093641519546509,0.36140578985214233,0.5784767866134644,0.49819493293762207,0.563707172870636,0.3683127164840698,0.6364073157310486,0.32175883650779724,0.7264478802680969,0.30579787492752075,0.7950959205627441,0.5282175540924072,0.6122316122055054,0.38459116220474243,0.7124045491218567,0.3411726951599121,0.8087890148162842,0.3254714608192444,0.8690356612205505,0.5579686164855957,0.6854575276374817,0.4234212040901184,0.7748070359230042,0.3832207918167114,0.8538774251937866,0.36749354004859924,0.9031320810317993,0.5852292776107788,0.7722061276435852,0.47570836544036865,0.8342733383178711,0.43886202573776245,0.8812013864517212,0.4201769232749939,0.9130486845970154
0.7380402088165283,0.7511592507362366,0.6633176803588867,0.6736509203910828,0.5446119904518127,0.6253916025161743,0.43887385725975037,0.6108955144882202,0.3646637201309204,0.5798280835151672,0.5112219452857971,0.5624768137931824,0.37434178590774536,0.6435229778289795,0.3277265727519989,0.7300711274147034,0.31223684549331665,0.7950341701507568,0.540862500667572,0.6138384938240051,0.3898243308067322,0.7196887731552124,0.3454531133174896,0.8094534873962402,0.32829105854034424,0.8644520044326782,0.5705024600028992,0.687446117401123,0.42452937364578247,0.776644766330719,0.38520580530166626,0.8514838218688965,0.37114572525024414,0.8987255692481995,0.5964533686637878,0.7742199301719666,0.48243290185928345,0.8355952501296997,0.4497678577899933,0.879264235496521,0.435090035200119,0.9072012305259705
0.7476724982261658,0.7524835467338562,0.667716920375824,0.6746386885643005,0.5491978526115417,0.6281744241714478,0.44280651211738586,0.6139709949493408,0.3656180202960968,0.5894927978515625,0.5169463753700256,0.5656089186668396,0.3764882981777191,0.6442869901657104,0.32949748635292053,0.7329269051551819,0.31698715686798096,0.8000316619873047,0.547873854637146,0.6123825907707214,0.3927899897098541,0.7158549427986145,0.34804829955101013,0.8088210821151733,0.3328342139720917,0.8674516677856445,0.5789551138877869,0.6818575263023376,0.4315339922904968,0.7678303718566895,0.38747158646583557,0.8478418588638306,0.37102919816970825,0.9008798003196716,0.6059428453445435,0.7659990787506104,0.4910404682159424,0.8242088556289673,0.45388734340667725,0.8718838691711426,0.4362568259239197,0.9060474634170532
0.7634891271591187,0.7452820539474487,0.6757020354270935,0.6735729575157166,0.5532854795455933,0.6318882703781128,0.44562456011772156,0.6195045113563538,0.369570791721344,0.5934310555458069,0.5215601325035095,0.5624138712882996,0.3853727877140045,0.6438323855400085,0.336805522441864,0.7323241233825684,0.319498747587204,0.8001953363418579,0.5543533563613892,0.6068096160888672,0.40566009283065796,0.7162914276123047,0.35686367750167847,0.8080637454986572,0.3346591591835022,0.8675271272659302,0.5864377021789551,0.6744979023933411,0.44540566205978394,0.7656527757644653,0.39808622002601624,0.844853937625885,0.37620505690574646,0.8987984657287598,0.6146290302276611,0.7580920457839966,0.5020349025726318,0.8180767893791199,0.4656682014465332,0.8665499687194824,0.4475267231464386,0.9026267528533936
0.7693503499031067,0.7370326519012451,0.6790149807929993,0.6646229028701782,0.5572401881217957,0.6282215118408203,0.4510219097137451,0.6206851601600647,0.37483203411102295,0.603599488735199,0.5228357315063477,0.5510078072547913,0.3869427442550659,0.6419550776481628,0.34077513217926025,0.7303447723388672,0.3278018832206726,0.7972062230110168,0.5561438798904419,0.5937843322753906,0.4058401882648468,0.7084399461746216,0.361034095287323,0.8033232688903809,0.34514737129211426,0.8658793568611145,0.5894795060157776,0.6619331240653992,0.44666317105293274,0.7614206671714783,0.40081989765167236,0.8440038561820984,0.3833145797252655,0.9001411199569702,0.6196765899658203,0.747791588306427,0.5030959248542786,0.816453218460083,0.4674038589000702,0.8661574125289917,0.4521752893924713,0.9019703269004822
0.773095965385437,0.7329263091087341,0.6815541386604309,0.6622206568717957,0.5594053864479065,0.6257109642028809,0.45232346653938293,0.6161903738975525,0.3753131330013275,0.5981786847114563,0.5250705480575562,0.5516550540924072,0.38953009247779846,0.6387656927108765,0.3416537642478943,0.727380096912384,0.32540363073349,0.7974487543106079,0.5608691573143005,0.5933277010917664,0.413425087928772,0.7093783617019653,0.3649446964263916,0.8049892783164978,0.34279876947402954,0.8683516383171082,0.5964224338531494,0.6592575907707214,0.45731401443481445,0.7590925693511963,0.40912818908691406,0.8426563143730164,0.38634955883026123,0.9000840187072754,0.6282708048820496,0.7425999045372009,0.515205442905426,0.8102355003356934,0.4781496524810791,0.8629285097122192,0.45943301916122437,0.9017553329467773
0.7804034948348999,0.7352849841117859,0.6884070634841919,0.6634686589241028,0.5660814642906189,0.6270955204963684,0.4577399492263794,0.6221714615821838,0.3785344362258911,0.6085106730461121,0.5305788516998291,0.5499587059020996,0.394793301820755,0.6390730142593384,0.34503373503685,0.7298195362091064,0.3272073268890381,0.8007992506027222,0.5673826336860657,0.5910629630088806,0.4188236594200134,0.7054526805877686,0.3696788549423218,0.804175853729248,0.3484647274017334,0.869705080986023,0.6052619814872742,0.6574937701225281,0.4648565649986267,0.7563295364379883,0.4168335199356079,0.8428207635879517,0.3968912959098816,0.9018809795379639,0.639516294002533,0.7413392066955566,0.5246644616127014,0.8108766674995422,0.48627713322639465,0.8645046353340149,0.4686923921108246,0.9028869867324829
0.7915650010108948,0.739168107509613,0.697870135307312,0.6637006402015686,0.5734810829162598,0.6270573735237122,0.4634285569190979,0.624614953994751,0.38088464736938477,0.611091136932373,0.5365436673164368,0.5505359172821045,0.40015625953674316,0.6404706239700317,0.3484805226325989,0.7312008738517761,0.32935822010040283,0.8028804063796997,0.5724310874938965,0.5907936096191406,0.4229169487953186,0.7029712796211243,0.37343788146972656,0.8025797605514526,0.35347914695739746,0.8696934580802917,0.6099145412445068,0.6567485928535461,0.46969619393348694,0.7552993893623352,0.42280280590057373,0.8433622121810913,0.40450233221054077,0.9032624959945679,0.6442998647689819,0.7403483390808105,0.5293458700180054,0.8081355094909668,0.49274536967277527,0.8635547757148743,0.47715121507644653,0.9043285250663757
0.80260169506073,0.7283200025558472,0.7059337496757507,0.6586152911186218,0.5808383822441101,0.629116952419281,0.47137564420700073,0.6291821002960205,0.3887752890586853,0.6219000816345215,0.5396775007247925,0.5492812991142273,0.40209805965423584,0.6367375254631042,0.35161781311035156,0.7306665182113647,0.3349786400794983,0.8058398365974426,0.5748079419136047,0.5890864133834839,0.42596501111984253,0.7008294463157654,0.37570828199386597,0.80153888463974,0.35439741611480713,0.8708375096321106,0.6116920709609985,0.6542342901229858,0.4732692241668701,0.752045750617981,0.4250543713569641,0.8405886888504028,0.40379172563552856,0.9030084013938904,0.6463486552238464,0.7372910380363464,0.5334553122520447,0.8077149987220764,0.49736645817756653,0.8641486167907715,0.48061567544937134,0.9062474966049194
0.8009141683578491,0.7543805837631226,0.7060285210609436,0.6781344413757324,0.582055389881134,0.6386057138442993,0.473518043756485,0.6269365549087524,0.39316701889038086,0.6120452880859375,0.54667729139328,0.5503849983215332,0.40825963020324707,0.6357659101486206,0.3595294952392578,0.7266490459442139,0.34217482805252075,0.8010254502296448,0.5830003023147583,0.5890892148017883,0.43326109647750854,0.7031079530715942,0.38586124777793884,0.803158164024353,0.36499953269958496,0.8719803094863892,0.6195166110992432,0.6544167399406433,0.48140227794647217,0.7565873265266418,0.43353304266929626,0.8441290855407715,0.41057920455932617,0.9048998951911926,0.6529688239097595,0.7378806471824646,0.5392581820487976,0.8107367753982544,0.5018437504768372,0.8665457367897034,0.4832237660884857,0.906564474105835
0.8184735178947449,0.7384598851203918,0.720606803894043,0.6646408438682556,0.592954695224762,0.6270227432250977,0.48101553320884705,0.6181053519248962,0.40006089210510254,0.5943454504013062,0.5528797507286072,0.552355170249939,0.41644036769866943,0.6422167420387268,0.3649258613586426,0.7358866930007935,0.34580427408218384,0.8079586029052734,0.5894178152084351,0.5945090055465698,0.4399142861366272,0.7068901062011719,0.3883739709854126,0.8068097233772278,0.36533036828041077,0.8723641633987427,0.6283047199249268,0.660963773727417,0.48779815435409546,0.7576490044593811,0.44064801931381226,0.847528874874115,0.41952967643737793,0.9079652428627014,0.6648881435394287,0.743964672088623,0.553775429725647,0.8164238929748535,0.5184280872344971,0.8722251057624817,0.5009813904762268,0.9112723469734192
0.8111397624015808,0.7664827108383179,0.7240702509880066,0.6751927137374878,0.6072357892990112,0.6242361068725586,0.5021606087684631,0.6061925292015076,0.4253884553909302,0.5828630924224854,0.5676694512367249,0.558201253414154,0.4218099117279053,0.6396706700325012,0.37141746282577515,0.7329803705215454,0.35330939292907715,0.8080006241798401,0.6034484505653381,0.6082248091697693,0.4475324749946594,0.7200865149497986,0.3942181468009949,0.8160424828529358,0.36900681257247925,0.8791105151176453,0.6380720138549805,0.6817737817764282,0.49244433641433716,0.7793968319892883,0.4411984086036682,0.8580014109611511,0.41735827922821045,0.9113807678222656,0.6685565114021301,0.7694410681724548,0.5513942837715149,0.8364822864532471,0.5109571814537048,0.884584367275238,0.49089479446411133,0.9180078506469727
0.8251749277114868,0.7401409149169922,0.7330828905105591,0.6555383205413818,0.6077293157577515,0.6132184863090515,0.4967063069343567,0.5977914333343506,0.41882410645484924,0.5670698881149292,0.5661454200744629,0.5587561726570129,0.42446088790893555,0.6393101215362549,0.37264829874038696,0.7305009365081787,0.3501540422439575,0.8058620691299438,0.6023502945899963,0.6092694997787476,0.4518470764160156,0.7212557792663574,0.3963925838470459,0.813249945640564,0.3668966591358185,0.8747451901435852,0.6382097005844116,0.6814368367195129,0.4978891909122467,0.7789573073387146,0.4449275732040405,0.8532940149307251,0.41626209020614624,0.9047236442565918,0.670123815536499,0.7676740884780884,0.5599744915962219,0.8388396501541138,0.5206288695335388,0.8831960558891296,0.49730271100997925,0.913414478302002
0.8113521933555603,0.7802563309669495,0.7250868678092957,0.6814030408859253,0.6049101948738098,0.6209796667098999,0.4989592730998993,0.5899189710617065,0.426736056804657,0.5440728068351746,0.5706993341445923,0.5624104142189026,0.425624817609787,0.636978030204773,0.3755280673503876,0.7285470962524414,0.35642439126968384,0.8017319440841675,0.6047419905662537,0.6188176274299622,0.4471668004989624,0.7216173410415649,0.39733853936195374,0.8171626925468445,0.3770434856414795,0.879014790058136,0.6354762315750122,0.6981736421585083,0.4861222505569458,0.7886018753051758,0.43538907170295715,0.8660663366317749,0.413593590259552,0.918388843536377,0.6621549129486084,0.7894009947776794,0.5403671860694885,0.8512378931045532,0.4994870126247406,0.8970035910606384,0.4794977307319641,0.9280050992965698
0.8263567686080933,0.7575297951698303,0.7374241948127747,0.6671862602233887,0.614264726638794,0.6101522445678711,0.5087898969650269,0.5725584030151367,0.4412573575973511,0.5149787664413452,0.5727287530899048,0.5644022226333618,0.4247947931289673,0.6360348463058472,0.3764716386795044,0.7248777747154236,0.3633838891983032,0.7935589551925659,0.6021849513053894,0.6284776329994202,0.4417381286621094,0.7251425385475159,0.3931938111782074,0.8107846975326538,0.3767664432525635,0.862484872341156,0.6310410499572754,0.7118165493011475,0.47928351163864136,0.7972205877304077,0.4312171936035156,0.8644746541976929,0.4113782048225403,0.9053400754928589,0.6579063534736633,0.8048492670059204,0.5409591794013977,0.871096134185791,0.5015509128570557,0.9091682434082031,0.48007646203041077,0.9305702447891235
0.8163154125213623,0.802250862121582,0.7355990409851074,0.6968414783477783,0.6214395761489868,0.6224460601806641,0.5215545892715454,0.5819045305252075,0.4483412206172943,0.5385861396789551,0.5788934826850891,0.5724483728408813,0.4236326813697815,0.6344465613365173,0.3828486204147339,0.7284983992576599,0.3805830478668213,0.796640932559967,0.6034606695175171,0.6351914405822754,0.4329507350921631,0.7169099450111389,0.39105573296546936,0.8083350658416748,0.38389384746551514,0.8626806735992432,0.626571774482727,0.7218001484870911,0.46709269285202026,0.7909204363822937,0.4227852523326874,0.8654726147651672,0.4084482192993164,0.9117869138717651,0.6485796570777893,0.8184495568275452,0.5240628719329834,0.8673373460769653,0.4846612215042114,0.908013105392456,0.4658942222595215,0.933652937412262
0.8216731548309326,0.7899771928787231,0.7359088659286499,0.6883124709129333,0.6194014549255371,0.612008273601532,0.5202630758285522,0.5527151823043823,0.46245473623275757,0.4802171587944031,0.5806675553321838,0.5640865564346313,0.4245196580886841,0.617295503616333,0.389069139957428,0.7088468670845032,0.39355507493019104,0.7688847780227661,0.5977526903152466,0.6304690837860107,0.42609071731567383,0.6981927156448364,0.39026862382888794,0.78621506690979,0.39529287815093994,0.8342556357383728,0.6154270768165588,0.7206209897994995,0.4529111981391907,0.7775196433067322,0.41857147216796875,0.8481601476669312,0.4178351163864136,0.8859829306602478,0.6338695883750916,0.8188704252243042,0.5122736692428589,0.8659238815307617,0.4810035526752472,0.9041998982429504,0.4697614312171936,0.9219937324523926
0.8162111043930054,0.8182435035705566,0.741366982460022,0.7043490409851074,0.6305602788925171,0.6106964349746704,0.53458571434021,0.5418917536735535,0.4740453064441681,0.47260016202926636,0.5831109881401062,0.561855673789978,0.41940879821777344,0.6058148145675659,0.40474843978881836,0.698326051235199,0.4287824332714081,0.7449947595596313,0.59841388463974,0.6284316778182983,0.424038290977478,0.6902011632919312,0.4045220613479614,0.7843745946884155,0.421538770198822,0.8257250189781189,0.614806056022644,0.7207567095756531,0.44914430379867554,0.7689669132232666,0.4280182421207428,0.8450111150741577,0.43934157490730286,0.8790873885154724,0.6319539546966553,0.8225741982460022,0.5031082630157471,0.8658759593963623,0.47820401191711426,0.9077634811401367,0.4762381911277771,0.9245267510414124
0.8124938607215881,0.8212772011756897,0.7427273988723755,0.6976948976516724,0.6368208527565002,0.5971667170524597,0.5460340976715088,0.5218857526779175,0.4950137734413147,0.4481811225414276,0.5826041102409363,0.5500476956367493,0.4201696515083313,0.58560711145401,0.42615699768066406,0.6633317470550537,0.46145370602607727,0.6895656585693359,0.5939459204673767,0.6195399165153503,0.4233546853065491,0.6752772927284241,0.4401559829711914,0.7470106482505798,0.481258362531662,0.7581038475036621,0.6083273887634277,0.7102748155593872,0.4457358121871948,0.7555869817733765,0.4687931537628174,0.8135294914245605,0.5126251578330994,0.823119580745697,0.6223921775817871,0.8084414601325989,0.49238866567611694,0.853383481502533,0.5085552930831909,0.8853070139884949,0.5456578731536865,0.8857710957527161
0.8233147859573364,0.8151164650917053,0.7612730264663696,0.6883072853088379,0.6633187532424927,0.6015194654464722,0.5685930848121643,0.5832386016845703,0.5031033158302307,0.619083046913147,0.5955537557601929,0.5240482091903687,0.43658071756362915,0.5593756437301636,0.4535198509693146,0.6235935091972351,0.49598342180252075,0.6392741799354553,0.5954447388648987,0.5951521992683411,0.43316566944122314,0.6461711525917053,0.46262019872665405,0.7019032835960388,0.5090245604515076,0.7025722861289978,0.5986974239349365,0.6869620084762573,0.4477803111076355,0.7322238087654114,0.4849776327610016,0.7767812609672546,0.5326361656188965,0.7729410529136658,0.6047061681747437,0.7867316007614136,0.48162585496902466,0.8238873481750488,0.512061357498169,0.8522337675094604,0.5562671422958374,0.8511415123939514
0.8105215430259705,0.831125795841217,0.7557828426361084,0.6998682022094727,0.6591715216636658,0.6071114540100098,0.5623308420181274,0.5868256688117981,0.4968087077140808,0.6249672770500183,0.5939504504203796,0.5235698819160461,0.4313531517982483,0.5625033974647522,0.4575621485710144,0.6238890886306763,0.5030145645141602,0.6327182650566101,0.5945802330970764,0.5988795161247253,0.42988792061805725,0.6476814150810242,0.4646777808666229,0.701675534248352,0.5130664706230164,0.7004499435424805,0.5973353385925293,0.6919509172439575,0.44264495372772217,0.7303861379623413,0.4829692542552948,0.775422990322113,0.5325568914413452,0.771281361579895,0.6025398373603821,0.7919797897338867,0.47768038511276245,0.818676769733429,0.5105276703834534,0.8468648791313171,0.5569881200790405,0.84696364402771
0.8309981822967529,0.8128560781478882,0.7727532982826233,0.6864981055259705,0.674368143081665,0.5894707441329956,0.5843868255615234,0.5527551770210266,0.5220488905906677,0.5641714334487915,0.5963554978370667,0.5116905570030212,0.4433276951313019,0.5543158650398254,0.46439892053604126,0.6125765442848206,0.5073723793029785,0.6233166456222534,0.5891263484954834,0.5840415358543396,0.4382786154747009,0.6350796818733215,0.4707123041152954,0.6858772039413452,0.5174633860588074,0.6847659349441528,0.5878377556800842,0.6755918860435486,0.44789016246795654,0.7164314389228821,0.4888308346271515,0.7599271535873413,0.5363816022872925,0.7553001046180725,0.5918304920196533,0.7765630483627319,0.48016998171806335,0.8051208853721619,0.5155362486839294,0.8362334966659546,0.5595212578773499,0.8380019664764404
0.8059738874435425,0.8289750218391418,0.7465810775756836,0.6904396414756775,0.6574780941009521,0.5604704022407532,0.5967444181442261,0.4552966356277466,0.5786440968513489,0.3658091723918915,0.5909802913665771,0.5022232532501221,0.4458213448524475,0.5476469397544861,0.4705584645271301,0.6029874682426453,0.51621413230896,0.6098699569702148,0.5865106582641602,0.5774546265602112,0.4429936110973358,0.6311390995979309,0.4761412739753723,0.6772924661636353,0.5223915576934814,0.6729217767715454,0.585001528263092,0.6696862578392029,0.4500471353530884,0.7108132243156433,0.48937875032424927,0.7505274415016174,0.5369242429733276,0.7493945360183716,0.585675060749054,0.7706483602523804,0.4764392673969269,0.7929309606552124,0.5122790336608887,0.8209507465362549,0.5565738677978516,0.8241174221038818
0.7961633205413818,0.813474714756012,0.7415545582771301,0.6787726283073425,0.6557105779647827,0.5474245548248291,0.5897830128669739,0.4480751156806946,0.5640413761138916,0.3684031665325165,0.592521607875824,0.49110662937164307,0.4469049274921417,0.5362082719802856,0.4733697175979614,0.5893965363502502,0.5177770853042603,0.5950754284858704,0.5863359570503235,0.5666732788085938,0.4383748769760132,0.6185355186462402,0.4737474322319031,0.6616621613502502,0.5205540657043457,0.6570126414299011,0.5827820897102356,0.6575330495834351,0.44536182284355164,0.6983603835105896,0.4867890775203705,0.7360716462135315,0.5344149470329285,0.7328757643699646,0.5821150541305542,0.7568743228912354,0.475689560174942,0.7721115350723267,0.5111939311027527,0.8000874519348145,0.5539134740829468,0.8038281202316284
0.7865911722183228,0.8124213814735413,0.7333304286003113,0.6774618625640869,0.6517736315727234,0.5368630886077881,0.5964095592498779,0.42468196153640747,0.5853642225265503,0.3287613093852997,0.5917929410934448,0.4850338101387024,0.44763386249542236,0.5323761105537415,0.47140175104141235,0.5904427766799927,0.5137276649475098,0.5986106395721436,0.5865732431411743,0.5587460994720459,0.43931490182876587,0.614389955997467,0.4727962017059326,0.660893440246582,0.5181330442428589,0.6555293202400208,0.5823430418968201,0.6478909254074097,0.4459414780139923,0.6926299929618835,0.4850878417491913,0.7332664728164673,0.5309104323387146,0.7285678386688232,0.57964688539505,0.7455281615257263,0.4735662341117859,0.7649494409561157,0.5077371001243591,0.7945107817649841,0.5486971735954285,0.7952114939689636
0.7821214199066162,0.8104391098022461,0.7305229902267456,0.6772522926330566,0.6468520164489746,0.5388137102127075,0.5896478891372681,0.426914244890213,0.5803364515304565,0.33033043146133423,0.5897219777107239,0.48338109254837036,0.4460832476615906,0.5354938507080078,0.47152090072631836,0.5954428315162659,0.5143711566925049,0.6029838919639587,0.5840835571289062,0.5585489273071289,0.4371970593929291,0.6179706454277039,0.47312748432159424,0.6643504500389099,0.5187438130378723,0.6590494513511658,0.5796923637390137,0.6485521197319031,0.4460192322731018,0.696688175201416,0.48709654808044434,0.7370689511299133,0.5326093435287476,0.7318295240402222,0.5771934390068054,0.7462054491043091,0.4758502244949341,0.7728583812713623,0.5123116970062256,0.8032374382019043,0.5530545115470886,0.8023916482925415
0.7803410887718201,0.8098184466362,0.7295034527778625,0.6789336800575256,0.6442732214927673,0.5426545143127441,0.5840082168579102,0.432824969291687,0.5690829157829285,0.3366464078426361,0.5872184038162231,0.48606330156326294,0.4426151216030121,0.5406435132026672,0.46625709533691406,0.6023284792900085,0.5086581707000732,0.6115833520889282,0.5817013382911682,0.5608401894569397,0.43454253673553467,0.6249837279319763,0.4709576666355133,0.6715667247772217,0.5166863203048706,0.665317714214325,0.5778971314430237,0.6511539220809937,0.4447201192378998,0.7042195200920105,0.4864071011543274,0.7449217438697815,0.5318220853805542,0.7390600442886353,0.5759602189064026,0.7492842674255371,0.47575387358665466,0.7820967435836792,0.5123901963233948,0.8123740553855896,0.5525839924812317,0.8095788359642029
0.7765036225318909,0.8128003478050232,0.7242123484611511,0.6825546622276306,0.6386345028877258,0.5447226762771606,0.5866817831993103,0.43028342723846436,0.5846779942512512,0.33071738481521606,0.5830155611038208,0.489346981048584,0.4398404359817505,0.5444755554199219,0.4645664095878601,0.6051381230354309,0.5078058242797852,0.6132979989051819,0.5783731341362,0.56584632396698,0.43269193172454834,0.6324282288551331,0.4708227217197418,0.6776835918426514,0.5173161625862122,0.6694673299789429,0.5749761462211609,0.6580238938331604,0.44440406560897827,0.7124935388565063,0.4874858558177948,0.7507225275039673,0.5332679152488708,0.7440990209579468,0.5735730528831482,0.7569199204444885,0.4779713451862335,0.7895455360412598,0.5160213708877563,0.8193366527557373,0.5556585788726807,0.8170847296714783
0.7692880034446716,0.8134667873382568,0.7162793874740601,0.6802324056625366,0.6309660077095032,0.5436227321624756,0.5800641179084778,0.43015342950820923,0.5781816840171814,0.3311988413333893,0.5787506699562073,0.49321210384368896,0.43597596883773804,0.5547285079956055,0.46529215574264526,0.6108919382095337,0.5111111998558044,0.6135807633399963,0.5744290351867676,0.5714240074157715,0.4286712110042572,0.6400939226150513,0.4691842198371887,0.6812330484390259,0.517204761505127,0.6707934737205505,0.5709825754165649,0.664329469203949,0.4390608072280884,0.7181681394577026,0.4835249185562134,0.7529833912849426,0.5295910239219666,0.7438669204711914,0.5699175596237183,0.7631626129150391,0.472648024559021,0.7964564561843872,0.5121310949325562,0.8237695693969727,0.5523665547370911,0.8201810717582703
0.7688932418823242,0.8090729713439941,0.7155196666717529,0.6798367500305176,0.6320281028747559,0.5463855266571045,0.5816901326179504,0.4358161687850952,0.5770681500434875,0.3372884690761566,0.5745887160301208,0.500499427318573,0.4349360466003418,0.5590430498123169,0.46251803636550903,0.6133582592010498,0.5072683691978455,0.6164733171463013,0.570127010345459,0.5785093307495117,0.42680591344833374,0.6458682417869568,0.4667738080024719,0.6870414614677429,0.5143084526062012,0.6768293380737305,0.5676146745681763,0.6714707612991333,0.43684306740760803,0.724877119064331,0.48127448558807373,0.7586905360221863,0.5274823904037476,0.7491901516914368,0.5678444504737854,0.7705811262130737,0.4721389710903168,0.8063160181045532,0.5111173987388611,0.8317535519599915,0.5506799221038818,0.827309250831604
0.7662551999092102,0.8126315474510193,0.7157437205314636,0.6814681887626648,0.6352768540382385,0.5499805212020874,0.5836889743804932,0.44323551654815674,0.5719562768936157,0.3503565192222595,0.5710386633872986,0.5068912506103516,0.4346921443939209,0.5620205402374268,0.46033164858818054,0.6176625490188599,0.5034443736076355,0.6236775517463684,0.5644120573997498,0.585004985332489,0.42781728506088257,0.6507427096366882,0.46562305092811584,0.691920816898346,0.5113934874534607,0.683032214641571,0.5611228346824646,0.6786370873451233,0.43771642446517944,0.7328658103942871,0.4793115258216858,0.7652387022972107,0.5235207080841064,0.7568157315254211,0.5611239671707153,0.7784925103187561,0.4699860215187073,0.8149559497833252,0.5069625973701477,0.8374620676040649,0.5449560880661011,0.8325986862182617
0.7620282769203186,0.8122738003730774,0.7121254205703735,0.6797494292259216,0.6338331699371338,0.5449720621109009,0.5877200961112976,0.4323621392250061,0.5996240377426147,0.32836437225341797,0.5670599341392517,0.5103515386581421,0.4348961412906647,0.5638027787208557,0.46189555525779724,0.6191300749778748,0.5059047341346741,0.62450110912323,0.5592319369316101,0.593163788318634,0.42816728353500366,0.6555423140525818,0.466636598110199,0.6963385343551636,0.5123646855354309,0.6872721910476685,0.5544971227645874,0.6899978518486023,0.43577080965042114,0.7383493185043335,0.4769971966743469,0.7697612643241882,0.5219334363937378,0.7620551586151123,0.5523173213005066,0.7906779050827026,0.4627907872200012,0.821097195148468,0.5006577968597412,0.8411049246788025,0.5398398637771606,0.8359354734420776
0.7610010504722595,0.8137854337692261,0.7134400606155396,0.6815914511680603,0.6365237236022949,0.5472952723503113,0.5883241295814514,0.4360836446285248,0.594140887260437,0.3334311842918396,0.5658057928085327,0.5154666900634766,0.43766194581985474,0.564545750617981,0.46635371446609497,0.6166707873344421,0.510330319404602,0.6203055381774902,0.5559839606285095,0.5982850790023804,0.4301840364933014,0.65444016456604,0.4691318869590759,0.6933290362358093,0.5141424536705017,0.6850144267082214,0.5501583218574524,0.693144679069519,0.4376819133758545,0.737541139125824,0.47842878103256226,0.7670640349388123,0.522628664970398,0.7602530121803284,0.5473887324333191,0.7920200824737549,0.46188127994537354,0.8169782757759094,0.4989330470561981,0.835981011390686,0.537511944770813,0.8324723839759827
0.756786584854126,0.81276935338974,0.7127838134765625,0.6792553067207336,0.6404056549072266,0.5470534563064575,0.5912504196166992,0.43865591287612915,0.5965369343757629,0.3378113806247711,0.5658616423606873,0.5168341398239136,0.44196414947509766,0.5633563995361328,0.4729245603084564,0.6126038432121277,0.5177890658378601,0.6141467094421387,0.5536749958992004,0.6008484363555908,0.4331187605857849,0.6507351994514465,0.47174522280693054,0.6892625093460083,0.5161007642745972,0.682083010673523,0.5454614162445068,0.695107102394104,0.4379083514213562,0.7337067723274231,0.47793030738830566,0.7644392251968384,0.5219305157661438,0.7592463493347168,0.540664792060852,0.7928516864776611,0.4575765132904053,0.8117002248764038,0.49442577362060547,0.8320607542991638,0.53345787525177,0.8311107158660889
0.7512199878692627,0.8161243200302124,0.7107727527618408,0.6827922463417053,0.640899658203125,0.5505425930023193,0.59303879737854,0.4449757933616638,0.5924311876296997,0.3517441153526306,0.567145586013794,0.5166426301002502,0.44481632113456726,0.5607622265815735,0.4743446707725525,0.6101114749908447,0.517888069152832,0.6129863262176514,0.553040623664856,0.599378764629364,0.4349447190761566,0.6475200057029724,0.4719593822956085,0.6866431832313538,0.5154958963394165,0.6806573271751404,0.5428851246833801,0.6924864053726196,0.43753504753112793,0.7310412526130676,0.47607725858688354,0.7620522975921631,0.5194286108016968,0.7578409314155579,0.5364881157875061,0.7892631888389587,0.45680296421051025,0.8084960579872131,0.49238452315330505,0.8302209973335266,0.5304375290870667,0.8303866386413574
0.7484089732170105,0.8125830292701721,0.7081730365753174,0.6789754033088684,0.637978196144104,0.543557345867157,0.5912463068962097,0.4343247711658478,0.6027560234069824,0.33313366770744324,0.5672754049301147,0.5152000188827515,0.4457443058490753,0.5575398206710815,0.4752829968929291,0.6072942614555359,0.5191827416419983,0.6098936200141907,0.5529850721359253,0.5998420715332031,0.43562740087509155,0.6452749967575073,0.4727185368537903,0.6845316290855408,0.5166435241699219,0.678288459777832,0.5421431064605713,0.6941623091697693,0.43814289569854736,0.728557288646698,0.47684234380722046,0.7593250274658203,0.5203201770782471,0.7549611926078796,0.534667432308197,0.7918519377708435,0.4555775225162506,0.8061286807060242,0.4922521114349365,0.8274848461151123,0.5304452776908875,0.8271524906158447
0.7451252341270447,0.8086104989051819,0.7066066265106201,0.6764875650405884,0.6387858986854553,0.5429187417030334,0.5934096574783325,0.433890700340271,0.6065569519996643,0.3312300145626068,0.5676886439323425,0.5134021043777466,0.4463740289211273,0.555681049823761,0.4750939607620239,0.6047192215919495,0.5194398164749146,0.6083376407623291,0.5530509948730469,0.5978898406028748,0.4359312653541565,0.6429548263549805,0.4724632203578949,0.6815575361251831,0.5159604549407959,0.675672173500061,0.5417932271957397,0.6920055150985718,0.4381890296936035,0.7259646654129028,0.4762164354324341,0.7570043206214905,0.5190905332565308,0.7528406977653503,0.5336840152740479,0.7890781760215759,0.4539622366428375,0.8026777505874634,0.4901474118232727,0.8245178461074829,0.5278487205505371,0.8249064087867737
0.7420368194580078,0.8092672824859619,0.7060326933860779,0.6752060055732727,0.6390524506568909,0.5401049852371216,0.5939154624938965,0.4302710294723511,0.6083096265792847,0.32676082849502563,0.5670007467269897,0.5123645663261414,0.44791731238365173,0.5536361932754517,0.47615280747413635,0.6024792790412903,0.519914984703064,0.6067568063735962,0.5516266822814941,0.5968003273010254,0.4368883967399597,0.6401287317276001,0.4729095697402954,0.6789394021034241,0.5159091949462891,0.6738986372947693,0.5395161509513855,0.6913071870803833,0.4386094808578491,0.7235398292541504,0.4763852059841156,0.7551349997520447,0.518926739692688,0.7518115639686584,0.5303727984428406,0.7885952591896057,0.45304736495018005,0.8013185858726501,0.4893813133239746,0.8236798644065857,0.5265987515449524,0.8240163922309875
0.7375284433364868,0.808258593082428,0.7039163708686829,0.6734102964401245,0.6380071043968201,0.5375359654426575,0.5932076573371887,0.42777737975120544,0.6098829507827759,0.32442694902420044,0.5667663216590881,0.511188805103302,0.447742760181427,0.5526570081710815,0.475558876991272,0.600988507270813,0.519626796245575,0.6049279570579529,0.5515297651290894,0.5960897207260132,0.43671417236328125,0.6387096047401428,0.4722006320953369,0.6773416996002197,0.5152941346168518,0.6724538207054138,0.5393006205558777,0.6907762289047241,0.43862563371658325,0.7217092514038086,0.47615304589271545,0.7533551454544067,0.5187163352966309,0.7503500580787659,0.5299873352050781,0.7878164052963257,0.45401108264923096,0.7998822927474976,0.49056145548820496,0.8219626545906067,0.527946949005127,0.8221248984336853
0.739013135433197,0.8033217787742615,0.7043641209602356,0.6705325841903687,0.6376334428787231,0.53746497631073,0.5917636752128601,0.4293166399002075,0.6043930053710938,0.32785049080848694,0.5669480562210083,0.510205864906311,0.44757863879203796,0.5521197319030762,0.47339653968811035,0.6009572148323059,0.5158838629722595,0.6064987778663635,0.5513566136360168,0.594413161277771,0.43714797496795654,0.6386600136756897,0.4713900685310364,0.677033543586731,0.5142566561698914,0.6718805432319641,0.5390525460243225,0.6884909868240356,0.43963122367858887,0.7217210531234741,0.47592419385910034,0.7529570460319519,0.5181358456611633,0.7501363754272461,0.5298717617988586,0.7853163480758667,0.4557179808616638,0.7999179363250732,0.49131131172180176,0.8220682740211487,0.5280418992042542,0.8221864104270935
0.7344597578048706,0.800983726978302,0.700287401676178,0.6686756610870361,0.6350049376487732,0.5340054035186768,0.5911229848861694,0.4250951409339905,0.607650637626648,0.3221535384654999,0.5651140809059143,0.510417103767395,0.447059690952301,0.5519246459007263,0.47364306449890137,0.6002179980278015,0.5169324278831482,0.6049869656562805,0.5501442551612854,0.594565212726593,0.4365087151527405,0.637824535369873,0.47066888213157654,0.6764255166053772,0.5130772590637207,0.6712431311607361,0.5377150177955627,0.6886427998542786,0.4385550320148468,0.7192679643630981,0.47480419278144836,0.7511417865753174,0.5169242024421692,0.7479543685913086,0.5278022289276123,0.784958004951477,0.4531777501106262,0.7954431176185608,0.48883122205734253,0.8177965879440308,0.5258090496063232,0.8187962770462036
0.7359763383865356,0.8005015850067139,0.701766848564148,0.6686049103736877,0.6361903548240662,0.5340052843093872,0.5923293828964233,0.42493197321891785,0.6069993376731873,0.32199540734291077,0.5643545389175415,0.5091680884361267,0.4477963447570801,0.5523321032524109,0.4731776714324951,0.6023017168045044,0.5155532360076904,0.6079999804496765,0.5488513112068176,0.5924346446990967,0.4368842840194702,0.6389038562774658,0.47103404998779297,0.678126335144043,0.5134499669075012,0.6725634932518005,0.5366185903549194,0.6864270567893982,0.4384373724460602,0.7208989858627319,0.4750267565250397,0.7528893947601318,0.517058789730072,0.7491750717163086,0.527571976184845,0.7830546498298645,0.4547916054725647,0.7988443970680237,0.49101704359054565,0.8219066262245178,0.5276737809181213,0.8221707940101624
0.7349392771720886,0.7963024377822876,0.6992606520652771,0.665224015712738,0.6336573362350464,0.5317356586456299,0.5910018682479858,0.4235541522502899,0.6060901880264282,0.3218841850757599,0.5603790283203125,0.508966326713562,0.44436582922935486,0.5522773861885071,0.47103479504585266,0.6009352803230286,0.5141808390617371,0.6055764555931091,0.5453281402587891,0.5921154618263245,0.4350569248199463,0.6383610963821411,0.46977779269218445,0.6769676208496094,0.51204514503479,0.6707143783569336,0.5340766310691833,0.6854773759841919,0.43762096762657166,0.7187047004699707,0.47409844398498535,0.7499608397483826,0.5159005522727966,0.7458158731460571,0.5260223746299744,0.7813574075698853,0.45438843965530396,0.7934777736663818,0.4896746873855591,0.8157537579536438,0.525782585144043,0.8164090514183044
0.7371454834938049,0.7973312139511108,0.701570987701416,0.667585015296936,0.6332899928092957,0.5346739888191223,0.5882731080055237,0.42464637756347656,0.6030293107032776,0.3198951482772827,0.5617128014564514,0.5086563229560852,0.4450300335884094,0.5535691976547241,0.4727720618247986,0.6023357510566711,0.5160552263259888,0.6056448221206665,0.5469608306884766,0.5914348363876343,0.43560001254081726,0.638536810874939,0.4704333543777466,0.676984429359436,0.5126457214355469,0.6702706217765808,0.5354593992233276,0.6849533915519714,0.43883177638053894,0.7197499871253967,0.47546541690826416,0.7513824701309204,0.5169102549552917,0.7465367913246155,0.5272228121757507,0.7813714742660522,0.4549587666988373,0.7949931621551514,0.49064525961875916,0.8174442648887634,0.5268790125846863,0.8172832727432251
0.7386159300804138,0.7994601130485535,0.7009137272834778,0.6686537861824036,0.6331225633621216,0.5345897674560547,0.5891748666763306,0.4245993196964264,0.602467954158783,0.32063695788383484,0.5593181848526001,0.5053772926330566,0.44371187686920166,0.5540250539779663,0.4716227054595947,0.6049259901046753,0.5142590403556824,0.6085869073867798,0.5445452332496643,0.5863988995552063,0.4351598620414734,0.6398740410804749,0.4704250395298004,0.6797324419021606,0.5123802423477173,0.6717661023139954,0.5333016514778137,0.6790605187416077,0.4388008117675781,0.7204780578613281,0.4755944609642029,0.7531165480613708,0.5167415738105774,0.7470453977584839,0.5251508951187134,0.7751768827438354,0.45482105016708374,0.7938568592071533,0.4905005693435669,0.8173559308052063,0.5263808369636536,0.8163955211639404
0.7373508810997009,0.7945470213890076,0.7016666531562805,0.6612910628318787,0.6364946365356445,0.5274057984352112,0.5920340418815613,0.4182891547679901,0.6041136980056763,0.3147764503955841,0.5563775300979614,0.501777172088623,0.4452889561653137,0.5478343963623047,0.4744870960712433,0.5980798602104187,0.5177852511405945,0.6024373769760132,0.5396521687507629,0.583899736404419,0.4358915090560913,0.6343582272529602,0.47097527980804443,0.674001932144165,0.5131738185882568,0.6674062013626099,0.5275505185127258,0.677183985710144,0.43920791149139404,0.7143903970718384,0.4752448499202728,0.7471177577972412,0.5161823630332947,0.7423683404922485,0.5191221237182617,0.7726772427558899,0.4532603919506073,0.7861355543136597,0.4887259006500244,0.8102307319641113,0.5246342420578003,0.8109769821166992
0.7356944680213928,0.7949010133743286,0.6996436715126038,0.6622243523597717,0.6338279843330383,0.5281310081481934,0.5905787348747253,0.4180165231227875,0.604600727558136,0.31432151794433594,0.5577738881111145,0.5003346800804138,0.4445410370826721,0.547347903251648,0.4718354642391205,0.6002187132835388,0.5142056941986084,0.6063334345817566,0.5411027669906616,0.5802229642868042,0.4361327290534973,0.6341268420219421,0.4699767529964447,0.6759169697761536,0.5111687779426575,0.6695182919502258,0.5284969210624695,0.6728410720825195,0.43966126441955566,0.7140246033668518,0.4746543765068054,0.7484251856803894,0.5145255327224731,0.7431818842887878,0.5193763971328735,0.7689568400382996,0.4533519744873047,0.7861515283584595,0.48782551288604736,0.8111724257469177,0.5227761268615723,0.8113152980804443
0.7362302541732788,0.7848526239395142,0.6990214586257935,0.6543968915939331,0.6350155472755432,0.5219842195510864,0.5929819345474243,0.41368335485458374,0.6037875413894653,0.31265518069267273,0.5551460981369019,0.49877268075942993,0.44531670212745667,0.5448057651519775,0.47415345907211304,0.5943679809570312,0.5168989300727844,0.5996155142784119,0.5383219122886658,0.5813166499137878,0.4369032382965088,0.6308388113975525,0.47133222222328186,0.6695657968521118,0.5128759145736694,0.6636723279953003,0.5267064571380615,0.6739427447319031,0.4410546123981476,0.7107519507408142,0.47601425647735596,0.7422342300415039,0.5162194967269897,0.7384072542190552,0.5191043615341187,0.769150972366333,0.4555121958255768,0.781494677066803,0.4897732734680176,0.8050272464752197,0.5244742631912231,0.8072181344032288
0.7355890274047852,0.7868406772613525,0.7004303932189941,0.6533820629119873,0.6373856067657471,0.5212016701698303,0.5925161838531494,0.411791056394577,0.6050517559051514,0.3076612055301666,0.5573487877845764,0.49562543630599976,0.4448654055595398,0.544981062412262,0.47365817427635193,0.5965014100074768,0.516598105430603,0.6021283268928528,0.5403724908828735,0.5757827162742615,0.4373722970485687,0.6312142610549927,0.47108423709869385,0.672078549861908,0.5116415023803711,0.6658910512924194,0.527418315410614,0.6687902808189392,0.44141218066215515,0.710930347442627,0.47658300399780273,0.7445605397224426,0.5158390402793884,0.7391197681427002,0.5186597108840942,0.7653247117996216,0.45555922389030457,0.7844359874725342,0.49169403314590454,0.8098141551017761,0.5264963507652283,0.8098914623260498
0.736860990524292,0.7837879657745361,0.7010074257850647,0.6526616215705872,0.6366844177246094,0.5205201506614685,0.5910634994506836,0.41292035579681396,0.5996620655059814,0.3123873770236969,0.5553033351898193,0.4945594072341919,0.44488972425460815,0.5427655577659607,0.4729769825935364,0.593345582485199,0.5157631635665894,0.5999234318733215,0.538111686706543,0.5747480988502502,0.43685591220855713,0.6287510395050049,0.47077473998069763,0.6686749458312988,0.5120615363121033,0.662898063659668,0.5255667567253113,0.6666087508201599,0.4410827159881592,0.7087122201919556,0.476243257522583,0.7412628531455994,0.5161082148551941,0.7364400029182434,0.517551064491272,0.7623909115791321,0.45597776770591736,0.7810325622558594,0.4912220239639282,0.8054132461547852,0.5257704257965088,0.8055977821350098
0.7389904260635376,0.7863816618919373,0.7036893963813782,0.6548619866371155,0.6384122967720032,0.5223051309585571,0.5924526453018188,0.4136306643486023,0.602901041507721,0.31077107787132263,0.5565196871757507,0.4936497211456299,0.44552290439605713,0.5419071316719055,0.47443315386772156,0.5945278406143188,0.5183562636375427,0.6013123393058777,0.5388516187667847,0.57328861951828,0.4374922513961792,0.6287086009979248,0.4718213677406311,0.6700387597084045,0.5131289958953857,0.663550853729248,0.5257495641708374,0.6656501293182373,0.4414192736148834,0.7083134651184082,0.476788729429245,0.7419306039810181,0.5165765285491943,0.7360591888427734,0.5171594619750977,0.7617080807685852,0.45580875873565674,0.7814666032791138,0.4918658137321472,0.8062995672225952,0.5269386768341064,0.8056999444961548
0.7395699620246887,0.7861981391906738,0.7037350535392761,0.653953492641449,0.6372376084327698,0.5212149620056152,0.5908090472221375,0.41274410486221313,0.5996972322463989,0.3101533353328705,0.5560004711151123,0.4948573708534241,0.44511526823043823,0.5413872003555298,0.473319947719574,0.5933576822280884,0.5170756578445435,0.6004874110221863,0.5387463569641113,0.5746617913246155,0.4370725750923157,0.6282901763916016,0.471225768327713,0.6691556572914124,0.5128239989280701,0.662883996963501,0.5262006521224976,0.6668812036514282,0.44113147258758545,0.7076065540313721,0.4763208031654358,0.7408512234687805,0.5163189768791199,0.7354100346565247,0.5180919170379639,0.7628207802772522,0.4558512270450592,0.7805079817771912,0.4912807047367096,0.8047645688056946,0.526304304599762,0.8045443296432495
0.741330623626709,0.7906902432441711,0.7064616680145264,0.6571428179740906,0.6383863687515259,0.5227769017219543,0.5918444395065308,0.4123901426792145,0.6012842059135437,0.3083876371383667,0.5559678673744202,0.4946689009666443,0.4447658956050873,0.5404035449028015,0.4730285406112671,0.5928800106048584,0.5171964168548584,0.600105881690979,0.5382174253463745,0.5750107765197754,0.4367121458053589,0.627397894859314,0.47076624631881714,0.6683712005615234,0.5122065544128418,0.6622077226638794,0.5255622863769531,0.6678060293197632,0.4409187138080597,0.7069658041000366,0.47575944662094116,0.7403549551963806,0.5154364109039307,0.7355875968933105,0.5176892876625061,0.7638992667198181,0.4560874402523041,0.7798422574996948,0.49102866649627686,0.8046247363090515,0.5256081819534302,0.8049289584159851
0.7494679093360901,0.7839255928993225,0.7108879089355469,0.6532621383666992,0.6402996778488159,0.5210058689117432,0.5926812887191772,0.4118365943431854,0.6012312173843384,0.3091069161891937,0.5551196336746216,0.49384748935699463,0.44425496459007263,0.5398791432380676,0.47273316979408264,0.5928592085838318,0.5175536870956421,0.6008341312408447,0.5376325249671936,0.574692964553833,0.43671029806137085,0.6276313662528992,0.47081172466278076,0.6684894561767578,0.5128582119941711,0.6625767946243286,0.5261083841323853,0.6676950454711914,0.44110170006752014,0.7078194618225098,0.47594356536865234,0.7407150268554688,0.5160714387893677,0.7361121773719788,0.5197576880455017,0.764175295829773,0.45701542496681213,0.7803287506103516,0.4915752112865448,0.8048542737960815,0.5264076590538025,0.8053379058837891
0.7418712377548218,0.7908192873001099,0.7037887573242188,0.6550247073173523,0.63951575756073,0.521394670009613,0.594720721244812,0.41191956400871277,0.6111544370651245,0.3065667450428009,0.5551955699920654,0.4944247007369995,0.44393011927604675,0.5414345264434814,0.474273145198822,0.5958285331726074,0.5199113488197327,0.6021599769592285,0.5378470420837402,0.5750139355659485,0.43750694394111633,0.6299437880516052,0.47140491008758545,0.6717103123664856,0.5123087167739868,0.6662487983703613,0.5252591371536255,0.66884446144104,0.44069573283195496,0.7090381383895874,0.47534775733947754,0.7430176734924316,0.5146856307983398,0.7386017441749573,0.5165090560913086,0.7654598951339722,0.453581839799881,0.7814211845397949,0.4887603521347046,0.805907130241394,0.5240347981452942,0.8073682188987732
0.7482591271400452,0.7851571440696716,0.7099616527557373,0.653198778629303,0.6412017345428467,0.5201576352119446,0.5931965708732605,0.4119813144207001,0.598031222820282,0.31143659353256226,0.5550281405448914,0.4941633939743042,0.4452495276927948,0.5396519303321838,0.4736389219760895,0.5920862555503845,0.5182467103004456,0.6006449460983276,0.5368468761444092,0.5755072832107544,0.4381377696990967,0.6281875371932983,0.47206947207450867,0.6681122183799744,0.5139180421829224,0.6621468663215637,0.5247606635093689,0.6686333417892456,0.4422040283679962,0.7086983323097229,0.4766913950443268,0.7407167553901672,0.5167844295501709,0.736518383026123,0.5179966688156128,0.7653095722198486,0.4572296142578125,0.780627965927124,0.4915292263031006,0.8050996661186218,0.526386559009552,0.806554913520813
0.7422007322311401,0.7927732467651367,0.7053415179252625,0.6562546491622925,0.6412237286567688,0.5223686099052429,0.59683758020401,0.41258376836776733,0.613531768321991,0.3069569766521454,0.5554237961769104,0.4942815601825714,0.4450196623802185,0.5415788888931274,0.47493407130241394,0.5959189534187317,0.519884467124939,0.6023586988449097,0.5368621349334717,0.5758651494979858,0.4384456276893616,0.6313399076461792,0.4724404215812683,0.6728355288505554,0.5132955312728882,0.6669127941131592,0.5233272314071655,0.6703482270240784,0.44195979833602905,0.7112735509872437,0.4763239026069641,0.7446146011352539,0.5154374241828918,0.7399718165397644,0.5142848491668701,0.7668616771697998,0.45472171902656555,0.7837473154067993,0.48959386348724365,0.8080602288246155,0.5243403911590576,0.8092989325523376
0.7457131147384644,0.78737473487854,0.7087440490722656,0.6545247435569763,0.6417211294174194,0.5211337804794312,0.5966435670852661,0.412742555141449,0.6029276251792908,0.31283092498779297,0.5553327202796936,0.4936474561691284,0.44647344946861267,0.5393481254577637,0.4756581485271454,0.591239869594574,0.5203061103820801,0.598732590675354,0.5363861322402954,0.576525092124939,0.43925952911376953,0.6278119087219238,0.4729067385196686,0.6673465371131897,0.5146728754043579,0.6617754101753235,0.5239735841751099,0.6703225374221802,0.4431386888027191,0.7093206644058228,0.47691088914871216,0.7408366203308105,0.5168184041976929,0.7371909618377686,0.5171310901641846,0.7668847441673279,0.45700687170028687,0.7815103530883789,0.49050161242485046,0.8057544231414795,0.5251784324645996,0.8078416585922241
0.741299569606781,0.7908015251159668,0.706922173500061,0.6551057696342468,0.6441203355789185,0.5222005248069763,0.6006837487220764,0.41347259283065796,0.6158480644226074,0.3096869885921478,0.5562591552734375,0.4928547143936157,0.4473470449447632,0.5396816730499268,0.4778905212879181,0.5934872627258301,0.5232557654380798,0.60037761926651,0.5367823243141174,0.5759180188179016,0.44062572717666626,0.6279993653297424,0.47435298562049866,0.668468713760376,0.5153360962867737,0.6631748080253601,0.5229934453964233,0.6707161664962769,0.44379937648773193,0.7083091139793396,0.47770071029663086,0.7407803535461426,0.5170438289642334,0.7374089360237122,0.5138968229293823,0.7672724723815918,0.4555251896381378,0.7808015942573547,0.49016499519348145,0.8049193024635315,0.5249521136283875,0.8069574236869812
0.7459331750869751,0.7843406796455383,0.710453987121582,0.6500964164733887,0.6461133360862732,0.5174810290336609,0.6020678281784058,0.41056472063064575,0.6080127358436584,0.3131963908672333,0.5567054748535156,0.4907480478286743,0.45020923018455505,0.5367786884307861,0.4802471697330475,0.5887041687965393,0.5253168940544128,0.5970027446746826,0.5358594059944153,0.5747038125991821,0.44344234466552734,0.6246638894081116,0.4767197072505951,0.6640774011611938,0.5181092619895935,0.6595358848571777,0.5225442051887512,0.6689139008522034,0.4470633864402771,0.7064226865768433,0.48078083992004395,0.7375175356864929,0.5206940174102783,0.7354170083999634,0.5155749320983887,0.7649911642074585,0.46138763427734375,0.7791491746902466,0.49518468976020813,0.8032078146934509,0.5293216705322266,0.8055963516235352
0.7419767379760742,0.788145899772644,0.7115871906280518,0.650224506855011,0.6519352197647095,0.5152382254600525,0.6068221926689148,0.4060406982898712,0.6215599179267883,0.300922155380249,0.5561127066612244,0.49022847414016724,0.4517013728618622,0.5377017855644226,0.48243027925491333,0.5904638171195984,0.527815580368042,0.5973023176193237,0.5363221168518066,0.5734274387359619,0.44539761543273926,0.6257786154747009,0.4789077639579773,0.6656678915023804,0.5195612907409668,0.660529613494873,0.5231185555458069,0.6685433983802795,0.4488237798213959,0.7051134705543518,0.48302486538887024,0.7377221584320068,0.522344708442688,0.7343749403953552,0.5149473547935486,0.7648577094078064,0.460746169090271,0.7785235047340393,0.4962553083896637,0.8018410801887512,0.5309659242630005,0.8028088808059692
0.7433145046234131,0.7807065844535828,0.7122161984443665,0.6423148512840271,0.6509143710136414,0.5097782015800476,0.6071648597717285,0.4015549123287201,0.6171199679374695,0.2983510494232178,0.5559858083724976,0.4876883625984192,0.45354485511779785,0.5353866815567017,0.4844072759151459,0.5853747129440308,0.5296028256416321,0.592693030834198,0.536038875579834,0.5716195106506348,0.4479210376739502,0.621874213218689,0.48125144839286804,0.6600579619407654,0.5217515826225281,0.6561279296875,0.5228086113929749,0.6670624613761902,0.4523142874240875,0.7017468810081482,0.4863131046295166,0.7322984933853149,0.5253030061721802,0.7300089597702026,0.51485276222229,0.7636705636978149,0.46311530470848083,0.7736384868621826,0.49890121817588806,0.7963882684707642,0.5335431098937988,0.798287570476532
0.7509660720825195,0.7767431139945984,0.7223237752914429,0.6379437446594238,0.6628307104110718,0.5037811398506165,0.6138293147087097,0.40044480562210083,0.6126316785812378,0.3076799511909485,0.5598414540290833,0.48451489210128784,0.46046119928359985,0.5301618576049805,0.48914599418640137,0.5815730094909668,0.533139169216156,0.5927594304084778,0.5376608967781067,0.5677497982978821,0.4544210433959961,0.6174992322921753,0.4862916171550751,0.6564992666244507,0.5252262949943542,0.6544948816299438,0.5250327587127686,0.6621643304824829,0.45857757329940796,0.698456346988678,0.49167364835739136,0.7286227941513062,0.5298284292221069,0.7285765409469604,0.5194042921066284,0.7593176960945129,0.4698801636695862,0.7676052451133728,0.5040706992149353,0.7911862134933472,0.5377529263496399,0.7953794598579407
0.755196750164032,0.7722410559654236,0.7240511775016785,0.6306988596916199,0.6653218865394592,0.4987204074859619,0.6182883977890015,0.39386123418807983,0.6189200282096863,0.29955974221229553,0.5613452792167664,0.4804672598838806,0.46565964818000793,0.5263227224349976,0.4946868419647217,0.5769840478897095,0.5384977459907532,0.5875747203826904,0.5395088195800781,0.5621412396430969,0.45970186591148376,0.6139619946479797,0.4913950562477112,0.6528463959693909,0.5302863121032715,0.6506459712982178,0.5275743007659912,0.6562328338623047,0.46303677558898926,0.6944060325622559,0.49638956785202026,0.7246301770210266,0.5345883965492249,0.7238458395004272,0.5228369235992432,0.7527324557304382,0.47263211011886597,0.7652581930160522,0.5077781081199646,0.7879263162612915,0.5425744652748108,0.7904432415962219
0.7708796858787537,0.7586780786514282,0.7373629808425903,0.6207056641578674,0.6739968657493591,0.49742549657821655,0.6191750764846802,0.4024497866630554,0.6122992634773254,0.318130224943161,0.5677229166030884,0.47460347414016724,0.47465628385543823,0.51719069480896,0.5049654841423035,0.5655583143234253,0.5476199388504028,0.5750861763954163,0.5457643866539001,0.5565383434295654,0.46919500827789307,0.6055032014846802,0.5012312531471252,0.6428637504577637,0.5394300222396851,0.6409836411476135,0.5339785218238831,0.6508085131645203,0.4741462469100952,0.6878032684326172,0.507493257522583,0.7154735326766968,0.5454908609390259,0.7157489061355591,0.5298357605934143,0.7477239370346069,0.4832724332809448,0.757310152053833,0.5177329778671265,0.7792106866836548,0.5515884160995483,0.7834572792053223
0.788227379322052,0.7520529627799988,0.7565219402313232,0.6098071932792664,0.6905264258384705,0.501671314239502,0.6102610230445862,0.46405482292175293,0.5581278800964355,0.4847455620765686,0.586860716342926,0.46620962023735046,0.49617236852645874,0.4992159605026245,0.5199570059776306,0.5419657230377197,0.5601255893707275,0.5577728748321533,0.5626234412193298,0.5483736991882324,0.48751553893089294,0.5922932028770447,0.515786349773407,0.6265987157821655,0.5535714626312256,0.630526602268219,0.5484390258789062,0.6428980231285095,0.4895668625831604,0.6759544014930725,0.5202127695083618,0.7013065218925476,0.5571597218513489,0.7054475545883179,0.5446531176567078,0.7402429580688477,0.5005613565444946,0.7461777329444885,0.5330213904380798,0.7661389112472534,0.5658919811248779,0.772127091884613
0.7871903777122498,0.7562390565872192,0.756598174571991,0.6129277348518372,0.6953282952308655,0.4898931384086609,0.6341546773910522,0.40720057487487793,0.613856315612793,0.3514983654022217,0.580689013004303,0.4684850573539734,0.4958253800868988,0.5076753497123718,0.5220097899436951,0.5493519306182861,0.5630496740341187,0.5600733757019043,0.5587245225906372,0.5495209097862244,0.4895334243774414,0.6001014709472656,0.5188066363334656,0.6321595311164856,0.5571181774139404,0.6307450532913208,0.5479382276535034,0.6437704563140869,0.4911089241504669,0.6815361380577087,0.5220443606376648,0.7055317163467407,0.5590547323226929,0.7064779996871948,0.5468066334724426,0.7416120767593384,0.5018303990364075,0.7513363361358643,0.533886194229126,0.7701032757759094,0.5665367841720581,0.7735477685928345
0.8080457448959351,0.7406320571899414,0.7705731391906738,0.5936726331710815,0.7067863941192627,0.46634769439697266,0.660175085067749,0.3567395508289337,0.6662008166313171,0.2589181363582611,0.600728452205658,0.4547269344329834,0.5127997398376465,0.49398332834243774,0.542230486869812,0.5324558615684509,0.5835518836975098,0.539361834526062,0.5804699659347534,0.5384841561317444,0.505915641784668,0.5845920443534851,0.5378917455673218,0.6147554516792297,0.5760214328765869,0.6115915179252625,0.5707567930221558,0.6355405449867249,0.5091127753257751,0.6660439372062683,0.5414424538612366,0.6892035603523254,0.5788834691047668,0.6887967586517334,0.5693678259849548,0.7313891649246216,0.5204489827156067,0.7364857792854309,0.5539078712463379,0.7548616528511047,0.5869999527931213,0.756945013999939
0.8130100965499878,0.745303213596344,0.7710931301116943,0.5947349071502686,0.7080408930778503,0.46748581528663635,0.6593438982963562,0.3606911301612854,0.6662715673446655,0.26248791813850403,0.6005508899688721,0.4503079354763031,0.5125048160552979,0.4950495958328247,0.5420868396759033,0.539192795753479,0.5819088816642761,0.5436152815818787,0.58027184009552,0.5325086116790771,0.5054842233657837,0.5814647674560547,0.5364154577255249,0.6169857382774353,0.5751062631607056,0.615106463432312,0.5709266662597656,0.6306825280189514,0.5076955556869507,0.6629258394241333,0.5417487025260925,0.6901859045028687,0.5800321698188782,0.6885929703712463,0.5715264678001404,0.7302371859550476,0.5197403430938721,0.7351760864257812,0.5547823309898376,0.7537229061126709,0.5891650319099426,0.7547742128372192
0.8267591595649719,0.7152813673019409,0.783826470375061,0.5703879594802856,0.7195728421211243,0.44544824957847595,0.674882173538208,0.3421114683151245,0.6739240288734436,0.2544773519039154,0.6226937174797058,0.43545717000961304,0.5314440131187439,0.47241219878196716,0.5619258880615234,0.5102671384811401,0.6035624742507935,0.5163310170173645,0.6052422523498535,0.5180254578590393,0.525128185749054,0.5628048181533813,0.5584942102432251,0.5917843580245972,0.5988398790359497,0.5888684391975403,0.5969502925872803,0.6114411950111389,0.530126690864563,0.645732581615448,0.5641806721687317,0.6661311388015747,0.6030703186988831,0.6656165719032288,0.5970117449760437,0.7046010494232178,0.5468498468399048,0.7149445414543152,0.5807639360427856,0.7305744290351868,0.6144822239875793,0.7321489453315735
0.8371616005897522,0.7157762050628662,0.7998493909835815,0.5672420859336853,0.7336700558662415,0.4550192356109619,0.6685289740562439,0.3971594572067261,0.6367505192756653,0.377010703086853,0.644801676273346,0.41995179653167725,0.5440465807914734,0.4636244773864746,0.5751630067825317,0.5066016316413879,0.6177355647087097,0.5122741460800171,0.6252574324607849,0.5025554299354553,0.5366773009300232,0.5499811172485352,0.5697914361953735,0.5848556756973267,0.610223114490509,0.5832540392875671,0.6134174466133118,0.5968968868255615,0.5383738279342651,0.6325783729553223,0.5748857855796814,0.659067690372467,0.614535391330719,0.6575068831443787,0.610795259475708,0.6952200531959534,0.5546039938926697,0.7051368951797485,0.590758204460144,0.7240997552871704,0.6261990070343018,0.725623607635498
0.8463613986968994,0.7034514546394348,0.8113490343093872,0.5557068586349487,0.7495801448822021,0.43466031551361084,0.6985631585121155,0.35299527645111084,0.6848822832107544,0.30526143312454224,0.6580694317817688,0.4123457670211792,0.5586349368095398,0.454521507024765,0.5846509337425232,0.4962947964668274,0.6217823028564453,0.501740574836731,0.6389688849449158,0.4929150938987732,0.5498610734939575,0.5439296960830688,0.581540048122406,0.5761989951133728,0.6205577254295349,0.573337733745575,0.6287462711334229,0.5843653082847595,0.5514276623725891,0.6241617202758789,0.5857157111167908,0.6480868458747864,0.6236470937728882,0.6462152004241943,0.627079963684082,0.677590548992157,0.569257378578186,0.6945742964744568,0.6026253700256348,0.7123082876205444,0.6361443400382996,0.7131720185279846
0.8611549139022827,0.6938526034355164,0.8323106169700623,0.5506592988967896,0.7703872323036194,0.43257877230644226,0.7024909853935242,0.3727826476097107,0.6687493324279785,0.351630300283432,0.6720653772354126,0.4006403684616089,0.5702571868896484,0.4460746943950653,0.5981063842773438,0.48556870222091675,0.6366032958030701,0.4897480905056,0.6535715460777283,0.4807201027870178,0.5603103041648865,0.5318083763122559,0.594132125377655,0.5625036954879761,0.6338909268379211,0.559425413608551,0.6426287293434143,0.5714723467826843,0.5615992546081543,0.6116313338279724,0.5994453430175781,0.6363531351089478,0.6390069127082825,0.6330934166908264,0.6403432488441467,0.6668646931648254,0.5814434289932251,0.6809418201446533,0.6186809539794922,0.6998956203460693,0.6542523503303528,0.699385941028595
0.8688080906867981,0.6845750212669373,0.8396613597869873,0.5438307523727417,0.7769095301628113,0.42938703298568726,0.7040947675704956,0.3783459961414337,0.6621604561805725,0.37281349301338196,0.6851386427879333,0.3929232358932495,0.5809648036956787,0.43789902329444885,0.6051468849182129,0.4807469844818115,0.6405350565910339,0.488214373588562,0.6688439249992371,0.471813440322876,0.5707349181175232,0.525743305683136,0.601848304271698,0.5582032799720764,0.6401079893112183,0.5572200417518616,0.6596270203590393,0.5616780519485474,0.5744912028312683,0.6050314903259277,0.6103296279907227,0.6291366815567017,0.6484109163284302,0.6259185075759888,0.6587795615196228,0.6562647819519043,0.5927010178565979,0.6738606095314026,0.6281721591949463,0.6922403573989868,0.6636567115783691,0.6918066143989563
0.886472225189209,0.6735188961029053,0.8562064170837402,0.5330025553703308,0.7890084981918335,0.41898113489151,0.7186375260353088,0.3614850640296936,0.6788303256034851,0.3493654727935791,0.7031274437904358,0.37843048572540283,0.5963126420974731,0.43273934721946716,0.6211458444595337,0.47443610429763794,0.6559884548187256,0.47875839471817017,0.6874756813049316,0.45708027482032776,0.5872917175292969,0.5182604193687439,0.6196322441101074,0.5499610900878906,0.6583132743835449,0.5468543767929077,0.6792762279510498,0.5477926731109619,0.5918274521827698,0.5957137942314148,0.6279529929161072,0.6203703284263611,0.6656971573829651,0.6150719523429871,0.6785293221473694,0.6445096731185913,0.608592689037323,0.6647992134094238,0.6433696150779724,0.6846288442611694,0.6778098344802856,0.6826990842819214
0.9023115634918213,0.6710153818130493,0.8699817657470703,0.5337322950363159,0.8049138188362122,0.4121943712234497,0.7475662231445312,0.3387504816055298,0.7187247276306152,0.3082396984100342,0.7221953868865967,0.3676661252975464,0.6102448105812073,0.4237635135650635,0.6362375617027283,0.46984660625457764,0.6713264584541321,0.472339004278183,0.7082026600837708,0.4428001940250397,0.600961446762085,0.5089693665504456,0.636799156665802,0.5434927940368652,0.6767292618751526,0.537534236907959,0.6993097066879272,0.5308253169059753,0.6068722009658813,0.5857630968093872,0.6464074850082397,0.6126116514205933,0.6848011612892151,0.6047813296318054,0.6967891454696655,0.6267268061637878,0.6253425478935242,0.6527148485183716,0.6622763872146606,0.674521267414093,0.696799099445343,0.6711369752883911
0.9035650491714478,0.6684374809265137,0.868699848651886,0.5287902355194092,0.7967547178268433,0.4199584722518921,0.7204494476318359,0.3743494749069214,0.6691033840179443,0.38413411378860474,0.7226073741912842,0.3613303303718567,0.6088079214096069,0.413289874792099,0.6310715079307556,0.458918958902359,0.6652705669403076,0.4633360207080841,0.7075033783912659,0.43771418929100037,0.5976337194442749,0.4946085512638092,0.6304563283920288,0.533052921295166,0.6711803674697876,0.5313971638679504,0.6974908709526062,0.5278121829032898,0.6028878688812256,0.5765081644058228,0.6401128768920898,0.6072285175323486,0.6795187592506409,0.6015876531600952,0.6944990754127502,0.625008225440979,0.6225728988647461,0.6462293863296509,0.6592195630073547,0.6697558164596558,0.6955254673957825,0.6674703359603882
0.9145678877830505,0.6636102795600891,0.8763944506645203,0.521838366985321,0.8134645223617554,0.37784212827682495,0.7825711965560913,0.26413899660110474,0.7946162819862366,0.1689683496952057,0.7354945540428162,0.35347452759742737,0.6187142729759216,0.4021332859992981,0.6431748867034912,0.4541488587856293,0.6773278713226318,0.45884284377098083,0.7253179550170898,0.4285121262073517,0.6105757355690002,0.4967167377471924,0.6471982002258301,0.53135085105896,0.6874892115592957,0.5216491222381592,0.7173988819122314,0.5182070136070251,0.6152967810630798,0.5706727504730225,0.655735969543457,0.5971271395683289,0.6952515244483948,0.5884830355644226,0.7128735184669495,0.6134887933731079,0.6351222991943359,0.6394723057746887,0.6741986870765686,0.6602404713630676,0.7096872925758362,0.6561697721481323
0.9284364581108093,0.6616893410682678,0.896354079246521,0.5264049172401428,0.8335043787956238,0.40466925501823425,0.7657254934310913,0.3418777883052826,0.7147256731987,0.3295783996582031,0.7493177056312561,0.3411864638328552,0.6280580759048462,0.38880154490470886,0.6445751190185547,0.4453686773777008,0.6776046752929688,0.459006130695343,0.7351250648498535,0.40980207920074463,0.6147252917289734,0.4785934090614319,0.6473087668418884,0.5215305685997009,0.689160168170929,0.5189252495765686,0.7246830463409424,0.4959419071674347,0.6196269392967224,0.5573503375053406,0.6597939729690552,0.5890133380889893,0.7005634307861328,0.5793851017951965,0.7204159498214722,0.5916497707366943,0.6438905000686646,0.6274237632751465,0.6828832626342773,0.6507678031921387,0.7198099493980408,0.6417500972747803
0.9311382174491882,0.6629081964492798,0.894978940486908,0.5257870554924011,0.8249956369400024,0.41042232513427734,0.7482993006706238,0.3668439984321594,0.6952239274978638,0.37579596042633057,0.7537245154380798,0.33874526619911194,0.6293668150901794,0.3897289037704468,0.6415194272994995,0.44492030143737793,0.6701174974441528,0.45866474509239197,0.7393712401390076,0.410744309425354,0.617984414100647,0.48007798194885254,0.6482149362564087,0.5213950276374817,0.687419056892395,0.5184270739555359,0.7297841310501099,0.49910542368888855,0.6230215430259705,0.5572360157966614,0.6601464748382568,0.5897766351699829,0.6997640132904053,0.5830845236778259,0.7260996699333191,0.5961629152297974,0.6484628319740295,0.6267862319946289,0.6821103692054749,0.6498326063156128,0.7164464592933655,0.644599437713623
0.931162416934967,0.6636009216308594,0.8935104608535767,0.5268397331237793,0.822147786617279,0.4114784896373749,0.7468072175979614,0.36357080936431885,0.6955597996711731,0.36638766527175903,0.7519751787185669,0.339621365070343,0.6269735097885132,0.3938658833503723,0.6403514742851257,0.4489443898200989,0.6693450212478638,0.46092548966407776,0.7388308644294739,0.4105505645275116,0.615780770778656,0.4844542443752289,0.6482309103012085,0.525480329990387,0.687947690486908,0.5206931829452515,0.7299795746803284,0.4984200596809387,0.6217547655105591,0.5607810616493225,0.6606250405311584,0.5922169089317322,0.700661301612854,0.5837206244468689,0.7268223166465759,0.595339298248291,0.6489276885986328,0.6290652751922607,0.6832632422447205,0.6515710949897766,0.7176833748817444,0.6456780433654785
0.8408289551734924,0.7187879085540771,0.800819993019104,0.564429521560669,0.7372108101844788,0.42249324917793274,0.6932708024978638,0.316471129655838,0.6884823441505432,0.22972509264945984,0.6448698043823242,0.42137449979782104,0.5334125757217407,0.47731444239616394,0.5628733038902283,0.5199218988418579,0.6029163599014282,0.5178442001342773,0.633560061454773,0.5123892426490784,0.5232006311416626,0.5661276578903198,0.5594274997711182,0.5985438227653503,0.6045917272567749,0.5923542380332947,0.628649890422821,0.6082234978675842,0.530720591545105,0.6457018852233887,0.5670073628425598,0.6693952679634094,0.6100884675979614,0.6651153564453125,0.6285645961761475,0.7040919065475464,0.5548191070556641,0.7149940729141235,0.5892297625541687,0.7334014773368835,0.6277620792388916,0.7342503666877747
0.8327358365058899,0.7107549905776978,0.7916285991668701,0.5631037354469299,0.726876437664032,0.42938268184661865,0.6876968145370483,0.32301628589630127,0.6914834976196289,0.2335188388824463,0.6425454616546631,0.4269915223121643,0.5310337543487549,0.4799902141094208,0.5626207590103149,0.5228132605552673,0.6049360632896423,0.5223442316055298,0.6302622556686401,0.5149707198143005,0.5234431028366089,0.5626257658004761,0.560196042060852,0.5953824520111084,0.6041971445083618,0.5895394682884216,0.6241073608398438,0.608961284160614,0.5298324823379517,0.6434413194656372,0.5696731805801392,0.6675137281417847,0.6130120754241943,0.6619447469711304,0.6236201524734497,0.704276442527771,0.5536918640136719,0.7161092758178711,0.5913442969322205,0.7341394424438477,0.6294685006141663,0.733202338218689
0.8130165338516235,0.7227860689163208,0.7797532081604004,0.5752584934234619,0.7138627767562866,0.4620618522167206,0.6334970593452454,0.43026697635650635,0.5822933912277222,0.45899051427841187,0.6211676001548767,0.43253737688064575,0.5133839845657349,0.4928058385848999,0.540108323097229,0.5346883535385132,0.5816718935966492,0.5373235940933228,0.6029453873634338,0.519823431968689,0.5039740800857544,0.5766419172286987,0.535754919052124,0.609833836555481,0.579425573348999,0.6060168147087097,0.5931905508041382,0.6166092753410339,0.5059173107147217,0.657383143901825,0.5419772863388062,0.6826043128967285,0.5844603776931763,0.6779242753982544,0.5931097269058228,0.7161640524864197,0.5280336737632751,0.7277990579605103,0.5630026459693909,0.7458602786064148,0.6002558469772339,0.7449651956558228
0.7915314435958862,0.7275040149688721,0.7527825236320496,0.5768216252326965,0.6858996748924255,0.44796937704086304,0.626101016998291,0.362385630607605,0.608299970626831,0.29401275515556335,0.5952376127243042,0.44458115100860596,0.4903596043586731,0.49476948380470276,0.5190166234970093,0.5373771786689758,0.5598453283309937,0.5392820835113525,0.5799538493156433,0.5326488614082336,0.4830254018306732,0.5831598043441772,0.5147043466567993,0.6183875203132629,0.5584465861320496,0.6139987111091614,0.5727474689483643,0.6296539306640625,0.48665961623191833,0.6686320900917053,0.520671546459198,0.6947230100631714,0.5626500844955444,0.6894310712814331,0.5732266306877136,0.7295892238616943,0.5061179995536804,0.7427570819854736,0.5404922962188721,0.7627754211425781,0.5783039331436157,0.7616233825683594
0.7862116694450378,0.7348874807357788,0.7399097681045532,0.5846895575523376,0.6595013737678528,0.4530150890350342,0.6066799759864807,0.3461265563964844,0.597801923751831,0.25301334261894226,0.5737113356590271,0.4496469497680664,0.47027838230133057,0.49290230870246887,0.4983558654785156,0.5348899364471436,0.5418421030044556,0.538981556892395,0.5578159093856812,0.5402775406837463,0.464386522769928,0.5849764943122864,0.4963688254356384,0.6181429624557495,0.5407275557518005,0.6148433089256287,0.5513463616371155,0.6429881453514099,0.46808362007141113,0.6742643117904663,0.5031981468200684,0.6992279291152954,0.5466839075088501,0.6965869665145874,0.5535963177680969,0.7451606392860413,0.48562899231910706,0.7526047825813293,0.5209494233131409,0.7724480628967285,0.5604080557823181,0.7719563245773315
0.7774231433868408,0.739763617515564,0.7335246801376343,0.5872662663459778,0.6561398506164551,0.4555402398109436,0.5966126322746277,0.35652536153793335,0.5811281204223633,0.27487924695014954,0.5545318126678467,0.4450211524963379,0.45049384236335754,0.4897685945034027,0.47938182950019836,0.5328078269958496,0.5224528908729553,0.537394106388092,0.5368207097053528,0.5351945161819458,0.4450385272502899,0.5844063758850098,0.47802430391311646,0.6187810897827148,0.5218511819839478,0.6148057579994202,0.528462827205658,0.6373945474624634,0.4501890242099762,0.6741963028907776,0.4853130578994751,0.6991418600082397,0.5280976295471191,0.6957731246948242,0.5283957719802856,0.7404168248176575,0.46773797273635864,0.7522479891777039,0.504233717918396,0.7711277008056641,0.5430524945259094,0.7695177793502808
0.7593588829040527,0.7435238361358643,0.7136739492416382,0.5912718772888184,0.6266158223152161,0.4468740224838257,0.5648858547210693,0.3279991149902344,0.5638188123703003,0.21937629580497742,0.5152625441551208,0.4317599833011627,0.4129571318626404,0.48233917355537415,0.4478767216205597,0.5331635475158691,0.49228858947753906,0.5356548428535461,0.49870914220809937,0.5229846239089966,0.41044723987579346,0.5823581218719482,0.44659990072250366,0.6225890517234802,0.4904555082321167,0.6151222586631775,0.49123895168304443,0.6293363571166992,0.4165070652961731,0.6703743934631348,0.45225220918655396,0.7013633847236633,0.4961233139038086,0.6968914866447449,0.4900745153427124,0.7351627945899963,0.42915016412734985,0.7448370456695557,0.4655025005340576,0.7680296301841736,0.5050473809242249,0.7664939165115356
0.7452263236045837,0.7537472248077393,0.7060643434524536,0.5939092040061951,0.626297116279602,0.44700539112091064,0.5556483268737793,0.33994078636169434,0.5319178104400635,0.2544516324996948,0.4996873736381531,0.4284632205963135,0.3984130620956421,0.4664469361305237,0.4266769587993622,0.5205069184303284,0.4700072407722473,0.5322684645652771,0.47801846265792847,0.5192487835884094,0.3932068943977356,0.57807856798172,0.4271615445613861,0.6202466487884521,0.4706887900829315,0.6162793636322021,0.46856236457824707,0.6254068613052368,0.40236717462539673,0.6728150844573975,0.4378403127193451,0.7026815414428711,0.47977158427238464,0.6999995708465576,0.4684474468231201,0.733627200126648,0.41713011264801025,0.7504225969314575,0.45350655913352966,0.7722829580307007,0.4903467893600464,0.7710881233215332
0.7321372628211975,0.748975932598114,0.6922548413276672,0.5952095985412598,0.615673840045929,0.46853235363960266,0.5292987823486328,0.4085778295993805,0.4669857621192932,0.4084262251853943,0.4844425916671753,0.4259237051010132,0.3833087086677551,0.46148553490638733,0.40527164936065674,0.5170285105705261,0.44607964158058167,0.5348715782165527,0.45928630232810974,0.5142542123794556,0.3741503059864044,0.5777803659439087,0.40539461374282837,0.6220704913139343,0.44943585991859436,0.6220548748970032,0.44767284393310547,0.6225460171699524,0.38114991784095764,0.6772486567497253,0.4146791994571686,0.7087575793266296,0.4558297097682953,0.7059563994407654,0.4456833600997925,0.7334316372871399,0.39295095205307007,0.7573597431182861,0.42817574739456177,0.7808079719543457,0.46645206212997437,0.7812433242797852
0.7374215722084045,0.7472127079963684,0.6939135789871216,0.5961486101150513,0.612801730632782,0.47939592599868774,0.5269561409950256,0.43410632014274597,0.47011274099349976,0.44751760363578796,0.4877691864967346,0.427040159702301,0.3857232332229614,0.46613743901252747,0.40038183331489563,0.5195157527923584,0.43843305110931396,0.5405629277229309,0.4631129205226898,0.5146209597587585,0.3759019374847412,0.5780470371246338,0.40227288007736206,0.6187657117843628,0.4436214566230774,0.6177791357040405,0.45240941643714905,0.6221119165420532,0.3834977447986603,0.6784725785255432,0.41447436809539795,0.7070531249046326,0.45592015981674194,0.70444655418396,0.45188283920288086,0.7327893376350403,0.3985912799835205,0.7565624117851257,0.4315415024757385,0.7753771543502808,0.469868928194046,0.7745136618614197
0.6969794034957886,0.7217973470687866,0.6434285640716553,0.5674889087677002,0.5656314492225647,0.45467889308929443,0.48151057958602905,0.40937167406082153,0.4253000020980835,0.43043434619903564,0.446472704410553,0.42466098070144653,0.34974777698516846,0.4570949077606201,0.36525464057922363,0.5131838321685791,0.39946499466896057,0.5349831581115723,0.4215349555015564,0.5178040266036987,0.339314341545105,0.5762454271316528,0.36946913599967957,0.6215094923973083,0.4123842120170593,0.6244346499443054,0.41156405210494995,0.6268397569656372,0.35522931814193726,0.6767243146896362,0.3880748152732849,0.7055719494819641,0.42835086584091187,0.7039211392402649,0.4122338891029358,0.7327195405960083,0.36926281452178955,0.749748945236206,0.40138953924179077,0.7702977061271667,0.4364650249481201,0.7696396708488464
0.6873610615730286,0.7184674143791199,0.6340557336807251,0.5753191709518433,0.5473026037216187,0.47295403480529785,0.4630836248397827,0.4438738524913788,0.40620189905166626,0.48869022727012634,0.4307578206062317,0.42745494842529297,0.330608069896698,0.47228020429611206,0.34225547313690186,0.5313964486122131,0.37888243794441223,0.5575675368309021,0.4042167663574219,0.5168459415435791,0.3188939094543457,0.5889289975166321,0.3484758138656616,0.6366285681724548,0.39180827140808105,0.6404204964637756,0.3931434452533722,0.6267285346984863,0.3301609456539154,0.6906520128250122,0.3630956709384918,0.7225627899169922,0.40175861120224,0.7196167707443237,0.3941769301891327,0.7372103929519653,0.3433961868286133,0.7691808342933655,0.3783184885978699,0.7896360158920288,0.41422387957572937,0.7862304449081421
0.6640387773513794,0.7336263656616211,0.6280386447906494,0.5890151858329773,0.5622668266296387,0.4795442223548889,0.49380946159362793,0.43068182468414307,0.43990015983581543,0.45580029487609863,0.41691160202026367,0.4405979514122009,0.31745001673698425,0.4616284966468811,0.31771478056907654,0.5206257104873657,0.34778693318367004,0.5594841837882996,0.38385725021362305,0.5300500392913818,0.3019382059574127,0.5929570198059082,0.3305797278881073,0.6431655883789062,0.37533360719680786,0.6527023315429688,0.3697793483734131,0.641248881816864,0.3087047338485718,0.7001928687095642,0.3425672650337219,0.7339686751365662,0.38474130630493164,0.7372534871101379,0.3703700304031372,0.7527808547019958,0.32290613651275635,0.7876588106155396,0.35772284865379333,0.8086367845535278,0.3958838880062103,0.8051714897155762
0.644941508769989,0.735317051410675,0.6033811569213867,0.586679995059967,0.5249450206756592,0.48134952783584595,0.43809622526168823,0.45268380641937256,0.3751686215400696,0.504159688949585,0.39351895451545715,0.4426230788230896,0.29614073038101196,0.46224987506866455,0.2952984571456909,0.5254311561584473,0.32563138008117676,0.5676231980323792,0.3598099946975708,0.5336371660232544,0.2809106409549713,0.5970324277877808,0.31025850772857666,0.6494259834289551,0.3558650612831116,0.6602122783660889,0.34698712825775146,0.6452333331108093,0.287433385848999,0.7083415985107422,0.3230079710483551,0.7438086271286011,0.3664502501487732,0.7463458776473999,0.34982362389564514,0.7574876546859741,0.3047470152378082,0.799443244934082,0.34131669998168945,0.8207316398620605,0.37993645668029785,0.8157589435577393
0.6453603506088257,0.7453284859657288,0.6086658835411072,0.600206732749939,0.5354384183883667,0.49290162324905396,0.4506716728210449,0.45240700244903564,0.3818914592266083,0.4799998998641968,0.393703430891037,0.4421328604221344,0.2915245294570923,0.4765515923500061,0.2937146723270416,0.5469761490821838,0.3322320580482483,0.5924181342124939,0.3594306707382202,0.5297645330429077,0.27933013439178467,0.6138907074928284,0.31000202894210815,0.6693623065948486,0.3575216829776764,0.6757412552833557,0.3472890257835388,0.6427544951438904,0.28597235679626465,0.7188495397567749,0.3201996684074402,0.7542138695716858,0.3635216951370239,0.753349781036377,0.3520803153514862,0.758975088596344,0.3072562515735626,0.8133114576339722,0.3417583107948303,0.8314061164855957,0.3791019916534424,0.8221653699874878
0.629564642906189,0.7360541224479675,0.5795623064041138,0.599205732345581,0.4909403920173645,0.5020971298217773,0.40256646275520325,0.4794521927833557,0.34106123447418213,0.523315966129303,0.36522942781448364,0.44887715578079224,0.25674086809158325,0.4939256012439728,0.26940152049064636,0.5623940229415894,0.313815712928772,0.5983828902244568,0.33687624335289,0.5405791997909546,0.24939268827438354,0.6217739582061768,0.2822995185852051,0.677129864692688,0.3329617381095886,0.686873733997345,0.3273036479949951,0.6518459320068359,0.26387158036231995,0.7302201390266418,0.29802560806274414,0.7665297985076904,0.3416233956813812,0.7674561738967896,0.3324955403804779,0.7638295292854309,0.285954087972641,0.8228486180305481,0.3197350800037384,0.8445981740951538,0.355855792760849,0.837882399559021
0.6035376787185669,0.757362425327301,0.5718224048614502,0.610588788986206,0.5015088319778442,0.49047544598579407,0.4202585816383362,0.4449315071105957,0.35947832465171814,0.474235475063324,0.33537036180496216,0.44532379508018494,0.23723194003105164,0.5176888108253479,0.26623883843421936,0.579472541809082,0.32327407598495483,0.6040438413619995,0.3024381697177887,0.5411955714225769,0.22840900719165802,0.6367831826210022,0.26915305852890015,0.6853969097137451,0.32436683773994446,0.6896501183509827,0.2924332022666931,0.6571669578552246,0.23766417801380157,0.7385701537132263,0.2759063243865967,0.7723405361175537,0.3222696781158447,0.7730275392532349,0.29707071185112,0.7739401459693909,0.253801167011261,0.8278874158859253,0.2916374206542969,0.8479132056236267,0.3301793038845062,0.841910183429718
0.5862940549850464,0.7511986494064331,0.5498448014259338,0.6009557843208313,0.47324609756469727,0.48128336668014526,0.3829600214958191,0.45878100395202637,0.3182275891304016,0.5118008852005005,0.30949896574020386,0.4499821960926056,0.21979303658008575,0.5360423922538757,0.2583116292953491,0.5892497897148132,0.3184366226196289,0.6029380559921265,0.28185173869132996,0.5527247786521912,0.2164647877216339,0.642227828502655,0.2603189945220947,0.6817272305488586,0.317319393157959,0.6837494969367981,0.2762657701969147,0.6692062616348267,0.23202085494995117,0.7424598336219788,0.27260851860046387,0.7691395878791809,0.32168808579444885,0.7680919170379639,0.2828657031059265,0.7853917479515076,0.24867035448551178,0.8326115012168884,0.29010826349258423,0.8488450050354004,0.32963621616363525,0.8430545330047607
0.5407866835594177,0.7379570007324219,0.5044545531272888,0.5856256484985352,0.4378160536289215,0.47578006982803345,0.3637247681617737,0.4361458420753479,0.3164425492286682,0.44403669238090515,0.2662643790245056,0.45908477902412415,0.1878717988729477,0.5223350524902344,0.22244960069656372,0.5721964240074158,0.275339275598526,0.5872708559036255,0.23672381043434143,0.5608440637588501,0.18191055953502655,0.6333680152893066,0.22338278591632843,0.6694110035896301,0.2783837616443634,0.672369122505188,0.23182892799377441,0.6753513216972351,0.1957821547985077,0.7341140508651733,0.2333294302225113,0.7560412883758545,0.2810063362121582,0.7550911903381348,0.24163085222244263,0.7876324653625488,0.2113645374774933,0.8240861296653748,0.24777698516845703,0.8358144164085388,0.28748390078544617,0.8311795592308044
0.5190659165382385,0.7329570055007935,0.4906195402145386,0.5776544213294983,0.4344141185283661,0.45938920974731445,0.36461398005485535,0.40619325637817383,0.31416967511177063,0.4127158224582672,0.25882023572921753,0.4551090896129608,0.17786093056201935,0.5105720162391663,0.20867282152175903,0.5577021837234497,0.2574656903743744,0.5704606175422668,0.23075497150421143,0.558856725692749,0.1701841801404953,0.6246435046195984,0.20611631870269775,0.6609232425689697,0.2571863830089569,0.6607140898704529,0.22655515372753143,0.6738513112068176,0.18453389406204224,0.725094735622406,0.21960915625095367,0.7500240802764893,0.2652948498725891,0.7494033575057983,0.23636206984519958,0.7857103943824768,0.199957013130188,0.8131003975868225,0.23565751314163208,0.8273535966873169,0.2748072147369385,0.8222694396972656
0.5200042724609375,0.7087785601615906,0.47574102878570557,0.5577028393745422,0.3973570466041565,0.42510801553726196,0.3338519334793091,0.3048384487628937,0.31020796298980713,0.1976833939552307,0.25140705704689026,0.4468623399734497,0.1737227886915207,0.5107218027114868,0.20856210589408875,0.5585811138153076,0.26243749260902405,0.5684105157852173,0.22878003120422363,0.5554043650627136,0.17000961303710938,0.6266419291496277,0.20802849531173706,0.6615504026412964,0.25762951374053955,0.6572352647781372,0.22745594382286072,0.6750625967979431,0.183683842420578,0.7248666286468506,0.21866117417812347,0.7494549751281738,0.2628444731235504,0.745688259601593,0.2383531630039215,0.7872860431671143,0.19922973215579987,0.8176723122596741,0.23481976985931396,0.8296871781349182,0.27014827728271484,0.8199880123138428
0.5178512930870056,0.7483323812484741,0.4860886335372925,0.587121844291687,0.4362003803253174,0.4644724726676941,0.3719358742237091,0.3963801860809326,0.3272211253643036,0.3710118532180786,0.24924711883068085,0.4628964066505432,0.1715087741613388,0.5137235522270203,0.2038421779870987,0.5660125613212585,0.2533892095088959,0.5812051296234131,0.21618759632110596,0.5682764053344727,0.16429203748703003,0.6332913637161255,0.20069456100463867,0.674898624420166,0.24907201528549194,0.6760877370834351,0.21009525656700134,0.6854474544525146,0.1788032352924347,0.7361263036727905,0.21572721004486084,0.7639021277427673,0.25966477394104004,0.7624978423118591,0.22052578628063202,0.7991982102394104,0.1927924007177353,0.8297662734985352,0.22998130321502686,0.8434622287750244,0.2691526710987091,0.8368721008300781
0.4903191328048706,0.7368029952049255,0.4521322548389435,0.5847654938697815,0.3800411522388458,0.44241657853126526,0.31731173396110535,0.3138679265975952,0.3023785948753357,0.1929284632205963,0.22842803597450256,0.46877938508987427,0.15599630773067474,0.5515719056129456,0.19969534873962402,0.5972115397453308,0.25374525785446167,0.5999886989593506,0.20698541402816772,0.5756617188453674,0.15687274932861328,0.6576989889144897,0.1987108737230301,0.6877590417861938,0.24903206527233124,0.6814040541648865,0.2057117223739624,0.69468754529953,0.17064237594604492,0.7490686774253845,0.20725342631340027,0.7722658514976501,0.25076547265052795,0.7649673819541931,0.21328943967819214,0.8068753480911255,0.18325240910053253,0.8388495445251465,0.220193549990654,0.8494150638580322,0.25502505898475647,0.8386120796203613
0.5018160343170166,0.7511839270591736,0.46520477533340454,0.5900676250457764,0.39412352442741394,0.4451526999473572,0.3177431523799896,0.32615649700164795,0.2994488775730133,0.2032959759235382,0.2296816110610962,0.46852022409439087,0.156134232878685,0.5560562610626221,0.20005640387535095,0.6104317903518677,0.2557051181793213,0.618651270866394,0.20551246404647827,0.5816906690597534,0.15670205652713776,0.6664450168609619,0.2009711116552353,0.7025492191314697,0.2522764205932617,0.6971111297607422,0.20372560620307922,0.70488041639328,0.17043551802635193,0.7611674666404724,0.20782774686813354,0.7879981994628906,0.251954585313797,0.7826650142669678,0.21301671862602234,0.8226875066757202,0.18297144770622253,0.8572466969490051,0.21926388144493103,0.8707500696182251,0.25384190678596497,0.8628255128860474
0.4951031804084778,0.7835667133331299,0.4651336669921875,0.6316673755645752,0.3941928744316101,0.48205050826072693,0.316451758146286,0.353536993265152,0.297939270734787,0.22146722674369812,0.23800542950630188,0.4981147050857544,0.15698102116584778,0.5540294647216797,0.1915121078491211,0.6127116680145264,0.24455764889717102,0.6296489238739014,0.2095797061920166,0.608326256275177,0.1526009440422058,0.6779951453208923,0.19585935771465302,0.7179113030433655,0.24686792492866516,0.7194350957870483,0.20327579975128174,0.7286662459373474,0.16252091526985168,0.7831419706344604,0.19907662272453308,0.8103901743888855,0.24183370172977448,0.8087939620018005,0.20884458720684052,0.842928946018219,0.17249137163162231,0.8834572434425354,0.20566429197788239,0.8983691930770874,0.23817844688892365,0.8919780850410461
0.49107712507247925,0.8150367736816406,0.4601653814315796,0.6609117388725281,0.3887253701686859,0.5040770173072815,0.3205645978450775,0.3671073913574219,0.3059261739253998,0.23153510689735413,0.24320892989635468,0.5063873529434204,0.14931920170783997,0.5671671628952026,0.18615195155143738,0.6269450187683105,0.24495092034339905,0.640953779220581,0.21537598967552185,0.6153929829597473,0.1429319828748703,0.676828145980835,0.1850893795490265,0.7213811874389648,0.2376522719860077,0.7261064052581787,0.2065240442752838,0.7373040318489075,0.15026792883872986,0.7820658683776855,0.1842225044965744,0.8174867033958435,0.2267216145992279,0.8202016353607178,0.20678892731666565,0.855934739112854,0.15938881039619446,0.8876550197601318,0.1903521567583084,0.910313069820404,0.2215833216905594,0.9100013971328735
0.5114666223526001,0.783783495426178,0.4773196876049042,0.6428989768028259,0.3981875777244568,0.4955762028694153,0.32514920830726624,0.3666156828403473,0.3026552200317383,0.2438948154449463,0.2536390423774719,0.5090018510818481,0.15544535219669342,0.5617229342460632,0.18740835785865784,0.6187676787376404,0.24549494683742523,0.6398137211799622,0.22578886151313782,0.6139892339706421,0.1512119323015213,0.6731666922569275,0.18909567594528198,0.7118018269538879,0.2407979816198349,0.7173472046852112,0.2169134020805359,0.7295512557029724,0.1617094725370407,0.7761438488960266,0.1935032159090042,0.8033949732780457,0.23673832416534424,0.8050682544708252,0.21683229506015778,0.8408269882202148,0.17096158862113953,0.8741580843925476,0.19994451105594635,0.8923757076263428,0.23161494731903076,0.8902348279953003
0.5030132532119751,0.7783737778663635,0.4605048894882202,0.6267950534820557,0.38251081109046936,0.48387643694877625,0.3145328164100647,0.3644297420978546,0.3101603388786316,0.23896318674087524,0.2447652816772461,0.5002315640449524,0.14990267157554626,0.5758282542228699,0.18845254182815552,0.6322752237319946,0.24524974822998047,0.6381819844245911,0.22517555952072144,0.6086994409561157,0.15068979561328888,0.6789325475692749,0.19268274307250977,0.7175045013427734,0.2450498640537262,0.7143068313598633,0.22242510318756104,0.7254304885864258,0.1664530634880066,0.7780743837356567,0.20266279578208923,0.8079209327697754,0.24693427979946136,0.803684651851654,0.22763365507125854,0.8369801044464111,0.1809055060148239,0.8729410767555237,0.21352198719978333,0.8912517428398132,0.2465733289718628,0.8865464329719543
0.5217188596725464,0.7781667113304138,0.4742063879966736,0.6330829858779907,0.3896366357803345,0.4921513497829437,0.3200187087059021,0.36990994215011597,0.3133279085159302,0.24577438831329346,0.2580440044403076,0.498871386051178,0.15793851017951965,0.5770279169082642,0.19281944632530212,0.6372435092926025,0.2425590604543686,0.6445101499557495,0.24065470695495605,0.6028294563293457,0.15588738024234772,0.6795657277107239,0.1950119584798813,0.7231838703155518,0.24313300848007202,0.7192308902740479,0.23799042403697968,0.7169256210327148,0.17299088835716248,0.7752894759178162,0.20890076458454132,0.8086594343185425,0.25207942724227905,0.8050716519355774,0.24337995052337646,0.826046347618103,0.1912645846605301,0.8654000759124756,0.22560560703277588,0.8858743906021118,0.2593451738357544,0.8801509141921997
0.5143113732337952,0.7702062129974365,0.46870338916778564,0.6251628398895264,0.386264443397522,0.48699674010276794,0.31902629137039185,0.3677130937576294,0.3138146996498108,0.24537593126296997,0.25443628430366516,0.4985416531562805,0.15659433603286743,0.579805314540863,0.19576136767864227,0.6343360543251038,0.2475951761007309,0.6356879472732544,0.23823246359825134,0.603136420249939,0.15748755633831024,0.6828091740608215,0.19967029988765717,0.7214453816413879,0.24853049218654633,0.7124370336532593,0.23723413050174713,0.7174373865127563,0.17409579455852509,0.7786433696746826,0.2114221453666687,0.8083552122116089,0.25377127528190613,0.7989407777786255,0.2440968155860901,0.8265501260757446,0.195478156208992,0.8673620223999023,0.23119914531707764,0.8855253458023071,0.2652662992477417,0.8765571117401123
0.5200377702713013,0.7683367729187012,0.4673478305339813,0.6320915818214417,0.37914103269577026,0.4993857741355896,0.3174847364425659,0.3764137625694275,0.3169611692428589,0.25027021765708923,0.2603253126144409,0.4934961199760437,0.15376423299312592,0.5901538133621216,0.19451236724853516,0.6495876312255859,0.24240340292453766,0.6474932432174683,0.24897737801074982,0.5949221849441528,0.15803906321525574,0.6881069540977478,0.20113396644592285,0.7296062707901001,0.24783629179000854,0.7167986631393433,0.24823583662509918,0.7075207233428955,0.17568250000476837,0.7764071226119995,0.21290551126003265,0.8084841966629028,0.25311294198036194,0.7986985445022583,0.2527850866317749,0.816019594669342,0.19563165307044983,0.8622096180915833,0.23151621222496033,0.8833339810371399,0.26390379667282104,0.876419186592102
0.5290196537971497,0.7751131057739258,0.4743475317955017,0.6491681337356567,0.39475512504577637,0.5158950090408325,0.33640456199645996,0.4092704653739929,0.31949582695961,0.3138669431209564,0.2711133062839508,0.5115535855293274,0.1690647453069687,0.6062406301498413,0.20765212178230286,0.6608065962791443,0.25653713941574097,0.6610890626907349,0.2596556842327118,0.6068226099014282,0.17221345007419586,0.7031316757202148,0.21547196805477142,0.7429206371307373,0.26253020763397217,0.7334223985671997,0.2599409818649292,0.7114775776863098,0.18978720903396606,0.7899883389472961,0.2292163372039795,0.8183795213699341,0.2719406187534332,0.810823917388916,0.26680660247802734,0.8167767524719238,0.2129073441028595,0.869317889213562,0.25260671973228455,0.8875401616096497,0.2880341112613678,0.8802160024642944
0.5287226438522339,0.7898286581039429,0.48230648040771484,0.6691184639930725,0.4102154076099396,0.5557080507278442,0.34439241886138916,0.5070688128471375,0.3048536777496338,0.5167505741119385,0.27671611309051514,0.5221151113510132,0.17829641699790955,0.6058062314987183,0.20529887080192566,0.663235068321228,0.24835705757141113,0.6720093488693237,0.2595524489879608,0.6098393797874451,0.17590245604515076,0.7051984667778015,0.2105039358139038,0.7489977478981018,0.2524675130844116,0.7442509531974792,0.2572169303894043,0.7127031087875366,0.18897613883018494,0.7942640781402588,0.22258827090263367,0.8263564705848694,0.2601446509361267,0.8204400539398193,0.26465412974357605,0.8192116022109985,0.21084918081760406,0.8758940696716309,0.24367251992225647,0.8962806463241577,0.2749975621700287,0.8911945819854736
0.533173680305481,0.7943408489227295,0.4877198338508606,0.6827070116996765,0.4165889322757721,0.5729638934135437,0.35725679993629456,0.515518844127655,0.33025234937667847,0.5045305490493774,0.2900461256504059,0.5282569527626038,0.19045180082321167,0.6096633076667786,0.21521824598312378,0.6659561395645142,0.25882700085639954,0.677141547203064,0.2711285352706909,0.6109590530395508,0.18192771077156067,0.7140277624130249,0.2156175673007965,0.756112813949585,0.25795412063598633,0.7502487897872925,0.26540136337280273,0.7112683057785034,0.19431376457214355,0.804064929485321,0.22784511744976044,0.8345605134963989,0.26646536588668823,0.8299790024757385,0.26872068643569946,0.8181686997413635,0.21755854785442352,0.8847801089286804,0.2529190480709076,0.904473602771759,0.28534671664237976,0.8990789651870728
0.5340921878814697,0.7991237044334412,0.4874565601348877,0.6831071972846985,0.4067348837852478,0.5691304206848145,0.34302955865859985,0.4952206015586853,0.32017481327056885,0.4489966928958893,0.2931610643863678,0.5310308933258057,0.19143950939178467,0.6103894114494324,0.2135651856660843,0.6678426861763,0.2564758062362671,0.679648756980896,0.2733367085456848,0.6113044619560242,0.18345259130001068,0.7139408588409424,0.21697279810905457,0.7562819719314575,0.2586931586265564,0.7482021450996399,0.26684877276420593,0.7094036936759949,0.1947072148323059,0.8021097779273987,0.22877153754234314,0.8336143493652344,0.26676446199417114,0.8270865678787231,0.26951342821121216,0.8151848316192627,0.21811708807945251,0.884470522403717,0.2527419626712799,0.9042840003967285,0.283905953168869,0.8963972330093384
0.5318969488143921,0.789767324924469,0.4806104898452759,0.6740362644195557,0.3966815769672394,0.5480267405509949,0.3363471031188965,0.446425199508667,0.320723295211792,0.35424375534057617,0.2857676148414612,0.5367558002471924,0.1840450018644333,0.622226893901825,0.2140255868434906,0.6740093231201172,0.2604140341281891,0.6799066066741943,0.27227041125297546,0.6226339340209961,0.183473601937294,0.7240487337112427,0.2215299904346466,0.759027361869812,0.2643633186817169,0.7457864880561829,0.2708873748779297,0.7211892008781433,0.1986435204744339,0.8092007637023926,0.2345893830060959,0.8345904350280762,0.2742595672607422,0.8239423632621765,0.27665966749191284,0.8242473602294922,0.2225266396999359,0.886506974697113,0.2572638988494873,0.903441309928894,0.2890424430370331,0.893563985824585
0.5323633551597595,0.7976353168487549,0.48683643341064453,0.6783421635627747,0.41485124826431274,0.558931827545166,0.34781840443611145,0.483167827129364,0.3183136582374573,0.4231179654598236,0.29883649945259094,0.5362160205841064,0.19613361358642578,0.6134412884712219,0.22603026032447815,0.6659438610076904,0.2712469696998596,0.6722514033317566,0.28230100870132446,0.6242234110832214,0.18875984847545624,0.7086466550827026,0.2245594710111618,0.7498204708099365,0.26803499460220337,0.7445600032806396,0.2777702808380127,0.7216775417327881,0.20022493600845337,0.7983914613723755,0.2355499565601349,0.827603816986084,0.2765018939971924,0.8219432234764099,0.28194698691368103,0.823663055896759,0.22250232100486755,0.8749706745147705,0.257234126329422,0.891654908657074,0.2918929159641266,0.88409823179245
0.5328982472419739,0.7767449617385864,0.47466230392456055,0.6638928651809692,0.395645409822464,0.5500569939613342,0.33895525336265564,0.45420870184898376,0.3335837125778198,0.35733577609062195,0.2927008867263794,0.5357744693756104,0.19078798592090607,0.6267233490943909,0.22452619671821594,0.6774416565895081,0.2702612578868866,0.6791961789131165,0.28348463773727417,0.620974063873291,0.19094739854335785,0.7200573682785034,0.23047618567943573,0.7535666227340698,0.2730048894882202,0.7397003173828125,0.2844604551792145,0.7164407968521118,0.20697876811027527,0.8018103241920471,0.24461960792541504,0.8267247080802917,0.28402209281921387,0.8154217600822449,0.29211604595184326,0.8149340152740479,0.23320356011390686,0.8758609294891357,0.2701864242553711,0.8909452557563782,0.30356547236442566,0.8817219138145447
0.5267343521118164,0.7873830795288086,0.4785594642162323,0.6695884466171265,0.40807121992111206,0.5545502305030823,0.34885919094085693,0.47456276416778564,0.32913967967033386,0.4023682475090027,0.29425087571144104,0.5351776480674744,0.19395270943641663,0.6238902807235718,0.22579044103622437,0.6727678179740906,0.2675773799419403,0.6732086539268494,0.2832016348838806,0.6183352470397949,0.1912970095872879,0.7154810428619385,0.228501558303833,0.7509498000144958,0.2694714069366455,0.7392917275428772,0.2825906276702881,0.7112694382667542,0.2061716765165329,0.7975695729255676,0.24379147589206696,0.8222096562385559,0.28255391120910645,0.8108994960784912,0.2902005612850189,0.8082743883132935,0.23149722814559937,0.8651818633079529,0.2691229581832886,0.8780902624130249,0.3035670220851898,0.8664190769195557
0.5328537225723267,0.7809060215950012,0.48330461978912354,0.6677390336990356,0.4139275848865509,0.5591552257537842,0.35888099670410156,0.4895362854003906,0.3419240117073059,0.4396001696586609,0.30367329716682434,0.5282723903656006,0.1991191953420639,0.6194571256637573,0.23051562905311584,0.668021559715271,0.2699243128299713,0.667280912399292,0.2952846884727478,0.6081122756004333,0.19725753366947174,0.7093978524208069,0.23541757464408875,0.7427995204925537,0.2755947411060333,0.7311465740203857,0.2960899770259857,0.6997825503349304,0.2147473692893982,0.7931909561157227,0.25448673963546753,0.8165109157562256,0.29287242889404297,0.8049997091293335,0.3044746220111847,0.7964403033256531,0.24468007683753967,0.8626474142074585,0.28302085399627686,0.8768202662467957,0.31648123264312744,0.8652305603027344
0.5425142645835876,0.7739890217781067,0.48885828256607056,0.667156457901001,0.4139140844345093,0.559916079044342,0.3549894392490387,0.48995643854141235,0.3363730311393738,0.43889686465263367,0.3112107217311859,0.5214508771896362,0.20086289942264557,0.62680584192276,0.23540443181991577,0.6751309037208557,0.2753891050815582,0.6700674295425415,0.3065343499183655,0.5966898202896118,0.202977254986763,0.713252604007721,0.24517187476158142,0.7444482445716858,0.2851807475090027,0.726433515548706,0.3098732829093933,0.6862648725509644,0.21962860226631165,0.7911146283149719,0.26317688822746277,0.8150814771652222,0.30218976736068726,0.7989426255226135,0.31894099712371826,0.7829309701919556,0.25526291131973267,0.8568471074104309,0.29600316286087036,0.872031569480896,0.3299669623374939,0.8577505946159363
0.5539913773536682,0.7766316533088684,0.5009934902191162,0.66506427526474,0.420604407787323,0.5547654628753662,0.3514941334724426,0.4963315427303314,0.31449106335639954,0.4776555299758911,0.321332722902298,0.5154750943183899,0.20851299166679382,0.6232260465621948,0.23985335230827332,0.6728262305259705,0.278347373008728,0.6692459583282471,0.31820914149284363,0.5892632603645325,0.21183153986930847,0.7103686332702637,0.2528831958770752,0.7425298690795898,0.29263412952423096,0.723757266998291,0.3228387236595154,0.6784535646438599,0.22779324650764465,0.7864974737167358,0.2708091735839844,0.8110466599464417,0.3105573058128357,0.793494462966919,0.3326301574707031,0.7758283615112305,0.26462867856025696,0.8513666391372681,0.3032242953777313,0.8663182854652405,0.3377436697483063,0.8509092926979065
0.5578491687774658,0.7766805291175842,0.5015072822570801,0.6698583960533142,0.42133790254592896,0.5588093996047974,0.3542173504829407,0.49742579460144043,0.3172761797904968,0.4808237552642822,0.3242940604686737,0.5147398114204407,0.20824706554412842,0.6198323369026184,0.2414400279521942,0.6700884103775024,0.2808791399002075,0.6648902893066406,0.32117223739624023,0.59007728099823,0.21175315976142883,0.7082419395446777,0.2532464265823364,0.7412400245666504,0.29331186413764954,0.7217538952827454,0.32489410042762756,0.6806058287620544,0.2288769781589508,0.7875123620033264,0.2715677320957184,0.8123918771743774,0.3109566867351532,0.7938297390937805,0.33357560634613037,0.7784525156021118,0.2651940584182739,0.8531368970870972,0.30350422859191895,0.8697917461395264,0.33767423033714294,0.8547531366348267
0.5705190896987915,0.76788729429245,0.5155197381973267,0.6556402444839478,0.43474605679512024,0.5503894090652466,0.3558630347251892,0.5169868469238281,0.3084970712661743,0.5430237054824829,0.3352724015712738,0.4988979697227478,0.2179553508758545,0.6100173592567444,0.24784189462661743,0.6652126312255859,0.28467413783073425,0.6652802228927612,0.33137208223342896,0.5718671679496765,0.2202172875404358,0.7011358737945557,0.26067695021629333,0.7372286319732666,0.2994813024997711,0.7205612659454346,0.3356356918811798,0.6613801717758179,0.23650039732456207,0.7787198424339294,0.27952295541763306,0.8049434423446655,0.3188392221927643,0.787315845489502,0.34648627042770386,0.7602412104606628,0.2735168933868408,0.8421056270599365,0.3103368878364563,0.8575446009635925,0.3443215489387512,0.8417662382125854
0.5815773606300354,0.7662585377693176,0.5269492864608765,0.6457211971282959,0.4450936019420624,0.5369849801063538,0.36573272943496704,0.4944388270378113,0.31780096888542175,0.5052630305290222,0.3498415946960449,0.48770672082901,0.2305307686328888,0.6002241373062134,0.26296836137771606,0.6515640616416931,0.3006560802459717,0.6474729776382446,0.34604698419570923,0.5589658617973328,0.2323036640882492,0.6932001113891602,0.2748553454875946,0.7302223443984985,0.31432899832725525,0.7121629118919373,0.3486047685146332,0.647872269153595,0.24821773171424866,0.7695528864860535,0.2930786609649658,0.7981763482093811,0.33241719007492065,0.780053973197937,0.35741615295410156,0.747381865978241,0.2844398021697998,0.8328800201416016,0.32416683435440063,0.8522080779075623,0.3584963083267212,0.8362669944763184
0.5921951532363892,0.7633579969406128,0.5436632037162781,0.6417143940925598,0.4730325937271118,0.5252395272254944,0.4011956453323364,0.4789735674858093,0.35621532797813416,0.49729594588279724,0.3627344071865082,0.4789596199989319,0.24273063242435455,0.5884009599685669,0.2734532356262207,0.6403516530990601,0.3113096058368683,0.6373728513717651,0.3564276397228241,0.5523629188537598,0.24260760843753815,0.6831861138343811,0.2843383252620697,0.722599983215332,0.32360202074050903,0.7055493593215942,0.3568684458732605,0.6431156992912292,0.258186936378479,0.7610465884208679,0.30143555998802185,0.791272759437561,0.34000489115715027,0.7741093635559082,0.3634965717792511,0.7437949180603027,0.29233306646347046,0.8255288600921631,0.3315800428390503,0.8468181490898132,0.3656712472438812,0.8327487707138062
0.6059720516204834,0.7497389912605286,0.5527609586715698,0.6311641931533813,0.46437060832977295,0.5291826128959656,0.37502697110176086,0.5079666972160339,0.3158930540084839,0.5478909611701965,0.36894285678863525,0.46963414549827576,0.250740110874176,0.576564371585846,0.28272926807403564,0.6264626979827881,0.3214804232120514,0.6216005086898804,0.36224648356437683,0.5501700639724731,0.2507617473602295,0.6704190373420715,0.2925006151199341,0.7083570957183838,0.33419424295425415,0.6905770301818848,0.3633567690849304,0.6469049453735352,0.2658054828643799,0.7526047229766846,0.3090094327926636,0.7829442024230957,0.3493656516075134,0.765052855014801,0.3710155487060547,0.7514249086380005,0.3004002869129181,0.8215342164039612,0.3398049473762512,0.8427131175994873,0.375423789024353,0.829220175743103
0.6168168783187866,0.7595450282096863,0.5678311586380005,0.6330706477165222,0.4872207045555115,0.4972028434276581,0.41929125785827637,0.41205257177352905,0.3805742859840393,0.36916807293891907,0.37936854362487793,0.4691278338432312,0.2627207040786743,0.5649999976158142,0.29653239250183105,0.6157668828964233,0.3387194275856018,0.6130490899085999,0.36995336413383484,0.5515146851539612,0.26318782567977905,0.6638951301574707,0.30385106801986694,0.7017632126808167,0.3450137972831726,0.6854385137557983,0.367960125207901,0.6501413583755493,0.27384620904922485,0.7486823797225952,0.3158443868160248,0.7794532179832458,0.35693836212158203,0.7658857703208923,0.37175655364990234,0.7571349740028381,0.30014872550964355,0.8231877088546753,0.34022146463394165,0.8472906351089478,0.37669599056243896,0.8374900817871094
0.6222556829452515,0.7612916231155396,0.5734685063362122,0.6314414739608765,0.49007073044776917,0.5064568519592285,0.4208723306655884,0.42186903953552246,0.38480469584465027,0.3655152916908264,0.3856494426727295,0.46681591868400574,0.26978957653045654,0.5519274473190308,0.2995159327983856,0.6031169295310974,0.34009721875190735,0.6028773188591003,0.37768250703811646,0.5499179363250732,0.270842581987381,0.6456173658370972,0.3086954653263092,0.6837205290794373,0.3504860997200012,0.669236421585083,0.3765302300453186,0.6491196155548096,0.28459158539772034,0.7313634157180786,0.3241666555404663,0.7611582279205322,0.36399421095848083,0.7477660775184631,0.38041287660598755,0.7554277777671814,0.3119504153728485,0.8050017356872559,0.35166287422180176,0.8279966115951538,0.38789188861846924,0.8201104998588562
0.6276123523712158,0.7652151584625244,0.5774073600769043,0.6267614364624023,0.49468520283699036,0.4835776388645172,0.4412171244621277,0.36717167496681213,0.4280323386192322,0.2640330493450165,0.38889795541763306,0.47065043449401855,0.2740074396133423,0.554692268371582,0.30647340416908264,0.6060393452644348,0.35089486837387085,0.6064692139625549,0.37970516085624695,0.5598788857460022,0.2748658061027527,0.6502150893211365,0.31453749537467957,0.686281144618988,0.3583795130252838,0.6710545420646667,0.37813812494277954,0.6628844141960144,0.2870199382305145,0.7348789572715759,0.3267342448234558,0.7637507915496826,0.36924299597740173,0.7517046928405762,0.38077312707901,0.7703545093536377,0.31028538942337036,0.8093081116676331,0.3500880002975464,0.8304561376571655,0.3883441388607025,0.8240343332290649
0.627890408039093,0.7649418115615845,0.5791270732879639,0.619990885257721,0.4968205392360687,0.48221129179000854,0.4376230239868164,0.3692408502101898,0.429943323135376,0.2579805552959442,0.3920763432979584,0.4716489911079407,0.27727311849594116,0.5464028120040894,0.3091413378715515,0.5996617674827576,0.3559926450252533,0.6025293469429016,0.38020458817481995,0.5657585263252258,0.2801504135131836,0.6478939056396484,0.3188042938709259,0.6873307824134827,0.36228251457214355,0.6747782230377197,0.3766389489173889,0.6732105612754822,0.29094934463500977,0.7346969246864319,0.32895296812057495,0.7664191722869873,0.3707456588745117,0.7565226554870605,0.37795186042785645,0.7827190160751343,0.308607816696167,0.8122068643569946,0.34657394886016846,0.8356384634971619,0.38397687673568726,0.8324858546257019
0.6328580379486084,0.7680889368057251,0.5841663479804993,0.6246976852416992,0.5020349621772766,0.488675057888031,0.43940988183021545,0.3785419464111328,0.42900362610816956,0.2706798017024994,0.3928506076335907,0.47081083059310913,0.2794932723045349,0.5448747277259827,0.31080690026283264,0.5997684001922607,0.3567655682563782,0.6030729413032532,0.37930819392204285,0.564775824546814,0.2801261842250824,0.6448648571968079,0.318092405796051,0.6857103109359741,0.36108192801475525,0.6739104986190796,0.37512800097465515,0.6724340319633484,0.2908250093460083,0.7339997887611389,0.32873138785362244,0.7660459876060486,0.37028950452804565,0.7565302848815918,0.37707847356796265,0.7827950716018677,0.3096039891242981,0.8125841617584229,0.3479703366756439,0.8370749950408936,0.3852303624153137,0.835081160068512
0.6315310001373291,0.7665799856185913,0.582149863243103,0.6217339634895325,0.5011808276176453,0.4860653281211853,0.43973803520202637,0.3726053535938263,0.4404689371585846,0.2587689459323883,0.3926924467086792,0.4770572781562805,0.2848840057849884,0.5422347187995911,0.3143436908721924,0.5959620475769043,0.3605881333351135,0.6012446880340576,0.379648357629776,0.5738301277160645,0.2821651101112366,0.6457340717315674,0.3194287121295929,0.6852550506591797,0.36309999227523804,0.6756831407546997,0.37669527530670166,0.6836483478546143,0.29280173778533936,0.7378664612770081,0.3296045660972595,0.76882004737854,0.3711808919906616,0.7605991959571838,0.3804728090763092,0.7952607870101929,0.3134574890136719,0.8245696425437927,0.349394828081131,0.8451942801475525,0.38540637493133545,0.8416410684585571
0.6315244436264038,0.7655498385429382,0.5877891778945923,0.6249723434448242,0.5103856325149536,0.48833122849464417,0.44883379340171814,0.37200596928596497,0.4478116035461426,0.2573835253715515,0.3946197032928467,0.48929277062416077,0.294830322265625,0.5391027927398682,0.32222115993499756,0.5918498039245605,0.36861321330070496,0.6007676124572754,0.3786343038082123,0.5865879058837891,0.2920215129852295,0.6463044285774231,0.32705217599868774,0.6838778853416443,0.36973944306373596,0.6769582033157349,0.3748544454574585,0.6950974464416504,0.30181440711021423,0.7404071688652039,0.3358704745769501,0.7698821425437927,0.37611299753189087,0.76455157995224,0.3782345950603485,0.8022898435592651,0.32104361057281494,0.8305345177650452,0.3542035222053528,0.849815845489502,0.3878137171268463,0.8458423614501953
0.6253562569618225,0.7739070653915405,0.5871893167495728,0.6304942965507507,0.5144485831260681,0.4928063452243805,0.45184606313705444,0.379747599363327,0.44903069734573364,0.2677288353443146,0.3953985571861267,0.49405351281166077,0.3013540804386139,0.5389326214790344,0.32868316769599915,0.5933618545532227,0.3759070038795471,0.6049323081970215,0.3774649500846863,0.5915201902389526,0.2954304814338684,0.647641122341156,0.33014920353889465,0.6879861354827881,0.37303370237350464,0.6832494735717773,0.37224286794662476,0.6999247670173645,0.3023170828819275,0.742119312286377,0.33627766370773315,0.7742915749549866,0.37697428464889526,0.7702555656433105,0.3750391900539398,0.8070340156555176,0.3204978406429291,0.8360548615455627,0.35345518589019775,0.8574503660202026,0.3869186043739319,0.8535128831863403
0.6251792311668396,0.758430540561676,0.5862968564033508,0.6182522773742676,0.5108610391616821,0.4838162660598755,0.4510791599750519,0.3685191869735718,0.44934070110321045,0.25541219115257263,0.39238622784614563,0.49457618594169617,0.2997165322303772,0.5465282201766968,0.3301967680454254,0.5964055061340332,0.3771587908267975,0.60221266746521,0.376020610332489,0.5928193926811218,0.29620346426963806,0.6508896350860596,0.3317757248878479,0.6882023811340332,0.3743644654750824,0.6805949211120605,0.3724437952041626,0.700614333152771,0.30473145842552185,0.7421387434005737,0.3386453092098236,0.7723551392555237,0.37916526198387146,0.7658843398094177,0.3759140372276306,0.8051653504371643,0.3218719959259033,0.8321302533149719,0.3545352518558502,0.8522212505340576,0.3879743814468384,0.8471404314041138
0.6176952123641968,0.7669103145599365,0.580632209777832,0.6197031736373901,0.5081326365470886,0.4846847355365753,0.44597330689430237,0.37579721212387085,0.44203436374664307,0.26190808415412903,0.38980284333229065,0.49896278977394104,0.29793280363082886,0.5550410747528076,0.3309934437274933,0.6002714037895203,0.3797326982021332,0.6005838513374329,0.3738432228565216,0.598546028137207,0.29533588886260986,0.6551889777183533,0.33206644654273987,0.6899648904800415,0.3753930926322937,0.6801334023475647,0.37092307209968567,0.7059494853019714,0.30397582054138184,0.7439355850219727,0.3387707471847534,0.7732796669006348,0.3797599673271179,0.7650634050369263,0.3754710555076599,0.8100297451019287,0.3220936059951782,0.8326786160469055,0.3550015389919281,0.8505955934524536,0.388704389333725,0.8441884517669678
0.6143810749053955,0.7572327852249146,0.5798928737640381,0.6139514446258545,0.5068411827087402,0.4822201728820801,0.44486454129219055,0.3748891055583954,0.44114917516708374,0.2647170126438141,0.38658764958381653,0.5026506781578064,0.2998545467853546,0.5530493259429932,0.3305314779281616,0.598067045211792,0.37776193022727966,0.6033426523208618,0.37015971541404724,0.6019095182418823,0.29692578315734863,0.6556655168533325,0.332673043012619,0.6892023682594299,0.37524843215942383,0.6818497776985168,0.36721572279930115,0.7083132266998291,0.3047420084476471,0.7434589862823486,0.3387823700904846,0.7708833813667297,0.37889334559440613,0.7652745246887207,0.3723064064979553,0.8104743957519531,0.3228847086429596,0.83144611120224,0.355225145816803,0.8481083512306213,0.38730305433273315,0.8419651389122009
0.6092071533203125,0.763588011264801,0.5738032460212708,0.6178680062294006,0.5032894611358643,0.48609423637390137,0.4412875175476074,0.37877365946769714,0.43566930294036865,0.26936566829681396,0.38638386130332947,0.5131980776786804,0.3002166152000427,0.5504624843597412,0.3257502615451813,0.5960744619369507,0.37340062856674194,0.6089608073234558,0.36669662594795227,0.610882580280304,0.29592692852020264,0.6573027968406677,0.32802438735961914,0.6929393410682678,0.3702673316001892,0.6912238001823425,0.3617328405380249,0.7174378633499146,0.30478528141975403,0.7495758533477783,0.3355116844177246,0.7767657041549683,0.375139057636261,0.7737181186676025,0.36596035957336426,0.8203378915786743,0.3226022720336914,0.8422845602035522,0.35174328088760376,0.8560899496078491,0.38267165422439575,0.8490217328071594
0.6134566068649292,0.7786994576454163,0.5808399319648743,0.63184654712677,0.509661853313446,0.5002812147140503,0.4393600821495056,0.39533647894859314,0.4258115291595459,0.28732889890670776,0.393964022397995,0.5233220458030701,0.30159202218055725,0.5424845814704895,0.3238206207752228,0.5919685959815979,0.3733402192592621,0.6133472323417664,0.36961108446121216,0.6214682459831238,0.29573124647140503,0.6555688381195068,0.3271894156932831,0.6947202086448669,0.3709486424922943,0.6995100975036621,0.35987377166748047,0.7293915748596191,0.3063789904117584,0.7542206645011902,0.33581653237342834,0.7818301320075989,0.3752116858959198,0.7835820317268372,0.3595440685749054,0.8331189751625061,0.32108429074287415,0.852796733379364,0.348962664604187,0.867825984954834,0.3782489001750946,0.8630932569503784
0.6056034564971924,0.7809118032455444,0.5774962306022644,0.6333015561103821,0.5078959465026855,0.5024596452713013,0.43613457679748535,0.39778366684913635,0.4176146388053894,0.29391777515411377,0.3907131254673004,0.5311747789382935,0.30455708503723145,0.5420532822608948,0.32001394033432007,0.590291440486908,0.36327192187309265,0.6192278861999512,0.36524906754493713,0.6292154788970947,0.30010417103767395,0.6592038869857788,0.32912224531173706,0.6952864527702332,0.3693889379501343,0.7023741602897644,0.3568238615989685,0.734955370426178,0.30896973609924316,0.7540367245674133,0.3367772102355957,0.7782055139541626,0.37481337785720825,0.7823301553726196,0.35837656259536743,0.8351047039031982,0.3219611942768097,0.8515591025352478,0.3480231463909149,0.8644134998321533,0.37594902515411377,0.8603988289833069
0.6015306711196899,0.7745144963264465,0.5716644525527954,0.626715362071991,0.5034740567207336,0.499839186668396,0.43491679430007935,0.3959820568561554,0.42007341980934143,0.2912253737449646,0.38691410422325134,0.5290533900260925,0.30226725339889526,0.5447530150413513,0.32132700085639954,0.5917584300041199,0.36519256234169006,0.6173207759857178,0.36279669404029846,0.6276422739028931,0.2991887331008911,0.6602688431739807,0.32957354187965393,0.6948374509811401,0.36938005685806274,0.7008935213088989,0.35557568073272705,0.7340158820152283,0.3094002306461334,0.7544018626213074,0.3382408022880554,0.7770459055900574,0.3756846785545349,0.7803261280059814,0.3582201600074768,0.8340139389038086,0.3226510286331177,0.8508934378623962,0.3495827317237854,0.8630853891372681,0.37726765871047974,0.8591893911361694
