0.7265167236328125,0.7076833844184875,0.7041060924530029,0.5769739151000977,0.6491605639457703,0.46637943387031555,0.6122751832008362,0.35324808955192566,0.6200675964355469,0.25107744336128235,0.5308412313461304,0.4797900915145874,0.4073743224143982,0.4782005548477173,0.3359379768371582,0.49598658084869385,0.2843391001224518,0.5097692608833313,0.5045949816703796,0.545435905456543,0.46395745873451233,0.6204469799995422,0.5000011324882507,0.6371831893920898,0.5332660675048828,0.6237175464630127,0.4973823130130768,0.6356853246688843,0.478213369846344,0.6868911385536194,0.5081993937492371,0.6992316842079163,0.5366702079772949,0.6890011429786682,0.4938443601131439,0.7233564257621765,0.49174419045448303,0.7412987947463989,0.5268499851226807,0.7485145330429077,0.5544724464416504,0.7421871423721313
0.7267955541610718,0.7131732702255249,0.7058616876602173,0.580868661403656,0.6516408920288086,0.47076115012168884,0.6146795153617859,0.3580465614795685,0.6192330121994019,0.2576431930065155,0.5330524444580078,0.47913771867752075,0.4075735807418823,0.47659823298454285,0.33486464619636536,0.4950236678123474,0.2824039161205292,0.5104970932006836,0.505079448223114,0.5447942018508911,0.4645899534225464,0.6214904189109802,0.501194953918457,0.6389822959899902,0.534300684928894,0.6251102685928345,0.4963933825492859,0.6360574960708618,0.47820723056793213,0.6892709136009216,0.5079286098480225,0.7015334367752075,0.5356423258781433,0.6913703083992004,0.4914279878139496,0.7246121168136597,0.4896346628665924,0.741805911064148,0.5252795219421387,0.7494646310806274,0.5528784990310669,0.7436189651489258
0.7307051420211792,0.7106142640113831,0.708654522895813,0.5812424421310425,0.6542103886604309,0.4719131290912628,0.6161589622497559,0.359176367521286,0.6220001578330994,0.2552337944507599,0.5325981974601746,0.4784477949142456,0.4068523347377777,0.4781177043914795,0.33389076590538025,0.4970260560512543,0.2814605236053467,0.5120049715042114,0.5065132975578308,0.543472945690155,0.4664127826690674,0.6264885663986206,0.5037749409675598,0.6429550051689148,0.538608729839325,0.6275418400764465,0.49923110008239746,0.6358762979507446,0.47980713844299316,0.6940776109695435,0.5103362798690796,0.7057087421417236,0.5397499203681946,0.6931701302528381,0.4952051341533661,0.7257892489433289,0.4937540590763092,0.7493096590042114,0.5300525426864624,0.7563841342926025,0.5587218999862671,0.7483463287353516
0.7352146506309509,0.7134734988212585,0.7126606106758118,0.5840325355529785,0.6558710336685181,0.47384628653526306,0.6154819130897522,0.36050480604171753,0.62059485912323,0.2569783329963684,0.5338765978813171,0.48116180300712585,0.40798693895339966,0.4797130823135376,0.33445480465888977,0.4990302622318268,0.2810617983341217,0.5142428874969482,0.5067921280860901,0.5472506880760193,0.4698696732521057,0.6269426941871643,0.5077152848243713,0.6427213549613953,0.542760968208313,0.629063069820404,0.49918457865715027,0.6400288343429565,0.4833328127861023,0.6962836980819702,0.5145543217658997,0.7069151401519775,0.5443348288536072,0.6956477165222168,0.4950591027736664,0.7300419807434082,0.4962359666824341,0.7516001462936401,0.5327638387680054,0.7583181858062744,0.5613998174667358,0.7510878443717957
0.7385532855987549,0.7159388661384583,0.7150179743766785,0.5849848389625549,0.6573947072029114,0.47625184059143066,0.616712212562561,0.3628908395767212,0.6210493445396423,0.2584761083126068,0.5349737405776978,0.48256778717041016,0.4078398048877716,0.48200052976608276,0.3342348337173462,0.5014594197273254,0.28067687153816223,0.5168736577033997,0.507332980632782,0.5491089820861816,0.469928503036499,0.6283741593360901,0.5080764293670654,0.6437404751777649,0.543332576751709,0.6297508478164673,0.49980592727661133,0.6423956751823425,0.4851228892803192,0.6988133192062378,0.516299843788147,0.709613561630249,0.5462164878845215,0.6984019875526428,0.4958850145339966,0.7322015762329102,0.49814271926879883,0.7545393109321594,0.53500896692276,0.761634886264801,0.5636886954307556,0.7542002201080322
0.7411146759986877,0.7209696173667908,0.7187369465827942,0.5896031260490417,0.6592536568641663,0.4788321554660797,0.6176178455352783,0.36351481080055237,0.6234166026115417,0.25516006350517273,0.5379044413566589,0.4835236072540283,0.4086429476737976,0.4817574918270111,0.33421221375465393,0.5013114213943481,0.280224472284317,0.5167323350906372,0.5095965266227722,0.5521534085273743,0.46848437190055847,0.6295333504676819,0.5077813863754272,0.6462064981460571,0.5446879267692566,0.6328089237213135,0.5007621049880981,0.6465935707092285,0.4832534193992615,0.7017969489097595,0.5157431364059448,0.7136968970298767,0.5466367602348328,0.7017926573753357,0.4961128532886505,0.7368689775466919,0.49705782532691956,0.7575735449790955,0.5349746346473694,0.7663505673408508,0.5641819834709167,0.7593322992324829
0.7434372305870056,0.7199265956878662,0.7189131379127502,0.586787223815918,0.6606953144073486,0.4768226444721222,0.6211481094360352,0.3623315691947937,0.6282017230987549,0.25423476099967957,0.5402781963348389,0.4823480248451233,0.40894800424575806,0.47985050082206726,0.33346182107925415,0.4987357258796692,0.2791537344455719,0.5130971074104309,0.5115059614181519,0.551576554775238,0.46793532371520996,0.6256402730941772,0.5070909857749939,0.6427397727966309,0.5453742742538452,0.6302889585494995,0.5028226971626282,0.6466451287269592,0.48522835969924927,0.7011402249336243,0.5174067616462708,0.7130190134048462,0.5490359663963318,0.7014243006706238,0.49845972657203674,0.7375283241271973,0.49941837787628174,0.7584981322288513,0.5371348857879639,0.7670899629592896,0.5663212537765503,0.7601528167724609
0.7445682287216187,0.7204389572143555,0.7199136018753052,0.5885039567947388,0.6620141267776489,0.4784867763519287,0.6220561861991882,0.36329197883605957,0.6280394196510315,0.25390878319740295,0.5396713018417358,0.48141974210739136,0.40925610065460205,0.4778512716293335,0.33411556482315063,0.49766072630882263,0.28004729747772217,0.5131446719169617,0.511346697807312,0.5499032139778137,0.46832144260406494,0.6296775341033936,0.507934033870697,0.6465759873390198,0.5457615256309509,0.6319465041160583,0.5027520656585693,0.6453695893287659,0.48492950201034546,0.7044811248779297,0.5175957083702087,0.7161393165588379,0.5484834313392639,0.7028640508651733,0.49832117557525635,0.7368887662887573,0.4992295503616333,0.7607207298278809,0.53743976354599,0.7694341540336609,0.5665807127952576,0.7617319822311401
0.7482379078865051,0.722082257270813,0.7243378758430481,0.5849689245223999,0.66465824842453,0.47140228748321533,0.6207188963890076,0.35474616289138794,0.6297461986541748,0.2453654408454895,0.5444936752319336,0.47955676913261414,0.409001886844635,0.47809600830078125,0.3330214023590088,0.4955170154571533,0.2784721255302429,0.5068589448928833,0.5147237777709961,0.5530432462692261,0.4679935872554779,0.6184484958648682,0.5074474811553955,0.6365313529968262,0.5457744002342224,0.6254761815071106,0.5044851899147034,0.6513715386390686,0.48154571652412415,0.6927548050880432,0.515226423740387,0.7063432335853577,0.5490273237228394,0.6986601948738098,0.4981042742729187,0.7447880506515503,0.49009013175964355,0.7455470561981201,0.5280229449272156,0.7520368695259094,0.5603194236755371,0.7493288516998291
0.7542713284492493,0.7217918038368225,0.7273849844932556,0.5819632411003113,0.666014552116394,0.4653412699699402,0.6249567866325378,0.3468955159187317,0.634652853012085,0.23951148986816406,0.5467096567153931,0.47902771830558777,0.4116699695587158,0.4754922389984131,0.3357293903827667,0.49213114380836487,0.28114232420921326,0.5034165382385254,0.5170354843139648,0.5548285245895386,0.46884769201278687,0.6156972646713257,0.5084336996078491,0.6345461010932922,0.547927737236023,0.6247762441635132,0.5066949129104614,0.6521109342575073,0.4814777374267578,0.6885184645652771,0.515164852142334,0.7024642825126648,0.5501481294631958,0.6965689659118652,0.5008161664009094,0.744569718837738,0.49231478571891785,0.7425355315208435,0.5305575132369995,0.7506839632987976,0.5630265474319458,0.7488870620727539
0.7542195916175842,0.7227577567100525,0.7253440618515015,0.5807764530181885,0.6647072434425354,0.46479275822639465,0.6271286606788635,0.34478849172592163,0.6329570412635803,0.24283382296562195,0.5491974949836731,0.4775732457637787,0.41234317421913147,0.47282788157463074,0.3368939161300659,0.48958632349967957,0.282168984413147,0.5036792755126953,0.5176440477371216,0.55488520860672,0.4686954617500305,0.6136766076087952,0.5079002976417542,0.6326630711555481,0.5461945533752441,0.6243089437484741,0.5062819719314575,0.6513450145721436,0.4834611415863037,0.6872676610946655,0.5155331492424011,0.7006372809410095,0.5479369759559631,0.6967294216156006,0.4994109570980072,0.7411350011825562,0.4930954575538635,0.7399513721466064,0.5306695103645325,0.748431921005249,0.5617192983627319,0.7474297881126404
0.7520411014556885,0.6991525292396545,0.7149306535720825,0.5496134161949158,0.6446331739425659,0.4336196780204773,0.6035714149475098,0.3106856942176819,0.613822340965271,0.20449653267860413,0.5374717712402344,0.45298436284065247,0.39179468154907227,0.4555474519729614,0.30990853905677795,0.46794718503952026,0.24791806936264038,0.4788631498813629,0.5094896554946899,0.5418792963027954,0.4380892515182495,0.5757988095283508,0.48436710238456726,0.5935879349708557,0.5341387987136841,0.5921580195426941,0.5004665851593018,0.6431349515914917,0.469707190990448,0.6643840670585632,0.5061388611793518,0.6786587238311768,0.5462307929992676,0.6796817779541016,0.49794280529022217,0.7347379326820374,0.48988670110702515,0.7276978492736816,0.5315137505531311,0.737953782081604,0.5654820203781128,0.7388707995414734
0.7529016733169556,0.7003749012947083,0.7149909138679504,0.5487022995948792,0.6489089131355286,0.4313686490058899,0.6092425584793091,0.30698174238204956,0.6168527007102966,0.19823190569877625,0.5355949997901917,0.452048122882843,0.3891354203224182,0.45628467202186584,0.3068629503250122,0.4722365438938141,0.2464674711227417,0.4861767292022705,0.5066139698028564,0.5356886386871338,0.44027814269065857,0.5898459553718567,0.4831436276435852,0.6075233221054077,0.5313323736190796,0.6009318828582764,0.49936529994010925,0.6375337839126587,0.46894368529319763,0.6745858192443848,0.503257691860199,0.6876335144042969,0.5427669882774353,0.6842096447944641,0.4976765811443329,0.7305888533592224,0.48858219385147095,0.7350990772247314,0.5299990773200989,0.743545651435852,0.5655425190925598,0.741050660610199
0.7466537952423096,0.6926005482673645,0.7065883874893188,0.541902482509613,0.640850305557251,0.42546576261520386,0.5990132093429565,0.3030197322368622,0.6035081148147583,0.19306540489196777,0.5215609669685364,0.44240298867225647,0.38055431842803955,0.4455571174621582,0.29909586906433105,0.458163857460022,0.2375914752483368,0.46872755885124207,0.4948269724845886,0.5223092436790466,0.4357702434062958,0.585340142250061,0.47904327511787415,0.6033955812454224,0.5259742736816406,0.5964773893356323,0.4900580048561096,0.6229786276817322,0.4649485945701599,0.6715946197509766,0.4996134638786316,0.6847336888313293,0.5378762483596802,0.6783144474029541,0.490702360868454,0.7154322862625122,0.48481178283691406,0.7329978942871094,0.5264044404029846,0.7417689561843872,0.5613566637039185,0.7367206811904907
0.7382720112800598,0.6839840412139893,0.7006201148033142,0.5336650609970093,0.6350371241569519,0.42229288816452026,0.5936238169670105,0.3017237186431885,0.5913757681846619,0.19747817516326904,0.5144967436790466,0.43192312121391296,0.372271329164505,0.43643832206726074,0.2885567545890808,0.4487999975681305,0.22457563877105713,0.4590921700000763,0.4892324209213257,0.5136982202529907,0.4204193651676178,0.5740450024604797,0.46551236510276794,0.591839075088501,0.5147830247879028,0.5839255452156067,0.4850623905658722,0.613549530506134,0.45688289403915405,0.6636961698532104,0.49198290705680847,0.6752848625183105,0.5308807492256165,0.66852205991745,0.48726069927215576,0.7053378820419312,0.4793568253517151,0.7246844172477722,0.5205383896827698,0.7345691919326782,0.5551924705505371,0.7301609516143799
0.7338670492172241,0.6753388047218323,0.6968116760253906,0.5270144939422607,0.6276257634162903,0.4204961657524109,0.587370753288269,0.30433547496795654,0.5817363858222961,0.2047613561153412,0.5103705525398254,0.4175989031791687,0.3682652711868286,0.4193732440471649,0.2841346263885498,0.43141627311706543,0.21986818313598633,0.4397523105144501,0.4848111867904663,0.49836084246635437,0.4165823757648468,0.5626299381256104,0.45947813987731934,0.5850912928581238,0.5072677135467529,0.5761880278587341,0.47909021377563477,0.5973688960075378,0.45120900869369507,0.6496291756629944,0.48521846532821655,0.6635934114456177,0.5234979391098022,0.6562356352806091,0.47980690002441406,0.6892368197441101,0.47269415855407715,0.7102282047271729,0.5126132965087891,0.7237071394920349,0.5470282435417175,0.7204963564872742
0.725277841091156,0.6630134582519531,0.6901795268058777,0.5188490152359009,0.6196679472923279,0.43321529030799866,0.5720367431640625,0.3385814428329468,0.5608561635017395,0.255295068025589,0.5042372941970825,0.40468841791152954,0.35845285654067993,0.40822160243988037,0.27359187602996826,0.41937944293022156,0.20811507105827332,0.428731232881546,0.4777376651763916,0.482142835855484,0.4065852761268616,0.5473329424858093,0.45146387815475464,0.5704314708709717,0.4996108114719391,0.5607088804244995,0.47240883111953735,0.5804290175437927,0.443954199552536,0.636364221572876,0.4776989817619324,0.6490166783332825,0.5154303312301636,0.6410629749298096,0.4738466441631317,0.6734969615936279,0.4654107689857483,0.6957777738571167,0.5049526691436768,0.7097429633140564,0.5396377444267273,0.7080844044685364
0.7148706912994385,0.6380828022956848,0.6763050556182861,0.49122464656829834,0.6074171662330627,0.38761335611343384,0.5651029944419861,0.27090707421302795,0.5663772225379944,0.16106069087982178,0.49211153388023376,0.3847525715827942,0.3462216854095459,0.39571329951286316,0.2622550129890442,0.41130530834198,0.19798725843429565,0.4240708351135254,0.4687138497829437,0.46527519822120667,0.3979029059410095,0.5396453738212585,0.44385841488838196,0.5583853721618652,0.49298858642578125,0.5453240275382996,0.4652984142303467,0.5673621892929077,0.4337422847747803,0.6263270974159241,0.468992680311203,0.6352455615997314,0.5078451037406921,0.62208491563797,0.4678576588630676,0.6621121168136597,0.4565245509147644,0.6824003458023071,0.498084157705307,0.6914879679679871,0.5337529182434082,0.6847482323646545
0.7038852572441101,0.6386314630508423,0.6707349419593811,0.4925731122493744,0.6033454537391663,0.38903549313545227,0.5563676953315735,0.27427002787590027,0.5480668544769287,0.1714983880519867,0.48081937432289124,0.3824944794178009,0.3376672565937042,0.3867378532886505,0.25462591648101807,0.40357086062431335,0.19122588634490967,0.4198291003704071,0.45694753527641296,0.45640552043914795,0.3932206630706787,0.5349417328834534,0.4381878077983856,0.5539591312408447,0.4843427538871765,0.5413872599601746,0.4540507197380066,0.5556120872497559,0.42956358194351196,0.6197249889373779,0.4632607400417328,0.6280341148376465,0.5007051825523376,0.6154168248176575,0.4573644995689392,0.6478291749954224,0.453583687543869,0.6712662577629089,0.49441981315612793,0.6794798374176025,0.5292478203773499,0.6722664833068848
0.6926288604736328,0.6208457350730896,0.6533101797103882,0.47485047578811646,0.5878119468688965,0.3714970648288727,0.5432640314102173,0.25802117586135864,0.5361349582672119,0.15899336338043213,0.4667964279651642,0.37457701563835144,0.32517364621162415,0.3819698095321655,0.24256545305252075,0.3964301347732544,0.17911261320114136,0.4107076823711395,0.4427071213722229,0.4522632658481598,0.3828972280025482,0.5259044766426086,0.42808008193969727,0.541871964931488,0.47613027691841125,0.5310221910476685,0.4416245222091675,0.5527361631393433,0.41510844230651855,0.610172688961029,0.44865158200263977,0.6178014278411865,0.4877147972583771,0.6073929071426392,0.4478549659252167,0.643891453742981,0.44061198830604553,0.6651094555854797,0.4810869097709656,0.670741856098175,0.5163580775260925,0.6638982892036438
0.6854962110519409,0.6113656759262085,0.64764004945755,0.4653540849685669,0.5792489051818848,0.35639718174934387,0.534938633441925,0.24439272284507751,0.5280053019523621,0.14784815907478333,0.4578208327293396,0.3697218894958496,0.31839680671691895,0.37723690271377563,0.2353915572166443,0.3925464153289795,0.17342868447303772,0.40740448236465454,0.4345340430736542,0.4481344223022461,0.3767615556716919,0.523041307926178,0.42017319798469543,0.5397129058837891,0.4655574858188629,0.5260900259017944,0.4327875077724457,0.547496497631073,0.40340882539749146,0.6031993627548218,0.4364747405052185,0.6120279431343079,0.4747002124786377,0.6009638905525208,0.43805810809135437,0.6389997005462646,0.42745018005371094,0.6574813723564148,0.4667920768260956,0.6616330146789551,0.5022875666618347,0.6538808345794678
0.656361997127533,0.5961992740631104,0.6171776652336121,0.44935619831085205,0.552525520324707,0.3456326127052307,0.5097447037696838,0.23786300420761108,0.5023302435874939,0.14850130677223206,0.4291163384914398,0.361646831035614,0.2903275489807129,0.36579063534736633,0.21046531200408936,0.3758196234703064,0.147318035364151,0.38607048988342285,0.4076327085494995,0.43944644927978516,0.34862321615219116,0.4999431371688843,0.3914716839790344,0.5172980427742004,0.43494388461112976,0.5072430372238159,0.4072427749633789,0.5375723838806152,0.3790135979652405,0.5843698978424072,0.41031384468078613,0.5927589535713196,0.44721367955207825,0.5853235721588135,0.41275933384895325,0.6284539699554443,0.39418116211891174,0.6368759870529175,0.4304521679878235,0.6417809128761292,0.4655781388282776,0.6403763890266418
0.6423372030258179,0.6158915758132935,0.6049317717552185,0.46411895751953125,0.5365210175514221,0.34953179955482483,0.49546289443969727,0.23477350175380707,0.49068447947502136,0.14165425300598145,0.4161425530910492,0.3748798966407776,0.2756381332874298,0.37528255581855774,0.192956805229187,0.38168224692344666,0.12855851650238037,0.38967883586883545,0.3919319212436676,0.4541884958744049,0.3315184414386749,0.5191835165023804,0.3769623935222626,0.5363402366638184,0.4218211770057678,0.5219268798828125,0.38888466358184814,0.5529123544692993,0.35642188787460327,0.6008898615837097,0.3899348974227905,0.6109539270401001,0.4273153841495514,0.5994673371315002,0.3937934339046478,0.644426703453064,0.37723854184150696,0.6581610441207886,0.4162248373031616,0.6629919409751892,0.451732337474823,0.6559782028198242
0.6349159479141235,0.6310715079307556,0.5970330238342285,0.4789641499519348,0.5269238352775574,0.36182379722595215,0.4860846996307373,0.24722599983215332,0.4822145402431488,0.15273818373680115,0.4113904535770416,0.38333049416542053,0.26628679037094116,0.38575518131256104,0.18084630370140076,0.3938009738922119,0.11560285091400146,0.4024614691734314,0.387736439704895,0.4633462131023407,0.32375368475914,0.531826376914978,0.3695312738418579,0.551420271396637,0.41599589586257935,0.5374683141708374,0.3837011456489563,0.5630576610565186,0.3482309579849243,0.6131957173347473,0.3816949427127838,0.6242057085037231,0.4209612309932709,0.6126646995544434,0.3868005871772766,0.6557065844535828,0.371661514043808,0.668394148349762,0.41169077157974243,0.6748607158660889,0.4489404857158661,0.6685328483581543
0.6292898058891296,0.6447473764419556,0.5923616290092468,0.49431112408638,0.5212705135345459,0.38343194127082825,0.48082855343818665,0.27140912413597107,0.47489047050476074,0.1813487410545349,0.40656766295433044,0.3967267870903015,0.26025640964508057,0.3973475396633148,0.17374977469444275,0.4070671796798706,0.10769304633140564,0.4178650379180908,0.38387081027030945,0.476576030254364,0.3172684907913208,0.5469674468040466,0.3611701726913452,0.5669758319854736,0.4060187339782715,0.5525460839271545,0.37970560789108276,0.5766469836235046,0.34351569414138794,0.6276326179504395,0.37644487619400024,0.6392346024513245,0.4150351583957672,0.6287732124328613,0.38226833939552307,0.6724343299865723,0.36815738677978516,0.690159261226654,0.4085535705089569,0.6990383267402649,0.44474703073501587,0.6933881044387817
0.6208180785179138,0.6686254739761353,0.5865043997764587,0.5177295207977295,0.515627920627594,0.40607842803001404,0.47508493065834045,0.2938458323478699,0.4684758186340332,0.20628058910369873,0.40137848258018494,0.4167945683002472,0.25486230850219727,0.41551682353019714,0.167106032371521,0.4266180694103241,0.10033857822418213,0.43919113278388977,0.3779085874557495,0.496367871761322,0.309329628944397,0.5594146847724915,0.35220813751220703,0.5784846544265747,0.3977087140083313,0.5665698051452637,0.3721102774143219,0.5947129130363464,0.3383209705352783,0.6444270610809326,0.37093642354011536,0.6562238335609436,0.40944311022758484,0.6482548117637634,0.3724904954433441,0.6881874799728394,0.36088690161705017,0.7065528035163879,0.40055808424949646,0.7177989482879639,0.43643343448638916,0.7132057547569275
0.6157509088516235,0.6954287886619568,0.5821601152420044,0.540579080581665,0.5121622085571289,0.4309624135494232,0.47100791335105896,0.3234032392501831,0.46358320116996765,0.23743557929992676,0.4005224108695984,0.4339198172092438,0.25047802925109863,0.4340280294418335,0.16004814207553864,0.44649219512939453,0.09116768836975098,0.45978498458862305,0.3728560209274292,0.5165334343910217,0.29616326093673706,0.5762550830841064,0.3396720588207245,0.5969671607017517,0.38798800110816956,0.5863485932350159,0.363186776638031,0.6181657314300537,0.32201606035232544,0.6636761426925659,0.3565542697906494,0.6780757904052734,0.3961404263973236,0.6716796159744263,0.3607311248779297,0.7154247760772705,0.3424818515777588,0.7297785878181458,0.3839007616043091,0.7405816912651062,0.4209626019001007,0.7377660274505615
0.6015084981918335,0.707388162612915,0.5618945360183716,0.5513625144958496,0.48889878392219543,0.434533029794693,0.4488513171672821,0.3116076588630676,0.451523095369339,0.20897909998893738,0.38908982276916504,0.45144927501678467,0.23510850965976715,0.4585733413696289,0.14574438333511353,0.4694094955921173,0.07687875628471375,0.4824391007423401,0.3621903657913208,0.541531503200531,0.279635488986969,0.5950803160667419,0.3252486288547516,0.6095436811447144,0.3778335452079773,0.6026923060417175,0.35412687063217163,0.6474087834358215,0.30978935956954956,0.6841212511062622,0.3460143506526947,0.6958311796188354,0.38899126648902893,0.6932746171951294,0.3521656394004822,0.7443886399269104,0.3335466980934143,0.7495993375778198,0.3775108754634857,0.7600891590118408,0.4151427745819092,0.7599458694458008
0.5953876376152039,0.7249655723571777,0.5536475777626038,0.5654441118240356,0.4840099811553955,0.4457544684410095,0.4408338963985443,0.3214934170246124,0.4466210603713989,0.21360263228416443,0.3835146725177765,0.4682180881500244,0.22730392217636108,0.4810301661491394,0.1364707350730896,0.4929724335670471,0.06785359978675842,0.5067518949508667,0.354692280292511,0.5627583861351013,0.2568196952342987,0.6046810150146484,0.3013966679573059,0.6166955828666687,0.36002594232559204,0.6137182712554932,0.34726592898368835,0.672104001045227,0.2939745783805847,0.6988990902900696,0.33036765456199646,0.7079803943634033,0.37674108147621155,0.7066640257835388,0.34762871265411377,0.7737740278244019,0.32211172580718994,0.769109308719635,0.3669477701187134,0.7752448916435242,0.40697208046913147,0.7751897573471069
0.5939375162124634,0.7396336793899536,0.5522620677947998,0.5781552195549011,0.4774155020713806,0.45968538522720337,0.43077558279037476,0.3318813741207123,0.43961867690086365,0.21962088346481323,0.3818216919898987,0.48625364899635315,0.22264789044857025,0.5010282397270203,0.1297815442085266,0.5138633251190186,0.059745222330093384,0.5279005765914917,0.35202741622924805,0.586409866809845,0.2436431348323822,0.6180670261383057,0.2884577512741089,0.626472532749176,0.34995266795158386,0.6246756911277771,0.3434176445007324,0.6957955360412598,0.2846120297908783,0.7127693295478821,0.3214534521102905,0.717832088470459,0.3685119152069092,0.7180263996124268,0.34332817792892456,0.7961427569389343,0.31842222809791565,0.7838345766067505,0.36226481199264526,0.786860466003418,0.40119877457618713,0.7863980531692505
0.5900168418884277,0.7482328414916992,0.5503848195075989,0.58914715051651,0.47188860177993774,0.4709930717945099,0.4235498309135437,0.3412706255912781,0.43337929248809814,0.2240188717842102,0.3666500449180603,0.5042175054550171,0.20663538575172424,0.5198212265968323,0.11660048365592957,0.5337805151939392,0.048191577196121216,0.5473607182502747,0.34097954630851746,0.6035811901092529,0.229741632938385,0.6422032713890076,0.27751293778419495,0.6476149559020996,0.33938443660736084,0.6385736465454102,0.33637285232543945,0.7118122577667236,0.2779765725135803,0.7344764471054077,0.3168884813785553,0.7387223243713379,0.36246994137763977,0.7320582270622253,0.33942195773124695,0.8090870380401611,0.3138708472251892,0.8046950697898865,0.35888534784317017,0.8061491847038269,0.3969901204109192,0.8014723658561707
0.6010807156562805,0.7792516350746155,0.5653731822967529,0.6226626634597778,0.48178327083587646,0.5018978118896484,0.4265581965446472,0.372799813747406,0.430999219417572,0.2515922784805298,0.36524850130081177,0.5217188000679016,0.20708350837230682,0.538814127445221,0.11368927359580994,0.5578590631484985,0.042871445417404175,0.5755908489227295,0.33846691250801086,0.6245623826980591,0.2229422628879547,0.6621726751327515,0.26650941371917725,0.6703353524208069,0.32615500688552856,0.6659154891967773,0.33258092403411865,0.7386482954025269,0.2647186815738678,0.757260799407959,0.30318108201026917,0.7619407176971436,0.3495407998561859,0.7584931254386902,0.33403077721595764,0.8430997133255005,0.30112224817276,0.8409719467163086,0.3458753526210785,0.8422733545303345,0.3858374059200287,0.8378936052322388
0.5946856141090393,0.7735022306442261,0.549667239189148,0.629194438457489,0.4653679132461548,0.5080344676971436,0.41310954093933105,0.3809216022491455,0.4210682511329651,0.25463566184043884,0.35866624116897583,0.5398510694503784,0.199491485953331,0.5567295551300049,0.10645940899848938,0.5778284668922424,0.03654003143310547,0.5985720753669739,0.3369625508785248,0.6402020454406738,0.2225918024778366,0.68092942237854,0.2688087821006775,0.6849251985549927,0.3277541399002075,0.6799598336219788,0.3340145945549011,0.7529304027557373,0.2639123797416687,0.7848737239837646,0.3035455048084259,0.7845219373703003,0.34947699308395386,0.775146484375,0.3371657729148865,0.8557761311531067,0.29657506942749023,0.866309404373169,0.3395240008831024,0.861855149269104,0.37966203689575195,0.8555700778961182
0.599301278591156,0.7894867658615112,0.5640512704849243,0.6465662717819214,0.4772636890411377,0.519859254360199,0.41559240221977234,0.3965338468551636,0.4197756350040436,0.27197375893592834,0.36650151014328003,0.5463986396789551,0.2015775889158249,0.5643491744995117,0.10664749145507812,0.5869020819664001,0.03617584705352783,0.6058128476142883,0.3418586254119873,0.6392900347709656,0.23023314774036407,0.6924288272857666,0.27818188071250916,0.7042843103408813,0.33712834119796753,0.6985254287719727,0.3346647322177887,0.747509241104126,0.28006160259246826,0.8011597990989685,0.322272390127182,0.8077178001403809,0.3649948835372925,0.7933778762817383,0.3330683410167694,0.8486083745956421,0.3080970346927643,0.8731722831726074,0.3555490970611572,0.876183032989502,0.3941097855567932,0.8645806312561035
0.6047688126564026,0.7912915945053101,0.5653792023658752,0.6492853760719299,0.4758787751197815,0.5266454219818115,0.4128262400627136,0.40123167634010315,0.4164447486400604,0.2731230854988098,0.3660971522331238,0.5523666739463806,0.20321384072303772,0.566572904586792,0.10747337341308594,0.5867220759391785,0.03757718205451965,0.6033985018730164,0.343418151140213,0.6488643288612366,0.22144892811775208,0.6939249634742737,0.2659316956996918,0.715595006942749,0.32524973154067993,0.7168272733688354,0.3373126983642578,0.7597866654396057,0.26753777265548706,0.8060352206230164,0.30950111150741577,0.8179411888122559,0.3555355370044708,0.8087499737739563,0.3378159701824188,0.8630255460739136,0.29784145951271057,0.8890611529350281,0.34326568245887756,0.8943996429443359,0.3832071125507355,0.8854419589042664
0.6043975353240967,0.8256346583366394,0.5786731243133545,0.6754134893417358,0.4916020929813385,0.5440263152122498,0.42010802030563354,0.4167938828468323,0.4143131971359253,0.28765225410461426,0.3721882402896881,0.5515888929367065,0.20915059745311737,0.5667491555213928,0.11222678422927856,0.5864949822425842,0.04026094079017639,0.602545976638794,0.3429243862628937,0.6484189629554749,0.2271953672170639,0.6933310031890869,0.27130305767059326,0.7138648629188538,0.32889771461486816,0.7164281606674194,0.3305351138114929,0.7627425789833069,0.26871588826179504,0.8104854822158813,0.309156596660614,0.8256191611289978,0.3548164665699005,0.8210108280181885,0.3247285485267639,0.8711891174316406,0.29666540026664734,0.8988280296325684,0.3417856693267822,0.9106922149658203,0.38108739256858826,0.9066945910453796
0.609459400177002,0.7953239679336548,0.5693981051445007,0.6529734134674072,0.48221927881240845,0.5372878313064575,0.41754478216171265,0.4122577905654907,0.41237950325012207,0.2835101783275604,0.36980900168418884,0.5515173077583313,0.20586629211902618,0.5645807981491089,0.11123570799827576,0.5824823975563049,0.039398252964019775,0.5971752405166626,0.3437579870223999,0.6462706327438354,0.22430269420146942,0.6946370601654053,0.26926514506340027,0.7120110392570496,0.32744285464286804,0.7088050246238708,0.33542704582214355,0.7594207525253296,0.26948264241218567,0.8087436556816101,0.3091999888420105,0.820197343826294,0.35403764247894287,0.8094602227210999,0.33306121826171875,0.8647040128707886,0.29781243205070496,0.8958326578140259,0.34296685457229614,0.9039719700813293,0.3828294277191162,0.8969956636428833
0.6013283133506775,0.8215515613555908,0.5720829963684082,0.6706041693687439,0.488517701625824,0.5404044389724731,0.42008134722709656,0.41317349672317505,0.4152427315711975,0.2832869291305542,0.3640710711479187,0.5507348775863647,0.20635166764259338,0.5663933753967285,0.11142289638519287,0.5877323150634766,0.039779871702194214,0.6035436391830444,0.3379615247249603,0.6474798321723938,0.22648286819458008,0.6988927721977234,0.2718363404273987,0.7196341753005981,0.32801899313926697,0.7188680768013,0.328473836183548,0.7614737749099731,0.267907977104187,0.8122573494911194,0.30810800194740295,0.826146125793457,0.35386478900909424,0.8193278908729553,0.32472580671310425,0.8697953820228577,0.2973225712776184,0.8996529579162598,0.3419973850250244,0.91002357006073,0.38231420516967773,0.9041657447814941
0.6314136981964111,0.7947710156440735,0.5915964245796204,0.6435590982437134,0.498797208070755,0.5116040706634521,0.438105970621109,0.37646612524986267,0.4364435374736786,0.2572241723537445,0.38736066222190857,0.534631609916687,0.22098957002162933,0.5353105068206787,0.12206672132015228,0.5374779105186462,0.04658198356628418,0.5388869047164917,0.3606337904930115,0.6345854997634888,0.2329336702823639,0.6705955862998962,0.28455278277397156,0.6880372762680054,0.351362019777298,0.6863231062889099,0.3548111319541931,0.7487804889678955,0.28314802050590515,0.7768935561180115,0.32572856545448303,0.7860193848609924,0.37480583786964417,0.7794754505157471,0.35712766647338867,0.855557382106781,0.31725770235061646,0.8652840852737427,0.3646666407585144,0.8754554986953735,0.4057152271270752,0.8725057244300842
0.639557957649231,0.7928189635276794,0.5989474058151245,0.6323790550231934,0.5100686550140381,0.5021464824676514,0.4465487599372864,0.3697805404663086,0.44463667273521423,0.24793145060539246,0.39517858624458313,0.5230342149734497,0.2300039678812027,0.5162029266357422,0.13176128268241882,0.5111520886421204,0.056289076805114746,0.5081305503845215,0.3638768196105957,0.6243175268173218,0.23917154967784882,0.6478225588798523,0.28788039088249207,0.6591737270355225,0.3532313406467438,0.660572350025177,0.35534027218818665,0.7366622686386108,0.28777167201042175,0.753150463104248,0.3272852301597595,0.7599261999130249,0.3769683241844177,0.759813666343689,0.35562363266944885,0.841885507106781,0.3220287561416626,0.841184139251709,0.3654627799987793,0.8498147130012512,0.4058901369571686,0.8515340685844421
0.6438969969749451,0.7884807586669922,0.6009700894355774,0.6293545961380005,0.5100240707397461,0.5062272548675537,0.4466679096221924,0.3736693859100342,0.43951213359832764,0.2514480650424957,0.40013831853866577,0.5165941715240479,0.22957131266593933,0.5112742781639099,0.13419687747955322,0.5076678395271301,0.058876365423202515,0.5051571726799011,0.3690389394760132,0.6133815050125122,0.2405916303396225,0.6441780924797058,0.290805459022522,0.6577956080436707,0.3577101230621338,0.6582575440406799,0.3605807423591614,0.7269938588142395,0.30020397901535034,0.7558336853981018,0.34175410866737366,0.7649122476577759,0.3894701898097992,0.7617979645729065,0.3602229654788971,0.8326050639152527,0.33273136615753174,0.8349590301513672,0.3790265619754791,0.8441333174705505,0.41824573278427124,0.8434811234474182
0.6749094724655151,0.7261562347412109,0.6294369697570801,0.5656412839889526,0.5386244058609009,0.45588257908821106,0.477578341960907,0.34792855381965637,0.4663459062576294,0.25288811326026917,0.4389254152774811,0.4499000310897827,0.28223171830177307,0.42376792430877686,0.1917220801115036,0.4178379476070404,0.12116414308547974,0.4153621196746826,0.41209930181503296,0.5317546725273132,0.3303788900375366,0.5878288149833679,0.3717675805091858,0.6149541735649109,0.4181381165981293,0.6064718961715698,0.40238574147224426,0.637179970741272,0.35471028089523315,0.6808903813362122,0.388499915599823,0.6968376636505127,0.429120808839798,0.6914021968841553,0.397689551115036,0.7382594347000122,0.37285637855529785,0.7469993233680725,0.41261711716651917,0.7612391114234924,0.45009881258010864,0.7623710632324219
0.6782096028327942,0.7130858898162842,0.6458220481872559,0.5565959215164185,0.5645567178726196,0.4626113474369049,0.4986456632614136,0.38828134536743164,0.47088563442230225,0.3477330803871155,0.4539308249950409,0.43873873353004456,0.3015647530555725,0.4129680395126343,0.2137148529291153,0.40286892652511597,0.14532965421676636,0.39906808733940125,0.42372676730155945,0.5161029696464539,0.34714406728744507,0.5730686187744141,0.3893589973449707,0.6007102727890015,0.4347280263900757,0.595529317855835,0.41333433985710144,0.615815281867981,0.3693464398384094,0.6574981808662415,0.40418341755867004,0.6741187572479248,0.44219374656677246,0.6723215579986572,0.4102897047996521,0.7117953300476074,0.3865402340888977,0.7168805003166199,0.4269190728664398,0.7333214282989502,0.46364885568618774,0.7375697493553162
0.6922953724861145,0.68839430809021,0.65259850025177,0.5308147668838501,0.5621196627616882,0.4588264226913452,0.4776684045791626,0.4367443919181824,0.423388808965683,0.46114763617515564,0.4706049859523773,0.4286470115184784,0.31949639320373535,0.4119516909122467,0.23281417787075043,0.398332417011261,0.16487103700637817,0.3916821777820587,0.44209185242652893,0.5065525770187378,0.3698008954524994,0.557357907295227,0.40813660621643066,0.5808215737342834,0.4501250088214874,0.5756629705429077,0.4337533116340637,0.6046554446220398,0.39330407977104187,0.6390649080276489,0.4267067611217499,0.6538608074188232,0.46181413531303406,0.6488713026046753,0.43321913480758667,0.6972728967666626,0.41201016306877136,0.7017408013343811,0.45083728432655334,0.7164187431335449,0.4843686521053314,0.7193425893783569
0.7121546268463135,0.6677640676498413,0.6693286299705505,0.5110830068588257,0.5838878750801086,0.4413681626319885,0.5021726489067078,0.4201796054840088,0.4513930380344391,0.44819894433021545,0.4910027086734772,0.4120302200317383,0.3479257822036743,0.4018520712852478,0.26408272981643677,0.3931960463523865,0.19676658511161804,0.38966861367225647,0.4671698212623596,0.4851057529449463,0.3914179801940918,0.538144588470459,0.43106868863105774,0.56492018699646,0.4724859893321991,0.5593439936637878,0.46013858914375305,0.5797644853591919,0.4122719168663025,0.6175143718719482,0.447287380695343,0.6344836950302124,0.48421069979667664,0.6287791728973389,0.46074244379997253,0.6707980036735535,0.4318460524082184,0.6825963258743286,0.46812665462493896,0.6955079436302185,0.502170979976654,0.6970844268798828
0.7033433318138123,0.6586552858352661,0.665367066860199,0.5124818086624146,0.582248330116272,0.43616771697998047,0.5008597373962402,0.412420392036438,0.4487590193748474,0.43863433599472046,0.4885183572769165,0.4099677801132202,0.34697216749191284,0.4002481698989868,0.2622067332267761,0.38863110542297363,0.19532933831214905,0.38556402921676636,0.463348388671875,0.4826890528202057,0.3955668807029724,0.5488792061805725,0.43601444363594055,0.5741169452667236,0.47845521569252014,0.5680042505264282,0.45598816871643066,0.5752048492431641,0.41548243165016174,0.6236351728439331,0.449352890253067,0.6380530595779419,0.48415789008140564,0.6302816271781921,0.4569491744041443,0.6657881140708923,0.4331778287887573,0.6822082996368408,0.47063782811164856,0.6953346729278564,0.5032068490982056,0.6942340731620789
0.7026100754737854,0.6584199666976929,0.6666094064712524,0.5102781653404236,0.5790401697158813,0.43201276659965515,0.4944247007369995,0.41132551431655884,0.4426286518573761,0.43858635425567627,0.48803770542144775,0.41015076637268066,0.347307950258255,0.4014965295791626,0.26237279176712036,0.39069321751594543,0.19590097665786743,0.38766592741012573,0.4643156826496124,0.4848170578479767,0.39511173963546753,0.5478012561798096,0.4364115297794342,0.5716266632080078,0.4792068898677826,0.5644914507865906,0.45789968967437744,0.5773096680641174,0.4141259789466858,0.6212548017501831,0.4489733576774597,0.6362613439559937,0.4842715561389923,0.6292223930358887,0.46028319001197815,0.6681751608848572,0.43472325801849365,0.6818740963935852,0.47243911027908325,0.6946339011192322,0.505413830280304,0.6930083632469177
0.7019692659378052,0.6588239073753357,0.6667532920837402,0.5097819566726685,0.5798170566558838,0.4295264184474945,0.4947459101676941,0.40598219633102417,0.4426676332950592,0.42972931265830994,0.48784202337265015,0.4104781448841095,0.3464857339859009,0.4009302258491516,0.2614631652832031,0.39008957147598267,0.19501572847366333,0.38668668270111084,0.4641129672527313,0.4858170449733734,0.3953101634979248,0.5469359755516052,0.43665605783462524,0.5708001852035522,0.47950610518455505,0.5640381574630737,0.45795270800590515,0.5787703394889832,0.4141104221343994,0.6207405924797058,0.4489782750606537,0.636107325553894,0.4844566285610199,0.6297644376754761,0.4607991576194763,0.6701107621192932,0.43496349453926086,0.6814953088760376,0.4725137948989868,0.6941829919815063,0.505542516708374,0.6930094361305237
0.7033466100692749,0.6593745946884155,0.6673528552055359,0.5099886655807495,0.5789828300476074,0.4290720522403717,0.4933122992515564,0.4042412042617798,0.4411267042160034,0.42673608660697937,0.48863130807876587,0.4105185568332672,0.3461608290672302,0.4014797508716583,0.26066333055496216,0.3906489908695221,0.1940634846687317,0.3870465159416199,0.46518367528915405,0.48683100938796997,0.39533257484436035,0.5470314621925354,0.4365609586238861,0.5701305866241455,0.4796872138977051,0.5629937648773193,0.45907407999038696,0.5802866816520691,0.4146934747695923,0.6212209463119507,0.44921648502349854,0.636337161064148,0.4845733940601349,0.6297040581703186,0.4619147479534149,0.6717725396156311,0.43606138229370117,0.682252824306488,0.47339963912963867,0.6944078207015991,0.5063425898551941,0.6928995847702026
0.7741096019744873,0.6466434001922607,0.730073094367981,0.5013166069984436,0.6433638334274292,0.42518147826194763,0.5641061067581177,0.39830243587493896,0.520815908908844,0.42728012800216675,0.5561266541481018,0.3977556526660919,0.4209846556186676,0.3893771171569824,0.34672248363494873,0.3879207372665405,0.2863110899925232,0.3890829086303711,0.5400475263595581,0.4632813334465027,0.4581955671310425,0.541077196598053,0.4993884563446045,0.5629143714904785,0.5371199250221252,0.545299232006073,0.5382184982299805,0.5506898164749146,0.47570860385894775,0.6083643436431885,0.5130191445350647,0.6216895580291748,0.5485689640045166,0.6077057123184204,0.5447800159454346,0.6380788683891296,0.49795135855674744,0.6625684499740601,0.5325645804405212,0.6696991920471191,0.5667204260826111,0.6646050214767456
0.7733631134033203,0.6396607160568237,0.7251705527305603,0.4991743564605713,0.636593222618103,0.42902514338493347,0.5535383224487305,0.4084416925907135,0.4980276823043823,0.4312610328197479,0.54949951171875,0.40021276473999023,0.4256666600704193,0.39118117094039917,0.3536374568939209,0.3882017135620117,0.29631125926971436,0.39058932662010193,0.5352094173431396,0.46493715047836304,0.4547240138053894,0.5411527156829834,0.49155041575431824,0.566135585308075,0.5280407667160034,0.555718719959259,0.533983588218689,0.5497080683708191,0.4767571985721588,0.6074510812759399,0.5120051503181458,0.6191222071647644,0.5447117686271667,0.6079759001731873,0.5407105088233948,0.634402334690094,0.4961513578891754,0.6617966890335083,0.5292574763298035,0.6708813309669495,0.5604085922241211,0.6667996644973755
0.7695934176445007,0.636179506778717,0.7270435094833374,0.4964369833469391,0.6430390477180481,0.4276838004589081,0.5623443126678467,0.4126816391944885,0.5092076659202576,0.4415682256221771,0.547701358795166,0.4022987484931946,0.4240308105945587,0.3986322283744812,0.3526920676231384,0.394051194190979,0.294270396232605,0.3941419720649719,0.5344327688217163,0.46820005774497986,0.4572522044181824,0.5457850098609924,0.49565261602401733,0.5651913285255432,0.5327228903770447,0.552403450012207,0.5346560478210449,0.5529672503471375,0.47824913263320923,0.6105642318725586,0.514631986618042,0.6184561252593994,0.5480626821517944,0.6052308082580566,0.5423440933227539,0.6366838812828064,0.49931779503822327,0.6625648140907288,0.5335703492164612,0.6690606474876404,0.5649626851081848,0.6626628637313843
0.8240534067153931,0.6448704600334167,0.7876104712486267,0.5096721649169922,0.7132982611656189,0.4145306348800659,0.663455605506897,0.34209638833999634,0.6468623280525208,0.30019211769104004,0.6175651550292969,0.4134456515312195,0.4921990931034088,0.40405958890914917,0.426974356174469,0.40389883518218994,0.3752903640270233,0.40408211946487427,0.607231855392456,0.4743730425834656,0.529258131980896,0.54817795753479,0.5721189379692078,0.5686540007591248,0.6099746823310852,0.5499321222305298,0.6098242402076721,0.5533281564712524,0.5453076958656311,0.614665150642395,0.5869329571723938,0.6269827485084534,0.6214227676391602,0.609120786190033,0.6187838315963745,0.6309672594070435,0.5697337985038757,0.6608644723892212,0.6076557636260986,0.6692261695861816,0.6402839422225952,0.6594722270965576
0.8207692503929138,0.634938657283783,0.7816894054412842,0.5052621960639954,0.7101627588272095,0.4237097203731537,0.6537179946899414,0.37255173921585083,0.6242218613624573,0.358262300491333,0.6229126453399658,0.4070452153682709,0.49828648567199707,0.40501394867897034,0.42878079414367676,0.4045935869216919,0.37548190355300903,0.404762864112854,0.6119491457939148,0.4667757749557495,0.5287294387817383,0.5459939241409302,0.5716862678527832,0.5714556574821472,0.6134177446365356,0.5568908452987671,0.6119836568832397,0.5463069081306458,0.5477408170700073,0.6114688515663147,0.5878175497055054,0.6256511211395264,0.622901439666748,0.6091954112052917,0.6203858852386475,0.6261391639709473,0.5721628069877625,0.6601139903068542,0.6078357696533203,0.6702365279197693,0.640195369720459,0.6613792181015015
0.8197219967842102,0.6306278705596924,0.7828598618507385,0.5057534575462341,0.708337664604187,0.42422211170196533,0.6494419574737549,0.37451624870300293,0.6216832399368286,0.3565487861633301,0.6237808465957642,0.4096694588661194,0.5037432909011841,0.4037744402885437,0.43274444341659546,0.39637088775634766,0.37513601779937744,0.3928582966327667,0.6130480170249939,0.4683941900730133,0.5322868824005127,0.5451590418815613,0.5742665529251099,0.5669054985046387,0.6138113141059875,0.5527855753898621,0.6131349205970764,0.5464865565299988,0.5489187240600586,0.6112247705459595,0.5882391333580017,0.6229957342147827,0.6221061944961548,0.6076269149780273,0.6212732195854187,0.6256538033485413,0.5714293122291565,0.6597213745117188,0.6067088842391968,0.6691585779190063,0.6386396288871765,0.6614940762519836
0.8151724338531494,0.6278072595596313,0.7750308513641357,0.5054453611373901,0.6973435878753662,0.435657262802124,0.625454843044281,0.4211152195930481,0.5802410244941711,0.446058988571167,0.619418740272522,0.4148726761341095,0.5016435384750366,0.4117929935455322,0.4325553774833679,0.40463006496429443,0.37641996145248413,0.4004617929458618,0.6085570454597473,0.4737684428691864,0.5328138470649719,0.5493025779724121,0.5734050273895264,0.5713483691215515,0.6120617389678955,0.5573676824569702,0.6090365648269653,0.551612377166748,0.547791063785553,0.6128687858581543,0.5851006507873535,0.6258038282394409,0.6179110407829285,0.6103825569152832,0.6175594925880432,0.6303269863128662,0.5678258538246155,0.6604217886924744,0.6016998291015625,0.6700723767280579,0.6327077150344849,0.6633254885673523
0.813675045967102,0.629950225353241,0.7774012684822083,0.511580228805542,0.7022305130958557,0.43738290667533875,0.6310359835624695,0.41347381472587585,0.5865940451622009,0.4273107349872589,0.6186587810516357,0.41650524735450745,0.4999549388885498,0.4075887203216553,0.4311492145061493,0.4006524980068207,0.37459060549736023,0.39886173605918884,0.608267605304718,0.4735272526741028,0.5297032594680786,0.5455055236816406,0.5695517659187317,0.5663118958473206,0.6077544093132019,0.5531319379806519,0.6094647645950317,0.5499851107597351,0.5448452830314636,0.6098090410232544,0.5821597576141357,0.6219296455383301,0.6155045032501221,0.6065201759338379,0.6177406311035156,0.6285314559936523,0.5646399259567261,0.6598162651062012,0.598291277885437,0.6707807183265686,0.6299018263816833,0.6644336581230164
0.7704699039459229,0.6475708484649658,0.7258294820785522,0.5306446552276611,0.6638543605804443,0.4429144263267517,0.6279338598251343,0.35901182889938354,0.6230199933052063,0.28594285249710083,0.5785799026489258,0.45707982778549194,0.4615806043148041,0.45129790902137756,0.3903404474258423,0.4518078565597534,0.3346695601940155,0.45341601967811584,0.5713333487510681,0.5153270959854126,0.49787038564682007,0.5857966542243958,0.537179708480835,0.6013367176055908,0.5782169699668884,0.5861946940422058,0.5757864713668823,0.5930771827697754,0.5198903679847717,0.6542621850967407,0.5558682084083557,0.661654531955719,0.591009795665741,0.6466693878173828,0.5850797891616821,0.6705437302589417,0.5444533824920654,0.7040099501609802,0.5821542143821716,0.7071333527565002,0.613944947719574,0.6964125037193298
0.6911547780036926,0.6685183048248291,0.6364309787750244,0.5398255586624146,0.5622403621673584,0.44456517696380615,0.5141457915306091,0.35493654012680054,0.5077690482139587,0.27088943123817444,0.465714693069458,0.47583481669425964,0.3543386459350586,0.48112910985946655,0.2831325829029083,0.48525285720825195,0.22509658336639404,0.484819233417511,0.44910019636154175,0.5418602824211121,0.3967939019203186,0.6152615547180176,0.4360958933830261,0.628241240978241,0.47800201177597046,0.6110373139381409,0.4503280222415924,0.6265230178833008,0.4189360737800598,0.6758776903152466,0.4536142945289612,0.6863057613372803,0.48904529213905334,0.6712527275085449,0.460536390542984,0.7068818807601929,0.4439241290092468,0.7314807176589966,0.4809640049934387,0.7359026670455933,0.5135128498077393,0.723443865776062
0.6784957051277161,0.6668627858161926,0.631662905216217,0.543737530708313,0.5606837868690491,0.4510387182235718,0.5122459530830383,0.36453482508659363,0.5028858780860901,0.2840687036514282,0.4534633755683899,0.47784876823425293,0.33319419622421265,0.4797021150588989,0.2600390911102295,0.4813573360443115,0.20118597149848938,0.48059096932411194,0.43907874822616577,0.5421024560928345,0.39500147104263306,0.6305813193321228,0.43827447295188904,0.6474303603172302,0.47762763500213623,0.6291802525520325,0.4456177353858948,0.6273208260536194,0.41845792531967163,0.6939854621887207,0.45530760288238525,0.7011786103248596,0.4888160824775696,0.6839180588722229,0.460269570350647,0.7116327881813049,0.4375596046447754,0.7446727156639099,0.4761693775653839,0.7474197745323181,0.5077669024467468,0.7376893758773804
0.6812389492988586,0.6714727878570557,0.6330573558807373,0.5483434200286865,0.5605992078781128,0.457257479429245,0.5168624520301819,0.366569459438324,0.5135014057159424,0.28260886669158936,0.4556981027126312,0.477425754070282,0.33370596170425415,0.47561758756637573,0.2574768364429474,0.47673463821411133,0.19740307331085205,0.4759787321090698,0.4412495195865631,0.5410143136978149,0.3955700397491455,0.6326448321342468,0.4374319911003113,0.6528060436248779,0.4770127534866333,0.6346368193626404,0.44657984375953674,0.6260906457901001,0.42074161767959595,0.6993753910064697,0.4562591314315796,0.709771454334259,0.4890536963939667,0.6924005746841431,0.45914191007614136,0.7098276615142822,0.4402892589569092,0.7515348196029663,0.47849583625793457,0.7594466805458069,0.508930504322052,0.7487882971763611
0.6683012843132019,0.6681257486343384,0.6170089840888977,0.5456565618515015,0.5417201519012451,0.44963619112968445,0.49080416560173035,0.3580458164215088,0.4883230924606323,0.26587119698524475,0.43671417236328125,0.477611243724823,0.3146175146102905,0.47818097472190857,0.2403722107410431,0.47853970527648926,0.1808028519153595,0.47670120000839233,0.42276841402053833,0.5405563116073608,0.38090598583221436,0.6377900838851929,0.42607802152633667,0.6578058004379272,0.46651044487953186,0.6395000219345093,0.42869919538497925,0.6267309784889221,0.3991546034812927,0.7019577622413635,0.43694359064102173,0.7131118178367615,0.47110167145729065,0.6956592202186584,0.4417072534561157,0.71209716796875,0.4148469865322113,0.7490248680114746,0.45372480154037476,0.7548575401306152,0.4870437681674957,0.745903730392456
0.6425095796585083,0.6629285216331482,0.5953384637832642,0.5360293388366699,0.521289587020874,0.4374082088470459,0.4712120294570923,0.34380874037742615,0.46934613585472107,0.24976849555969238,0.4188201427459717,0.4658608138561249,0.2900693416595459,0.4701273441314697,0.212379589676857,0.47198453545570374,0.15090438723564148,0.4718116521835327,0.40201881527900696,0.5309608578681946,0.3555625379085541,0.6228197813034058,0.3979514241218567,0.642646849155426,0.4393613040447235,0.6238974332809448,0.4041861295700073,0.62038254737854,0.3764064311981201,0.6890133619308472,0.4100354015827179,0.7009932398796082,0.4461631774902344,0.6855354905128479,0.41125988960266113,0.7077091932296753,0.3844141662120819,0.7307127714157104,0.41823911666870117,0.7380713820457458,0.45049870014190674,0.7325504422187805
0.6322272419929504,0.6608668565750122,0.5890550017356873,0.5314322113990784,0.5160882472991943,0.4326798617839813,0.463845431804657,0.33943039178848267,0.45965975522994995,0.24668920040130615,0.4030528962612152,0.46144208312034607,0.2765089273452759,0.4665597379207611,0.1993463635444641,0.466534286737442,0.13794302940368652,0.4645178020000458,0.3858568072319031,0.5270261764526367,0.34588372707366943,0.6190618872642517,0.3902210593223572,0.6370220184326172,0.43104124069213867,0.6176705956459045,0.388802170753479,0.6175971627235413,0.3662068247795105,0.686360239982605,0.401273638010025,0.696803092956543,0.43685004115104675,0.679314136505127,0.3971794843673706,0.7068603038787842,0.3706856667995453,0.7315490245819092,0.4055742919445038,0.7356497645378113,0.43878257274627686,0.7263362407684326
0.6178582906723022,0.6593416929244995,0.5769965052604675,0.5251369476318359,0.5064896941184998,0.4268057942390442,0.4579005241394043,0.3294948935508728,0.45532387495040894,0.23537147045135498,0.3911131024360657,0.4568377137184143,0.261758029460907,0.46261510252952576,0.18506427109241486,0.46522006392478943,0.12378650903701782,0.465667724609375,0.37374264001846313,0.5254990458488464,0.32805514335632324,0.6109951734542847,0.372359961271286,0.6264238357543945,0.41395339369773865,0.6066019535064697,0.3775447905063629,0.6183151602745056,0.35624387860298157,0.6817790269851685,0.3919650614261627,0.6884902119636536,0.4280267357826233,0.6714168787002563,0.387126624584198,0.7082750797271729,0.3640555739402771,0.7321795225143433,0.40189510583877563,0.7346072793006897,0.436346173286438,0.7267571091651917
0.6133924722671509,0.6558546423912048,0.5677289962768555,0.5218725204467773,0.49602848291397095,0.42373591661453247,0.4492567479610443,0.3254498243331909,0.449335515499115,0.23036804795265198,0.381209135055542,0.4505366384983063,0.2497870922088623,0.4601316750049591,0.1712297797203064,0.46344906091690063,0.10914766788482666,0.46563687920570374,0.36515992879867554,0.5219900012016296,0.30687302350997925,0.6096685528755188,0.3529277443885803,0.6274518370628357,0.3985670208930969,0.6086162328720093,0.36927318572998047,0.617488443851471,0.34078413248062134,0.6835216283798218,0.3781278729438782,0.6912902593612671,0.41648152470588684,0.6723673343658447,0.3805036246776581,0.7092025279998779,0.35931068658828735,0.7380090951919556,0.4006135165691376,0.7428535223007202,0.43627235293388367,0.7336893677711487
0.6035608053207397,0.6568536758422852,0.5566867589950562,0.5224422216415405,0.4820350408554077,0.4168635606765747,0.4357489347457886,0.31442883610725403,0.4431016743183136,0.21560072898864746,0.37674573063850403,0.44912731647491455,0.23855629563331604,0.4590442180633545,0.1575310081243515,0.46220219135284424,0.09359535574913025,0.4634886682033539,0.3600826859474182,0.5214617252349854,0.2908669710159302,0.6077250838279724,0.3366193175315857,0.6258237957954407,0.3831354081630707,0.6071053743362427,0.361309677362442,0.6173251271247864,0.3236919343471527,0.6798387765884399,0.36022549867630005,0.6872146129608154,0.40007779002189636,0.669108510017395,0.36924490332603455,0.7102135419845581,0.3385288119316101,0.7273674011230469,0.3764480948448181,0.7306946516036987,0.41258177161216736,0.7249610424041748
0.5995819568634033,0.6595765352249146,0.5516233444213867,0.5238878726959229,0.4748348891735077,0.4143558144569397,0.42590123414993286,0.31138551235198975,0.43128132820129395,0.21500542759895325,0.3682444989681244,0.445659339427948,0.22878167033195496,0.4584328532218933,0.14735029637813568,0.46361130475997925,0.08249291777610779,0.4653702974319458,0.3528459668159485,0.5189734101295471,0.26541078090667725,0.6100221872329712,0.31143391132354736,0.6338232159614563,0.3600943088531494,0.6164289116859436,0.3533995449542999,0.614219605922699,0.30070924758911133,0.6813422441482544,0.3392762243747711,0.6917198896408081,0.3813115954399109,0.6726527214050293,0.36074739694595337,0.7082018256187439,0.3144766390323639,0.7224897146224976,0.34957313537597656,0.7267323732376099,0.3857983350753784,0.7207121253013611
0.5937520265579224,0.6548538208007812,0.5463875532150269,0.5219704508781433,0.47035548090934753,0.4154266119003296,0.4196259677410126,0.31392431259155273,0.4234202206134796,0.21946245431900024,0.35919007658958435,0.44884270429611206,0.21991510689258575,0.4614965319633484,0.1374799758195877,0.46878546476364136,0.07266741991043091,0.47350361943244934,0.3437095284461975,0.5216394662857056,0.2623646855354309,0.6186838150024414,0.3064439296722412,0.6356016993522644,0.3530563414096832,0.6158672571182251,0.34542715549468994,0.615730345249176,0.3005291223526001,0.6880855560302734,0.3385791480541229,0.6929736137390137,0.37725013494491577,0.6730090379714966,0.35412925481796265,0.7073450684547424,0.32346290349960327,0.7336180806159973,0.3664095997810364,0.7362115383148193,0.4043164551258087,0.7276768684387207
0.5899311304092407,0.6648988127708435,0.542768120765686,0.527780294418335,0.46656131744384766,0.42051956057548523,0.4192495346069336,0.3156501352787018,0.41642603278160095,0.2238958477973938,0.3537347912788391,0.45522189140319824,0.21284513175487518,0.46901339292526245,0.1300906538963318,0.47652754187583923,0.0655214786529541,0.4829994738101959,0.33792296051979065,0.5274434089660645,0.25784915685653687,0.6246246099472046,0.302871435880661,0.6392955183982849,0.34957918524742126,0.6190811395645142,0.3408650755882263,0.621425211429596,0.30068716406822205,0.6956242918968201,0.33920302987098694,0.6988277435302734,0.37732836604118347,0.6788985133171082,0.3509077727794647,0.712699294090271,0.3293512761592865,0.7446480989456177,0.37356284260749817,0.7453999519348145,0.40921464562416077,0.7340162992477417
0.5888065099716187,0.6696888208389282,0.5395078659057617,0.5324007868766785,0.46114134788513184,0.4255138039588928,0.4130729138851166,0.3212375044822693,0.4108849763870239,0.23208746314048767,0.34903740882873535,0.4600217938423157,0.20802409946918488,0.4765733778476715,0.12619486451148987,0.4873395264148712,0.06362134218215942,0.49648964405059814,0.3337348699569702,0.5327786803245544,0.24701429903507233,0.6284731030464172,0.2911441922187805,0.6428672075271606,0.3396017849445343,0.6241511106491089,0.3371967375278473,0.6257569789886475,0.28941577672958374,0.6971436738967896,0.32763803005218506,0.7000041604042053,0.36687561869621277,0.6824661493301392,0.34822025895118713,0.7156069874763489,0.3239780366420746,0.7433759570121765,0.3685358762741089,0.7439018487930298,0.40535348653793335,0.7345790863037109
0.589521586894989,0.6781418323516846,0.542162299156189,0.5400839447975159,0.4670614004135132,0.4358726143836975,0.4173955023288727,0.3340558409690857,0.41143035888671875,0.24463999271392822,0.35095688700675964,0.4690014123916626,0.2095433622598648,0.4834373891353607,0.1274314969778061,0.49584493041038513,0.06438735127449036,0.5067173838615417,0.33412376046180725,0.5403444170951843,0.24749186635017395,0.6363111734390259,0.28999045491218567,0.650541365146637,0.33709093928337097,0.6314411163330078,0.33767804503440857,0.632766842842102,0.29339343309402466,0.7083020210266113,0.33109867572784424,0.7116936445236206,0.36846891045570374,0.6934462785720825,0.3482671082019806,0.7224578857421875,0.3291512429714203,0.7577284574508667,0.3739089071750641,0.7587042450904846,0.4088122248649597,0.7467423677444458
0.5967135429382324,0.6879742741584778,0.5497103333473206,0.552477240562439,0.47105932235717773,0.4470961093902588,0.4193711280822754,0.34176892042160034,0.41367146372795105,0.24808722734451294,0.35828495025634766,0.4835238456726074,0.21788513660430908,0.4943762719631195,0.13516154885292053,0.5042549967765808,0.07192352414131165,0.5128061771392822,0.34035488963127136,0.5598381161689758,0.25331613421440125,0.6445471048355103,0.29573261737823486,0.6543440818786621,0.34486883878707886,0.635607123374939,0.3435496687889099,0.6532301306724548,0.30472835898399353,0.7180303335189819,0.3419048488140106,0.7186671495437622,0.38037291169166565,0.7021836042404175,0.3535066246986389,0.7408202886581421,0.34052085876464844,0.7687291502952576,0.3843249976634979,0.7701953649520874,0.4185718595981598,0.760363757610321
0.6007795333862305,0.6987134218215942,0.5539705753326416,0.5600766539573669,0.47685539722442627,0.4552673101425171,0.424907386302948,0.35094818472862244,0.41854068636894226,0.2590239644050598,0.36431118845939636,0.4902363419532776,0.22513480484485626,0.505893349647522,0.14327949285507202,0.5164490342140198,0.08095991611480713,0.5255881547927856,0.347045361995697,0.5667676329612732,0.25628453493118286,0.643546462059021,0.2972643971443176,0.6530457735061646,0.3465997874736786,0.6368329524993896,0.3506495952606201,0.660532534122467,0.30388617515563965,0.7216730117797852,0.3401026725769043,0.7240171432495117,0.3798208236694336,0.7106127738952637,0.36123090982437134,0.7481143474578857,0.34106820821762085,0.774484395980835,0.38417962193489075,0.7764573097229004,0.41960373520851135,0.767799437046051
0.6083265542984009,0.7109609246253967,0.5618069171905518,0.57132488489151,0.4852352738380432,0.46854254603385925,0.43136462569236755,0.3662334978580475,0.4230075776576996,0.277878999710083,0.3710111081600189,0.5085779428482056,0.23333685100078583,0.5185301303863525,0.15332970023155212,0.5298577547073364,0.09236827492713928,0.5394573211669922,0.35295701026916504,0.586724579334259,0.26598024368286133,0.655156135559082,0.3062977194786072,0.6642134189605713,0.3551868796348572,0.648446798324585,0.3576121926307678,0.6803408861160278,0.31561505794525146,0.7341516613960266,0.3507079482078552,0.737450361251831,0.3902338445186615,0.7258592247962952,0.3694782853126526,0.7669626474380493,0.3528161942958832,0.789210855960846,0.3944326937198639,0.7912421226501465,0.42998945713043213,0.7839943766593933
0.6198430061340332,0.7287037968635559,0.5738224983215332,0.5855976343154907,0.49685049057006836,0.483603835105896,0.44169169664382935,0.38447439670562744,0.42991164326667786,0.29691368341445923,0.3830224573612213,0.5277605056762695,0.2473708540201187,0.5412504076957703,0.16880710422992706,0.5494289398193359,0.10807549953460693,0.5548858642578125,0.3642713129520416,0.6097116470336914,0.28310173749923706,0.6668492555618286,0.3205181360244751,0.6752995252609253,0.3665139973163605,0.6618223190307617,0.36851298809051514,0.7036842703819275,0.32741624116897583,0.7471245527267456,0.35879459977149963,0.7515110969543457,0.3962377905845642,0.7413157224655151,0.38055989146232605,0.7897859811782837,0.3617280423641205,0.8060138821601868,0.4001848101615906,0.8098202347755432,0.43533754348754883,0.8042761087417603
0.6302857398986816,0.7411547303199768,0.5824762582778931,0.5978878140449524,0.5028539896011353,0.49943482875823975,0.4487065374851227,0.39973708987236023,0.4401818513870239,0.3053708076477051,0.39178770780563354,0.537285327911377,0.2562130391597748,0.5574620962142944,0.1780594289302826,0.5645204782485962,0.11871975660324097,0.5693745613098145,0.372432678937912,0.6266294121742249,0.28670716285705566,0.6771171689033508,0.32930371165275574,0.6826490163803101,0.3808835744857788,0.6717528700828552,0.3771143853664398,0.7247985601425171,0.33723002672195435,0.7591026425361633,0.3708949089050293,0.759845495223999,0.4109141528606415,0.7510244846343994,0.3888265788555145,0.8133717775344849,0.3727231025695801,0.8185123205184937,0.41357913613319397,0.8184490203857422,0.4493007957935333,0.814628541469574
0.6354984045028687,0.7460811734199524,0.5859092473983765,0.601235568523407,0.5096036195755005,0.5096469521522522,0.4546283781528473,0.41452211141586304,0.44469356536865234,0.3237929046154022,0.3968293070793152,0.5518039464950562,0.25928795337677,0.5695621371269226,0.18613217771053314,0.5777658820152283,0.13169294595718384,0.5827126502990723,0.37800902128219604,0.6448543071746826,0.28488337993621826,0.6775866150856018,0.32299256324768066,0.680698812007904,0.37465864419937134,0.6748332977294922,0.3843782842159271,0.7425068616867065,0.33612918853759766,0.7593309879302979,0.3695923686027527,0.7579639554023743,0.41208404302597046,0.75599604845047,0.3967694640159607,0.8290303349494934,0.3718200922012329,0.8213302493095398,0.40988242626190186,0.8180564641952515,0.44615039229393005,0.8173831701278687
0.6513368487358093,0.7460934519767761,0.5982095003128052,0.609321653842926,0.518712043762207,0.5142951607704163,0.4644179046154022,0.4229705035686493,0.4549539089202881,0.3336469233036041,0.4090832769870758,0.5566850304603577,0.2780420780181885,0.5768014192581177,0.204736590385437,0.5914813876152039,0.1501847505569458,0.5985009074211121,0.39247602224349976,0.6452589631080627,0.321628212928772,0.7018669843673706,0.36213016510009766,0.7124838829040527,0.40818530321121216,0.6996423602104187,0.3983248770236969,0.7420173287391663,0.35571205615997314,0.7780654430389404,0.3900519907474518,0.7812545895576477,0.42935681343078613,0.7724595665931702,0.4102459251880646,0.8317888975143433,0.3802769184112549,0.8413742780685425,0.4166744649410248,0.8400035500526428,0.45110756158828735,0.8345643281936646
0.658410906791687,0.7449044585227966,0.6060970425605774,0.6099130511283875,0.5289539098739624,0.5185503363609314,0.47861260175704956,0.42646491527557373,0.4707445502281189,0.33799615502357483,0.4197322130203247,0.561842143535614,0.28028082847595215,0.5817320346832275,0.20805729925632477,0.5972286462783813,0.15738597512245178,0.6052822470664978,0.40546995401382446,0.649981677532196,0.31653255224227905,0.7058605551719666,0.3520684540271759,0.7210119366645813,0.39793118834495544,0.7116246819496155,0.4131859540939331,0.7462378740310669,0.3559340536594391,0.7769222855567932,0.389486700296402,0.780420184135437,0.429606169462204,0.7727220058441162,0.4278404414653778,0.8337882161140442,0.38213545083999634,0.8399330973625183,0.4158116579055786,0.8378816843032837,0.44970494508743286,0.8328399062156677
0.6730482578277588,0.7495691180229187,0.6179813146591187,0.6170967221260071,0.538916826248169,0.525263786315918,0.48820748925209045,0.43493926525115967,0.4791349172592163,0.35137924551963806,0.42885926365852356,0.5669127106666565,0.29634419083595276,0.5839301347732544,0.22550912201404572,0.5989140272140503,0.1751561164855957,0.6071798801422119,0.4160861372947693,0.6537587642669678,0.32532942295074463,0.7148113250732422,0.3605588972568512,0.7324491143226624,0.40581196546554565,0.722702145576477,0.423366516828537,0.7485237717628479,0.3642326593399048,0.7853465676307678,0.3964633643627167,0.7910937666893005,0.43480780720710754,0.7827497720718384,0.43846648931503296,0.8345474004745483,0.3922829031944275,0.8462885618209839,0.4235561490058899,0.8466947078704834,0.45570769906044006,0.8417531251907349
0.6780383586883545,0.7491137981414795,0.623893678188324,0.6183547973632812,0.54795241355896,0.5239971876144409,0.5030651688575745,0.4303906559944153,0.4963148236274719,0.34666067361831665,0.43467819690704346,0.5651476383209229,0.307997465133667,0.5850824117660522,0.23859505355358124,0.600189208984375,0.18743568658828735,0.6080058217048645,0.4232526421546936,0.6487977504730225,0.3451552391052246,0.7179989814758301,0.38416266441345215,0.7329893708229065,0.4278777837753296,0.7180819511413574,0.43061748147010803,0.7414883375167847,0.38257700204849243,0.7851612567901611,0.4153190851211548,0.7904083132743835,0.4512896239757538,0.778949499130249,0.4444526433944702,0.8276822566986084,0.40632325410842896,0.8433899283409119,0.43914541602134705,0.8426454067230225,0.471134215593338,0.8343970775604248
0.6869679689407349,0.7492902874946594,0.6309424638748169,0.6166666150093079,0.5563761591911316,0.5222837328910828,0.5137251019477844,0.43045225739479065,0.5058081746101379,0.35009026527404785,0.4445725977420807,0.5631000399589539,0.31935784220695496,0.5800100564956665,0.2513563334941864,0.5946742296218872,0.19935056567192078,0.6018778085708618,0.43398186564445496,0.6509424448013306,0.33299100399017334,0.7154453992843628,0.3320728540420532,0.7442774176597595,0.34347474575042725,0.7472986578941345,0.44036686420440674,0.7430452108383179,0.38447707891464233,0.7793945670127869,0.41334813833236694,0.7822283506393433,0.44607874751091003,0.7733819484710693,0.4548519551753998,0.8260203003883362,0.41335418820381165,0.832717776298523,0.4430689215660095,0.8333417177200317,0.47368761897087097,0.828067421913147
0.6908891797065735,0.7520225048065186,0.6397935748100281,0.6172875165939331,0.5648253560066223,0.5236189365386963,0.5214694738388062,0.43080705404281616,0.5153336524963379,0.3475574553012848,0.45562905073165894,0.5619451999664307,0.3309076726436615,0.5763220191001892,0.2628801167011261,0.5908858180046082,0.21154412627220154,0.600386917591095,0.44246706366539,0.6485379934310913,0.37115931510925293,0.7052062749862671,0.4125624895095825,0.7181404232978821,0.4548042118549347,0.7066571712493896,0.4488200545310974,0.7411507368087769,0.40554606914520264,0.7732623815536499,0.4409211277961731,0.7777325510978699,0.4771341383457184,0.7706432342529297,0.4630999267101288,0.8255614042282104,0.4349689483642578,0.8308510780334473,0.4703492224216461,0.8311842679977417,0.5025708675384521,0.8265180587768555
0.6993528604507446,0.7539353370666504,0.6482853293418884,0.6178199052810669,0.570715069770813,0.5337384343147278,0.523287296295166,0.45374125242233276,0.5124902725219727,0.38338175415992737,0.4656062722206116,0.5606275796890259,0.3433069884777069,0.5712303519248962,0.2760360836982727,0.5820995569229126,0.2245643436908722,0.5890514254570007,0.4519619345664978,0.6462715268135071,0.3818855881690979,0.6993532180786133,0.42208269238471985,0.7101653218269348,0.4634178876876831,0.6981704235076904,0.4574342966079712,0.7376107573509216,0.41314929723739624,0.7655561566352844,0.44648367166519165,0.7682907581329346,0.48097169399261475,0.7616214752197266,0.47120288014411926,0.8203287124633789,0.442510187625885,0.8199368715286255,0.4757925271987915,0.8202025294303894,0.5068020224571228,0.8168324828147888
0.6971124410629272,0.7503052949905396,0.6469476819038391,0.6093236207962036,0.5707393884658813,0.5203472971916199,0.5205435156822205,0.4308248460292816,0.5095651149749756,0.3485913872718811,0.4647037386894226,0.5578061938285828,0.3455130457878113,0.5745179057121277,0.28013116121292114,0.5870175361633301,0.22973665595054626,0.5948747396469116,0.4509150981903076,0.6462026834487915,0.3845434784889221,0.7004050016403198,0.42391717433929443,0.7106611132621765,0.46475332975387573,0.7005196809768677,0.4569624960422516,0.7381216287612915,0.41813987493515015,0.7648494243621826,0.4524179697036743,0.7651574015617371,0.48821210861206055,0.7590283155441284,0.47088876366615295,0.8195357918739319,0.44921305775642395,0.8218652009963989,0.4845522344112396,0.8205046653747559,0.5158942341804504,0.8157952427864075
0.7014630436897278,0.7525408864021301,0.6528633832931519,0.6146662831306458,0.5767174959182739,0.5301539897918701,0.5259413123130798,0.44765010476112366,0.5107743144035339,0.37218570709228516,0.47130027413368225,0.5580891370773315,0.3533965051174164,0.5701320767402649,0.2880982756614685,0.5799258351325989,0.23766383528709412,0.5851253867149353,0.4540412127971649,0.6431835889816284,0.40222272276878357,0.6896147131919861,0.4429745078086853,0.7000935673713684,0.48295363783836365,0.690848708152771,0.45751580595970154,0.7344290018081665,0.4292665719985962,0.7567441463470459,0.462698370218277,0.7609859108924866,0.4972304403781891,0.7578372955322266,0.46974822878837585,0.8173590302467346,0.45219916105270386,0.8160238265991211,0.48664939403533936,0.8162447214126587,0.5178623199462891,0.8144320249557495
0.6973674893379211,0.7560614943504333,0.6490644216537476,0.6166448593139648,0.5723479390144348,0.5280255079269409,0.5241325497627258,0.44276732206344604,0.514664888381958,0.3671732246875763,0.472380131483078,0.5656295418739319,0.35543060302734375,0.5752490162849426,0.290341854095459,0.5848439335823059,0.24112120270729065,0.5902599096298218,0.4565470516681671,0.6532720327377319,0.39780953526496887,0.6971836686134338,0.4370248317718506,0.7058811187744141,0.47658541798591614,0.6964066624641418,0.46001705527305603,0.7438739538192749,0.4247480034828186,0.7650424242019653,0.4567252993583679,0.7656271457672119,0.4914376735687256,0.7614983916282654,0.4713471233844757,0.8248122930526733,0.449545681476593,0.8221942782402039,0.48285725712776184,0.8202821016311646,0.5141791105270386,0.8182133436203003
0.6948612928390503,0.7559812068939209,0.6457180976867676,0.6276092529296875,0.5679183006286621,0.5364760160446167,0.5199434161186218,0.4505003094673157,0.5079745650291443,0.3775883615016937,0.47019660472869873,0.5741509795188904,0.35550034046173096,0.5894721150398254,0.29030245542526245,0.6014875173568726,0.24248623847961426,0.6080511212348938,0.4565403461456299,0.6562305092811584,0.3967139720916748,0.7133313417434692,0.43634453415870667,0.7230322957038879,0.4769344627857208,0.7107337117195129,0.45952314138412476,0.744945764541626,0.4225209951400757,0.7811589241027832,0.4530659019947052,0.7850219011306763,0.48697996139526367,0.7780957818031311,0.4693239629268646,0.827594518661499,0.44387316703796387,0.838783860206604,0.4756079316139221,0.8399853110313416,0.5056266784667969,0.8366790413856506
0.6880745887756348,0.7582235336303711,0.6419289708137512,0.6412124633789062,0.5669585466384888,0.5468015670776367,0.5229167342185974,0.45777028799057007,0.5140082240104675,0.3845318853855133,0.465415894985199,0.5938794612884521,0.35499846935272217,0.6100942492485046,0.2877352833747864,0.6205992102622986,0.23518070578575134,0.6270288228988647,0.455202579498291,0.674515426158905,0.38336414098739624,0.7278062701225281,0.41955068707466125,0.7315589785575867,0.45887526869773865,0.7185078859329224,0.4607049822807312,0.7600169777870178,0.4117843806743622,0.7945988178253174,0.4406925141811371,0.7914304733276367,0.47374048829078674,0.7806100249290466,0.47149428725242615,0.8375476598739624,0.4346555471420288,0.844650149345398,0.4638206362724304,0.8408634662628174,0.49338796734809875,0.8340542316436768
0.6886945962905884,0.7684414386749268,0.6472697257995605,0.6628246903419495,0.5768380165100098,0.5695505142211914,0.5355851650238037,0.4887968897819519,0.5217458009719849,0.4264071583747864,0.47554633021354675,0.6167551279067993,0.3637847304344177,0.6263389587402344,0.29283201694488525,0.6361055970191956,0.2382582426071167,0.6430307626724243,0.46485161781311035,0.6897188425064087,0.39487534761428833,0.7359244227409363,0.42908114194869995,0.7451195120811462,0.46820902824401855,0.7365555763244629,0.4696198105812073,0.7684098482131958,0.42105698585510254,0.8058106899261475,0.44989627599716187,0.8087797164916992,0.48276418447494507,0.800580620765686,0.48092585802078247,0.8418006300926208,0.444522500038147,0.8629227876663208,0.46930837631225586,0.8608617782592773,0.49605801701545715,0.8515170216560364
0.6807811260223389,0.7881228923797607,0.6445684432983398,0.6876524686813354,0.5750632286071777,0.597038984298706,0.5317202210426331,0.5158822536468506,0.5155047178268433,0.44936519861221313,0.4753609299659729,0.649117648601532,0.36601483821868896,0.6575570106506348,0.2941972613334656,0.666955292224884,0.2381536364555359,0.6760878562927246,0.46402978897094727,0.7226236462593079,0.3791812062263489,0.7520179748535156,0.3870695233345032,0.7600719332695007,0.4032280445098877,0.7627915143966675,0.46774107217788696,0.7992961406707764,0.41262349486351013,0.8318138718605042,0.438660204410553,0.8319903612136841,0.4693596363067627,0.8259210586547852,0.4786102771759033,0.8699160218238831,0.43807125091552734,0.8939623236656189,0.46172407269477844,0.8927962779998779,0.48983967304229736,0.8864408731460571
0.6754969358444214,0.813777506351471,0.6431609392166138,0.7072461843490601,0.5738279819488525,0.6182273626327515,0.5283030867576599,0.5337216258049011,0.5163322687149048,0.4625343680381775,0.47620171308517456,0.6683494448661804,0.3630348742008209,0.6814391016960144,0.2905442714691162,0.6901362538337708,0.23342165350914001,0.6986332535743713,0.4652741849422455,0.7468278408050537,0.3972454071044922,0.779026448726654,0.42853423953056335,0.7821475267410278,0.4650532305240631,0.7790515422821045,0.4683946669101715,0.8283562064170837,0.4248741865158081,0.8605005145072937,0.4565410017967224,0.861625075340271,0.49071240425109863,0.8561733365058899,0.4771442413330078,0.9025591015815735,0.4435368478298187,0.9216381311416626,0.47439566254615784,0.9234881401062012,0.5045350193977356,0.9183847904205322
0.6772753596305847,0.8133500814437866,0.6457655429840088,0.7114765048027039,0.5775570869445801,0.6264014840126038,0.5309193134307861,0.543941080570221,0.5143588781356812,0.47720909118652344,0.47717902064323425,0.6745237112045288,0.361469566822052,0.6918416023254395,0.29021987318992615,0.7034028768539429,0.2329152226448059,0.7152966260910034,0.46694648265838623,0.7465009689331055,0.39860132336616516,0.7803530693054199,0.424933522939682,0.7765464186668396,0.454678475856781,0.7659924626350403,0.4713878035545349,0.8237652778625488,0.4279533922672272,0.8623181581497192,0.45934078097343445,0.8600349426269531,0.49196428060531616,0.8491441607475281,0.48103177547454834,0.8946683406829834,0.44755885004997253,0.9138443470001221,0.48032036423683167,0.9134540557861328,0.510970413684845,0.905026376247406
0.6747657656669617,0.8114367723464966,0.641751766204834,0.7092989683151245,0.5756990909576416,0.6257158517837524,0.5303471088409424,0.5433298349380493,0.5148952007293701,0.4759318232536316,0.4756944477558136,0.6752225756645203,0.35930269956588745,0.6917023062705994,0.28851568698883057,0.7020555734634399,0.23177921772003174,0.7125835418701172,0.46593207120895386,0.745339035987854,0.4036492109298706,0.7885352373123169,0.4383220672607422,0.7867044806480408,0.47528690099716187,0.7746612429618835,0.4714977443218231,0.8223909139633179,0.43104875087738037,0.8646801114082336,0.462212473154068,0.863528311252594,0.4948210120201111,0.8527730107307434,0.4817199409008026,0.8930631875991821,0.44998398423194885,0.9148613214492798,0.4825047552585602,0.914850115776062,0.5128532648086548,0.9066101908683777
0.6802276372909546,0.8140605092048645,0.6472170948982239,0.7107571363449097,0.5768747925758362,0.6226847171783447,0.5297709107398987,0.5388002395629883,0.512056291103363,0.4720660448074341,0.4811861515045166,0.6674127578735352,0.36538392305374146,0.6822459101676941,0.29149413108825684,0.6907352209091187,0.23131653666496277,0.7008270025253296,0.4703006446361542,0.7428700923919678,0.3988445997238159,0.7795471549034119,0.4244072437286377,0.7784531712532043,0.45553380250930786,0.771543025970459,0.473305881023407,0.8223838210105896,0.4270403981208801,0.8576939105987549,0.4587494730949402,0.8567681312561035,0.49463069438934326,0.8498251438140869,0.48165807127952576,0.8953225016593933,0.44436171650886536,0.9120980501174927,0.47661155462265015,0.9153500199317932,0.5091751217842102,0.9113022685050964
0.682607114315033,0.7992228269577026,0.6466315984725952,0.6963523626327515,0.5718491673469543,0.6035816073417664,0.5221561789512634,0.5180485248565674,0.5047457814216614,0.4514593780040741,0.48337846994400024,0.655017614364624,0.3704739511013031,0.6657617092132568,0.29533272981643677,0.673784077167511,0.23509737849235535,0.6824162006378174,0.4725492298603058,0.7295576333999634,0.38064348697662354,0.7557542324066162,0.3563893735408783,0.7677109837532043,0.34064602851867676,0.7727897763252258,0.47533440589904785,0.8063148856163025,0.41589242219924927,0.8339765667915344,0.4388975203037262,0.8359848856925964,0.4724218547344208,0.8312647342681885,0.484027236700058,0.8785898685455322,0.4420241713523865,0.8944684863090515,0.4652036726474762,0.8972324132919312,0.495491087436676,0.8940332531929016
0.6808298826217651,0.7685359716415405,0.645673930644989,0.6651151180267334,0.5749422311782837,0.5714928507804871,0.5270895957946777,0.49117088317871094,0.5046414136886597,0.4309121072292328,0.4822615385055542,0.6247184872627258,0.366823673248291,0.6354855895042419,0.2916654348373413,0.6440558433532715,0.23368248343467712,0.6522548794746399,0.4736884534358978,0.6985291242599487,0.40352147817611694,0.7494866847991943,0.43401044607162476,0.7632348537445068,0.4714112877845764,0.7568822503089905,0.4788322150707245,0.7781351208686829,0.42753368616104126,0.818198025226593,0.4535551369190216,0.8249217867851257,0.48606958985328674,0.8173903226852417,0.4891704320907593,0.8508325815200806,0.4507130980491638,0.8771646022796631,0.4774671792984009,0.8792729377746582,0.5068836212158203,0.8705439567565918
0.6900979280471802,0.7320676445960999,0.6461567282676697,0.6312280297279358,0.5724037885665894,0.5461283326148987,0.526767909526825,0.46592944860458374,0.5076079368591309,0.39980360865592957,0.48210784792900085,0.596301257610321,0.3684101998806,0.612433135509491,0.2916751503944397,0.6238409876823425,0.23206672072410583,0.6332798600196838,0.47634172439575195,0.6724675893783569,0.39803656935691833,0.7340646982192993,0.4339814782142639,0.7467896938323975,0.4745163023471832,0.7340880632400513,0.48373526334762573,0.7546529173851013,0.4243530035018921,0.8041560053825378,0.4553830027580261,0.8099120855331421,0.491081565618515,0.7970303297042847,0.4981427788734436,0.8291270732879639,0.4518122375011444,0.8615798950195312,0.4825228154659271,0.8623813390731812,0.5147368907928467,0.8496953248977661
0.7015721201896667,0.7415086627006531,0.6596022844314575,0.6184864044189453,0.5777118802070618,0.5309894680976868,0.5222383141517639,0.46643364429473877,0.49597251415252686,0.417231023311615,0.48439478874206543,0.5675348043441772,0.36913272738456726,0.580643355846405,0.29624253511428833,0.5906538367271423,0.24085038900375366,0.5976523160934448,0.475871205329895,0.6452732086181641,0.41415655612945557,0.7046485543251038,0.45160144567489624,0.717113196849823,0.49089890718460083,0.7036876678466797,0.4816522002220154,0.7303627729415894,0.43447935581207275,0.7718769907951355,0.46788859367370605,0.7783284187316895,0.5023817420005798,0.7678887844085693,0.4958222508430481,0.8111818432807922,0.46207550168037415,0.8286616802215576,0.4944460093975067,0.8301344513893127,0.5242599844932556,0.8205354809761047
0.7080495357513428,0.7228626012802124,0.6589330434799194,0.5972362160682678,0.5815072059631348,0.5069143772125244,0.5308162569999695,0.4280737638473511,0.5096908211708069,0.35984891653060913,0.4829522669315338,0.5411430597305298,0.3665531575679779,0.5571585297584534,0.2936283349990845,0.5653053522109985,0.23643019795417786,0.5717761516571045,0.4761580228805542,0.6181831359863281,0.41200801730155945,0.6880548000335693,0.4525870978832245,0.7016903162002563,0.49336007237434387,0.6860400438308716,0.4842219948768616,0.7070597410202026,0.4376205801963806,0.7535101175308228,0.4722580015659332,0.7643213272094727,0.5088034868240356,0.7542805671691895,0.49973541498184204,0.7921865582466125,0.46977365016937256,0.8135512471199036,0.5053408741950989,0.8195681571960449,0.5363850593566895,0.8113723993301392
0.6981686353683472,0.6877655982971191,0.6491985321044922,0.564401388168335,0.5754230618476868,0.4754149913787842,0.5268075466156006,0.3955610990524292,0.5148515701293945,0.32274892926216125,0.47955605387687683,0.5172693133354187,0.36011385917663574,0.5327849388122559,0.2884822487831116,0.5363131761550903,0.2336110770702362,0.5372389554977417,0.4724089503288269,0.5941148400306702,0.4147951304912567,0.6525114178657532,0.454281747341156,0.6612758636474609,0.4954761564731598,0.6455622315406799,0.48208028078079224,0.6788187623023987,0.4409385323524475,0.7144260406494141,0.4733429551124573,0.719951331615448,0.5085458755493164,0.7090229988098145,0.496399849653244,0.7580409646034241,0.4649460017681122,0.7686836123466492,0.4993683695793152,0.7710186839103699,0.5310192108154297,0.7650411128997803
0.7008625864982605,0.6626837253570557,0.6530966758728027,0.5414506793022156,0.5785545706748962,0.45529448986053467,0.5282806754112244,0.3760630190372467,0.5143675804138184,0.29903581738471985,0.47931107878685,0.4938022494316101,0.36307060718536377,0.5043749809265137,0.2924083173274994,0.510056734085083,0.23871657252311707,0.512704610824585,0.4708541929721832,0.5654036998748779,0.42743349075317383,0.6389696002006531,0.4677298367023468,0.6523268222808838,0.5056838989257812,0.6348548531532288,0.4812530279159546,0.6480051875114441,0.45262569189071655,0.7021961212158203,0.4866568446159363,0.7097561955451965,0.5196572542190552,0.6953251361846924,0.4987390637397766,0.7275165915489197,0.47685113549232483,0.7559342384338379,0.5125072002410889,0.759218692779541,0.5432736873626709,0.7485445737838745
0.7060827016830444,0.6356655359268188,0.6529085040092468,0.5193101763725281,0.5748394131660461,0.4369088411331177,0.5251495242118835,0.3597210645675659,0.5135254859924316,0.28267568349838257,0.48095542192459106,0.470766544342041,0.36645007133483887,0.48194578289985657,0.29649895429611206,0.488330215215683,0.24232327938079834,0.4919567108154297,0.4745563864707947,0.5380673408508301,0.42904189229011536,0.6175141334533691,0.46895843744277954,0.6306441426277161,0.5059012174606323,0.611396849155426,0.4863475561141968,0.6170567870140076,0.4522987902164459,0.677310049533844,0.4874110221862793,0.68349289894104,0.5198827981948853,0.6665931940078735,0.5053353309631348,0.693045437335968,0.4739088714122772,0.724187970161438,0.5092814564704895,0.7262297868728638,0.5402216911315918,0.7137116193771362
0.7113771438598633,0.6164933443069458,0.6534852981567383,0.5057806968688965,0.5716812014579773,0.4261581301689148,0.5199501514434814,0.34903186559677124,0.5092043876647949,0.2679365575313568,0.4805026650428772,0.4506937265396118,0.3689339756965637,0.4632130563259125,0.3003184199333191,0.46807318925857544,0.24582570791244507,0.46890610456466675,0.4757172167301178,0.509397029876709,0.43339377641677856,0.6012771725654602,0.47366008162498474,0.616256058216095,0.50787752866745,0.5948403477668762,0.4879099726676941,0.5843706130981445,0.45465004444122314,0.6567087769508362,0.4908469021320343,0.6634325385093689,0.519956111907959,0.6416394710540771,0.5068897604942322,0.6596105694770813,0.4727415144443512,0.6983656883239746,0.5094609260559082,0.7027598023414612,0.5389629006385803,0.6888339519500732
0.7130984663963318,0.5981972217559814,0.6534733772277832,0.49160897731781006,0.5707480311393738,0.4135355055332184,0.5171494483947754,0.3396001160144806,0.5036648511886597,0.2639399766921997,0.4803221523761749,0.4364596903324127,0.36988991498947144,0.44876039028167725,0.30154967308044434,0.4536498188972473,0.24589115381240845,0.4543752372264862,0.47602736949920654,0.4907832145690918,0.4358450174331665,0.5957059860229492,0.4781598746776581,0.6092811822891235,0.5114008188247681,0.584536612033844,0.4885510504245758,0.5639188885688782,0.4562017023563385,0.6488542556762695,0.49520036578178406,0.6525902152061462,0.5234875679016113,0.6264067888259888,0.5076563954353333,0.6388929486274719,0.476823627948761,0.6861549615859985,0.5157084465026855,0.6881548166275024,0.5444257259368896,0.6706185340881348
0.7143605947494507,0.5859861969947815,0.6554621458053589,0.4845689833164215,0.5706884264945984,0.4147094786167145,0.5123961567878723,0.3520139753818512,0.4871237277984619,0.2892633080482483,0.48245400190353394,0.4209883213043213,0.3717190623283386,0.4355083107948303,0.3040982186794281,0.4416964650154114,0.24790284037590027,0.44505301117897034,0.4816071391105652,0.47025665640830994,0.433592826128006,0.5846073031425476,0.47678977251052856,0.5989773273468018,0.5083274841308594,0.5722232460975647,0.49445652961730957,0.5399201512336731,0.4537164866924286,0.6354595422744751,0.4938899278640747,0.6389488577842712,0.5215898752212524,0.6112438440322876,0.5131446123123169,0.6132663488388062,0.47672006487846375,0.6676479578018188,0.5148540139198303,0.6697929501533508,0.5429728627204895,0.6511744260787964
0.7195340991020203,0.5773894190788269,0.6607754230499268,0.47919797897338867,0.5755239725112915,0.4384913444519043,0.5088616013526917,0.440460205078125,0.4691566526889801,0.47303250432014465,0.4845602214336395,0.41272562742233276,0.3758915066719055,0.4258251190185547,0.3083667755126953,0.42905598878860474,0.2523782551288605,0.43315190076828003,0.4830557107925415,0.4569415748119354,0.4352620840072632,0.5760896801948547,0.47770267724990845,0.5922770500183105,0.5093770623207092,0.5663559436798096,0.4957073926925659,0.5250988006591797,0.45743855834007263,0.6257111430168152,0.4968850314617157,0.6313645839691162,0.5230125784873962,0.6031296849250793,0.5136303901672363,0.5971506834030151,0.48083198070526123,0.6574028730392456,0.5189989805221558,0.6624572277069092,0.5464494824409485,0.6452457308769226
0.711215615272522,0.5657371282577515,0.656162679195404,0.46883296966552734,0.5752138495445251,0.4154326617717743,0.5169141292572021,0.38795092701911926,0.4897925853729248,0.3816031813621521,0.4782893657684326,0.4050653576850891,0.36989519000053406,0.41859227418899536,0.30411604046821594,0.4195847511291504,0.24957990646362305,0.41962528228759766,0.48072904348373413,0.4442463219165802,0.4353857934474945,0.565709114074707,0.4784417450428009,0.5795801281929016,0.5087864398956299,0.5524311661720276,0.49642834067344666,0.5092272162437439,0.4566698968410492,0.6159394979476929,0.49698635935783386,0.619347333908081,0.5224394202232361,0.5899450182914734,0.5159064531326294,0.5795364379882812,0.48229652643203735,0.6502566337585449,0.5210551619529724,0.6528453826904297,0.5480725765228271,0.6337567567825317
0.7144588232040405,0.5619407892227173,0.6580911874771118,0.4693402647972107,0.5783848166465759,0.4188814163208008,0.5185192823410034,0.3970814645290375,0.4862304925918579,0.3957241177558899,0.4833061993122101,0.39727896451950073,0.3752203583717346,0.40910980105400085,0.3088611960411072,0.41072314977645874,0.25364798307418823,0.4119029939174652,0.4855792224407196,0.4315648078918457,0.4325520992279053,0.5561923384666443,0.47551730275154114,0.5707593560218811,0.5065912008285522,0.5438281297683716,0.5003620982170105,0.4922621250152588,0.4553530216217041,0.6059472560882568,0.49785158038139343,0.6107994318008423,0.5236872434616089,0.5804859399795532,0.5203760266304016,0.5592213273048401,0.48341238498687744,0.6427536010742188,0.522316038608551,0.647491455078125,0.5497041940689087,0.6269403100013733
0.7130080461502075,0.555848240852356,0.6548696160316467,0.46404868364334106,0.5738767981529236,0.41357433795928955,0.5134475231170654,0.3900763690471649,0.4785369634628296,0.3839303255081177,0.48164045810699463,0.3961558938026428,0.3736363351345062,0.41053974628448486,0.30586546659469604,0.41278108954429626,0.2501109540462494,0.41516852378845215,0.48398417234420776,0.430817186832428,0.4320683479309082,0.555504322052002,0.4738517701625824,0.5707854628562927,0.5055487751960754,0.5452616214752197,0.4988566040992737,0.49173903465270996,0.4568542242050171,0.6058040857315063,0.49803265929222107,0.6102021932601929,0.5232517123222351,0.5801055431365967,0.5187944769859314,0.5586702823638916,0.4844309389591217,0.639864444732666,0.5226851105690002,0.644403338432312,0.5491632223129272,0.6242408156394958
0.7162028551101685,0.5556477308273315,0.6553305387496948,0.46737128496170044,0.571812093257904,0.43040531873703003,0.5074657797813416,0.4403429329395294,0.47108039259910583,0.4810785949230194,0.48198506236076355,0.40055662393569946,0.37374767661094666,0.4186452329158783,0.30636322498321533,0.42055973410606384,0.25111687183380127,0.42171525955200195,0.48447185754776,0.4347803592681885,0.43133842945098877,0.5620920062065125,0.4729921519756317,0.5787270069122314,0.5049567818641663,0.5526281595230103,0.4996279776096344,0.49551260471343994,0.4564725458621979,0.6105186343193054,0.4977487325668335,0.6165444254875183,0.5228781700134277,0.586262047290802,0.5199913382530212,0.5622590780258179,0.4841606914997101,0.6437561511993408,0.5220261812210083,0.6484072208404541,0.5482596158981323,0.6278681755065918
0.7134476900100708,0.5679412484169006,0.6543832421302795,0.4770473539829254,0.5717579126358032,0.421936571598053,0.5116512775421143,0.3837958574295044,0.4800940454006195,0.354871928691864,0.48228010535240173,0.41054603457450867,0.37343209981918335,0.4267350435256958,0.3054892420768738,0.4318535029888153,0.24948111176490784,0.43594786524772644,0.48366138339042664,0.44739478826522827,0.4311467409133911,0.5736268162727356,0.47260159254074097,0.5909403562545776,0.5050442218780518,0.5656291246414185,0.4973351061344147,0.5092105865478516,0.45418351888656616,0.6217865943908691,0.4948698580265045,0.6273443698883057,0.5218659043312073,0.5989820957183838,0.5167367458343506,0.5767313838005066,0.48262307047843933,0.6532304286956787,0.5217393040657043,0.6581135988235474,0.5496086478233337,0.6383663415908813
0.7120366096496582,0.5765306949615479,0.6489121317863464,0.487272173166275,0.5645544528961182,0.4189935028553009,0.5094431042671204,0.35168683528900146,0.4962911903858185,0.27862685918807983,0.4785618484020233,0.42234551906585693,0.3704342246055603,0.44140100479125977,0.30307286977767944,0.45027437806129456,0.24633705615997314,0.4539317786693573,0.48129555583000183,0.46039602160453796,0.42861366271972656,0.5916145443916321,0.4717680513858795,0.6087595224380493,0.5032373070716858,0.5810947418212891,0.4954569339752197,0.5216922760009766,0.45078104734420776,0.637030839920044,0.49173322319984436,0.6409258246421814,0.5181320905685425,0.6099631190299988,0.5149641036987305,0.5889544486999512,0.47843125462532043,0.6657326817512512,0.5178900957107544,0.6681295037269592,0.544959306716919,0.6453418731689453
0.7089338302612305,0.5888512134552002,0.6415697336196899,0.5022995471954346,0.5568305253982544,0.43358665704727173,0.5044776201248169,0.36263957619667053,0.4911370873451233,0.28495803475379944,0.4749601185321808,0.44403141736984253,0.3633892238140106,0.4610171616077423,0.29596275091171265,0.4659292697906494,0.23929697275161743,0.4633949398994446,0.4779484272003174,0.4832576811313629,0.4276236593723297,0.6081913709640503,0.4700545072555542,0.6258969902992249,0.5021421909332275,0.6000257730484009,0.4927579164505005,0.5450750589370728,0.4515230059623718,0.6520063877105713,0.4916675090789795,0.6572810411453247,0.5184750556945801,0.6276047825813293,0.5122266411781311,0.6138476729393005,0.47708621621131897,0.6811773180961609,0.5156050324440002,0.6835477352142334,0.5423511266708374,0.6613073348999023
0.7051748633384705,0.6056729555130005,0.6365565061569214,0.5175376534461975,0.5501075387001038,0.4493257403373718,0.49983736872673035,0.3781764507293701,0.486360102891922,0.3025139272212982,0.46964097023010254,0.4572943449020386,0.356035441160202,0.4781216084957123,0.2871655225753784,0.48396867513656616,0.22873854637145996,0.4827795624732971,0.4738011658191681,0.4958808422088623,0.4232807159423828,0.6251710057258606,0.46674543619155884,0.6430894136428833,0.49832674860954285,0.6155807375907898,0.49034643173217773,0.5580740571022034,0.4477604329586029,0.6699721217155457,0.48838940262794495,0.6763019561767578,0.514704704284668,0.6450621485710144,0.5117289423942566,0.627263069152832,0.473330020904541,0.6994311213493347,0.5109006762504578,0.7039585709571838,0.5374001860618591,0.681522011756897
0.7006460428237915,0.6216752529144287,0.6347291469573975,0.5340226888656616,0.5509883165359497,0.4900814890861511,0.4943230450153351,0.4565039575099945,0.46101146936416626,0.42984139919281006,0.46366438269615173,0.4671241343021393,0.34932664036750793,0.49476873874664307,0.28147995471954346,0.5031299591064453,0.22345376014709473,0.5050111413002014,0.4717911183834076,0.5033872127532959,0.40985915064811707,0.6428443193435669,0.45474115014076233,0.6611596941947937,0.4873823821544647,0.6326859593391418,0.49027442932128906,0.5634905695915222,0.44069704413414,0.6874313950538635,0.4840870797634125,0.6898970007896423,0.510166585445404,0.6556359529495239,0.5135378837585449,0.6296393275260925,0.4714904725551605,0.7133511304855347,0.510211706161499,0.716051459312439,0.5364280343055725,0.6908048391342163
0.6941173076629639,0.6355449557304382,0.6295355558395386,0.5576972961425781,0.5452321171760559,0.5214558243751526,0.4836403727531433,0.5101906657218933,0.4463545083999634,0.5232903361320496,0.45543307065963745,0.4828662574291229,0.34554898738861084,0.516018271446228,0.2790517210960388,0.5243277549743652,0.22215035557746887,0.5272092819213867,0.46682727336883545,0.5082014799118042,0.40304893255233765,0.6596222519874573,0.45023712515830994,0.6737436056137085,0.48379436135292053,0.6412065625190735,0.48752927780151367,0.5617861747741699,0.4348638951778412,0.7009594440460205,0.48008066415786743,0.7022151947021484,0.5070123076438904,0.6653413772583008,0.5112729668617249,0.6203665733337402,0.4712046682834625,0.7219650149345398,0.5115553140640259,0.7239285111427307,0.5385942459106445,0.6964480876922607
0.6335525512695312,0.5602549314498901,0.5745077133178711,0.5177261829376221,0.5135369300842285,0.5008037686347961,0.46745577454566956,0.5112236738204956,0.43966221809387207,0.5440359711647034,0.4625840187072754,0.46401262283325195,0.4100057780742645,0.5403246283531189,0.406343936920166,0.5928610563278198,0.40987730026245117,0.6181588172912598,0.4738313555717468,0.48915717005729675,0.42359375953674316,0.5767421126365662,0.41479983925819397,0.6271319389343262,0.41170889139175415,0.6561824679374695,0.4921819567680359,0.5264101028442383,0.4478479027748108,0.6115993857383728,0.44713491201400757,0.6512053608894348,0.4499664306640625,0.6641935110092163,0.5154787302017212,0.5715622305870056,0.4794847369194031,0.6367193460464478,0.48003852367401123,0.6625940799713135,0.4840899407863617,0.6721932291984558
0.6845520734786987,0.6547887325286865,0.6207349300384521,0.578795313835144,0.5359623432159424,0.5449552536010742,0.47017577290534973,0.5536067485809326,0.4305894076824188,0.5913528203964233,0.45407986640930176,0.4932801127433777,0.3454291820526123,0.5124590396881104,0.278421550989151,0.5136021375656128,0.22138546407222748,0.5103732347488403,0.4631994664669037,0.516420841217041,0.40200233459472656,0.6680163741111755,0.44663509726524353,0.6888233423233032,0.4788655638694763,0.6595931053161621,0.48233452439308167,0.5680574178695679,0.4299139082431793,0.7098057866096497,0.4740633964538574,0.7189396023750305,0.5006678700447083,0.6851580142974854,0.5043618083000183,0.625556230545044,0.4631478190422058,0.7328404188156128,0.5017364025115967,0.7401361465454102,0.5285767912864685,0.7138855457305908
0.6232407689094543,0.5659715533256531,0.5676807761192322,0.5229120254516602,0.5099652409553528,0.5068982243537903,0.4675595164299011,0.5154182314872742,0.4451875388622284,0.543303370475769,0.46282920241355896,0.4663248360157013,0.40739282965660095,0.5447066426277161,0.4009605050086975,0.5982081294059753,0.40227803587913513,0.6218401789665222,0.47495266795158386,0.49128326773643494,0.42258551716804504,0.5789258480072021,0.41423481702804565,0.6283438801765442,0.4118392765522003,0.6562706828117371,0.49180448055267334,0.5277757048606873,0.44302257895469666,0.6132657527923584,0.439810574054718,0.6561864018440247,0.44099509716033936,0.672544538974762,0.5127415060997009,0.5721932649612427,0.47462865710258484,0.6375427842140198,0.47205719351768494,0.6675143837928772,0.4734775125980377,0.6806080341339111
0.6839993596076965,0.6542407870292664,0.6191399097442627,0.5845433473587036,0.533699631690979,0.5556281208992004,0.4671693444252014,0.5644177794456482,0.4258630871772766,0.5990040302276611,0.4566129744052887,0.49063539505004883,0.34842410683631897,0.5111919641494751,0.2822893559932709,0.5106835961341858,0.22593870759010315,0.5049262046813965,0.4666045308113098,0.5112363696098328,0.4015050232410431,0.6602771282196045,0.4463079571723938,0.6787676811218262,0.4791969954967499,0.6481967568397522,0.4852611720561981,0.5591614842414856,0.43141043186187744,0.7007300853729248,0.4764191806316376,0.7073734402656555,0.5028102993965149,0.6697947382926941,0.5065586566925049,0.6127099990844727,0.46481478214263916,0.7198104858398438,0.5037884712219238,0.7258874773979187,0.5295553207397461,0.6961994767189026
0.686705470085144,0.6494494080543518,0.6201540231704712,0.580734133720398,0.5334299206733704,0.5523657202720642,0.4668833613395691,0.5641708374023438,0.42585229873657227,0.6014410853385925,0.45748552680015564,0.48626241087913513,0.3498961925506592,0.5061739683151245,0.28356242179870605,0.505275309085846,0.22764813899993896,0.49981388449668884,0.46788156032562256,0.5071909427642822,0.40423524379730225,0.6539025902748108,0.447948157787323,0.6735522747039795,0.4802711009979248,0.6440814137458801,0.4869173467159271,0.5553045272827148,0.4326917827129364,0.6949068307876587,0.4772561490535736,0.7027866840362549,0.5039702653884888,0.6663082838058472,0.5088344216346741,0.6097900867462158,0.4652848541736603,0.715114951133728,0.5041649341583252,0.7221601605415344,0.530863881111145,0.6932356357574463
0.6904762983322144,0.6487733721733093,0.623302161693573,0.5796095728874207,0.537255048751831,0.5509661436080933,0.47004786133766174,0.5593670606613159,0.42746594548225403,0.5916938185691833,0.4610627591609955,0.4838438332080841,0.3520832359790802,0.5053848624229431,0.28578394651412964,0.504067063331604,0.2294567972421646,0.4979512691497803,0.4724874198436737,0.5045405030250549,0.40616416931152344,0.6532847285270691,0.45040827989578247,0.6717881560325623,0.4831845462322235,0.642326831817627,0.492487370967865,0.5524574518203735,0.4361165165901184,0.6934765577316284,0.48150205612182617,0.7000601291656494,0.5087509155273438,0.6636260747909546,0.5157438516616821,0.6061102151870728,0.47056353092193604,0.7128767967224121,0.5089923739433289,0.7196893692016602,0.5355976223945618,0.6915649771690369
0.6925075650215149,0.6452902555465698,0.6251108646392822,0.5770954489707947,0.5383195877075195,0.5498760342597961,0.4706067144870758,0.5600990056991577,0.4276200830936432,0.5945296883583069,0.4631960391998291,0.48478055000305176,0.3529425859451294,0.506418764591217,0.2860007584095001,0.5053298473358154,0.22997500002384186,0.4997709393501282,0.4751603305339813,0.5059366226196289,0.40729761123657227,0.6528425812721252,0.4517337679862976,0.6710957884788513,0.4849863648414612,0.6409891843795776,0.49546346068382263,0.5537476539611816,0.4386574327945709,0.6935255527496338,0.4841821789741516,0.6999303102493286,0.5110847353935242,0.6628280282020569,0.5187577605247498,0.6070055961608887,0.4734143614768982,0.7124478816986084,0.5122014880180359,0.7192656397819519,0.5384237766265869,0.6906653642654419
0.6926849484443665,0.6461836695671082,0.6235159635543823,0.5801515579223633,0.5371939539909363,0.5528859496116638,0.4694824516773224,0.5626251697540283,0.42638692259788513,0.5950295925140381,0.46370548009872437,0.4839722514152527,0.3537934720516205,0.5065820813179016,0.287187397480011,0.5058525204658508,0.23098470270633698,0.5002498626708984,0.4765018820762634,0.5050458908081055,0.4067770838737488,0.6525427103042603,0.4516712725162506,0.6698057651519775,0.4855949878692627,0.6396877765655518,0.4970554709434509,0.552393913269043,0.4394887089729309,0.6939208507537842,0.48560115694999695,0.6993182897567749,0.5132137537002563,0.662112295627594,0.5205352306365967,0.6049138307571411,0.47483712434768677,0.7119382619857788,0.514032781124115,0.7180019617080688,0.5405001044273376,0.6890257596969604
0.6962510347366333,0.6467611789703369,0.6281615495681763,0.5781168341636658,0.5393425226211548,0.5510877370834351,0.469543993473053,0.5622971653938293,0.425006628036499,0.5973002314567566,0.46697932481765747,0.4816036820411682,0.35621702671051025,0.5064262747764587,0.28907009959220886,0.5071929693222046,0.23284153640270233,0.5022935271263123,0.47884678840637207,0.5045507550239563,0.4082476794719696,0.6520116329193115,0.4518428444862366,0.6695114374160767,0.4849761426448822,0.6393282413482666,0.49868813157081604,0.5535039305686951,0.44074758887290955,0.6947281360626221,0.48573067784309387,0.7001798748970032,0.5128721594810486,0.6631087064743042,0.5217665433883667,0.6080816388130188,0.47680097818374634,0.7147753238677979,0.5148960947990417,0.7211618423461914,0.5411149263381958,0.6931887269020081
0.6966317296028137,0.6473771333694458,0.6286974549293518,0.5805841684341431,0.5409972071647644,0.5544650554656982,0.47128599882125854,0.5666496753692627,0.4271259903907776,0.6020381450653076,0.4690301716327667,0.4825635254383087,0.3576899468898773,0.5058274269104004,0.29047659039497375,0.5064235329627991,0.23438388109207153,0.5014761686325073,0.4815097749233246,0.5050907731056213,0.41026657819747925,0.652241051197052,0.4535219073295593,0.6709890961647034,0.48694732785224915,0.6414923667907715,0.5014612674713135,0.5537160038948059,0.44314077496528625,0.6954836845397949,0.48805540800094604,0.7018053531646729,0.5156809091567993,0.6651047468185425,0.5241553783416748,0.6079308986663818,0.47928330302238464,0.7153360843658447,0.5174819827079773,0.7222188115119934,0.5437383055686951,0.6939641833305359
0.6976305246353149,0.6477440595626831,0.630344569683075,0.5791518092155457,0.5421535968780518,0.5522027015686035,0.4721818268299103,0.5629732012748718,0.42743542790412903,0.5954349637031555,0.4695580303668976,0.4822757840156555,0.3583539128303528,0.5058576464653015,0.29121434688568115,0.5063921213150024,0.23493461310863495,0.5016855001449585,0.48151618242263794,0.5051805377006531,0.41014859080314636,0.6527785658836365,0.45352283120155334,0.6711958646774292,0.487220823764801,0.6419955492019653,0.5014771223068237,0.5540657043457031,0.4429175853729248,0.6955544352531433,0.4881802797317505,0.7014786601066589,0.516096293926239,0.664864182472229,0.5245672464370728,0.6084425449371338,0.4793255627155304,0.7149011492729187,0.5178691744804382,0.7214020490646362,0.5443654656410217,0.6930966973304749
0.6989442110061646,0.6456042528152466,0.6369245052337646,0.5708905458450317,0.5535989999771118,0.5232013463973999,0.49175259470939636,0.4863417148590088,0.4536440074443817,0.450615257024765,0.473812073469162,0.4744604825973511,0.3624330461025238,0.49804508686065674,0.2938247621059418,0.5002254843711853,0.23618881404399872,0.4981921315193176,0.48616936802864075,0.49870723485946655,0.4120766222476959,0.6474776268005371,0.4547753930091858,0.6662541627883911,0.48741769790649414,0.6379880905151367,0.5060016512870789,0.5495107173919678,0.4443660378456116,0.6927030086517334,0.4891164302825928,0.697935163974762,0.517031192779541,0.6628685593605042,0.5290287733078003,0.607577919960022,0.47977542877197266,0.714484691619873,0.5175111293792725,0.7213444113731384,0.5441343784332275,0.6947200894355774
0.7007385492324829,0.6451161503791809,0.6355363130569458,0.5723902583122253,0.5494042634963989,0.5405665040016174,0.48159071803092957,0.5417463183403015,0.43776124715805054,0.563435435295105,0.47329798340797424,0.47116410732269287,0.36211609840393066,0.499180406332016,0.29342424869537354,0.5030703544616699,0.23639291524887085,0.5013659000396729,0.48594391345977783,0.49622949957847595,0.41214048862457275,0.6453941464424133,0.4551696479320526,0.6620960831642151,0.4881759583950043,0.6309051513671875,0.5056747198104858,0.5479016900062561,0.44353747367858887,0.6910029053688049,0.48794418573379517,0.6964696645736694,0.5157207250595093,0.6593485474586487,0.5284159183502197,0.6053591370582581,0.47959139943122864,0.7123955488204956,0.5170966982841492,0.7193618416786194,0.543840765953064,0.6919599175453186
0.6441435813903809,0.5563992857933044,0.61069655418396,0.5072124004364014,0.561776876449585,0.47561579942703247,0.5199152231216431,0.46840253472328186,0.4862039089202881,0.47192344069480896,0.5400899648666382,0.45759862661361694,0.48197141289711,0.44715380668640137,0.4540293216705322,0.463766485452652,0.43953537940979004,0.47900834679603577,0.5400280356407166,0.4919155538082123,0.48174533247947693,0.4843282997608185,0.4599066972732544,0.5052974820137024,0.4519701302051544,0.5219885110855103,0.5462356805801392,0.5382623672485352,0.4940653443336487,0.5382391214370728,0.4775223731994629,0.5554947853088379,0.4712061583995819,0.5655001401901245,0.5572817325592041,0.5897263288497925,0.5178787708282471,0.5994963645935059,0.5054540038108826,0.607602059841156,0.5002050399780273,0.6128493547439575
0.698999285697937,0.6291177272796631,0.6370145678520203,0.5397944450378418,0.5578835606575012,0.4700257182121277,0.5053149461746216,0.4054560363292694,0.4852370321750641,0.33460041880607605,0.4738292694091797,0.46939796209335327,0.3634529113769531,0.4874154329299927,0.2946089804172516,0.49249666929244995,0.23743247985839844,0.49438661336898804,0.4779624342918396,0.5091297626495361,0.4176146984100342,0.6366924047470093,0.45594990253448486,0.6537195444107056,0.48611682653427124,0.6274075508117676,0.4928964376449585,0.5729735493659973,0.4415932893753052,0.6879675388336182,0.4812310039997101,0.6913884282112122,0.5090732574462891,0.6604364514350891,0.511759340763092,0.6434270143508911,0.47003573179244995,0.72203528881073,0.5083012580871582,0.7248482704162598,0.5366916060447693,0.7031335830688477
0.699722409248352,0.6249232292175293,0.6400250196456909,0.5270929336547852,0.5590159893035889,0.4480883479118347,0.5084400177001953,0.3736174404621124,0.49964451789855957,0.2924884259700775,0.4754020869731903,0.46618613600730896,0.35986584424972534,0.4815090596675873,0.28938156366348267,0.4876408874988556,0.23166793584823608,0.4897281527519226,0.4751894176006317,0.5170624852180481,0.41825976967811584,0.6294746994972229,0.45899060368537903,0.6450756788253784,0.4925476610660553,0.6201478838920593,0.4889450967311859,0.5876455307006836,0.43961137533187866,0.682350754737854,0.4798605740070343,0.6866123080253601,0.5093380808830261,0.6584583520889282,0.5087788105010986,0.6609201431274414,0.4663504660129547,0.7190331220626831,0.5053884387016296,0.7212639451026917,0.5345603823661804,0.701171338558197
0.7036218643188477,0.6307762265205383,0.6463593244552612,0.5220327377319336,0.5695894956588745,0.4390931725502014,0.521237850189209,0.3569099009037018,0.5147916674613953,0.27316704392433167,0.4762114882469177,0.4651337265968323,0.3624688982963562,0.47679412364959717,0.29296958446502686,0.48248207569122314,0.23696517944335938,0.4837193489074707,0.4722895920276642,0.5261644721031189,0.419639527797699,0.619171679019928,0.46057090163230896,0.6336031556129456,0.4974357783794403,0.6110177636146545,0.4853590428829193,0.6036481857299805,0.4426088035106659,0.6774412989616394,0.48019924759864807,0.6831015944480896,0.5123693943023682,0.6602408289909363,0.5049120187759399,0.6794846057891846,0.46517834067344666,0.7193735837936401,0.5024105906486511,0.7218952178955078,0.5336382389068604,0.7068675756454468
0.703966498374939,0.6399058699607849,0.655399739742279,0.5212704539299011,0.5844654440879822,0.4446612298488617,0.5346881747245789,0.3756200969219208,0.5219894051551819,0.3144335448741913,0.47782063484191895,0.46481484174728394,0.3618885278701782,0.4729520380496979,0.29184383153915405,0.4787440299987793,0.23614200949668884,0.481295645236969,0.46854057908058167,0.5270633697509766,0.42109715938568115,0.6180210113525391,0.4619898498058319,0.6342195868492126,0.49906298518180847,0.6139403581619263,0.4793277978897095,0.6067034006118774,0.4429105520248413,0.6776324510574341,0.48053035140037537,0.6834174394607544,0.5142167806625366,0.6637127995491028,0.49834734201431274,0.6857259273529053,0.46499425172805786,0.7229060530662537,0.5023427605628967,0.7234231233596802,0.5347740650177002,0.7093380689620972
0.7037530541419983,0.6459842324256897,0.656909167766571,0.5193193554878235,0.5865887403488159,0.43937548995018005,0.5378462076187134,0.3652724623680115,0.5245497226715088,0.30141139030456543,0.4814445376396179,0.4650583267211914,0.36218440532684326,0.4731999933719635,0.29220837354660034,0.47895440459251404,0.2371213138103485,0.48165076971054077,0.46762803196907043,0.5333124995231628,0.4251527190208435,0.6146164536476135,0.46477624773979187,0.6316245198249817,0.5024060010910034,0.6156973838806152,0.4756815433502197,0.6164833903312683,0.4464876055717468,0.6770870685577393,0.4821372926235199,0.682715654373169,0.5160979628562927,0.6672523021697998,0.49186718463897705,0.6959170699119568,0.46549302339553833,0.7246202230453491,0.5023950934410095,0.7261402010917664,0.5350892543792725,0.7150681018829346
0.7038927674293518,0.6498661041259766,0.6611317992210388,0.5246254205703735,0.5900761485099792,0.4588528275489807,0.5230502486228943,0.4113415777683258,0.49010348320007324,0.3705102503299713,0.48107898235321045,0.4692245125770569,0.36139705777168274,0.47535961866378784,0.29061222076416016,0.48258474469184875,0.2349972426891327,0.4860193729400635,0.46557608246803284,0.5362371206283569,0.4210062026977539,0.6177873015403748,0.4599147439002991,0.6358866095542908,0.49803677201271057,0.6200600862503052,0.4735861122608185,0.6187302470207214,0.44661885499954224,0.6803812980651855,0.4817887544631958,0.6871553063392639,0.5152420997619629,0.6725305914878845,0.4904668629169464,0.699163556098938,0.46985965967178345,0.7302093505859375,0.5062075853347778,0.7314921021461487,0.5372955203056335,0.7203944325447083
0.7028159499168396,0.6529965400695801,0.6623629331588745,0.5219073295593262,0.5952863693237305,0.43604427576065063,0.5434798002243042,0.35000449419021606,0.5289673209190369,0.2676413357257843,0.48252907395362854,0.46611487865448,0.3597075343132019,0.47987738251686096,0.2874142527580261,0.4889240562915802,0.2311495542526245,0.49417316913604736,0.46463772654533386,0.5423949956893921,0.4239692986011505,0.6147562265396118,0.4643239378929138,0.628349244594574,0.5029109120368958,0.6123386025428772,0.4708857536315918,0.631685197353363,0.4477022886276245,0.6800999641418457,0.4808538258075714,0.6864539384841919,0.5147919058799744,0.673386812210083,0.4839320480823517,0.7148265242576599,0.4661518931388855,0.7337722182273865,0.5028344988822937,0.7352542877197266,0.5344356298446655,0.7248867750167847
0.7004212141036987,0.6628384590148926,0.6622821688652039,0.5299873352050781,0.5959967374801636,0.4530012905597687,0.5409532189369202,0.37438303232192993,0.5224729776382446,0.3026118874549866,0.48240479826927185,0.47739723324775696,0.35599982738494873,0.4877721071243286,0.281863808631897,0.49471500515937805,0.22415515780448914,0.49925822019577026,0.4645506739616394,0.5502124428749084,0.4193625748157501,0.6159886717796326,0.45690566301345825,0.6300089359283447,0.49528178572654724,0.616237998008728,0.47061479091644287,0.6382772326469421,0.44468292593955994,0.6790898442268372,0.47545647621154785,0.6867769360542297,0.5094987750053406,0.6787024140357971,0.48351794481277466,0.7204374074935913,0.4652033746242523,0.7337421178817749,0.4996265470981598,0.7353391051292419,0.5303923487663269,0.7293258905410767
0.7024028301239014,0.6706830263137817,0.6619746685028076,0.5383772253990173,0.5914293527603149,0.4698926508426666,0.5301322937011719,0.40350475907325745,0.5025389790534973,0.3466660976409912,0.4818146824836731,0.480285108089447,0.35378751158714294,0.49065160751342773,0.27950620651245117,0.49964964389801025,0.22157162427902222,0.5055313110351562,0.46285659074783325,0.5542586445808411,0.4095844030380249,0.6197632551193237,0.4491695761680603,0.6373287439346313,0.4907897710800171,0.6262028217315674,0.46704554557800293,0.644133985042572,0.440249502658844,0.6869611740112305,0.472425252199173,0.6948164701461792,0.5076029300689697,0.6871296763420105,0.478594034910202,0.7294296026229858,0.46245861053466797,0.744231104850769,0.49834656715393066,0.7472196221351624,0.5292373895645142,0.7421021461486816
0.7066986560821533,0.6779841184616089,0.66118985414505,0.5449759364128113,0.5787384510040283,0.49511614441871643,0.5014333724975586,0.4739919900894165,0.45313820242881775,0.4777924418449402,0.48381710052490234,0.48101094365119934,0.3541935086250305,0.4942009150981903,0.28022703528404236,0.5070663094520569,0.22416576743125916,0.5174350738525391,0.46432897448539734,0.5593298077583313,0.4047917425632477,0.6206914782524109,0.443249374628067,0.6383253931999207,0.4842798709869385,0.6295113563537598,0.46627530455589294,0.6498164534568787,0.4380165934562683,0.6866012215614319,0.4701716899871826,0.6914776563644409,0.5036454796791077,0.6837693452835083,0.47586435079574585,0.7343721985816956,0.46154534816741943,0.7405431866645813,0.49577876925468445,0.7446677684783936,0.5247945785522461,0.7417410016059875
0.7062475681304932,0.6895980834960938,0.6600410342216492,0.5542212724685669,0.5714931488037109,0.5060852766036987,0.4914235770702362,0.4959201216697693,0.446449875831604,0.5127594470977783,0.4794275164604187,0.4916926324367523,0.3516429662704468,0.507362961769104,0.27760183811187744,0.5193158984184265,0.22048991918563843,0.53071129322052,0.459991991519928,0.5682327747344971,0.4051339030265808,0.6333401203155518,0.443511426448822,0.6517952084541321,0.48198872804641724,0.6428910493850708,0.461444616317749,0.6571657657623291,0.43400949239730835,0.6922536492347717,0.4649721384048462,0.69711834192276,0.49658745527267456,0.6882423758506775,0.4699828624725342,0.7415465712547302,0.45440009236335754,0.7437304258346558,0.4883875846862793,0.7465250492095947,0.5166160464286804,0.7428212761878967
0.7017940878868103,0.7009770274162292,0.6670562028884888,0.5606070756912231,0.587073802947998,0.5038495063781738,0.5105215907096863,0.46580713987350464,0.4701325595378876,0.436596155166626,0.4784051179885864,0.501032292842865,0.34732186794281006,0.5121411681175232,0.27485501766204834,0.5249404907226562,0.2188904881477356,0.5371837019920349,0.4570907652378082,0.5786771774291992,0.4018467664718628,0.6316561698913574,0.4411641061306,0.6458086371421814,0.4795190989971161,0.6367266178131104,0.45921698212623596,0.6682334542274475,0.43089553713798523,0.6941285729408264,0.4621909260749817,0.6979753971099854,0.49423110485076904,0.6916777491569519,0.46667468547821045,0.7525460720062256,0.4530355632305145,0.7466799020767212,0.4871891736984253,0.7485513687133789,0.5156692862510681,0.745225191116333
0.7067158222198486,0.7082369327545166,0.6676963567733765,0.5688578486442566,0.5946447849273682,0.48333215713500977,0.5372646450996399,0.38483574986457825,0.520117461681366,0.2906557619571686,0.4816392660140991,0.5051247477531433,0.3439543545246124,0.5235900282859802,0.2707366347312927,0.5407601594924927,0.21605759859085083,0.5519197583198547,0.45965760946273804,0.590286135673523,0.40280887484550476,0.6367204189300537,0.4443345069885254,0.6471506357192993,0.48832178115844727,0.6382630467414856,0.4623471796512604,0.6870073676109314,0.4352515935897827,0.7057157754898071,0.46762576699256897,0.7098456025123596,0.5042110085487366,0.7054761052131653,0.46962669491767883,0.7733150720596313,0.45789316296577454,0.7630103826522827,0.4944150745868683,0.7643659114837646,0.5245476365089417,0.7611900568008423
0.7029489874839783,0.7127708792686462,0.6601276397705078,0.5729344487190247,0.5885232090950012,0.4846159815788269,0.533847987651825,0.382188618183136,0.5188838243484497,0.2923603057861328,0.4777512550354004,0.5195910930633545,0.3394843339920044,0.5375854969024658,0.2687627077102661,0.5563545823097229,0.22000649571418762,0.5714526772499084,0.4562770128250122,0.6102799773216248,0.4010239243507385,0.6522417068481445,0.44248166680336,0.6573846936225891,0.48638302087783813,0.6474940776824951,0.4596213400363922,0.7081953287124634,0.4282890856266022,0.7193728685379028,0.46090131998062134,0.7194143533706665,0.4980226457118988,0.7175174951553345,0.4689769148826599,0.7946270108222961,0.45631831884384155,0.78035569190979,0.49109727144241333,0.7777433395385742,0.521564781665802,0.7759712338447571
0.7018990516662598,0.7225913405418396,0.6623961925506592,0.5823125243186951,0.5892940163612366,0.48767757415771484,0.5357849597930908,0.38883721828460693,0.5202885866165161,0.2999323904514313,0.4705497622489929,0.5256893634796143,0.33379220962524414,0.5479641556739807,0.26192259788513184,0.5691816806793213,0.21206998825073242,0.5873885750770569,0.4544321298599243,0.6198077201843262,0.3790093958377838,0.6704890727996826,0.4215736985206604,0.6745789647102356,0.46796998381614685,0.6635937690734863,0.4593072235584259,0.7209481596946716,0.40636691451072693,0.7417857050895691,0.444135457277298,0.7392631769180298,0.48370739817619324,0.7349616885185242,0.4708290100097656,0.8116263747215271,0.44117656350135803,0.8029658794403076,0.47841495275497437,0.7964863777160645,0.5106416344642639,0.7923867702484131
0.6986994743347168,0.7225918769836426,0.6573278903961182,0.583806037902832,0.5852324366569519,0.4921235740184784,0.5302146673202515,0.3925911784172058,0.5161886215209961,0.30480244755744934,0.4713361859321594,0.5260859727859497,0.3304210305213928,0.5523779988288879,0.259183406829834,0.5796343684196472,0.21099281311035156,0.6003415584564209,0.4540817439556122,0.6211292147636414,0.3765748143196106,0.6744400858879089,0.4164296090602875,0.6827205419540405,0.46280574798583984,0.6721796989440918,0.4576505422592163,0.7250632047653198,0.4046972692012787,0.749853253364563,0.43876203894615173,0.7523080706596375,0.47893908619880676,0.7503888607025146,0.4669528603553772,0.8210603594779968,0.436311274766922,0.8207786679267883,0.47161123156547546,0.8184841275215149,0.5034098029136658,0.8155255913734436
0.6939489841461182,0.733430802822113,0.659438967704773,0.59059739112854,0.5928449630737305,0.49743255972862244,0.5356138348579407,0.39794251322746277,0.5144249796867371,0.3089306056499481,0.4662281274795532,0.5390035510063171,0.328222393989563,0.5581513047218323,0.2563827931880951,0.5842546224594116,0.20845672488212585,0.607020914554596,0.4452573359012604,0.6360483169555664,0.3779551088809967,0.6696752905845642,0.41442379355430603,0.674878716468811,0.4595393240451813,0.6710458993911743,0.45034292340278625,0.7383383512496948,0.40480315685272217,0.7421491146087646,0.43692547082901,0.7405616044998169,0.47745320200920105,0.7416979074478149,0.4616698920726776,0.8285126686096191,0.4319223463535309,0.8111669421195984,0.4638995826244354,0.8046896457672119,0.4966139793395996,0.8030278086662292
0.696123480796814,0.7319166660308838,0.6609712839126587,0.5902938842773438,0.5948926210403442,0.49658194184303284,0.5389975309371948,0.402110755443573,0.5181402564048767,0.31814074516296387,0.46678969264030457,0.5409458875656128,0.33046042919158936,0.5600627064704895,0.2572977840900421,0.5821927189826965,0.20538130402565002,0.5995189547538757,0.44561097025871277,0.6382625699043274,0.376298189163208,0.6723765134811401,0.4065258800983429,0.6773163080215454,0.448040246963501,0.6743590235710144,0.45017752051353455,0.7375208735466003,0.40535277128219604,0.7386007308959961,0.436439573764801,0.7338230609893799,0.4759698510169983,0.7338036298751831,0.46098214387893677,0.8239625692367554,0.43638211488723755,0.8021538853645325,0.46775421500205994,0.7941950559616089,0.5003645420074463,0.7917646169662476
0.69823157787323,0.7392873167991638,0.6619933843612671,0.594045102596283,0.5941776633262634,0.5002594590187073,0.5397953391075134,0.4006674885749817,0.5204934477806091,0.31452861428260803,0.46796876192092896,0.5430240631103516,0.33005988597869873,0.5608892440795898,0.2568824291229248,0.5801575183868408,0.20454904437065125,0.5935763716697693,0.44691574573516846,0.6439961791038513,0.3718528151512146,0.6846190690994263,0.4012843072414398,0.6932152509689331,0.4433187246322632,0.6888660192489624,0.4520426094532013,0.7425328493118286,0.40658438205718994,0.7466251254081726,0.43769019842147827,0.7419837713241577,0.4765182137489319,0.7399521470069885,0.46373945474624634,0.8266890645027161,0.44263702630996704,0.803269624710083,0.47644108533859253,0.7967300415039062,0.5093149542808533,0.7934498190879822
0.7014016509056091,0.7422677278518677,0.6644790172576904,0.5986177325248718,0.5973686575889587,0.5067510008811951,0.5459495782852173,0.4054619073867798,0.5281219482421875,0.31717902421951294,0.4720615744590759,0.543694019317627,0.3319953382015228,0.5576155185699463,0.2590523660182953,0.574215829372406,0.2065809965133667,0.5865452289581299,0.4498855471611023,0.6430464386940002,0.3731754422187805,0.6772241592407227,0.4035034775733948,0.68387770652771,0.44590887427330017,0.680411696434021,0.45379021763801575,0.7418183088302612,0.40622276067733765,0.7429124116897583,0.4378078579902649,0.7380654811859131,0.4776720404624939,0.7376916408538818,0.46451884508132935,0.8263428211212158,0.44048720598220825,0.8030706644058228,0.4739914834499359,0.7965543270111084,0.5075047016143799,0.7947140336036682
0.7056256532669067,0.7475316524505615,0.6696733832359314,0.6040069460868835,0.6026444435119629,0.5119551420211792,0.5531243681907654,0.4064744710922241,0.5398151278495789,0.3133608102798462,0.4814254343509674,0.5385590195655823,0.33521533012390137,0.5505337119102478,0.25806939601898193,0.5667752623558044,0.20381268858909607,0.5805160403251648,0.45597827434539795,0.6388638615608215,0.3921547830104828,0.6622148752212524,0.43471163511276245,0.6648998260498047,0.4833337664604187,0.6589637994766235,0.45722416043281555,0.7423352003097534,0.4130350947380066,0.7366032600402832,0.4477006793022156,0.7357200384140015,0.489864706993103,0.7400757670402527,0.46330058574676514,0.833148181438446,0.4382731318473816,0.8038031458854675,0.4746758043766022,0.8007753491401672,0.508930504322052,0.8038539886474609
0.7047277092933655,0.7486463785171509,0.6666319370269775,0.6042243242263794,0.5987676978111267,0.5104424357414246,0.5477434992790222,0.40476590394973755,0.5366595387458801,0.3093355894088745,0.4815288186073303,0.5407596826553345,0.33527493476867676,0.5486063957214355,0.258645236492157,0.562839150428772,0.20513224601745605,0.5742857456207275,0.4552634358406067,0.6423676013946533,0.3934285044670105,0.6550558805465698,0.43695229291915894,0.6569262742996216,0.48547476530075073,0.6523897051811218,0.45675182342529297,0.7451510429382324,0.4160691499710083,0.7312490344047546,0.4516002833843231,0.7304896712303162,0.4938948154449463,0.7362814545631409,0.46287068724632263,0.8348032832145691,0.4395999610424042,0.799411416053772,0.47719860076904297,0.7965425252914429,0.5124031901359558,0.8012018799781799
0.706680417060852,0.7513953447341919,0.6737484335899353,0.6066712737083435,0.6061925888061523,0.5138717889785767,0.5508713722229004,0.4104340076446533,0.5421646237373352,0.31315165758132935,0.484547883272171,0.5382043123245239,0.34158095717430115,0.5435143709182739,0.26408588886260986,0.5572757124900818,0.20899739861488342,0.5674063563346863,0.4550595283508301,0.6362257599830627,0.4064520597457886,0.6531569957733154,0.4500330984592438,0.6587991714477539,0.496857613325119,0.6557059288024902,0.45582374930381775,0.738701581954956,0.4294288754463196,0.7272186279296875,0.46410447359085083,0.7307837605476379,0.5047607421875,0.7367587685585022,0.46269869804382324,0.8305696249008179,0.4505573511123657,0.7979269623756409,0.48601409792900085,0.7988294959068298,0.5180301070213318,0.8034119606018066
0.7091196179389954,0.7549439668655396,0.6763184666633606,0.6117194294929504,0.607037365436554,0.5138867497444153,0.552939236164093,0.4066561162471771,0.5424261093139648,0.3110968768596649,0.4933590292930603,0.537948489189148,0.34697914123535156,0.5414347648620605,0.26720213890075684,0.5514293909072876,0.20891311764717102,0.5594350695610046,0.4654701054096222,0.6375261545181274,0.405524879693985,0.6503081917762756,0.44736605882644653,0.6557556390762329,0.49527159333229065,0.6535786986351013,0.46402665972709656,0.7403655648231506,0.4243696331977844,0.726874589920044,0.4579538404941559,0.7308530807495117,0.499314546585083,0.7383981347084045,0.4677726924419403,0.8321177959442139,0.4442366063594818,0.7987228631973267,0.47940707206726074,0.8012866377830505,0.5123928785324097,0.8075366020202637
0.7105063796043396,0.7576519250869751,0.6788178086280823,0.6175137162208557,0.6081250905990601,0.5211517810821533,0.560464084148407,0.40903544425964355,0.5557218194007874,0.31430932879447937,0.5065768361091614,0.5323540568351746,0.35483455657958984,0.5347092747688293,0.2730816900730133,0.5416218638420105,0.21010693907737732,0.5472015738487244,0.479752779006958,0.62701016664505,0.41110408306121826,0.6323921084403992,0.4537939727306366,0.6408417820930481,0.5016998052597046,0.6432377696037292,0.474356085062027,0.7270054817199707,0.42915499210357666,0.7067772746086121,0.4636695683002472,0.714997410774231,0.5053619742393494,0.7273749113082886,0.4724310040473938,0.8173885345458984,0.44618040323257446,0.77823406457901,0.4813838303089142,0.7844777703285217,0.5143707990646362,0.7948545217514038
0.7038204073905945,0.7629225254058838,0.6761438250541687,0.6160032749176025,0.6073637008666992,0.5170378684997559,0.5631211400032043,0.4019158184528351,0.5546740293502808,0.31240710616111755,0.5068520307540894,0.5345370769500732,0.3509085178375244,0.5330857634544373,0.2688829302787781,0.5367292165756226,0.2074977457523346,0.5407503843307495,0.4775465726852417,0.6301571130752563,0.4023841619491577,0.6193251013755798,0.4441852271556854,0.6252473592758179,0.4927597939968109,0.6319633722305298,0.47007566690444946,0.7273846864700317,0.4242445230484009,0.6995735764503479,0.4584592580795288,0.7061485648155212,0.49936607480049133,0.7200344800949097,0.4661075472831726,0.812248945236206,0.4437088668346405,0.7684962153434753,0.47971364855766296,0.7756407856941223,0.5127846002578735,0.786836564540863
0.7002400159835815,0.7608346343040466,0.6708842515945435,0.6127766966819763,0.5973933339118958,0.5146627426147461,0.5494115352630615,0.4007229208946228,0.5416901707649231,0.3130830228328705,0.5028181076049805,0.5379218459129333,0.34853577613830566,0.5310541391372681,0.26614320278167725,0.5322282314300537,0.20457270741462708,0.5358284115791321,0.476152241230011,0.6296330094337463,0.3989527225494385,0.6197043061256409,0.4402933418750763,0.6253879070281982,0.4874575734138489,0.6305489540100098,0.4695484936237335,0.7255856394767761,0.41811710596084595,0.6977601051330566,0.45182666182518005,0.7028548717498779,0.4939315617084503,0.7169102430343628,0.46766209602355957,0.8094648122787476,0.4398626387119293,0.7659564018249512,0.47499528527259827,0.7707675695419312,0.5092610716819763,0.7820116281509399
0.7030347585678101,0.7685156464576721,0.6795477271080017,0.6204856038093567,0.6079155802726746,0.5309298634529114,0.5532426834106445,0.43885111808776855,0.527454137802124,0.3751896023750305,0.504707932472229,0.5354786515235901,0.35072386264801025,0.5285545587539673,0.2676098346710205,0.5293919444084167,0.2037772238254547,0.5328834652900696,0.4760543406009674,0.6243168711662292,0.39854058623313904,0.6205905079841614,0.440646767616272,0.6271246075630188,0.48821958899497986,0.6322296857833862,0.467136025428772,0.7197558283805847,0.4150727391242981,0.6981219053268433,0.44966164231300354,0.7033916115760803,0.4908699691295624,0.7166323661804199,0.46305957436561584,0.8058186769485474,0.433958500623703,0.7653040885925293,0.46993759274482727,0.7704580426216125,0.5046469569206238,0.7813803553581238
0.6996035575866699,0.7647748589515686,0.6730207800865173,0.6199415326118469,0.6061004996299744,0.5192835927009583,0.5607402324676514,0.4084019660949707,0.5532283186912537,0.31831562519073486,0.5024158358573914,0.5291872620582581,0.3489026427268982,0.5196037292480469,0.2668655812740326,0.5205572247505188,0.20444604754447937,0.5200152397155762,0.4700681269168854,0.6230985522270203,0.3991090655326843,0.6174019575119019,0.44064053893089294,0.625529408454895,0.48994824290275574,0.6321516633033752,0.4623767137527466,0.7212964296340942,0.41816842555999756,0.6953873634338379,0.4535495638847351,0.7042705416679382,0.4954071044921875,0.7198501825332642,0.4595125913619995,0.808563232421875,0.43799686431884766,0.7671257257461548,0.47541698813438416,0.7757583856582642,0.5099511742591858,0.7891984581947327
0.7004262208938599,0.7634298801422119,0.6780350804328918,0.6215469837188721,0.6104670763015747,0.5201809406280518,0.5650244355201721,0.41492754220962524,0.5512730479240417,0.3351473808288574,0.5052241086959839,0.5255124568939209,0.35256636142730713,0.5172477960586548,0.26936787366867065,0.5167675018310547,0.2053566575050354,0.5166850090026855,0.4754934012889862,0.6140556931495667,0.3912471830844879,0.6222385168075562,0.43237069249153137,0.6355000138282776,0.48121407628059387,0.6418126821517944,0.4653783440589905,0.7118359804153442,0.40921854972839355,0.7023776173591614,0.44372719526290894,0.7119953632354736,0.48523756861686707,0.7242682576179504,0.45966267585754395,0.8002534508705139,0.42511826753616333,0.7705025672912598,0.46175193786621094,0.7796940803527832,0.4973903298377991,0.7911710739135742
0.7001336812973022,0.7499929666519165,0.6653367280960083,0.6102723479270935,0.5842680931091309,0.5388474464416504,0.5094367265701294,0.4863412380218506,0.46482405066490173,0.4679582417011261,0.5054752826690674,0.5170716047286987,0.3500705063343048,0.5096943974494934,0.26752305030822754,0.5118902921676636,0.20367762446403503,0.514494776725769,0.47707417607307434,0.6001055836677551,0.3962436616420746,0.6162793040275574,0.4386013448238373,0.6343538761138916,0.4864978492259979,0.6404999494552612,0.46709465980529785,0.6954647898674011,0.4249088764190674,0.6989220976829529,0.4599078297615051,0.7098257541656494,0.49839645624160767,0.7185108065605164,0.4613037705421448,0.7856718897819519,0.44142070412635803,0.7634797096252441,0.4777790307998657,0.7754291296005249,0.5102163553237915,0.7851030826568604
0.6918627619743347,0.744432270526886,0.6573833227157593,0.6066500544548035,0.5885083675384521,0.5091943144798279,0.5458319187164307,0.40772029757499695,0.5369117259979248,0.3258861303329468,0.49885183572769165,0.516124427318573,0.34994158148765564,0.5048134922981262,0.26930809020996094,0.5070341229438782,0.20616468787193298,0.5117655396461487,0.4750618040561676,0.6042162179946899,0.39641278982162476,0.6254420876502991,0.43879979848861694,0.6379789113998413,0.4868590831756592,0.6391273736953735,0.4688044488430023,0.7004557251930237,0.4201297461986542,0.6979356408119202,0.45600777864456177,0.7045763731002808,0.49810484051704407,0.7129387855529785,0.4660610556602478,0.7893978953361511,0.44438982009887695,0.7703573703765869,0.480960875749588,0.7774842977523804,0.5140900015830994,0.7831764817237854
0.6931058168411255,0.7418692111968994,0.6637493371963501,0.6059597730636597,0.6007378101348877,0.5090932846069336,0.5655584931373596,0.4011456370353699,0.5683029890060425,0.31121551990509033,0.5076932907104492,0.5072485208511353,0.35684734582901,0.49964916706085205,0.275052547454834,0.5053518414497375,0.2109590768814087,0.5084439516067505,0.47703415155410767,0.5926506519317627,0.4062332808971405,0.6095549464225769,0.4506102204322815,0.6234802007675171,0.4997745454311371,0.6282645463943481,0.4681898057460785,0.6883052587509155,0.43742087483406067,0.6894571185112,0.47370049357414246,0.6981649398803711,0.5137300491333008,0.7067434191703796,0.46249186992645264,0.7757849097251892,0.45469367504119873,0.7524526119232178,0.4932500720024109,0.763175368309021,0.5260518789291382,0.771956741809845
0.699151337146759,0.7425767183303833,0.6660259962081909,0.5996471047401428,0.6027284264564514,0.5016969442367554,0.5712530016899109,0.38458389043807983,0.5824323892593384,0.28989100456237793,0.5108758211135864,0.5083460211753845,0.35783255100250244,0.5010049343109131,0.27420246601104736,0.5050297975540161,0.20916211605072021,0.5073671340942383,0.48234954476356506,0.5985503792762756,0.40606674551963806,0.5982046127319336,0.44793468713760376,0.6085154414176941,0.49860477447509766,0.6144067645072937,0.47506269812583923,0.6941471695899963,0.4342260956764221,0.672927737236023,0.4690491557121277,0.6820573210716248,0.5107731223106384,0.6956093311309814,0.4716561436653137,0.7777102589607239,0.45456579327583313,0.73426753282547,0.49261772632598877,0.7465192675590515,0.5264517664909363,0.7585691213607788
0.7035827040672302,0.7538955807685852,0.6754242181777954,0.6066505312919617,0.6180400848388672,0.5085070133209229,0.5882086157798767,0.39305558800697327,0.5946123003959656,0.3053167462348938,0.5152735710144043,0.5157321691513062,0.3663053512573242,0.4993383586406708,0.2834642827510834,0.4976253807544708,0.21774595975875854,0.4985658824443817,0.4856468439102173,0.6075001358985901,0.4091557264328003,0.5913359522819519,0.44954854249954224,0.5969575643539429,0.4985373020172119,0.6043160557746887,0.4796515703201294,0.7027917504310608,0.43582212924957275,0.6654589176177979,0.46938788890838623,0.6733757257461548,0.5098608136177063,0.6910978555679321,0.4777001738548279,0.7850513458251953,0.457133024930954,0.7305325269699097,0.4938277006149292,0.7405301928520203,0.5278452634811401,0.7549782395362854
0.7033082246780396,0.7632009387016296,0.6821706295013428,0.623619556427002,0.6322953701019287,0.5178533792495728,0.6079105138778687,0.40073856711387634,0.6166768074035645,0.31234902143478394,0.5266009569168091,0.5201941728591919,0.37508437037467957,0.4943632185459137,0.2891038656234741,0.48834681510925293,0.22233885526657104,0.48664554953575134,0.493743360042572,0.6088752150535583,0.4191493093967438,0.5898424983024597,0.4591561257839203,0.6009565591812134,0.5074412822723389,0.6122735738754272,0.48330485820770264,0.7013120651245117,0.44086289405822754,0.6648299694061279,0.4744340479373932,0.6772680878639221,0.5152249932289124,0.6959483623504639,0.4771018326282501,0.7811211347579956,0.45718055963516235,0.7313826680183411,0.4919031858444214,0.7438913583755493,0.5249204635620117,0.7586894631385803
0.6981511116027832,0.7825982570648193,0.6816726922988892,0.6438626646995544,0.6330042481422424,0.5322357416152954,0.6118192672729492,0.4099401831626892,0.633095383644104,0.31286701560020447,0.5312807559967041,0.5332642197608948,0.3798527717590332,0.5091553330421448,0.29120200872421265,0.510611355304718,0.22316232323646545,0.5207916498184204,0.4971345067024231,0.6224973201751709,0.4144737720489502,0.5956583023071289,0.45273780822753906,0.6008546352386475,0.5011501312255859,0.611117959022522,0.4841744303703308,0.7166162729263306,0.4318021237850189,0.6775391101837158,0.4632212519645691,0.6873775124549866,0.5050370097160339,0.7067855000495911,0.47656041383743286,0.800075888633728,0.44878870248794556,0.7507341504096985,0.4849056601524353,0.7604944705963135,0.5214495658874512,0.7763957977294922
0.6914924383163452,0.7898609042167664,0.6720465421676636,0.6507470607757568,0.6124765276908875,0.5373080372810364,0.5840696692466736,0.42223086953163147,0.6147320866584778,0.3319247364997864,0.5117878317832947,0.5695958137512207,0.3634890615940094,0.5492704510688782,0.2765978276729584,0.5515027642250061,0.2121920883655548,0.5620507001876831,0.4820716977119446,0.6623318791389465,0.3985719084739685,0.6318365931510925,0.43722838163375854,0.6217350959777832,0.4832537770271301,0.6266463398933411,0.4699244499206543,0.7530156373977661,0.405902236700058,0.7077018618583679,0.4379454255104065,0.7001206278800964,0.47972798347473145,0.712769091129303,0.4628905653953552,0.8280460834503174,0.41567564010620117,0.7742056250572205,0.44894707202911377,0.768589973449707,0.48609253764152527,0.7819939851760864
0.7012039422988892,0.7972475290298462,0.6772386431694031,0.6664866805076599,0.6116318106651306,0.5622344017028809,0.572083592414856,0.45674753189086914,0.5998122692108154,0.3685149550437927,0.4991481304168701,0.5933046340942383,0.36134767532348633,0.5879007577896118,0.2798013687133789,0.6042723655700684,0.22087180614471436,0.6250881552696228,0.47299107909202576,0.6873489022254944,0.3934994041919708,0.6659343838691711,0.4311152696609497,0.6556058526039124,0.47684192657470703,0.6587947607040405,0.4660421311855316,0.7780709862709045,0.4033328890800476,0.7395349144935608,0.4359550178050995,0.7349840402603149,0.4766417443752289,0.7465802431106567,0.4653640389442444,0.8565069437026978,0.4208754599094391,0.8143244981765747,0.45405474305152893,0.8088358044624329,0.49108225107192993,0.8163621425628662
0.673444926738739,0.8309500217437744,0.6561068296432495,0.6921618580818176,0.5956730842590332,0.5732815861701965,0.5640888810157776,0.46393901109695435,0.5893785953521729,0.38235557079315186,0.48584529757499695,0.6117144823074341,0.33640727400779724,0.6113752126693726,0.2454078197479248,0.6315546035766602,0.17795804142951965,0.6555531620979309,0.46185949444770813,0.7081895470619202,0.3745154142379761,0.6952295899391174,0.41293373703956604,0.6871089935302734,0.4606420397758484,0.6867493987083435,0.4548483192920685,0.79841148853302,0.3898272216320038,0.7677278518676758,0.42373421788215637,0.766474187374115,0.4665772020816803,0.7753801941871643,0.453343003988266,0.8782390356063843,0.40944424271583557,0.8399350643157959,0.4445006251335144,0.8400835990905762,0.482479989528656,0.8463371396064758
0.6819415092468262,0.8318498730659485,0.661339521408081,0.6937912702560425,0.5925363302230835,0.5788986086845398,0.5546421408653259,0.4680318534374237,0.5819394588470459,0.38405245542526245,0.48483332991600037,0.6135745048522949,0.3352108597755432,0.6156226992607117,0.24478468298912048,0.6352456212043762,0.1765058934688568,0.6584888696670532,0.461972177028656,0.704405665397644,0.36996498703956604,0.6840899586677551,0.409506618976593,0.675500214099884,0.4578251242637634,0.677121639251709,0.4554479122161865,0.7906390428543091,0.39034608006477356,0.7536289095878601,0.424074649810791,0.752602219581604,0.46700572967529297,0.7637065649032593,0.4530623257160187,0.8668627142906189,0.4123203754425049,0.8219253420829773,0.4483770728111267,0.8236207365989685,0.48800528049468994,0.8322772979736328
0.6783233284950256,0.8467676043510437,0.6561269164085388,0.7047116756439209,0.5887851715087891,0.5834236145019531,0.5552943348884583,0.4656376838684082,0.5856671333312988,0.38176047801971436,0.4873964488506317,0.6179814338684082,0.33327344059944153,0.6153619289398193,0.24306893348693848,0.6346162557601929,0.17386898398399353,0.6580634713172913,0.46321114897727966,0.7106454372406006,0.36938703060150146,0.6786970496177673,0.4094519317150116,0.6670873761177063,0.4567190110683441,0.6695242524147034,0.455308735370636,0.7980778813362122,0.38814717531204224,0.7487103939056396,0.42261266708374023,0.7463642954826355,0.46600356698036194,0.7599263787269592,0.4511018395423889,0.8737399578094482,0.4093478322029114,0.8174871206283569,0.4458657503128052,0.8179061412811279,0.4852963387966156,0.8295760750770569
0.7056961059570312,0.8036909699440002,0.677263617515564,0.662874698638916,0.6077160835266113,0.562881588935852,0.5640843510627747,0.4512168765068054,0.5835589170455933,0.35971200466156006,0.5026128888130188,0.5905455350875854,0.3425222337245941,0.6025540828704834,0.24874527752399445,0.6259379982948303,0.18012014031410217,0.6520782709121704,0.4795497953891754,0.6842288374900818,0.3808131814002991,0.6808739304542542,0.4184199273586273,0.6770718097686768,0.46759387850761414,0.675277054309845,0.4755755364894867,0.7767061591148376,0.40292954444885254,0.7499693632125854,0.43573448061943054,0.7527695894241333,0.4796983003616333,0.761253297328949,0.4753700792789459,0.8567700386047363,0.42502784729003906,0.8193655610084534,0.4629437327384949,0.8259050846099854,0.5030320286750793,0.8312904834747314
0.701300323009491,0.8124698996543884,0.6743596792221069,0.6685604453086853,0.6049277186393738,0.5630075335502625,0.566405177116394,0.4497479796409607,0.5920515060424805,0.3604572117328644,0.49700891971588135,0.601996898651123,0.34049415588378906,0.6047486066818237,0.24992895126342773,0.6263729929924011,0.1816079020500183,0.6534056067466736,0.47503185272216797,0.6969000101089478,0.3774028718471527,0.6702739000320435,0.4161289930343628,0.65450119972229,0.46231359243392944,0.6536980271339417,0.4711824059486389,0.7840981483459473,0.3991800546646118,0.7388610243797302,0.4326854646205902,0.7307463884353638,0.47708243131637573,0.7416748404502869,0.47064679861068726,0.8584120869636536,0.42472052574157715,0.8067036867141724,0.45986127853393555,0.8005861043930054,0.49927759170532227,0.8073951005935669
0.710747480392456,0.8056268692016602,0.6805616617202759,0.6618713140487671,0.6097955107688904,0.5613874793052673,0.5677862167358398,0.44227150082588196,0.5892740488052368,0.33916449546813965,0.5027433037757874,0.5824945569038391,0.34448152780532837,0.5917009115219116,0.25402891635894775,0.6170213222503662,0.18562152981758118,0.6435308456420898,0.48097318410873413,0.6755985021591187,0.3818570673465729,0.6714014410972595,0.4228002429008484,0.6655530333518982,0.47361889481544495,0.6630966067314148,0.4790254831314087,0.7674917578697205,0.4069950580596924,0.7402934432029724,0.441214382648468,0.7394623756408691,0.48633673787117004,0.7484158873558044,0.4806870222091675,0.8483198881149292,0.4365435838699341,0.8071458339691162,0.47349977493286133,0.8065786361694336,0.5127704739570618,0.8102547526359558
0.7188189029693604,0.795030951499939,0.6796018481254578,0.6527182459831238,0.6090574264526367,0.5516603589057922,0.569770336151123,0.43091607093811035,0.5868052244186401,0.32844382524490356,0.5103967189788818,0.5761321783065796,0.35134121775627136,0.5888546705245972,0.2612797021865845,0.6126956939697266,0.19162842631340027,0.6392091512680054,0.4894358217716217,0.6715277433395386,0.3831823468208313,0.6629005670547485,0.4234578609466553,0.6560363173484802,0.4758436381816864,0.6548417210578918,0.48570823669433594,0.765537440776825,0.40764591097831726,0.7327027916908264,0.44055265188217163,0.7326511144638062,0.4868510365486145,0.7431129217147827,0.48545727133750916,0.8463747501373291,0.43571510910987854,0.8008696436882019,0.47296857833862305,0.8014491200447083,0.5133703351020813,0.8087103962898254
0.714749276638031,0.7823292016983032,0.6718664765357971,0.6394621133804321,0.6038246154785156,0.5457594990730286,0.564608633518219,0.42942535877227783,0.5717455148696899,0.33446642756462097,0.5053417682647705,0.5707587003707886,0.3432203233242035,0.5866860747337341,0.25273755192756653,0.6114504337310791,0.1834946572780609,0.6392276287078857,0.4884346127510071,0.6694040894508362,0.38580483198165894,0.6670206189155579,0.42737817764282227,0.6587830781936646,0.47910740971565247,0.6533093452453613,0.48882973194122314,0.7652467489242554,0.4129562973976135,0.7380990386009216,0.4460485577583313,0.7351619601249695,0.49249958992004395,0.7416867017745972,0.4913652539253235,0.8457775115966797,0.44234269857406616,0.8045839071273804,0.4808531105518341,0.8038427829742432,0.5215542912483215,0.8093899488449097
0.7146783471107483,0.782031238079071,0.6794304251670837,0.6375632882118225,0.6113126277923584,0.5411919355392456,0.564122200012207,0.4252578616142273,0.568400502204895,0.32742995023727417,0.5068951845169067,0.5643670558929443,0.3433913588523865,0.5781229138374329,0.2522599995136261,0.6039577722549438,0.18329015374183655,0.6328427791595459,0.4880221486091614,0.6598540544509888,0.38433241844177246,0.6655210256576538,0.4248620271682739,0.6604346632957458,0.4745138883590698,0.6540815234184265,0.4884994626045227,0.7555018067359924,0.41132766008377075,0.7378152012825012,0.4428006112575531,0.7347642779350281,0.488391637802124,0.7390298843383789,0.4920779764652252,0.8393875956535339,0.4418650269508362,0.8035130500793457,0.47819843888282776,0.8007100224494934,0.5179226398468018,0.8023999929428101
0.7143794894218445,0.7682173848152161,0.6736621856689453,0.6213999390602112,0.5986921787261963,0.516620934009552,0.550541877746582,0.39800500869750977,0.5573548078536987,0.2996881604194641,0.5057997107505798,0.5530247688293457,0.34956395626068115,0.5678662061691284,0.2629323899745941,0.5883455276489258,0.19667121767997742,0.6091572642326355,0.48683151602745056,0.650976300239563,0.3890877366065979,0.6510169506072998,0.42891037464141846,0.6451542973518372,0.47757741808891296,0.6400586366653442,0.48696115612983704,0.7478234171867371,0.41558748483657837,0.721328616142273,0.44630029797554016,0.7200024724006653,0.4896880090236664,0.7275125980377197,0.4905882179737091,0.832566499710083,0.4430645704269409,0.7884358763694763,0.47796326875686646,0.7874650955200195,0.5152079463005066,0.7928184270858765
0.6920051574707031,0.6712517142295837,0.6505376100540161,0.5389137268066406,0.5696650147438049,0.47213834524154663,0.4888865351676941,0.45070308446884155,0.44078004360198975,0.46547067165374756,0.49527913331985474,0.4306577444076538,0.3453481197357178,0.4300611615180969,0.25943565368652344,0.4315531253814697,0.18958896398544312,0.4406345784664154,0.48149651288986206,0.5137053728103638,0.38103288412094116,0.5590724349021912,0.4242861866950989,0.5773133039474487,0.46687963604927063,0.5702119469642639,0.4790128767490387,0.6096204519271851,0.4001416862010956,0.6352779269218445,0.4378388524055481,0.6484026312828064,0.47908228635787964,0.6444985866546631,0.48017698526382446,0.702641487121582,0.42276281118392944,0.6956661939620972,0.4606527090072632,0.7030051946640015,0.4972817003726959,0.7046828269958496
0.685219407081604,0.6641858816146851,0.6410475969314575,0.5288060307502747,0.556893527507782,0.44781801104545593,0.4780977964401245,0.4080493748188019,0.4276314377784729,0.39455699920654297,0.4900793135166168,0.4349249005317688,0.34269577264785767,0.4286169409751892,0.25634607672691345,0.4305359721183777,0.18578335642814636,0.43998080492019653,0.47881877422332764,0.5169143080711365,0.3749769330024719,0.5605760812759399,0.41515856981277466,0.5788360834121704,0.4599149227142334,0.5713502168655396,0.4774504601955414,0.6108108162879944,0.39692097902297974,0.6347160935401917,0.4314068555831909,0.6437948346138,0.4714125096797943,0.6374964714050293,0.47967618703842163,0.7007472515106201,0.415086954832077,0.6934924125671387,0.44828787446022034,0.7004008889198303,0.48410147428512573,0.7015848159790039
0.6883342266082764,0.6673764586448669,0.6421764492988586,0.5304332971572876,0.5535816550254822,0.45087042450904846,0.47549253702163696,0.4151058793067932,0.42725974321365356,0.40435534715652466,0.49184536933898926,0.4331139922142029,0.34479060769081116,0.4271949231624603,0.25773802399635315,0.4315178692340851,0.187320739030838,0.442673921585083,0.47976154088974,0.5167397856712341,0.3770941197872162,0.5606785416603088,0.41861340403556824,0.5809345245361328,0.4642285406589508,0.5731980204582214,0.477417528629303,0.6122056245803833,0.3975744843482971,0.6377849578857422,0.4335038959980011,0.6484236717224121,0.47328224778175354,0.641728937625885,0.47994479537010193,0.7041667103767395,0.4200901687145233,0.6988129615783691,0.4538194537162781,0.7043840289115906,0.48892080783843994,0.7035256624221802
0.694309413433075,0.6512868404388428,0.6537812352180481,0.5109152793884277,0.578964114189148,0.42041879892349243,0.5257793068885803,0.3275308907032013,0.5109999179840088,0.24160808324813843,0.4874235689640045,0.4165646433830261,0.34452149271965027,0.41672903299331665,0.2619319260120392,0.4183449149131775,0.19458195567131042,0.4252581000328064,0.4746277332305908,0.4914209246635437,0.3817078471183777,0.5490756630897522,0.4234570264816284,0.5665026307106018,0.4691038131713867,0.5544489622116089,0.47519269585609436,0.5860930681228638,0.4029146432876587,0.6188222765922546,0.43759921193122864,0.6318527460098267,0.47751837968826294,0.6261883974075317,0.4797716438770294,0.6775957942008972,0.42240816354751587,0.6794313788414001,0.45715340971946716,0.6902762055397034,0.4922596216201782,0.6930401921272278
0.701332151889801,0.6402873396873474,0.6563894152641296,0.5019651651382446,0.5725080966949463,0.4408611059188843,0.49541711807250977,0.4183894395828247,0.44203341007232666,0.4326539635658264,0.48521578311920166,0.40763604640960693,0.34555238485336304,0.41482579708099365,0.26329290866851807,0.4152982532978058,0.19545885920524597,0.41745203733444214,0.4750455915927887,0.48233237862586975,0.38034185767173767,0.5458580851554871,0.4241175353527069,0.5692617893218994,0.46882471442222595,0.5570268034934998,0.47576868534088135,0.5765578746795654,0.40459638833999634,0.6212844848632812,0.4406989812850952,0.6342432498931885,0.4797954559326172,0.6219031810760498,0.48391324281692505,0.6682868599891663,0.4279170632362366,0.6777154207229614,0.4638833701610565,0.6845821142196655,0.5009563565254211,0.6812862157821655
0.6997166275978088,0.6422024369239807,0.6568564772605896,0.5047319531440735,0.5717760324478149,0.4430813789367676,0.4920470118522644,0.42147019505500793,0.44052374362945557,0.4333554208278656,0.4819982051849365,0.4102287292480469,0.34743478894233704,0.41239240765571594,0.2688778042793274,0.41358131170272827,0.20448997616767883,0.42014968395233154,0.47060656547546387,0.48255136609077454,0.38440635800361633,0.5509231090545654,0.42507460713386536,0.5733041167259216,0.46661460399627686,0.5615542531013489,0.4729291796684265,0.5740355253219604,0.4072592258453369,0.6213017106056213,0.4413740038871765,0.6352088451385498,0.47653254866600037,0.6248736381530762,0.48173123598098755,0.6641213893890381,0.42636430263519287,0.6797928214073181,0.46154695749282837,0.6897438168525696,0.49635398387908936,0.6875154972076416
0.6980918645858765,0.6274938583374023,0.6501197814941406,0.49339956045150757,0.5726584792137146,0.3989540636539459,0.523558497428894,0.30774468183517456,0.5102337598800659,0.2237779200077057,0.4822949171066284,0.40541547536849976,0.3507734537124634,0.4076177179813385,0.27469006180763245,0.4054637551307678,0.21194973587989807,0.40616971254348755,0.47530803084373474,0.47314387559890747,0.3898662328720093,0.551868200302124,0.43370845913887024,0.5737428069114685,0.476047158241272,0.5570216774940491,0.48108214139938354,0.5618327856063843,0.412628173828125,0.619793176651001,0.44798925518989563,0.631279706954956,0.4846267104148865,0.6173082590103149,0.491405725479126,0.6505535244941711,0.43260443210601807,0.6751399040222168,0.46691077947616577,0.685054361820221,0.5004838705062866,0.6810813546180725
0.7039381265640259,0.6161043047904968,0.6542586088180542,0.4911314845085144,0.5712204575538635,0.41126561164855957,0.5084643363952637,0.3496573865413666,0.4768231511116028,0.3092312812805176,0.4840364456176758,0.4062277674674988,0.35388344526290894,0.4097402095794678,0.2777324318885803,0.40640491247177124,0.2157137393951416,0.40331336855888367,0.47904279828071594,0.471871018409729,0.3909458518028259,0.5515856146812439,0.43558424711227417,0.5742768049240112,0.4783678352832794,0.5552734732627869,0.4876931607723236,0.557183563709259,0.41756659746170044,0.6226825714111328,0.45648661255836487,0.6334573030471802,0.4948553144931793,0.6143369674682617,0.5042468905448914,0.6438738107681274,0.44727498292922974,0.6733667254447937,0.4836025536060333,0.6793727874755859,0.5188799500465393,0.6686469316482544
0.704282820224762,0.6217450499534607,0.6597219109535217,0.495871901512146,0.5773956775665283,0.40792161226272583,0.5208672881126404,0.33627089858055115,0.5006405711174011,0.2838941812515259,0.4863894283771515,0.4092167317867279,0.35938477516174316,0.4033598303794861,0.28414058685302734,0.39394739270210266,0.22350624203681946,0.38857799768447876,0.4826163947582245,0.47502565383911133,0.39650145173072815,0.5557613968849182,0.4421408772468567,0.5759756565093994,0.48398134112358093,0.5583833456039429,0.4926668107509613,0.5591848492622375,0.41948962211608887,0.62554931640625,0.4591410756111145,0.6337253451347351,0.4972791075706482,0.6162844300270081,0.5099356174468994,0.6443040370941162,0.44858455657958984,0.6749112010002136,0.48451918363571167,0.6806014776229858,0.5191016793251038,0.6709377765655518
0.7040123343467712,0.6145930290222168,0.6534117460250854,0.4915086030960083,0.5734017491340637,0.39133474230766296,0.5276647210121155,0.2950483560562134,0.5241341590881348,0.20342886447906494,0.4843895733356476,0.4076113700866699,0.35771793127059937,0.40541529655456543,0.28306907415390015,0.3968302309513092,0.22299110889434814,0.39007318019866943,0.4820939898490906,0.47259530425071716,0.3964711129665375,0.5561959147453308,0.44332098960876465,0.5765780210494995,0.4861382246017456,0.5564336180686951,0.4937364459037781,0.5578051805496216,0.42311084270477295,0.6276025772094727,0.4641852080821991,0.6362425088882446,0.5031099319458008,0.6161660552024841,0.5116966366767883,0.643842339515686,0.45289477705955505,0.6759687066078186,0.4922482371330261,0.6804773807525635,0.5277997255325317,0.6680678129196167
0.7277129888534546,0.646593451499939,0.6846113801002502,0.5241899490356445,0.6113165020942688,0.43539607524871826,0.5612116456031799,0.35624605417251587,0.5461516380310059,0.28560832142829895,0.5198696851730347,0.43258193135261536,0.3987311124801636,0.4134805202484131,0.32507413625717163,0.3993734121322632,0.26374372839927673,0.38620081543922424,0.5162861943244934,0.4946449398994446,0.43217676877975464,0.5743235349655151,0.47336357831954956,0.5988841652870178,0.5089421272277832,0.5835793018341064,0.5249321460723877,0.5747373104095459,0.4496193528175354,0.6424875259399414,0.48739102482795715,0.6535893082618713,0.5228872299194336,0.6381364464759827,0.5392423868179321,0.65578293800354,0.4775499701499939,0.6898297071456909,0.5103303790092468,0.6964149475097656,0.5420835018157959,0.6876461505889893
0.7260302901268005,0.6440221071243286,0.6793117523193359,0.523652195930481,0.6059065461158752,0.4301665127277374,0.5583680272102356,0.3494608402252197,0.5448464155197144,0.27871012687683105,0.5192592144012451,0.43206751346588135,0.3997827470302582,0.41600301861763,0.3278144598007202,0.40096938610076904,0.26973095536231995,0.38806694746017456,0.5152174830436707,0.49331727623939514,0.4308631420135498,0.5718159675598145,0.4721200466156006,0.5981817841529846,0.5127096176147461,0.5843740701675415,0.5242639183998108,0.5723816752433777,0.4514378011226654,0.6403053402900696,0.4900098741054535,0.6516397595405579,0.5269978046417236,0.6336087584495544,0.5407038331031799,0.6526367664337158,0.48017618060112,0.6881941556930542,0.515097975730896,0.6954219341278076,0.5482832193374634,0.6837286949157715
0.7304644584655762,0.6504404544830322,0.6857463121414185,0.530388355255127,0.6143621206283569,0.4376341998577118,0.5710434913635254,0.35904639959335327,0.5591563582420349,0.29349637031555176,0.5264281630516052,0.43394380807876587,0.4075131416320801,0.4183237552642822,0.3355690538883209,0.4042723774909973,0.27654170989990234,0.39241689443588257,0.5223462581634521,0.49477458000183105,0.4362970292568207,0.568954348564148,0.4782851040363312,0.5933065414428711,0.5187896490097046,0.5790532827377319,0.5301388502120972,0.5745919942855835,0.454245001077652,0.6379983425140381,0.4932555854320526,0.6504973769187927,0.5315062999725342,0.6345463395118713,0.5444201231002808,0.6556447744369507,0.48152801394462585,0.687346875667572,0.5169742703437805,0.6963464617729187,0.5514227747917175,0.6872853636741638
0.7350122928619385,0.6524113416671753,0.6912405490875244,0.5303019285202026,0.6209158301353455,0.4412185549736023,0.5760146379470825,0.36651521921157837,0.5626769065856934,0.30623772740364075,0.531711995601654,0.4344615936279297,0.414614737033844,0.4214439392089844,0.3424406349658966,0.4085697829723358,0.28228893876075745,0.39788830280303955,0.527641773223877,0.49679648876190186,0.4405748248100281,0.5726069808006287,0.4824545383453369,0.5961416363716125,0.5228686332702637,0.5825347304344177,0.5348411202430725,0.5779212713241577,0.4587094485759735,0.6398979425430298,0.49765366315841675,0.6505350470542908,0.536932647228241,0.6350473761558533,0.5481002926826477,0.6590495109558105,0.48699837923049927,0.6875321865081787,0.522309422492981,0.6956675052642822,0.5564231276512146,0.685875415802002
0.7435051202774048,0.6559877991676331,0.7005957365036011,0.5348201394081116,0.6286872625350952,0.44895613193511963,0.5786209106445312,0.38063305616378784,0.5569896697998047,0.33232730627059937,0.5402204394340515,0.4371277093887329,0.4231020212173462,0.423477441072464,0.35098743438720703,0.4120825529098511,0.29190313816070557,0.40236860513687134,0.5352033972740173,0.4980563223361969,0.44470834732055664,0.5691615343093872,0.4850587546825409,0.5944668054580688,0.5255909562110901,0.5822060108184814,0.5417646169662476,0.5776371955871582,0.46611952781677246,0.6405487656593323,0.5045379400253296,0.6527636051177979,0.5424605011940002,0.6373851299285889,0.5553614497184753,0.658717691898346,0.49695831537246704,0.6916028261184692,0.5318694114685059,0.7008615732192993,0.5656124353408813,0.6909176707267761
0.7490837574005127,0.6600592136383057,0.7047646641731262,0.537498950958252,0.6314619779586792,0.4431312680244446,0.5897055268287659,0.35537534952163696,0.5839213728904724,0.27806833386421204,0.5476259589195251,0.43945544958114624,0.4314490854740143,0.4264443814754486,0.36139118671417236,0.41716068983078003,0.3039725422859192,0.4098905920982361,0.5421059727668762,0.5013567209243774,0.45280852913856506,0.5725045800209045,0.49362385272979736,0.5983632802963257,0.5333652496337891,0.5857330560684204,0.5482087135314941,0.5824897885322571,0.4721046984195709,0.6424674391746521,0.5099920630455017,0.6546797156333923,0.5475028157234192,0.6410790085792542,0.561275839805603,0.6646332740783691,0.4997061491012573,0.6924762725830078,0.534914493560791,0.7006241679191589,0.5690681338310242,0.6930846571922302
0.7630628347396851,0.6515658497810364,0.7204103469848633,0.5313442945480347,0.6499567031860352,0.44409751892089844,0.6028566956520081,0.3741765022277832,0.5874248147010803,0.32615232467651367,0.5646764039993286,0.4399961531162262,0.4526684880256653,0.4267398416996002,0.3843783140182495,0.4209035634994507,0.3282933235168457,0.4153755009174347,0.5594969987869263,0.501352846622467,0.4686281383037567,0.5752779245376587,0.5095937252044678,0.5988188982009888,0.5483608245849609,0.5832723379135132,0.5664646625518799,0.5795560479164124,0.4935360550880432,0.648592472076416,0.5320046544075012,0.6582161784172058,0.5674563646316528,0.6402633786201477,0.5808068513870239,0.6589608192443848,0.5251187086105347,0.6974666118621826,0.5580500960350037,0.7039669156074524,0.5890531539916992,0.6919400095939636
0.7591699361801147,0.6515290141105652,0.716401994228363,0.5342780947685242,0.6481521725654602,0.4430440068244934,0.606590211391449,0.36534833908081055,0.5923417806625366,0.3055881857872009,0.5651209950447083,0.44164809584617615,0.4513563811779022,0.4282240867614746,0.3826587200164795,0.4171251654624939,0.3256910443305969,0.4080179035663605,0.5606777667999268,0.4989343285560608,0.47506600618362427,0.5791000127792358,0.5155356526374817,0.6048570871353149,0.5542550086975098,0.5892749428749084,0.5669617056846619,0.576279878616333,0.4956633150577545,0.6472811698913574,0.5340281128883362,0.6595407128334045,0.570112943649292,0.6422997713088989,0.5801118016242981,0.6555628180503845,0.5269182324409485,0.6949116587638855,0.5616480112075806,0.7033203840255737,0.5929496884346008,0.6906083822250366
0.7700158357620239,0.6475417613983154,0.7320765852928162,0.5350795388221741,0.6604443788528442,0.4507163166999817,0.6075796484947205,0.3938677906990051,0.5813533663749695,0.3657994866371155,0.5759757161140442,0.4402856230735779,0.4631466269493103,0.4275839626789093,0.3938349485397339,0.4171481132507324,0.3363211750984192,0.40913060307502747,0.5716012716293335,0.4974381923675537,0.47968804836273193,0.5763057470321655,0.5225733518600464,0.5984088778495789,0.5625001192092896,0.5806588530540466,0.5781247615814209,0.5734351277351379,0.5042401552200317,0.6475688219070435,0.5433330535888672,0.6566990613937378,0.5788242220878601,0.6369495987892151,0.5915741324424744,0.6520354151725769,0.5366860628128052,0.6940292119979858,0.5706350803375244,0.7014063000679016,0.6019744873046875,0.688457190990448
0.7818475961685181,0.6509300470352173,0.7448076605796814,0.5364682674407959,0.6634914875030518,0.4690742492675781,0.5905625820159912,0.4528895616531372,0.5457770824432373,0.47546476125717163,0.587951123714447,0.4428377151489258,0.476675808429718,0.4288679361343384,0.4072750210762024,0.4170999526977539,0.34960341453552246,0.4091433882713318,0.582278311252594,0.49580222368240356,0.4917294383049011,0.5805555582046509,0.5296763181686401,0.6076816320419312,0.5653305053710938,0.5935144424438477,0.586442232131958,0.5704065561294556,0.5111127495765686,0.6484169960021973,0.5472586750984192,0.6613649129867554,0.5799880027770996,0.6427050828933716,0.5981628894805908,0.6491903066635132,0.5405833721160889,0.6942914128303528,0.5723974704742432,0.704436182975769,0.6030341982841492,0.6927481293678284
0.7830044627189636,0.6587796211242676,0.7442498207092285,0.5458996891975403,0.6738871335983276,0.45362141728401184,0.6295683979988098,0.3718852996826172,0.6226128339767456,0.30235904455184937,0.597802460193634,0.45343974232673645,0.4847281277179718,0.4394788444042206,0.41627204418182373,0.430616557598114,0.35968610644340515,0.42481473088264465,0.5950879454612732,0.5073807835578918,0.503265380859375,0.5850865244865417,0.5424115657806396,0.609755277633667,0.5806724429130554,0.5949204564094543,0.600652277469635,0.5807744264602661,0.5243896842002869,0.6518983840942383,0.5615174770355225,0.663476824760437,0.5955239534378052,0.6456728577613831,0.6106692552566528,0.6571345329284668,0.5494819283485413,0.6985228061676025,0.5836262106895447,0.7083149552345276,0.6150690317153931,0.6967882513999939
0.7839202880859375,0.6494858860969543,0.7410562038421631,0.5380881428718567,0.6716042160987854,0.44478219747543335,0.6289278864860535,0.36143022775650024,0.6212329268455505,0.28570955991744995,0.5972938537597656,0.44941550493240356,0.48162007331848145,0.44220179319381714,0.4114362597465515,0.4359108805656433,0.3546164631843567,0.4299547076225281,0.5946080088615417,0.505536675453186,0.5037786960601807,0.5870601534843445,0.5443236827850342,0.611158013343811,0.5852501392364502,0.594544529914856,0.6001230478286743,0.5804054737091064,0.5265267491340637,0.6537046432495117,0.5651029348373413,0.6648355722427368,0.6008028984069824,0.6451612710952759,0.6109620332717896,0.6579664945602417,0.5545139312744141,0.6988702416419983,0.58965003490448,0.7069001793861389,0.6209361553192139,0.6934889554977417
0.7872661352157593,0.6624141335487366,0.7465435266494751,0.5560606718063354,0.6785398125648499,0.46387070417404175,0.63724684715271,0.38421499729156494,0.6246985793113708,0.3208472728729248,0.5992554426193237,0.46687665581703186,0.49079811573028564,0.4565329849720001,0.4238642454147339,0.4512011408805847,0.3678745627403259,0.44604718685150146,0.5985785722732544,0.5218209624290466,0.5069566965103149,0.5957731008529663,0.5496251583099365,0.6155923008918762,0.589239776134491,0.5981610417366028,0.6059592366218567,0.5941330194473267,0.530021607875824,0.6604011654853821,0.5690750479698181,0.6709320545196533,0.6043331027030945,0.6545831561088562,0.6171719431877136,0.670871913433075,0.5586237907409668,0.708115816116333,0.5923841595649719,0.7154345512390137,0.622514545917511,0.7046686410903931
0.7896774411201477,0.6573101878166199,0.7463304996490479,0.549569845199585,0.6777968406677246,0.45269671082496643,0.6354878544807434,0.3689001202583313,0.6258822083473206,0.2974283695220947,0.602557897567749,0.468394935131073,0.49011945724487305,0.45993852615356445,0.42103368043899536,0.4551544785499573,0.36491459608078003,0.45123451948165894,0.6016477942466736,0.5243918299674988,0.5114065408706665,0.601483166217804,0.5522356033325195,0.6218937039375305,0.5938912630081177,0.6055526733398438,0.6091650724411011,0.5983453392982483,0.5337339043617249,0.6667057275772095,0.5725338459014893,0.6758946180343628,0.6090510487556458,0.657275378704071,0.6212597489356995,0.6755862832069397,0.5626047253608704,0.7139893770217896,0.5971589088439941,0.7204910516738892,0.6288273930549622,0.7084431648254395
0.7894669771194458,0.6717070937156677,0.7467789053916931,0.5607606172561646,0.6819162964820862,0.46912840008735657,0.6403048634529114,0.38829582929611206,0.6277284622192383,0.3208724856376648,0.6037275791168213,0.4760453999042511,0.49271202087402344,0.46766605973243713,0.4240260720252991,0.4633658528327942,0.3681643009185791,0.45942288637161255,0.6018168926239014,0.5319292545318604,0.5122494101524353,0.6066118478775024,0.5514577031135559,0.6287567615509033,0.5915888547897339,0.614408016204834,0.6086823344230652,0.6066878437995911,0.5349835753440857,0.6741796731948853,0.5715970993041992,0.6856144666671753,0.6068204045295715,0.6697531342506409,0.6204865574836731,0.684848964214325,0.5612677931785583,0.724124550819397,0.5944287180900574,0.7318429946899414,0.6249706745147705,0.7209672927856445
0.7910820245742798,0.6761541962623596,0.7482295632362366,0.5670300126075745,0.6813259124755859,0.47072461247444153,0.6389412879943848,0.3875165581703186,0.6275036334991455,0.3160979151725769,0.6048793792724609,0.4852480888366699,0.49283313751220703,0.4776703119277954,0.42443418502807617,0.47158682346343994,0.36937183141708374,0.46500658988952637,0.603236198425293,0.5425821542739868,0.5130805373191833,0.6147952079772949,0.5531755685806274,0.6392338275909424,0.5949347615242004,0.6259165406227112,0.6103342175483704,0.6175656318664551,0.5338507890701294,0.6820716261863708,0.570410966873169,0.695703387260437,0.6067796349525452,0.6799556612968445,0.6220869421958923,0.6957378387451172,0.5589700937271118,0.7301253080368042,0.5907773375511169,0.739112377166748,0.6227498054504395,0.7291668057441711
0.7940401434898376,0.6846963763237,0.7504515051841736,0.5772886872291565,0.6848918795585632,0.4831507205963135,0.6434298157691956,0.40031617879867554,0.6326496005058289,0.33093664050102234,0.6096234917640686,0.4959947168827057,0.49814316630363464,0.4882533848285675,0.42977434396743774,0.48118552565574646,0.3744765520095825,0.4738596975803375,0.6080681681632996,0.5557075142860413,0.5145415663719177,0.625488817691803,0.5530978441238403,0.6503616571426392,0.5951431393623352,0.6385929584503174,0.6158108115196228,0.6321547627449036,0.5355204343795776,0.6935123205184937,0.5712930560112,0.7083542346954346,0.6090645790100098,0.6954830288887024,0.628386914730072,0.7099007368087769,0.5607657432556152,0.741977334022522,0.5914626717567444,0.7527787089347839,0.6243971586227417,0.7460154294967651
0.795074462890625,0.6837831735610962,0.7518213987350464,0.5762848258018494,0.6846084594726562,0.48002737760543823,0.6429548263549805,0.3961626887321472,0.6326320171356201,0.32395538687705994,0.6155306100845337,0.4970598816871643,0.5006540417671204,0.48949357867240906,0.43065276741981506,0.48340919613838196,0.3736465573310852,0.4783519208431244,0.6129525899887085,0.5567697882652283,0.5174232125282288,0.62569260597229,0.5559061169624329,0.651201069355011,0.5977190732955933,0.6398010849952698,0.6191123127937317,0.6346915364265442,0.5365577936172485,0.6954240798950195,0.572494387626648,0.7100770473480225,0.6113695502281189,0.6972987055778503,0.6295127868652344,0.714561939239502,0.5595734715461731,0.7438309788703918,0.591687023639679,0.754241943359375,0.6261221766471863,0.7482841610908508
0.7945046424865723,0.686108410358429,0.7538083791732788,0.5796910524368286,0.6868873834609985,0.4831151068210602,0.646111011505127,0.39506518840789795,0.6360947489738464,0.3222547471523285,0.6167271137237549,0.4970453381538391,0.5031175017356873,0.4888286590576172,0.43253982067108154,0.48234936594963074,0.37553268671035767,0.47830474376678467,0.6143055558204651,0.5570328235626221,0.5193694233894348,0.6254336833953857,0.5590522885322571,0.6506943106651306,0.6024925708770752,0.6400768756866455,0.6197574138641357,0.6361316442489624,0.5397327542304993,0.6955814957618713,0.5763859748840332,0.711047351360321,0.6168132424354553,0.6988780498504639,0.6287530660629272,0.7159366607666016,0.56258624792099,0.7451791167259216,0.5970394015312195,0.7568023204803467,0.6323735117912292,0.7509697675704956
0.7961103916168213,0.6944992542266846,0.7578365802764893,0.5873385667800903,0.6921044588088989,0.49020710587501526,0.6495609879493713,0.4026075601577759,0.6362050175666809,0.3326578140258789,0.6200321912765503,0.49931442737579346,0.5060460567474365,0.4893883764743805,0.435049831867218,0.48111575841903687,0.3775036334991455,0.4752810597419739,0.616425096988678,0.5589519739151001,0.5212791562080383,0.6250863671302795,0.5599088072776794,0.651146650314331,0.6031830310821533,0.6408296823501587,0.6203576922416687,0.6376603841781616,0.540494441986084,0.6959410309791565,0.5758156776428223,0.7126927375793457,0.6158109307289124,0.7009139657020569,0.6278330087661743,0.7171481847763062,0.5628429651260376,0.7466063499450684,0.5963980555534363,0.7602041959762573,0.6313062906265259,0.7545259594917297
0.7968734502792358,0.6927034258842468,0.7561016082763672,0.5872902274131775,0.6866487264633179,0.49102354049682617,0.6415510177612305,0.4065799117088318,0.6303187608718872,0.3337128162384033,0.6228101253509521,0.4996906518936157,0.5071192979812622,0.48618075251579285,0.43677273392677307,0.4755888879299164,0.3796239495277405,0.46722596883773804,0.6195536851882935,0.5590710043907166,0.521544337272644,0.6220914125442505,0.5597386956214905,0.6494970917701721,0.6027347445487976,0.6408260464668274,0.6237179040908813,0.6374282836914062,0.5387585163116455,0.6924294829368591,0.5747319459915161,0.7091691493988037,0.615213930606842,0.6987612843513489,0.6313951015472412,0.7181010246276855,0.5617188215255737,0.7422119379043579,0.5952123403549194,0.7546497583389282,0.6306772232055664,0.7507924437522888
0.7933893799781799,0.696289598941803,0.7518752217292786,0.594171404838562,0.6795341968536377,0.5011838674545288,0.6330760717391968,0.4191100299358368,0.6242448687553406,0.3455784320831299,0.6217558979988098,0.4932083487510681,0.504521906375885,0.4765569567680359,0.43514859676361084,0.4646167457103729,0.3791840076446533,0.45453792810440063,0.619576096534729,0.5493354797363281,0.5206740498542786,0.6198354959487915,0.5564695596694946,0.6537953615188599,0.5972805023193359,0.6467527747154236,0.6219033598899841,0.6277971267700195,0.5330356955528259,0.6875119805335999,0.5672886371612549,0.7112637758255005,0.6065711975097656,0.7026590704917908,0.6265891194343567,0.7109768390655518,0.5534496307373047,0.7387749552726746,0.5845147371292114,0.7555661797523499,0.6185129284858704,0.7525244951248169
0.7897623777389526,0.6986271739006042,0.7526408433914185,0.594330906867981,0.682768702507019,0.5075591802597046,0.6333228945732117,0.4381313920021057,0.6130740642547607,0.3879856765270233,0.6198021769523621,0.492897629737854,0.5017752051353455,0.4738401770591736,0.4316696226596832,0.46081385016441345,0.37384486198425293,0.4513322710990906,0.6149080395698547,0.5507078170776367,0.5201573371887207,0.6150104999542236,0.5561583638191223,0.643246054649353,0.5955628156661987,0.6348697543144226,0.6151594519615173,0.6280948519706726,0.5347667932510376,0.684770405292511,0.5697160363197327,0.703766942024231,0.607323944568634,0.6940188407897949,0.6191352605819702,0.7089409828186035,0.5559474229812622,0.7369795441627502,0.588016152381897,0.7525795698165894,0.6200703382492065,0.74870365858078
0.789709210395813,0.6996554136276245,0.7508893609046936,0.5930842161178589,0.6790134310722351,0.50633305311203,0.629309356212616,0.4346661865711212,0.6131592988967896,0.3791379928588867,0.6192131638526917,0.49377062916755676,0.5019866228103638,0.4756737947463989,0.43257105350494385,0.46186918020248413,0.3757397532463074,0.45186948776245117,0.6139675378799438,0.5522910356521606,0.5197768211364746,0.6150863766670227,0.5542454719543457,0.6423803567886353,0.5927181839942932,0.6342472434043884,0.6147740483283997,0.6297640800476074,0.5358370542526245,0.6834439039230347,0.568769633769989,0.7009505033493042,0.6045358180999756,0.6916035413742065,0.6202203035354614,0.7103621959686279,0.5563064813613892,0.7340598106384277,0.5866215229034424,0.7478311061859131,0.617877721786499,0.7449185848236084
0.7840590476989746,0.6988710165023804,0.7471915483474731,0.5915475487709045,0.6730659008026123,0.5087173581123352,0.6112154126167297,0.4552639126777649,0.5756737589836121,0.4390270709991455,0.6126424670219421,0.49163636565208435,0.49386361241340637,0.4708680808544159,0.4231821894645691,0.45722001791000366,0.3650680184364319,0.44877347350120544,0.605880081653595,0.5529618263244629,0.5137444734573364,0.6141956448554993,0.5493159294128418,0.6427718997001648,0.5896973013877869,0.6360201239585876,0.604753851890564,0.6317997574806213,0.5266352891921997,0.6808332800865173,0.5593579411506653,0.7013512849807739,0.5972586274147034,0.6937834620475769,0.6079895496368408,0.7127998471260071,0.5445185899734497,0.7320830821990967,0.5740987658500671,0.7504571676254272,0.6066890358924866,0.7497960329055786
0.7805472016334534,0.6997554898262024,0.7381410598754883,0.5900283455848694,0.6630261540412903,0.5084502696990967,0.5983748435974121,0.4557117223739624,0.5592341423034668,0.43139684200286865,0.6059235334396362,0.493483304977417,0.4879126250743866,0.47182488441467285,0.41790759563446045,0.45690077543258667,0.3604126572608948,0.4472752809524536,0.5986061096191406,0.554247260093689,0.5065603256225586,0.609337568283081,0.5394749641418457,0.6335365772247314,0.5787659883499146,0.6278332471847534,0.5989324450492859,0.6322064399719238,0.5219554305076599,0.676509439945221,0.5520005822181702,0.6918100714683533,0.5868649482727051,0.6852482557296753,0.6044350266456604,0.7130638957023621,0.5385009050369263,0.7279672026634216,0.5654677152633667,0.7420533895492554,0.5965161919593811,0.7428957223892212
0.7773044109344482,0.7010498046875,0.7392677068710327,0.5918683409690857,0.6666970252990723,0.508263111114502,0.6126336455345154,0.4388253092765808,0.5858427286148071,0.38961297273635864,0.5994523763656616,0.49224308133125305,0.4830224812030792,0.47039392590522766,0.41271132230758667,0.45618754625320435,0.35413357615470886,0.44782426953315735,0.5919601321220398,0.553130030632019,0.5014110803604126,0.6067836880683899,0.5362168550491333,0.6309589743614197,0.5755830407142639,0.6251907348632812,0.5919514298439026,0.6316849589347839,0.5159106850624084,0.6744834184646606,0.5473306179046631,0.6913373470306396,0.5835294723510742,0.686448335647583,0.5964468121528625,0.712618887424469,0.5336188077926636,0.728701114654541,0.5632906556129456,0.7445672154426575,0.5952893495559692,0.7455273866653442
0.7767391204833984,0.7009343504905701,0.7361272573471069,0.5883405208587646,0.6566267609596252,0.5033887028694153,0.584945023059845,0.46114581823349,0.5381243824958801,0.46017512679100037,0.5966314673423767,0.4900071620941162,0.4784182906150818,0.4699011445045471,0.4072220027446747,0.4559515118598938,0.34886273741722107,0.4477028548717499,0.5880424976348877,0.554456353187561,0.49672606587409973,0.6088979840278625,0.5313286781311035,0.6340152621269226,0.5709776282310486,0.6281096935272217,0.5877397656440735,0.6339468359947205,0.5115025639533997,0.6777886152267456,0.5445209741592407,0.6945622563362122,0.5804688334465027,0.6876265406608582,0.5932460427284241,0.7155850529670715,0.5328798294067383,0.7314412593841553,0.5631120204925537,0.7459543943405151,0.5946605205535889,0.7449939846992493
0.767490029335022,0.699046790599823,0.7291900515556335,0.586113691329956,0.6512237787246704,0.5035998821258545,0.5818262696266174,0.4500998258590698,0.5401583313941956,0.4287993311882019,0.5853447914123535,0.49311867356300354,0.46781599521636963,0.46977031230926514,0.39596208930015564,0.45363202691078186,0.33653947710990906,0.4440363049507141,0.5769146680831909,0.5570924282073975,0.48911452293395996,0.6084916591644287,0.5245321393013,0.63023442029953,0.5644848942756653,0.6248890161514282,0.5777730941772461,0.6359629034996033,0.5047727823257446,0.6763966083526611,0.5374055504798889,0.6907846927642822,0.5746324062347412,0.6850934028625488,0.5843338966369629,0.7157942056655884,0.5249771475791931,0.7305691242218018,0.5549352765083313,0.7445975542068481,0.5874776840209961,0.7444432377815247
0.7622606754302979,0.6991738677024841,0.7219513654708862,0.5846954584121704,0.6473783254623413,0.49408406019210815,0.5906068682670593,0.4252815246582031,0.5658662915229797,0.3774217665195465,0.5773162245750427,0.4942772686481476,0.46140870451927185,0.47033417224884033,0.3892345726490021,0.4547863006591797,0.32980120182037354,0.4445077180862427,0.5683282017707825,0.5582839250564575,0.482208788394928,0.6081457734107971,0.5181980133056641,0.6302286386489868,0.557220995426178,0.6239649057388306,0.5688982009887695,0.6373275518417358,0.49637869000434875,0.676449716091156,0.5287569165229797,0.6913647055625916,0.5652075409889221,0.6858325600624084,0.5754629373550415,0.7182705998420715,0.514974057674408,0.7313170433044434,0.5447443127632141,0.7447643280029297,0.5770872235298157,0.7447874546051025
0.7586411833763123,0.7016168236732483,0.7165696620941162,0.5812649130821228,0.63698410987854,0.48824259638786316,0.5736602544784546,0.42542746663093567,0.5428544878959656,0.3871939778327942,0.5674945712089539,0.4942680895328522,0.44923892617225647,0.47505542635917664,0.37549251317977905,0.4644225835800171,0.3156563937664032,0.45720016956329346,0.5596501231193542,0.5623641014099121,0.47173693776130676,0.6164455413818359,0.5084449648857117,0.6424394845962524,0.5498343110084534,0.6365748047828674,0.5605695843696594,0.6441255807876587,0.4877724349498749,0.6847583055496216,0.5219298005104065,0.7009557485580444,0.5595898032188416,0.695164144039154,0.5681055784225464,0.7267012596130371,0.5075821280479431,0.73968505859375,0.5395359396934509,0.7531774044036865,0.5733157396316528,0.7535160183906555
0.7473926544189453,0.7050334215164185,0.7043609619140625,0.5802429914474487,0.6268357634544373,0.49124443531036377,0.5616253018379211,0.43484237790107727,0.5256879329681396,0.41068536043167114,0.554145336151123,0.4975035488605499,0.43267822265625,0.4810173511505127,0.35954415798187256,0.4707193672657013,0.3001810312271118,0.4629381000995636,0.5449358224868774,0.5653068423271179,0.45857083797454834,0.6169036030769348,0.4942331314086914,0.6403610110282898,0.5353242754936218,0.6344767212867737,0.5449227690696716,0.6469200849533081,0.4771413207054138,0.6846710443496704,0.5091497302055359,0.6991115808486938,0.5449621677398682,0.6935783624649048,0.5516466498374939,0.7287516593933105,0.49570193886756897,0.736301839351654,0.5265565514564514,0.7478612661361694,0.5594662427902222,0.7488928437232971
0.7391396760940552,0.7066549062728882,0.6930329203605652,0.5838736295700073,0.6157804727554321,0.48986178636550903,0.5526377558708191,0.4220319986343384,0.5183940529823303,0.3845788240432739,0.5397772192955017,0.5012763142585754,0.416711688041687,0.48901045322418213,0.3423222601413727,0.48138880729675293,0.28281447291374207,0.47434473037719727,0.5292710065841675,0.5748159289360046,0.4476589560508728,0.6202341318130493,0.48402833938598633,0.6408686637878418,0.5265135169029236,0.6344543099403381,0.5297236442565918,0.6589510440826416,0.4687129855155945,0.6921733617782593,0.5004714727401733,0.7064900994300842,0.5376628041267395,0.7023574113845825,0.5370373725891113,0.7422586679458618,0.49255117774009705,0.7482391595840454,0.5241311192512512,0.7605565190315247,0.5575045943260193,0.761819064617157
0.7279500961303711,0.7097525000572205,0.6796795129776001,0.5808530449867249,0.6036874055862427,0.4839211702346802,0.5517314076423645,0.3975910544395447,0.5354859828948975,0.3300676643848419,0.5268945097923279,0.5068699717521667,0.4045674800872803,0.49463602900505066,0.33072638511657715,0.4872094988822937,0.27111560106277466,0.4811711311340332,0.5140457153320312,0.5854583978652954,0.4339185953140259,0.6196652054786682,0.4710717797279358,0.6389178037643433,0.515053391456604,0.6361585259437561,0.5146453976631165,0.673695981502533,0.45499515533447266,0.6927167773246765,0.487046480178833,0.7053804397583008,0.5260949730873108,0.7059598565101624,0.5232851505279541,0.7577844858169556,0.480206161737442,0.7549574375152588,0.5119810104370117,0.7652847170829773,0.5450271964073181,0.7698160409927368
0.708182692527771,0.7087700366973877,0.6652199625968933,0.5808568000793457,0.5967769622802734,0.48824429512023926,0.5474955439567566,0.4030759334564209,0.5349760055541992,0.3332895040512085,0.5108678340911865,0.5137232542037964,0.38219425082206726,0.5020695328712463,0.30474409461021423,0.49412959814071655,0.2444501519203186,0.4888712763786316,0.4971880316734314,0.5919283628463745,0.4189031422138214,0.6251794695854187,0.45819205045700073,0.6413703560829163,0.5036760568618774,0.6377118229866028,0.4990803599357605,0.679908275604248,0.4421538710594177,0.6996640563011169,0.47466641664505005,0.7090641260147095,0.5142648816108704,0.7075010538101196,0.5082661509513855,0.7617794275283813,0.4664025604724884,0.7605400085449219,0.4993281960487366,0.7687411308288574,0.5325486660003662,0.772987961769104
0.7025030255317688,0.716864824295044,0.6608838438987732,0.5857284665107727,0.5886918306350708,0.4906715154647827,0.5375159978866577,0.4089401364326477,0.520819902420044,0.3449856638908386,0.49578049778938293,0.5154526829719543,0.3662264347076416,0.5062364339828491,0.28861427307128906,0.500826895236969,0.2283289134502411,0.49686968326568604,0.48207560181617737,0.5949028730392456,0.4065166711807251,0.6338003873825073,0.44743192195892334,0.6513144969940186,0.49266260862350464,0.6463199257850647,0.4844633936882019,0.6832480430603027,0.4302334785461426,0.7062516808509827,0.46546003222465515,0.7162639498710632,0.5049410462379456,0.713936984539032,0.49502575397491455,0.7663910388946533,0.4575982093811035,0.7660501599311829,0.49171608686447144,0.7725286483764648,0.5244140028953552,0.7738280296325684
0.7048747539520264,0.7120447158813477,0.6567003130912781,0.5823485851287842,0.5838420391082764,0.4838213324546814,0.5344849228858948,0.39412277936935425,0.5253489017486572,0.3185434937477112,0.4946494698524475,0.513613224029541,0.3649662733078003,0.5050196647644043,0.2866747975349426,0.5007619261741638,0.22613579034805298,0.4976789951324463,0.4821581542491913,0.5929398536682129,0.4085712730884552,0.6312634348869324,0.447980135679245,0.6479716300964355,0.4923635423183441,0.6433833837509155,0.4868665635585785,0.682287335395813,0.4316513240337372,0.7068512439727783,0.4657689034938812,0.7164151072502136,0.5060796141624451,0.714020311832428,0.4992625415325165,0.7666534781455994,0.46002820134162903,0.7720227837562561,0.4925633370876312,0.7771891355514526,0.5258902907371521,0.7758615016937256
0.6966246366500854,0.7236661314964294,0.6509272456169128,0.5862545371055603,0.5771944522857666,0.4850996732711792,0.5241662859916687,0.3972127139568329,0.5060521364212036,0.3272653818130493,0.4853699207305908,0.5204982757568359,0.3533232808113098,0.5126010179519653,0.2749216854572296,0.5063067078590393,0.21358981728553772,0.5016492009162903,0.4703291654586792,0.6002049446105957,0.3951858878135681,0.6405674815177917,0.4353284239768982,0.6571941375732422,0.48062649369239807,0.651483416557312,0.47249674797058105,0.6905524730682373,0.4171748459339142,0.7134713530540466,0.4510929584503174,0.7213062644004822,0.4913283884525299,0.7180265188217163,0.4828283190727234,0.7743713855743408,0.4429631531238556,0.7725492715835571,0.47628915309906006,0.7775048613548279,0.5101512670516968,0.7791672348976135
0.6898064017295837,0.7154215574264526,0.6398240923881531,0.5826058983802795,0.5580266118049622,0.4780665636062622,0.5030475854873657,0.38038766384124756,0.5004037022590637,0.2903831899166107,0.4693203270435333,0.5099822282791138,0.33805346488952637,0.505782425403595,0.2598001956939697,0.5034343004226685,0.19755491614341736,0.5002127289772034,0.4538739025592804,0.589404821395874,0.38160440325737,0.6411371231079102,0.4252389967441559,0.6596021056175232,0.47236475348472595,0.6507470011711121,0.45459675788879395,0.6825053095817566,0.3991551399230957,0.7138804793357849,0.4351261854171753,0.7243740558624268,0.477029025554657,0.7192524671554565,0.46365949511528015,0.7700554728507996,0.4252401292324066,0.7722742557525635,0.46193408966064453,0.7786339521408081,0.498426616191864,0.7799752950668335
0.6877062320709229,0.7115646004676819,0.6390320062637329,0.5763857960700989,0.5560470819473267,0.47201603651046753,0.503430187702179,0.37694650888442993,0.500325620174408,0.2951042950153351,0.4675615131855011,0.5000746846199036,0.33644789457321167,0.4985397458076477,0.2563551366329193,0.49571749567985535,0.19389060139656067,0.4931885302066803,0.453316330909729,0.5803385376930237,0.3834512531757355,0.6316831111907959,0.425996869802475,0.6517587900161743,0.47118571400642395,0.64399254322052,0.4533655047416687,0.6725867390632629,0.3991096019744873,0.7069762945175171,0.4340059757232666,0.7179467678070068,0.47429701685905457,0.7130100131034851,0.46066513657569885,0.7589863538742065,0.41986632347106934,0.7633914947509766,0.4530308246612549,0.7695515155792236,0.48733457922935486,0.7691953182220459
0.6872709393501282,0.6946271061897278,0.6385388970375061,0.5635888576507568,0.5587671995162964,0.4616776704788208,0.5017699599266052,0.3717420995235443,0.49766525626182556,0.2866029441356659,0.4680043160915375,0.4876071512699127,0.33949244022369385,0.48256629705429077,0.2615944743156433,0.48223990201950073,0.20120716094970703,0.4812830984592438,0.45297086238861084,0.5636077523231506,0.39019036293029785,0.6237631440162659,0.4337847828865051,0.645121693611145,0.4778989553451538,0.6359938383102417,0.4551723599433899,0.6529548168182373,0.4078065752983093,0.6965118050575256,0.4442068338394165,0.7106043100357056,0.48332157731056213,0.7044223546981812,0.46405282616615295,0.7386562824249268,0.4269726276397705,0.751144289970398,0.4631163477897644,0.760421633720398,0.4982369840145111,0.758352518081665
0.6924934387207031,0.682223916053772,0.6424833536148071,0.5528671145439148,0.5592575669288635,0.45274966955184937,0.5053778290748596,0.361688494682312,0.5094770789146423,0.27324235439300537,0.4728945791721344,0.47751277685165405,0.3487430810928345,0.4719269275665283,0.2725653648376465,0.47050940990448,0.21396687626838684,0.4680121839046478,0.4578416347503662,0.5518701672554016,0.3985186815261841,0.6171280741691589,0.4392091631889343,0.6360558867454529,0.4797038733959198,0.624302327632904,0.4597274661064148,0.6404352188110352,0.42037031054496765,0.6899516582489014,0.4551791548728943,0.7022101879119873,0.4894314408302307,0.6923845410346985,0.46806642413139343,0.7261702418327332,0.43957996368408203,0.7451181411743164,0.47559458017349243,0.7542177438735962,0.5070123672485352,0.7499645948410034
0.7069003582000732,0.6777682900428772,0.6564460396766663,0.5461886525154114,0.5753260850906372,0.44994020462036133,0.5242347717285156,0.35973191261291504,0.5189492702484131,0.2761131525039673,0.4852057993412018,0.471443772315979,0.36527013778686523,0.4675444960594177,0.2905949652194977,0.4634438157081604,0.23172417283058167,0.45883920788764954,0.46971815824508667,0.5457615852355957,0.4135882556438446,0.6049998998641968,0.45655950903892517,0.6215348243713379,0.49778392910957336,0.609396755695343,0.47287946939468384,0.6340922713279724,0.43475741147994995,0.6756661534309387,0.4708423614501953,0.6857678294181824,0.5069454908370972,0.6762813329696655,0.4833049178123474,0.7178431749343872,0.45376744866371155,0.7302020788192749,0.49074819684028625,0.7357746362686157,0.523453950881958,0.7308590412139893
0.7162615656852722,0.6740120649337769,0.6676696538925171,0.5394285321235657,0.590305507183075,0.4477912187576294,0.5379173159599304,0.3654290437698364,0.528656005859375,0.29097652435302734,0.4993213415145874,0.46613994240760803,0.3810892701148987,0.4604577124118805,0.3094407320022583,0.45821213722229004,0.25331243872642517,0.4550129473209381,0.48473525047302246,0.5399412512779236,0.42309969663619995,0.5978710055351257,0.46194231510162354,0.6167117357254028,0.5017852783203125,0.6074939966201782,0.4889073073863983,0.6256932020187378,0.4453757107257843,0.667101263999939,0.4801039397716522,0.6767029166221619,0.5158414244651794,0.6694137454032898,0.5018925070762634,0.7074761986732483,0.4721236526966095,0.7254055738449097,0.5060387849807739,0.7304126024246216,0.5371032953262329,0.7258840799331665
0.716647207736969,0.6719883680343628,0.6670200824737549,0.5413087010383606,0.590874433517456,0.46603864431381226,0.5302600860595703,0.4115353226661682,0.5014183521270752,0.37202996015548706,0.5015340447425842,0.4673471748828888,0.382021427154541,0.4627763032913208,0.31044137477874756,0.460016131401062,0.25387492775917053,0.4565892517566681,0.487797349691391,0.539665699005127,0.4217814803123474,0.6006630659103394,0.45958298444747925,0.6218066215515137,0.49987974762916565,0.6132009625434875,0.4922841489315033,0.6242583990097046,0.4423731565475464,0.6661636829376221,0.47647199034690857,0.6768947839736938,0.5122888684272766,0.6704787611961365,0.5071955323219299,0.705746054649353,0.4706328511238098,0.7251401543617249,0.5030570030212402,0.731029748916626,0.5346375703811646,0.7279887199401855
0.7402846813201904,0.6681343913078308,0.695712149143219,0.536405622959137,0.6156090497970581,0.46681949496269226,0.5379719734191895,0.4461541175842285,0.48754942417144775,0.472303181886673,0.5303054451942444,0.46750470995903015,0.4098292887210846,0.46536099910736084,0.3396664559841156,0.4606466293334961,0.28251588344573975,0.4583315849304199,0.5179509520530701,0.5391210317611694,0.44959965348243713,0.5835883617401123,0.48450881242752075,0.5942674875259399,0.5207850933074951,0.5843424797058105,0.5219851136207581,0.6228019595146179,0.47346624732017517,0.652222216129303,0.5047041773796082,0.6583119034767151,0.5375871658325195,0.6516868472099304,0.5335934162139893,0.7023913860321045,0.4978879392147064,0.7087666988372803,0.5295838713645935,0.7131089568138123,0.5592671036720276,0.7113547325134277
0.7353075742721558,0.6611814498901367,0.6878913044929504,0.5318539142608643,0.606981635093689,0.46863818168640137,0.5319074988365173,0.4602234661579132,0.48220396041870117,0.4922616481781006,0.5265982747077942,0.46585580706596375,0.4086557924747467,0.4595586061477661,0.3390895128250122,0.4530697464942932,0.28368645906448364,0.4516060948371887,0.5165038108825684,0.5385981202125549,0.44997429847717285,0.5819944143295288,0.4838676452636719,0.5968188643455505,0.5202663540840149,0.5931364893913269,0.5221557021141052,0.6210420727729797,0.4711196720600128,0.647226870059967,0.5019487738609314,0.6540136337280273,0.5333261489868164,0.6502978801727295,0.5348008871078491,0.6993523836135864,0.4935981035232544,0.7022261023521423,0.5236988663673401,0.7052903771400452,0.5518925786018372,0.7039496898651123
0.7462556958198547,0.6712614893913269,0.7069119215011597,0.5358940362930298,0.6320278644561768,0.4545057713985443,0.5745496153831482,0.38768303394317627,0.5461193323135376,0.34976887702941895,0.5421702265739441,0.4710623323917389,0.42370930314064026,0.4662385880947113,0.35385221242904663,0.4631510078907013,0.29735639691352844,0.4629422724246979,0.5301467180252075,0.5432795286178589,0.4607642889022827,0.5863682627677917,0.495620995759964,0.5988593697547913,0.5333586931228638,0.5918422937393188,0.5352417826652527,0.6261354684829712,0.4848356544971466,0.6548494100570679,0.5157918930053711,0.6609934568405151,0.5486376285552979,0.6550615429878235,0.5466120839118958,0.7034035921096802,0.5080516338348389,0.7123741507530212,0.5395907163619995,0.7177107334136963,0.5696954727172852,0.7142128944396973
0.771239161491394,0.6781238317489624,0.7334774732589722,0.5472634434700012,0.6662001013755798,0.4646640419960022,0.6190253496170044,0.39698901772499084,0.6016275882720947,0.3590766191482544,0.5720130205154419,0.47821176052093506,0.4563044309616089,0.46869292855262756,0.3869750499725342,0.4675683379173279,0.3300931453704834,0.4674895107746124,0.5589540004730225,0.5484791994094849,0.4763437807559967,0.5927988290786743,0.5107707381248474,0.6077554821968079,0.5483016967773438,0.6013450622558594,0.5615479350090027,0.6295136213302612,0.5019816756248474,0.6634342670440674,0.5344676971435547,0.6688041090965271,0.5685821771621704,0.661724328994751,0.572098970413208,0.7042497396469116,0.528031051158905,0.7140707969665527,0.5591942071914673,0.7190825343132019,0.5900925397872925,0.7153904438018799
0.7697136402130127,0.6676964163780212,0.7268345952033997,0.542696475982666,0.6619934439659119,0.45216089487075806,0.6244368553161621,0.3654538691043854,0.621145486831665,0.2974148690700531,0.5752595663070679,0.47594571113586426,0.46074745059013367,0.4709923267364502,0.3913405239582062,0.47039785981178284,0.3365669250488281,0.47095492482185364,0.5643536448478699,0.5456643104553223,0.4908718764781952,0.5965102314949036,0.52931809425354,0.6125515103340149,0.5697997212409973,0.6025078892707825,0.5679406523704529,0.6265584826469421,0.5150207877159119,0.6662242412567139,0.549013614654541,0.6740211248397827,0.5851979851722717,0.6654818058013916,0.577602207660675,0.7016412019729614,0.5384666323661804,0.7180625200271606,0.5720213055610657,0.7240728139877319,0.6037769317626953,0.7183794379234314
0.7685596346855164,0.6686108112335205,0.7297253012657166,0.5456708073616028,0.6653458476066589,0.45687294006347656,0.6242522597312927,0.3722912073135376,0.6161602735519409,0.30504631996154785,0.5778953433036804,0.47996753454208374,0.4644116163253784,0.4743935763835907,0.39310044050216675,0.4726577699184418,0.3369864225387573,0.4726908504962921,0.5665990710258484,0.5456250309944153,0.4879593253135681,0.5948366522789001,0.5255427360534668,0.6126047968864441,0.5667644739151001,0.6039093136787415,0.5703755617141724,0.6243815422058105,0.5144393444061279,0.6669377088546753,0.5472117066383362,0.675487756729126,0.5836985111236572,0.6668039560317993,0.5816305875778198,0.6991509199142456,0.5414414405822754,0.7194087505340576,0.5745816826820374,0.7241061925888062,0.6065006256103516,0.7170069217681885
0.7733484506607056,0.663326621055603,0.7329716682434082,0.5437561869621277,0.6655484437942505,0.4512013792991638,0.6246399879455566,0.3642953038215637,0.618735671043396,0.29635632038116455,0.5789154171943665,0.4774642586708069,0.46840155124664307,0.4708217978477478,0.3988550007343292,0.4696151316165924,0.3442249298095703,0.46952691674232483,0.5701850056648254,0.5424982905387878,0.49940773844718933,0.5951024293899536,0.5370151996612549,0.6122760772705078,0.5768781900405884,0.6017141938209534,0.5742124319076538,0.6198821663856506,0.523752748966217,0.6644124984741211,0.5560897588729858,0.6727571487426758,0.5911016464233398,0.6629998087882996,0.5842380523681641,0.6937360763549805,0.5462591052055359,0.7135661840438843,0.5786483883857727,0.7190412282943726,0.6094573736190796,0.7114579081535339
0.7746293544769287,0.6565961837768555,0.7340267300605774,0.5386363863945007,0.669184684753418,0.4494428038597107,0.6318238377571106,0.3677110970020294,0.6272366642951965,0.30126363039016724,0.5823906660079956,0.46849149465560913,0.47518450021743774,0.46046704053878784,0.40941861271858215,0.4595838785171509,0.3584916889667511,0.459682822227478,0.5735938549041748,0.5306121706962585,0.5055338740348816,0.5855118036270142,0.5410892367362976,0.6059796810150146,0.5786725878715515,0.5960280299186707,0.578215479850769,0.6065125465393066,0.5294851064682007,0.6537453532218933,0.5614392161369324,0.6632814407348633,0.5951784253120422,0.6525093913078308,0.5888108611106873,0.6798099279403687,0.5515933036804199,0.7019339799880981,0.5834961533546448,0.7057163715362549,0.6139774322509766,0.6969180107116699
0.77525395154953,0.6544580459594727,0.7363740801811218,0.5372536778450012,0.6715607643127441,0.45276129245758057,0.6303275227546692,0.3782161772251129,0.6201010346412659,0.32109618186950684,0.5859547853469849,0.46956589818000793,0.4787200391292572,0.4632328152656555,0.41190141439437866,0.46255624294281006,0.3585782051086426,0.46233758330345154,0.576815128326416,0.5304985642433167,0.5069385766983032,0.5869144797325134,0.5438737273216248,0.6055468320846558,0.5814555287361145,0.5932343006134033,0.5795679092407227,0.605392336845398,0.5291608572006226,0.6538242697715759,0.5619292855262756,0.6627140045166016,0.5951223969459534,0.6508886218070984,0.5886958241462708,0.6787302494049072,0.5504714250564575,0.7015007734298706,0.5827709436416626,0.7060860395431519,0.6125932931900024,0.6979971528053284
0.7745707035064697,0.6538941860198975,0.7361181974411011,0.5376062393188477,0.671576738357544,0.4498382806777954,0.6333409547805786,0.368630588054657,0.6283721923828125,0.3054259121417999,0.5844346880912781,0.46999940276145935,0.4776843190193176,0.46389737725257874,0.41140222549438477,0.4633373022079468,0.3588600754737854,0.4634493589401245,0.5759541392326355,0.5312620997428894,0.5084162950515747,0.5879390835762024,0.5455175638198853,0.6069965362548828,0.5832351446151733,0.5952582359313965,0.5798218250274658,0.6066264510154724,0.5312709212303162,0.6547644734382629,0.5638078451156616,0.6634280681610107,0.5974975824356079,0.6512182950973511,0.5896895527839661,0.6794376373291016,0.5533078908920288,0.7009412050247192,0.5858691930770874,0.7051122188568115,0.6163359880447388,0.6961240768432617
0.7769280076026917,0.6572080850601196,0.7385928630828857,0.5405561923980713,0.673287034034729,0.4612829387187958,0.6283565163612366,0.3934585750102997,0.6136584877967834,0.3421963155269623,0.5852532982826233,0.4800419211387634,0.4808521270751953,0.47320428490638733,0.4155272841453552,0.47048521041870117,0.3628237247467041,0.4691980481147766,0.5766197443008423,0.538023054599762,0.5107156038284302,0.5955400466918945,0.5458711385726929,0.6128535866737366,0.5809799432754517,0.6004909873008728,0.580200731754303,0.6110334396362305,0.5314196944236755,0.6597718000411987,0.561655580997467,0.6672074198722839,0.593112587928772,0.6559649109840393,0.589818000793457,0.6831896901130676,0.5483682155609131,0.7056019902229309,0.5785723924636841,0.7091777920722961,0.6083211302757263,0.7021578550338745
0.7709601521492004,0.6835848093032837,0.7325787544250488,0.5681320428848267,0.6673324704170227,0.478598952293396,0.6270824670791626,0.394761323928833,0.6210399866104126,0.3250865042209625,0.587805449962616,0.5142017602920532,0.47898948192596436,0.5117719173431396,0.4113004207611084,0.5080772042274475,0.35858428478240967,0.5066881775856018,0.5799733400344849,0.5790022015571594,0.5098047256469727,0.6267309188842773,0.5449343919754028,0.6376956105232239,0.5828201174736023,0.6258089542388916,0.5852109789848328,0.654194712638855,0.5354444980621338,0.6884183883666992,0.5632364749908447,0.6939830183982849,0.5968657732009888,0.6856618523597717,0.5946564674377441,0.7241579294204712,0.5581915974617004,0.7305033802986145,0.5899536609649658,0.7339785099029541,0.6222188472747803,0.7300134897232056
0.7744728922843933,0.7036181092262268,0.7349193096160889,0.5869877338409424,0.6687840223312378,0.4955543279647827,0.6262580752372742,0.41044002771377563,0.6245604753494263,0.3372628092765808,0.5922641754150391,0.5330479741096497,0.48130184412002563,0.5283999443054199,0.4116324186325073,0.5288390517234802,0.35849738121032715,0.5317268371582031,0.5834981203079224,0.5983989238739014,0.5092728137969971,0.6394002437591553,0.5445541739463806,0.6495755314826965,0.5814787745475769,0.6374518275260925,0.5873965620994568,0.6748942136764526,0.5321719646453857,0.7068091630935669,0.5606775283813477,0.7118075489997864,0.5942054986953735,0.7019068002700806,0.59624183177948,0.7482604384422302,0.5522181987762451,0.7555237412452698,0.5825928449630737,0.7576128840446472,0.6136853098869324,0.7519965171813965
0.7778192758560181,0.7241231203079224,0.7374430298805237,0.6034616231918335,0.6700069904327393,0.5158962607383728,0.6277979612350464,0.42870810627937317,0.6262022256851196,0.3537949323654175,0.5931822657585144,0.5575011372566223,0.480448842048645,0.5552884936332703,0.4105338454246521,0.5555977821350098,0.3581508696079254,0.559458315372467,0.5852951407432556,0.630133867263794,0.5116610527038574,0.6663177609443665,0.547100305557251,0.6731755137443542,0.5861371755599976,0.6605496406555176,0.5911346077919006,0.7109846472740173,0.5353639721870422,0.7342494130134583,0.5629899501800537,0.7383233308792114,0.5973891615867615,0.7300572395324707,0.601018488407135,0.785599410533905,0.5594527125358582,0.787938117980957,0.5903313159942627,0.7894366383552551,0.6218011975288391,0.7845271229743958
0.7776878476142883,0.7196053266525269,0.7357534170150757,0.5985875129699707,0.6713131070137024,0.5151920318603516,0.6326591968536377,0.4310533106327057,0.6262519955635071,0.3601733446121216,0.5904808044433594,0.5552473068237305,0.477150559425354,0.557797372341156,0.40791553258895874,0.5577864050865173,0.35427799820899963,0.5615831017494202,0.5834733247756958,0.6304503679275513,0.5078564882278442,0.6637448668479919,0.5437561869621277,0.6706276535987854,0.5849381685256958,0.6620420813560486,0.5900664925575256,0.7126850485801697,0.5312275290489197,0.7310400009155273,0.5596296191215515,0.7347789406776428,0.595490038394928,0.7302470207214355,0.6008461117744446,0.7868865132331848,0.553229033946991,0.7849570512771606,0.5835817456245422,0.7872671484947205,0.6155483722686768,0.7859927415847778
0.7832382917404175,0.7486454844474792,0.7410855293273926,0.6297332644462585,0.6731573343276978,0.5383325219154358,0.6322711706161499,0.45071351528167725,0.6302664875984192,0.3714844584465027,0.6037680506706238,0.581836462020874,0.48540663719177246,0.579258918762207,0.4131651520729065,0.5779662728309631,0.3582902252674103,0.5785634517669678,0.5929078459739685,0.6566079258918762,0.5186700820922852,0.6853762269020081,0.5544968843460083,0.6951659321784973,0.5950431823730469,0.6869657039642334,0.5959938764572144,0.7398036122322083,0.5347269177436829,0.7563462257385254,0.562340497970581,0.7638804912567139,0.5986354351043701,0.7600573897361755,0.6041547060012817,0.8181151151657104,0.5551432371139526,0.8183345794677734,0.5827441215515137,0.8205046653747559,0.6144060492515564,0.8198518753051758
0.7888175249099731,0.7626951932907104,0.7474947571754456,0.6477585434913635,0.6742534041404724,0.5606155395507812,0.6295663714408875,0.4751756489276886,0.6261733174324036,0.40008822083473206,0.607993483543396,0.5996294021606445,0.48927175998687744,0.6035850048065186,0.4137749671936035,0.6018580198287964,0.3564569056034088,0.6025086045265198,0.5973300933837891,0.6777017116546631,0.5130751132965088,0.7103901505470276,0.5482929348945618,0.7231638431549072,0.5932105183601379,0.7205495238304138,0.5994316339492798,0.7630681991577148,0.5325720310211182,0.786201000213623,0.5589668154716492,0.7932574152946472,0.596184492111206,0.7902146577835083,0.6063722968101501,0.8417800068855286,0.5534312725067139,0.8503357768058777,0.5836567878723145,0.8544256091117859,0.6173430681228638,0.8542391657829285
0.7791062593460083,0.7735892534255981,0.7408825159072876,0.6654653549194336,0.6706311702728271,0.5834470391273499,0.6241550445556641,0.502699077129364,0.6239877939224243,0.42843347787857056,0.5970825552940369,0.6209346055984497,0.4794442653656006,0.630710244178772,0.40405189990997314,0.632465660572052,0.34727874398231506,0.6324889659881592,0.5881404280662537,0.6943480968475342,0.5066564083099365,0.7397878766059875,0.540488064289093,0.7583736181259155,0.5849820375442505,0.7561854124069214,0.5923838019371033,0.7749855518341064,0.5288264751434326,0.8091840744018555,0.5551800727844238,0.8183611035346985,0.5933541655540466,0.8134555220603943,0.6019170880317688,0.8490761518478394,0.5529178977012634,0.8668524622917175,0.5801418423652649,0.8718115091323853,0.6124762296676636,0.8682295083999634
0.7803909182548523,0.7816977500915527,0.7426474094390869,0.6720300316810608,0.6750808954238892,0.5884854793548584,0.6301392912864685,0.5060495734214783,0.6235882043838501,0.43257829546928406,0.5993896126747131,0.6257994771003723,0.4814116656780243,0.6316131949424744,0.406157910823822,0.6318957209587097,0.34934139251708984,0.6333897709846497,0.5892384648323059,0.7040764689445496,0.5087801218032837,0.732090413570404,0.5431908369064331,0.7442809343338013,0.5913979411125183,0.7450181841850281,0.5927685499191284,0.7868978977203369,0.5291886925697327,0.8040207624435425,0.5556437373161316,0.810897946357727,0.5955566763877869,0.810395359992981,0.60017991065979,0.8618839383125305,0.5496134757995605,0.8663742542266846,0.5775094032287598,0.8701329827308655,0.6113754510879517,0.869522213935852
0.7801944017410278,0.7857069969177246,0.7421950101852417,0.6745061278343201,0.6698299050331116,0.5893256068229675,0.6236407160758972,0.5036599040031433,0.622593343257904,0.42540866136550903,0.5957701802253723,0.6281417012214661,0.4776371419429779,0.6360500454902649,0.40305233001708984,0.6369901895523071,0.34636038541793823,0.6379585266113281,0.5856850743293762,0.7047220468521118,0.5061947107315063,0.7331712245941162,0.5418872237205505,0.7457554936408997,0.5900218486785889,0.7464152574539185,0.5884373784065247,0.78678959608078,0.5274389982223511,0.8044551610946655,0.5550218224525452,0.8118267059326172,0.5950955748558044,0.8116796016693115,0.5953559875488281,0.8623479604721069,0.5466734170913696,0.8659366965293884,0.5752090811729431,0.8694425225257874,0.6085505485534668,0.8690459728240967
0.774799644947052,0.7826873064041138,0.7358038425445557,0.6723142862319946,0.6641010046005249,0.5821614861488342,0.6184058785438538,0.49500876665115356,0.6156294941902161,0.41384607553482056,0.5903165340423584,0.6140893697738647,0.4710765480995178,0.615358829498291,0.39447444677352905,0.6143621802330017,0.3354824483394623,0.6138292551040649,0.5786558389663696,0.6906270980834961,0.49932774901390076,0.7209352850914001,0.5360117554664612,0.7352098226547241,0.5834438800811768,0.7347429990768433,0.5800923109054565,0.7754138112068176,0.517403781414032,0.7957732677459717,0.5469194650650024,0.8056948184967041,0.5872810482978821,0.8048592805862427,0.5863811373710632,0.8555819988250732,0.5346877574920654,0.8616913557052612,0.5652902126312256,0.8677549362182617,0.5992440581321716,0.8680963516235352
0.7733592391014099,0.7817849516868591,0.735453724861145,0.6710375547409058,0.6654778122901917,0.5800772905349731,0.6191913485527039,0.49378928542137146,0.6168713569641113,0.4118231534957886,0.5883975625038147,0.6140241622924805,0.4688526690006256,0.6145468950271606,0.3919054865837097,0.6123208999633789,0.3332888185977936,0.6125209331512451,0.5777753591537476,0.6895666718482971,0.49509963393211365,0.7256469130516052,0.5321560502052307,0.7399634718894958,0.5795153379440308,0.7389893531799316,0.5804848670959473,0.7734527587890625,0.5141814947128296,0.7974420785903931,0.5439051389694214,0.8065595030784607,0.5846064686775208,0.8048960566520691,0.5876991748809814,0.8522132039070129,0.5313853621482849,0.8596428632736206,0.5618475079536438,0.8658849000930786,0.5969482064247131,0.8660524487495422
0.7696212530136108,0.7686614394187927,0.730351984500885,0.6588066220283508,0.6606464385986328,0.5658986568450928,0.6156420707702637,0.4803736209869385,0.6052584052085876,0.4068240821361542,0.5838573575019836,0.5991845726966858,0.46432000398635864,0.5981652736663818,0.3868482708930969,0.5959511399269104,0.3272898197174072,0.5964644551277161,0.5733372569084167,0.6754763722419739,0.4907544255256653,0.7135812044143677,0.5297238826751709,0.7276249527931213,0.577660083770752,0.7247665524482727,0.5753301382064819,0.7615065574645996,0.5068251490592957,0.789269745349884,0.5394940972328186,0.7982818484306335,0.5820356607437134,0.7950487732887268,0.5819313526153564,0.84239661693573,0.5242753028869629,0.8555675745010376,0.5579062700271606,0.8602979779243469,0.5941956043243408,0.85840904712677
0.7724275588989258,0.7723559141159058,0.7317244410514832,0.6587282419204712,0.6636520028114319,0.5670565962791443,0.6188008189201355,0.4834057688713074,0.6061099767684937,0.41158249974250793,0.5849922299385071,0.5977586507797241,0.46481573581695557,0.5958507657051086,0.38806968927383423,0.5932754278182983,0.329085111618042,0.593514084815979,0.57403963804245,0.6754193902015686,0.491472065448761,0.7093936204910278,0.5289977192878723,0.724068284034729,0.5754915475845337,0.7219420075416565,0.576288640499115,0.761985182762146,0.5091155171394348,0.7841585874557495,0.5397720336914062,0.7951749563217163,0.5803729295730591,0.794145941734314,0.5835763216018677,0.843484103679657,0.5263593792915344,0.850810706615448,0.5566792488098145,0.857262134552002,0.5913462042808533,0.8579633235931396
0.7745347023010254,0.7707439064979553,0.7323369979858398,0.6573330760002136,0.6616011261940002,0.5663989782333374,0.6158362030982971,0.48168832063674927,0.6064627170562744,0.4052325487136841,0.5848698019981384,0.5982657670974731,0.4643462300300598,0.5965908169746399,0.38765043020248413,0.5938908457756042,0.328824907541275,0.5932630896568298,0.5745705962181091,0.6753430962562561,0.490365207195282,0.7110583186149597,0.5284572243690491,0.7250077724456787,0.5754921436309814,0.721892774105072,0.577285885810852,0.7616331577301025,0.5094666481018066,0.7850565910339355,0.540526270866394,0.7951083183288574,0.5811865925788879,0.7930203676223755,0.5848925113677979,0.8433420658111572,0.5267866253852844,0.8509589433670044,0.5574842691421509,0.8574036955833435,0.5925390720367432,0.8582332134246826
0.7470099925994873,0.7100858092308044,0.7122891545295715,0.582294225692749,0.6444295644760132,0.5002229809761047,0.5855218172073364,0.4403652846813202,0.5583721399307251,0.40062740445137024,0.5489189028739929,0.518021285533905,0.4338400959968567,0.507258415222168,0.36024487018585205,0.5018110275268555,0.302096962928772,0.5020085573196411,0.5377174019813538,0.5919209122657776,0.46373623609542847,0.6298747658729553,0.49889904260635376,0.6400456428527832,0.537405252456665,0.6289182901382446,0.5414102077484131,0.6752004027366638,0.48427683115005493,0.6984464526176453,0.5146926045417786,0.7077743411064148,0.551232635974884,0.7036925554275513,0.5521266460418701,0.7547531127929688,0.5078800916671753,0.7583373188972473,0.53929603099823,0.7631204128265381,0.571097195148468,0.7610325813293457
0.7333751916885376,0.6952337622642517,0.6952922940254211,0.5667372941970825,0.6246841549873352,0.48632925748825073,0.5701375007629395,0.42788568139076233,0.5438673496246338,0.3901257812976837,0.5296278595924377,0.5016941428184509,0.4099499583244324,0.49203962087631226,0.3359399437904358,0.48746824264526367,0.27626532316207886,0.48426252603530884,0.5171352624893188,0.5733686089515686,0.4475743770599365,0.6218866109848022,0.4855062961578369,0.6384368538856506,0.5252821445465088,0.6300057768821716,0.5203685760498047,0.6578421592712402,0.466712087392807,0.6901353597640991,0.5001341104507446,0.6994530558586121,0.5359048843383789,0.694726288318634,0.5317437052726746,0.74058997631073,0.48990219831466675,0.7446037530899048,0.5228935480117798,0.7507581114768982,0.5549712181091309,0.7513420581817627
0.7362786531448364,0.6997880339622498,0.6897265911102295,0.5677176713943481,0.6149248480796814,0.4888482689857483,0.5535309314727783,0.43728113174438477,0.5257447361946106,0.40774303674697876,0.5254957675933838,0.5088736414909363,0.4017670154571533,0.5024900436401367,0.3262931704521179,0.4977234899997711,0.2683633267879486,0.4952925443649292,0.5120857357978821,0.5887216925621033,0.44194546341896057,0.6182206273078918,0.4787072539329529,0.6326304078102112,0.5213887691497803,0.6310428380966187,0.5171595215797424,0.6758326292037964,0.4646104574203491,0.6932148337364197,0.49677878618240356,0.7014744281768799,0.533999502658844,0.7006316781044006,0.5319215655326843,0.7572587132453918,0.4918881356716156,0.7605172395706177,0.5229145288467407,0.7642408609390259,0.5546903014183044,0.7640088796615601
0.7318034172058105,0.7101345658302307,0.6821796298027039,0.577813982963562,0.6043562293052673,0.4929380416870117,0.5446944236755371,0.42317163944244385,0.518893837928772,0.3747025430202484,0.5211607217788696,0.5230592489242554,0.39243680238723755,0.5207803249359131,0.3152913451194763,0.5187147259712219,0.2553982436656952,0.5184470415115356,0.5080356597900391,0.6067394018173218,0.430971622467041,0.6351498365402222,0.46671128273010254,0.6461253762245178,0.5097464919090271,0.6420809030532837,0.5109660625457764,0.6965842247009277,0.45412588119506836,0.7087697982788086,0.4854185879230499,0.7149069905281067,0.5230445861816406,0.7139449119567871,0.5217838287353516,0.7792910933494568,0.4798770546913147,0.7729202508926392,0.511289119720459,0.7767438292503357,0.5440911650657654,0.7792949676513672
0.7214252352714539,0.732594907283783,0.6755390167236328,0.5965347290039062,0.6012110710144043,0.5062723159790039,0.5520828366279602,0.4144667387008667,0.543101966381073,0.3345124125480652,0.5164754390716553,0.5382433533668518,0.3818303942680359,0.5498874187469482,0.30172568559646606,0.5506475567817688,0.24059709906578064,0.5525841116905212,0.5013013482093811,0.6262091398239136,0.4104076623916626,0.6676347255706787,0.4520862102508545,0.6783212423324585,0.5014082193374634,0.6716243624687195,0.503471851348877,0.7235699892044067,0.43909919261932373,0.7427085638046265,0.4727347791194916,0.747589111328125,0.5158048272132874,0.7455776333808899,0.5131152272224426,0.8122801780700684,0.47333991527557373,0.8072615265846252,0.5090242624282837,0.8094474077224731,0.5435405373573303,0.8105576038360596
0.7189976572990417,0.7474082112312317,0.675849437713623,0.6143324971199036,0.5998413562774658,0.5229587554931641,0.5454131960868835,0.4332786798477173,0.5296613574028015,0.3612278401851654,0.5086170434951782,0.5642526745796204,0.3772343397140503,0.5736060738563538,0.2989092469215393,0.5760614275932312,0.23902004957199097,0.5815722942352295,0.49831530451774597,0.651271402835846,0.40108969807624817,0.6895151138305664,0.4377903938293457,0.6951414942741394,0.48206090927124023,0.6879635453224182,0.5034416913986206,0.7454042434692383,0.424391508102417,0.7612640857696533,0.4531339108943939,0.7611329555511475,0.4942222535610199,0.7592893242835999,0.5135660767555237,0.8301584720611572,0.4541669487953186,0.8216655850410461,0.4849260747432709,0.8213226795196533,0.5201680064201355,0.8227612376213074
0.7144332528114319,0.7531821727752686,0.6714242100715637,0.6248038411140442,0.5874411463737488,0.5258921980857849,0.5275968313217163,0.43512460589408875,0.5124261379241943,0.35938429832458496,0.49150413274765015,0.5727232694625854,0.3600277900695801,0.5774227380752563,0.2789667248725891,0.582606315612793,0.21618753671646118,0.5867550373077393,0.48233240842819214,0.6598209142684937,0.3868507742881775,0.7071249485015869,0.4242212772369385,0.7231992483139038,0.4717855453491211,0.7184010744094849,0.4879514276981354,0.752249538898468,0.4119081199169159,0.7821627855300903,0.44522905349731445,0.7892657518386841,0.48837846517562866,0.7837778925895691,0.5006645917892456,0.8365106582641602,0.44002026319503784,0.8473153114318848,0.47067791223526,0.8502408266067505,0.5069189667701721,0.8457874059677124
0.7224279046058655,0.7598391771316528,0.6772099733352661,0.6290929317474365,0.5896009206771851,0.5313296318054199,0.5279068946838379,0.43754738569259644,0.5099589228630066,0.35870420932769775,0.4889993369579315,0.5679610967636108,0.36216211318969727,0.5731046795845032,0.2831239104270935,0.5798805952072144,0.22188791632652283,0.5867395997047424,0.47981494665145874,0.6539014577865601,0.3927384912967682,0.70441734790802,0.4325800836086273,0.7187464833259583,0.47905030846595764,0.7103663682937622,0.48656171560287476,0.7483092546463013,0.4187858998775482,0.777951717376709,0.4543527066707611,0.7841317653656006,0.4976698160171509,0.7777040004730225,0.5007590055465698,0.8357069492340088,0.44611215591430664,0.8457963466644287,0.4799826145172119,0.8468852639198303,0.5167662501335144,0.8407272100448608
0.7057782411575317,0.7551565170288086,0.66185462474823,0.6193236112594604,0.5778114795684814,0.5176021456718445,0.5186973810195923,0.42143040895462036,0.5101701021194458,0.3356815278530121,0.4813540279865265,0.5567993521690369,0.34814760088920593,0.5597494840621948,0.2681429088115692,0.5610397458076477,0.20722752809524536,0.5630661845207214,0.4686553478240967,0.6443001627922058,0.38727501034736633,0.6891803741455078,0.428750216960907,0.7006214261054993,0.47549405694007874,0.6908308863639832,0.4720398783683777,0.7396100759506226,0.41103416681289673,0.7644006609916687,0.4450024366378784,0.7707098126411438,0.4862172305583954,0.7648205757141113,0.48250505328178406,0.8282885551452637,0.4358464181423187,0.8290731310844421,0.4707741141319275,0.8308351039886475,0.5062681436538696,0.8285523653030396
