0.717505693435669,0.6322299838066101,0.6621525883674622,0.5016984939575195,0.5819743275642395,0.456942617893219,0.5096206068992615,0.4644893407821655,0.462665319442749,0.49608123302459717,0.5373247861862183,0.4589442312717438,0.43653297424316406,0.3777558207511902,0.37664467096328735,0.32828840613365173,0.33228644728660583,0.29064103960990906,0.5137230753898621,0.5289261341094971,0.38823819160461426,0.45917394757270813,0.3120238184928894,0.4200580418109894,0.257453978061676,0.3930267095565796,0.5041316747665405,0.6058276891708374,0.385586142539978,0.5839737057685852,0.3223218023777008,0.5661638975143433,0.2828002870082855,0.5514819622039795,0.5097033381462097,0.6774958968162537,0.4133372902870178,0.6742231249809265,0.3595791459083557,0.67473304271698,0.3176020383834839,0.6748685240745544
0.7179086804389954,0.6322705745697021,0.6619320511817932,0.5016882419586182,0.5805854797363281,0.45774292945861816,0.5066060423851013,0.46448013186454773,0.4592585265636444,0.49673181772232056,0.537476658821106,0.45900335907936096,0.4372294545173645,0.3760235905647278,0.3768230676651001,0.32617202401161194,0.3315628468990326,0.2883017063140869,0.5139292478561401,0.5308231711387634,0.3884625732898712,0.45947960019111633,0.3113420605659485,0.42104196548461914,0.2551450729370117,0.39558887481689453,0.5043439865112305,0.608275294303894,0.3857881724834442,0.5848421454429626,0.3185984492301941,0.5684390664100647,0.2747403681278229,0.5565294623374939,0.5106906294822693,0.6795262098312378,0.41424059867858887,0.6761499047279358,0.3603501319885254,0.6755416989326477,0.31818345189094543,0.6751039028167725
0.7179661393165588,0.6368184089660645,0.6569910049438477,0.5079143047332764,0.5760249495506287,0.4597945213317871,0.5035065412521362,0.46552613377571106,0.45165446400642395,0.4975995719432831,0.5285609364509583,0.4711393713951111,0.425030916929245,0.391823947429657,0.36421847343444824,0.34547334909439087,0.31747865676879883,0.31038540601730347,0.5058989524841309,0.5426827073097229,0.37811076641082764,0.4800916910171509,0.30210521817207336,0.44265806674957275,0.24835163354873657,0.4154064655303955,0.4984051287174225,0.6229845285415649,0.37100690603256226,0.6120927333831787,0.29624292254447937,0.6015608310699463,0.24713513255119324,0.5911951065063477,0.5068181753158569,0.6950205564498901,0.4084029197692871,0.6994786262512207,0.35387808084487915,0.7076252698898315,0.3129647672176361,0.7144604921340942
0.7239845991134644,0.6435556411743164,0.6636759042739868,0.5116006731987,0.5781863927841187,0.46723029017448425,0.5029957294464111,0.4834337830543518,0.4557330012321472,0.5264538526535034,0.5366250276565552,0.4712620675563812,0.4269331693649292,0.3898216784000397,0.36148181557655334,0.3425649404525757,0.3118150234222412,0.3067598044872284,0.512225866317749,0.546669065952301,0.38047710061073303,0.4826173186302185,0.30039557814598083,0.4477556347846985,0.24208185076713562,0.4230080842971802,0.5021963715553284,0.6281077265739441,0.37361961603164673,0.6180838942527771,0.29884910583496094,0.6094076037406921,0.24957498908042908,0.6008744239807129,0.5063816905021667,0.6984307169914246,0.4086167514324188,0.7004068493843079,0.3556762933731079,0.71164870262146,0.3154340982437134,0.723382830619812
0.7235165238380432,0.6444661617279053,0.6621361970901489,0.5118904113769531,0.5790022015571594,0.46861204504966736,0.5042452812194824,0.4768303334712982,0.4550657868385315,0.5130805373191833,0.5323816537857056,0.46970683336257935,0.42360126972198486,0.38965487480163574,0.3587304353713989,0.34375619888305664,0.310946524143219,0.3099881112575531,0.5084773302078247,0.545517086982727,0.3734931945800781,0.4802147150039673,0.29461005330085754,0.4430239498615265,0.23823630809783936,0.4177590012550354,0.49861645698547363,0.627766489982605,0.3691682815551758,0.6199709177017212,0.2968480587005615,0.6118664145469666,0.24967598915100098,0.6043371558189392,0.5048847198486328,0.6998997330665588,0.4053592085838318,0.7008548378944397,0.353530615568161,0.7111054062843323,0.31460481882095337,0.7207680940628052
0.7230635285377502,0.6427430510520935,0.6598948240280151,0.5103594660758972,0.5758587718009949,0.4662846326828003,0.5002811551094055,0.4757806062698364,0.4504184424877167,0.5147106051445007,0.5295680165290833,0.4680942893028259,0.4206755757331848,0.38801074028015137,0.35621780157089233,0.3429412245750427,0.3072567582130432,0.30877476930618286,0.5054589509963989,0.544416069984436,0.3727569580078125,0.47976645827293396,0.2938658893108368,0.44361603260040283,0.2369667887687683,0.41861844062805176,0.49615851044654846,0.6267008781433105,0.36487048864364624,0.6183897256851196,0.2907843589782715,0.6137884259223938,0.24224525690078735,0.6088846921920776,0.502879798412323,0.6983020901679993,0.4008018970489502,0.7005002498626709,0.348861426115036,0.7111330628395081,0.3107999563217163,0.7211231589317322
0.7210982441902161,0.6392409205436707,0.6606135964393616,0.5096865296363831,0.5732067227363586,0.46694451570510864,0.4951988756656647,0.4747309684753418,0.4448395371437073,0.5096441507339478,0.5244839787483215,0.46611425280570984,0.41674503684043884,0.38485977053642273,0.35420936346054077,0.33744990825653076,0.30729857087135315,0.3015580475330353,0.5012509226799011,0.5413853526115417,0.3700670599937439,0.4759117662906647,0.2930096685886383,0.43873047828674316,0.23707786202430725,0.4131277799606323,0.49366822838783264,0.6234233975410461,0.3653961420059204,0.6139590740203857,0.29091188311576843,0.6062620878219604,0.2409256100654602,0.5998402833938599,0.5029411911964417,0.695942759513855,0.4040643870830536,0.6953079700469971,0.3520594835281372,0.7054676413536072,0.3136798143386841,0.7161927819252014
0.7208541631698608,0.6335563063621521,0.6596975326538086,0.5012295246124268,0.5721812844276428,0.45730674266815186,0.49498483538627625,0.46555182337760925,0.4454357624053955,0.5027590990066528,0.5263187885284424,0.4592008888721466,0.4184848666191101,0.37666749954223633,0.35621243715286255,0.3286536931991577,0.31037575006484985,0.29289188981056213,0.5015061497688293,0.5345180034637451,0.3699241280555725,0.4684751629829407,0.2935556173324585,0.42871347069740295,0.23956915736198425,0.400869220495224,0.4929908514022827,0.6171762347221375,0.36509329080581665,0.6094350218772888,0.28943967819213867,0.6010401844978333,0.23889541625976562,0.5943918228149414,0.5010226964950562,0.6894670128822327,0.40506571531295776,0.6918124556541443,0.35274022817611694,0.702070415019989,0.3132120966911316,0.7130319476127625
0.7194057106971741,0.6224499344825745,0.6553618311882019,0.4902605414390564,0.5680131316184998,0.4482964873313904,0.4920116364955902,0.45561015605926514,0.4428898096084595,0.4906257390975952,0.529991626739502,0.4497744143009186,0.41977784037590027,0.36776718497276306,0.3569777011871338,0.320683091878891,0.3107704818248749,0.28507283329963684,0.5071707963943481,0.5261813402175903,0.37113285064697266,0.45898085832595825,0.2925564646720886,0.4202604293823242,0.23688390851020813,0.39192044734954834,0.49925467371940613,0.6098350882530212,0.36818647384643555,0.6017486453056335,0.2905377745628357,0.5941566824913025,0.23914366960525513,0.5868649482727051,0.5067862868309021,0.68244868516922,0.4069279432296753,0.683867335319519,0.35188013315200806,0.6941652297973633,0.30999159812927246,0.7049397230148315
0.7174646854400635,0.6091806888580322,0.654010534286499,0.478956401348114,0.5667721033096313,0.44045716524124146,0.48924520611763,0.45012056827545166,0.4401591420173645,0.48663946986198425,0.5286755561828613,0.43881937861442566,0.42185306549072266,0.35878753662109375,0.35947442054748535,0.3117106854915619,0.3135613203048706,0.2758537828922272,0.506637692451477,0.513680636882782,0.37204983830451965,0.4472159743309021,0.2930833697319031,0.4096091687679291,0.23637253046035767,0.3821136951446533,0.4990972578525543,0.5981594324111938,0.3690534234046936,0.5909520983695984,0.2915922999382019,0.5857985615730286,0.24046975374221802,0.5813538432121277,0.5069551467895508,0.6742856502532959,0.40829768776893616,0.6765782237052917,0.3538884222507477,0.6874143481254578,0.3121359348297119,0.6991499662399292
0.716955840587616,0.6054092049598694,0.6547703146934509,0.47220057249069214,0.5673831701278687,0.432280033826828,0.49036452174186707,0.44315484166145325,0.4416372776031494,0.4799109399318695,0.5332283973693848,0.4323247969150543,0.4238128960132599,0.34915226697921753,0.36093267798423767,0.3021455407142639,0.31357723474502563,0.266439825296402,0.512951672077179,0.5096731185913086,0.37736573815345764,0.4381135106086731,0.29676198959350586,0.3986363410949707,0.23828822374343872,0.3708304166793823,0.5051769018173218,0.5941953063011169,0.37320560216903687,0.5841161012649536,0.29514098167419434,0.5778706073760986,0.24393221735954285,0.5725885033607483,0.5113539695739746,0.6671869158744812,0.4118655025959015,0.6713805198669434,0.35595232248306274,0.6788808107376099,0.3128811717033386,0.6867738962173462
0.7145448923110962,0.5980541706085205,0.6553810238838196,0.46589720249176025,0.567042350769043,0.42545944452285767,0.4880243241786957,0.43755078315734863,0.4390791654586792,0.4743458926677704,0.528325617313385,0.42122894525527954,0.42112231254577637,0.33732831478118896,0.35788118839263916,0.291308730840683,0.31015801429748535,0.25818532705307007,0.5087299942970276,0.4982021450996399,0.3766688108444214,0.42591094970703125,0.29707759618759155,0.3875208795070648,0.2380090355873108,0.3625110387802124,0.5021666288375854,0.5817340612411499,0.373418927192688,0.5708962678909302,0.2987836003303528,0.565436601638794,0.25016549229621887,0.5630910396575928,0.5095182657241821,0.6561173796653748,0.4105171263217926,0.6611248254776001,0.35511314868927,0.667151927947998,0.312152236700058,0.6722212433815002
0.709060788154602,0.5933173894882202,0.6532479524612427,0.4602903425693512,0.5680257081985474,0.4228944182395935,0.48895612359046936,0.4245768189430237,0.44090545177459717,0.455620676279068,0.5195519924163818,0.42222344875335693,0.41284388303756714,0.346952348947525,0.3514394164085388,0.3009333610534668,0.30621829628944397,0.2642204165458679,0.5021101236343384,0.4964579641819,0.3730688691139221,0.424111545085907,0.2958473265171051,0.38279521465301514,0.23664817214012146,0.3512533903121948,0.498543918132782,0.5752536654472351,0.37014347314834595,0.5602141618728638,0.2953442931175232,0.5512087345123291,0.2447623610496521,0.5427554845809937,0.509461522102356,0.6451234817504883,0.41166770458221436,0.6566892862319946,0.3580722212791443,0.6636334657669067,0.3125554919242859,0.666777491569519
0.7111868262290955,0.5923086404800415,0.658787727355957,0.45655301213264465,0.5707833170890808,0.4128010869026184,0.4912949502468109,0.4126991033554077,0.4442087411880493,0.4402080774307251,0.5222132802009583,0.41682976484298706,0.4166911840438843,0.3345276415348053,0.3553752303123474,0.28611138463020325,0.3099769651889801,0.24822190403938293,0.5038388967514038,0.49161770939826965,0.37617722153663635,0.42010074853897095,0.2989231050014496,0.37676042318344116,0.2395230531692505,0.3457716703414917,0.49989429116249084,0.5698267221450806,0.3706667423248291,0.5535707473754883,0.2984115183353424,0.5449924468994141,0.2503780722618103,0.5402090549468994,0.5105376243591309,0.6381569504737854,0.4121205508708954,0.6512740254402161,0.3572832942008972,0.6577479243278503,0.3120380640029907,0.6608778238296509
0.706739604473114,0.5834144353866577,0.6539280414581299,0.4518473446369171,0.5705245733261108,0.40536877512931824,0.4942934513092041,0.39424020051956177,0.4446246922016144,0.4057839512825012,0.5234267115592957,0.399028480052948,0.41954147815704346,0.31440818309783936,0.3586673140525818,0.26779353618621826,0.3126868009567261,0.23401713371276855,0.5070693492889404,0.4734537601470947,0.3771129250526428,0.40181565284729004,0.2985737919807434,0.3598472476005554,0.23919081687927246,0.3318358063697815,0.5023771524429321,0.554007887840271,0.3756149709224701,0.546177089214325,0.30517634749412537,0.5395239591598511,0.26072704792022705,0.5342682600021362,0.5101474523544312,0.627530574798584,0.4108104407787323,0.644843578338623,0.3572814464569092,0.6522021889686584,0.3155636191368103,0.653228759765625
0.7034921050071716,0.578663170337677,0.6500307321548462,0.44597819447517395,0.56550532579422,0.3970244228839874,0.48941999673843384,0.39953896403312683,0.44010359048843384,0.4263359010219574,0.5213382840156555,0.4042012691497803,0.41275137662887573,0.3192659914493561,0.3501245379447937,0.2688315212726593,0.303134024143219,0.2287479043006897,0.5086119174957275,0.4869409203529358,0.3736135959625244,0.4268109202384949,0.29625964164733887,0.38040152192115784,0.23787465691566467,0.3480778932571411,0.5055010914802551,0.5655571222305298,0.3785943388938904,0.5711804032325745,0.32072269916534424,0.5667123794555664,0.2880423367023468,0.5637454390525818,0.5129274725914001,0.6258599162101746,0.4140307903289795,0.637246310710907,0.3648725152015686,0.6390690803527832,0.3287205100059509,0.6358363628387451
0.6937512159347534,0.5624526739120483,0.6409823894500732,0.43717268109321594,0.5551323890686035,0.37426644563674927,0.4725099503993988,0.3455318808555603,0.42547857761383057,0.31750619411468506,0.4983659088611603,0.42217329144477844,0.3794800937175751,0.35639581084251404,0.3106499910354614,0.31046754121780396,0.2585619390010834,0.2747638523578644,0.4949212968349457,0.5130314826965332,0.36721211671829224,0.5254473090171814,0.29494762420654297,0.5307335257530212,0.24145367741584778,0.5412500500679016,0.50008624792099,0.5812260508537292,0.38800013065338135,0.6046255826950073,0.32777804136276245,0.6087605953216553,0.2881949841976166,0.6180539727210999,0.5132552981376648,0.6236239671707153,0.4250105023384094,0.6347782611846924,0.37681663036346436,0.6411462426185608,0.3412282168865204,0.6435213088989258
0.6904186010360718,0.5426398515701294,0.6364412307739258,0.42212989926338196,0.5519498586654663,0.36702829599380493,0.4777698516845703,0.3289831280708313,0.4412497580051422,0.283680260181427,0.5037689208984375,0.4004146456718445,0.39900434017181396,0.3259959816932678,0.338800847530365,0.2722426652908325,0.29684191942214966,0.22601625323295593,0.49413982033729553,0.4791038930416107,0.3637189269065857,0.4387316405773163,0.28755638003349304,0.3999229073524475,0.23006650805473328,0.3696584403514862,0.4968525469303131,0.5501910448074341,0.37823009490966797,0.5583369731903076,0.30822229385375977,0.5514768362045288,0.25883907079696655,0.5449569225311279,0.5106792449951172,0.6045383810997009,0.41631579399108887,0.6178762912750244,0.3636758327484131,0.6209031343460083,0.3213104009628296,0.6194155812263489
0.687452495098114,0.5377704501152039,0.6338562965393066,0.41787946224212646,0.5491393208503723,0.3602011203765869,0.47335079312324524,0.3248978853225708,0.4352158308029175,0.2863210141658783,0.5027502775192261,0.4011116623878479,0.39477717876434326,0.33003437519073486,0.3328448534011841,0.2765156328678131,0.28930604457855225,0.23189151287078857,0.4943067133426666,0.48565930128097534,0.36638081073760986,0.4831222593784332,0.29356640577316284,0.47860029339790344,0.24308615922927856,0.47759199142456055,0.4973343312740326,0.5558477640151978,0.38206711411476135,0.5675547122955322,0.31370335817337036,0.5626238584518433,0.26803287863731384,0.5614991188049316,0.5109524130821228,0.6045466065406799,0.42130833864212036,0.6162177920341492,0.3693363070487976,0.6180557608604431,0.3298766314983368,0.6162905693054199
0.6925981044769287,0.5196047425270081,0.638901948928833,0.3975140452384949,0.5544204711914062,0.3569009602069855,0.4809369742870331,0.36488863825798035,0.4349679946899414,0.3937572240829468,0.51756751537323,0.3355345129966736,0.4235994517803192,0.26437026262283325,0.36306679248809814,0.21825727820396423,0.3190630078315735,0.18281754851341248,0.49474167823791504,0.39726522564888,0.3784024119377136,0.3349078893661499,0.302955687046051,0.2976229786872864,0.24817782640457153,0.27242133021354675,0.48906195163726807,0.4749394953250885,0.3703557252883911,0.4778249263763428,0.29346728324890137,0.48050811886787415,0.23827871680259705,0.48074355721473694,0.4981119930744171,0.55397629737854,0.4060141444206238,0.5709841251373291,0.35297486186027527,0.577523946762085,0.3092878460884094,0.5798219442367554
0.6971160769462585,0.521527111530304,0.6413424611091614,0.40024974942207336,0.5555413961410522,0.3563622236251831,0.48052096366882324,0.36048179864883423,0.4286224842071533,0.38651061058044434,0.5245317220687866,0.34276053309440613,0.42254456877708435,0.27124619483947754,0.36517900228500366,0.22518470883369446,0.3213185667991638,0.18786540627479553,0.5052242875099182,0.4081498384475708,0.3773155212402344,0.3422592282295227,0.30204570293426514,0.3049764037132263,0.24475672841072083,0.27919602394104004,0.4985910952091217,0.48633643984794617,0.37236955761909485,0.48349666595458984,0.2946128249168396,0.4803615212440491,0.23980677127838135,0.47524216771125793,0.5077090859413147,0.5610175728797913,0.4133160710334778,0.5687958002090454,0.363174706697464,0.5715126991271973,0.32600995898246765,0.5701849460601807
0.6997716426849365,0.5216996669769287,0.6437801718711853,0.39928966760635376,0.5558655261993408,0.35526520013809204,0.48043322563171387,0.36133861541748047,0.42987075448036194,0.39037030935287476,0.5253857970237732,0.34192341566085815,0.4222417175769806,0.2698037326335907,0.3647890090942383,0.2243456244468689,0.32069486379623413,0.18746331334114075,0.5055024027824402,0.40875905752182007,0.3768250048160553,0.3418118357658386,0.30197492241859436,0.30368489027023315,0.24496102333068848,0.2776450514793396,0.49844110012054443,0.4873094856739044,0.37221193313598633,0.48586004972457886,0.29434287548065186,0.4816979169845581,0.23907828330993652,0.4754527509212494,0.5077307224273682,0.5612361431121826,0.41481253504753113,0.5653630495071411,0.37094438076019287,0.564198911190033,0.34092286229133606,0.5592080354690552
0.7011916041374207,0.5235240459442139,0.6463246941566467,0.4017743766307831,0.5592032074928284,0.3533642590045929,0.4834783673286438,0.3483436107635498,0.43274006247520447,0.36502963304519653,0.526946485042572,0.3424147963523865,0.42210352420806885,0.2703976035118103,0.36440035700798035,0.22599665820598602,0.3205130696296692,0.18901994824409485,0.5061386227607727,0.40796995162963867,0.37670695781707764,0.3390254080295563,0.3012317419052124,0.3002478778362274,0.24435123801231384,0.273132860660553,0.49894750118255615,0.4858507513999939,0.37266165018081665,0.4850314259529114,0.29434841871261597,0.48070231080055237,0.23876819014549255,0.4740075469017029,0.5090081691741943,0.5598665475845337,0.41582587361335754,0.5637226104736328,0.37371790409088135,0.561542809009552,0.3455451726913452,0.5554148554801941
0.6655352711677551,0.4406571686267853,0.6030504703521729,0.32968324422836304,0.5157110691070557,0.3018229007720947,0.4424246549606323,0.3154410123825073,0.3972132205963135,0.35408031940460205,0.47692444920539856,0.27706843614578247,0.36737096309661865,0.21301986277103424,0.30333825945854187,0.17638832330703735,0.2564442753791809,0.1457710862159729,0.46359962224960327,0.3355444669723511,0.3345746397972107,0.2885255813598633,0.26282232999801636,0.2623506486415863,0.20751193165779114,0.23838302493095398,0.46325355768203735,0.409027099609375,0.3360530138015747,0.41738858819007874,0.2636571228504181,0.423300176858902,0.20989596843719482,0.4216601252555847,0.47805020213127136,0.48612090945243835,0.3870861530303955,0.4887559711933136,0.34909340739250183,0.48408275842666626,0.31889933347702026,0.47332116961479187
0.6612805128097534,0.4350685775279999,0.6005336046218872,0.32481247186660767,0.5161513090133667,0.288778156042099,0.44821563363075256,0.2972174286842346,0.4054197669029236,0.33372339606285095,0.47840291261672974,0.26830586791038513,0.37189796566963196,0.19865471124649048,0.30983856320381165,0.1609676629304886,0.26485246419906616,0.13155019283294678,0.46329188346862793,0.3284849524497986,0.3362348973751068,0.27554550766944885,0.26429644227027893,0.24594423174858093,0.2086707055568695,0.22369976341724396,0.46128836274147034,0.4043023884296417,0.33806848526000977,0.4154265820980072,0.26821649074554443,0.42278143763542175,0.21789516508579254,0.42486000061035156,0.47390487790107727,0.48169857263565063,0.38663774728775024,0.48512002825737,0.3544011414051056,0.4821246266365051,0.3320246934890747,0.474346786737442
0.6336247324943542,0.4634217321872711,0.5772016048431396,0.34083375334739685,0.49034541845321655,0.30523455142974854,0.4164717197418213,0.32528597116470337,0.37336400151252747,0.3698386251926422,0.4642431139945984,0.3036234378814697,0.3604600429534912,0.23301032185554504,0.30085402727127075,0.19026941061019897,0.25385791063308716,0.1563057005405426,0.4424092173576355,0.37806418538093567,0.31467628479003906,0.324937641620636,0.2402878999710083,0.287638783454895,0.18497702479362488,0.2626613676548004,0.4343647062778473,0.45602741837501526,0.3059563636779785,0.466092973947525,0.23512759804725647,0.46105682849884033,0.18831199407577515,0.457575261592865,0.43918588757514954,0.5189010500907898,0.34370529651641846,0.5074710249900818,0.306812584400177,0.49101924896240234,0.2838008403778076,0.47482478618621826
0.6068838238716125,0.48587140440940857,0.5548230409622192,0.3639524281024933,0.4705122113227844,0.3269328773021698,0.3968983590602875,0.3486443758010864,0.3541770577430725,0.3993247151374817,0.44299712777137756,0.32106637954711914,0.3353244662284851,0.25412577390670776,0.27194374799728394,0.2155187577009201,0.220831036567688,0.1867406666278839,0.41988685727119446,0.39422112703323364,0.29259735345840454,0.34116894006729126,0.21521350741386414,0.3083302676677704,0.1585390567779541,0.29009106755256653,0.41203245520591736,0.4761795699596405,0.28480643033981323,0.480793297290802,0.21161392331123352,0.4838120639324188,0.16344285011291504,0.4921823740005493,0.41908636689186096,0.5471768975257874,0.32257410883903503,0.5494183301925659,0.2840431332588196,0.5576677918434143,0.26166123151779175,0.5721677541732788
0.5800507068634033,0.5122380256652832,0.5301163196563721,0.3876173794269562,0.4434911608695984,0.3429534435272217,0.36488866806030273,0.3559051752090454,0.31797972321510315,0.38830074667930603,0.4166751205921173,0.3552464246749878,0.3056328594684601,0.2840021252632141,0.24295614659786224,0.24416206777095795,0.19361519813537598,0.2121848165988922,0.3970886468887329,0.4390189051628113,0.26458385586738586,0.3873995542526245,0.18355317413806915,0.3491591811180115,0.12353038787841797,0.3269430994987488,0.39173659682273865,0.5206164121627808,0.2606557011604309,0.5382797122001648,0.19589881598949432,0.5537947416305542,0.15774567425251007,0.5720286965370178,0.39981111884117126,0.584843635559082,0.3024533987045288,0.5926690101623535,0.2677752673625946,0.6014163494110107,0.25044262409210205,0.6131343245506287
0.5521265268325806,0.534358561038971,0.5012649893760681,0.41732290387153625,0.412253737449646,0.36832794547080994,0.32793837785720825,0.35232990980148315,0.2777470350265503,0.34566816687583923,0.3881804645061493,0.3886624872684479,0.2752020061016083,0.3126871883869171,0.21371327340602875,0.2682417035102844,0.1683395504951477,0.23421010375022888,0.3689723312854767,0.467031329870224,0.2367793470621109,0.4158642590045929,0.15772539377212524,0.382080078125,0.09947460889816284,0.36165162920951843,0.36345285177230835,0.5444545745849609,0.23599904775619507,0.5561295747756958,0.16486962139606476,0.5688885450363159,0.11646223068237305,0.5835239887237549,0.37095946073532104,0.6089363694190979,0.27989909052848816,0.6325769424438477,0.23361991345882416,0.6523837447166443,0.19829656183719635,0.6720317602157593
0.5385830402374268,0.5587330460548401,0.48725926876068115,0.43257832527160645,0.3979930579662323,0.3945372402667999,0.3197365999221802,0.42051419615745544,0.2757374942302704,0.46585121750831604,0.36422356963157654,0.40533262491226196,0.25685936212539673,0.32788845896720886,0.19237904250621796,0.28666990995407104,0.1438065469264984,0.25746214389801025,0.34437867999076843,0.4891672432422638,0.21454013884067535,0.43995270133018494,0.1338585466146469,0.41100743412971497,0.07538476586341858,0.3953719139099121,0.3389778733253479,0.5752531886100769,0.21634799242019653,0.5886313915252686,0.14577969908714294,0.6025622487068176,0.09950575232505798,0.6178499460220337,0.34568682312965393,0.6475827693939209,0.25199833512306213,0.6613935232162476,0.2038394957780838,0.6724464297294617,0.1672876626253128,0.6841092705726624
0.5306041836738586,0.5805772542953491,0.47405099868774414,0.4623144268989563,0.38997524976730347,0.4255850911140442,0.31730759143829346,0.46286553144454956,0.276676207780838,0.5237826108932495,0.3505631685256958,0.42839840054512024,0.24602368474006653,0.3525599241256714,0.18146784603595734,0.3125084936618805,0.1315365582704544,0.2862579822540283,0.32194992899894714,0.507673978805542,0.1978674978017807,0.4505740702152252,0.11892928183078766,0.4225556254386902,0.06177279353141785,0.4092443883419037,0.3140731751918793,0.5954837799072266,0.1949709951877594,0.6069744229316711,0.12269251048564911,0.6199622750282288,0.07520583271980286,0.6338936686515808,0.3211219310760498,0.6743583679199219,0.2333374321460724,0.6842864155769348,0.1837410032749176,0.6972485780715942,0.1454932689666748,0.7093232870101929
0.5165436267852783,0.5995990037918091,0.45525020360946655,0.48222827911376953,0.37368571758270264,0.4436754882335663,0.30537909269332886,0.475605845451355,0.26403915882110596,0.5292510390281677,0.3337887227535248,0.4507071375846863,0.22700369358062744,0.37872397899627686,0.16348612308502197,0.3392389118671417,0.11289858818054199,0.31229084730148315,0.30767199397087097,0.5244060754776001,0.17832955718040466,0.4718776345252991,0.10084684193134308,0.4503267705440521,0.04423326253890991,0.4439176619052887,0.30134662985801697,0.6073458194732666,0.18160229921340942,0.6218751072883606,0.1103372871875763,0.6370465755462646,0.06353294849395752,0.65516197681427,0.30971866846084595,0.6829173564910889,0.22232317924499512,0.6988406777381897,0.1775401383638382,0.7185027599334717,0.145529642701149,0.7408307790756226
0.5037903785705566,0.6262059807777405,0.44880396127700806,0.5082359313964844,0.37219560146331787,0.45774224400520325,0.3011185824871063,0.4729101359844208,0.2563769519329071,0.5190463662147522,0.3190865218639374,0.47187280654907227,0.2108241617679596,0.3958231806755066,0.14730830490589142,0.3560452163219452,0.09710274636745453,0.3306092619895935,0.2909901440143585,0.5454794764518738,0.16294004023075104,0.4903672933578491,0.08535034954547882,0.4721551537513733,0.028851836919784546,0.4708901643753052,0.2828510105609894,0.6274437308311462,0.1669844686985016,0.6435323357582092,0.0967666357755661,0.6633314490318298,0.05016079545021057,0.6848030686378479,0.2908616065979004,0.7021251916885376,0.21233493089675903,0.7309564352035522,0.17173007130622864,0.7584300637245178,0.1417880356311798,0.7841701507568359
0.5045816898345947,0.6460121870040894,0.4455415606498718,0.5235660076141357,0.36856311559677124,0.4723111689090729,0.29824620485305786,0.4845377206802368,0.25335073471069336,0.5292550325393677,0.31359830498695374,0.48780927062034607,0.2034800499677658,0.4134169816970825,0.13612842559814453,0.3719104528427124,0.08439084887504578,0.3426644206047058,0.28634724020957947,0.5606606602668762,0.15915657579898834,0.5124646425247192,0.08351054787635803,0.4951646625995636,0.029257476329803467,0.4886772930622101,0.27929216623306274,0.641811728477478,0.15925829112529755,0.6602244973182678,0.08718936145305634,0.6814123392105103,0.03879988193511963,0.6983262896537781,0.2892441153526306,0.7148232460021973,0.20581233501434326,0.7559257745742798,0.16047759354114532,0.7901095747947693,0.12492047250270844,0.8168729543685913
0.5009745955467224,0.6497756838798523,0.43758994340896606,0.5304492115974426,0.36322808265686035,0.4827708899974823,0.29326945543289185,0.49717479944229126,0.2471291571855545,0.5396937131881714,0.3044910728931427,0.49659937620162964,0.19803385436534882,0.42322099208831787,0.13090495765209198,0.3838237524032593,0.0793912410736084,0.3566729426383972,0.28161558508872986,0.5705289244651794,0.14980442821979523,0.5279189944267273,0.07373033463954926,0.5126295685768127,0.019232839345932007,0.5065540671348572,0.2787003219127655,0.6517339944839478,0.15717998147010803,0.6722314357757568,0.0853121429681778,0.6953094601631165,0.03719887137413025,0.714336633682251,0.2929849624633789,0.7261359691619873,0.20711030066013336,0.7667409777641296,0.15884776413440704,0.7990354895591736,0.11876071989536285,0.8230404257774353
0.5063638687133789,0.6548853516578674,0.4388730227947235,0.5359784960746765,0.3619347810745239,0.4902125597000122,0.2902999818325043,0.5089118480682373,0.24531462788581848,0.5550482273101807,0.30139705538749695,0.5016870498657227,0.19514469802379608,0.4286176264286041,0.13024559617042542,0.38795584440231323,0.08025661110877991,0.35915255546569824,0.27920228242874146,0.5753548741340637,0.15422454476356506,0.5332398414611816,0.08090712130069733,0.5149509906768799,0.02641397714614868,0.5050522089004517,0.2786344587802887,0.6570515036582947,0.15867136418819427,0.6800016760826111,0.08704544603824615,0.7047240734100342,0.036765724420547485,0.7246890664100647,0.29629021883010864,0.7310934066772461,0.2091204822063446,0.7726837396621704,0.16405673325061798,0.8038037419319153,0.1267264485359192,0.8267757296562195
0.5120291113853455,0.661093533039093,0.446539044380188,0.5433697700500488,0.3676275610923767,0.49620455503463745,0.2933943569660187,0.508130669593811,0.24422580003738403,0.5467441082000732,0.3086344599723816,0.5059550404548645,0.19942153990268707,0.430398166179657,0.1327907294034958,0.3896733224391937,0.08133502304553986,0.3616868853569031,0.28789275884628296,0.5783475041389465,0.15674515068531036,0.5401712656021118,0.07846064865589142,0.5285562872886658,0.02242174744606018,0.5270676612854004,0.28734326362609863,0.6586183309555054,0.1653066873550415,0.6820693016052246,0.09442262351512909,0.7098597884178162,0.04706408083438873,0.7348155975341797,0.3040018081665039,0.7349799275398254,0.21507719159126282,0.7774996757507324,0.1699199229478836,0.8103867769241333,0.13462281227111816,0.836899995803833
0.5212785005569458,0.6509448885917664,0.45218348503112793,0.5360645055770874,0.37268316745758057,0.49354177713394165,0.30116787552833557,0.5126515626907349,0.25678107142448425,0.5594236850738525,0.314596563577652,0.5024081468582153,0.20849955081939697,0.42759236693382263,0.14496304094791412,0.38776135444641113,0.09582555294036865,0.3602176010608673,0.29346150159835815,0.5756049156188965,0.16485708951950073,0.5360906720161438,0.08638279139995575,0.523374080657959,0.030490458011627197,0.5218577980995178,0.29271864891052246,0.6546302437782288,0.1744704246520996,0.675832986831665,0.10924158990383148,0.7003937363624573,0.0680820494890213,0.7246155142784119,0.3082039952278137,0.7267844676971436,0.2218044251203537,0.7694389224052429,0.17965294420719147,0.8021210432052612,0.1477121114730835,0.8295955061912537
0.5283825993537903,0.6454338431358337,0.457644522190094,0.5270906090736389,0.3755584955215454,0.4885452091693878,0.3049546182155609,0.5095319747924805,0.2620205283164978,0.5579551458358765,0.32804936170578003,0.49550777673721313,0.2197657972574234,0.42279499769210815,0.15548211336135864,0.38263553380966187,0.10724692046642303,0.3549962639808655,0.3076339364051819,0.5695510506629944,0.17535394430160522,0.5243672728538513,0.09685933589935303,0.508678138256073,0.04161235690116882,0.5051310658454895,0.30661338567733765,0.6504512429237366,0.18699130415916443,0.667276918888092,0.12097179889678955,0.6837392449378967,0.07951253652572632,0.7004424929618835,0.3211269974708557,0.7236902713775635,0.23415999114513397,0.7619303464889526,0.19035977125167847,0.7893151640892029,0.15784399211406708,0.8128259181976318
0.5328035950660706,0.6342089176177979,0.46300679445266724,0.5186010599136353,0.3852947950363159,0.4826362729072571,0.31670665740966797,0.5012167096138,0.2747838795185089,0.5481571555137634,0.3338123857975006,0.4876592755317688,0.22687944769859314,0.41567331552505493,0.16447003185749054,0.37871286273002625,0.11842767894268036,0.35415297746658325,0.3142395317554474,0.5630302429199219,0.1838766485452652,0.5186821222305298,0.10884866118431091,0.5022526383399963,0.055473268032073975,0.4963727295398712,0.3132147789001465,0.6444882750511169,0.19613304734230042,0.6621494889259338,0.1318371593952179,0.6734116673469543,0.08991515636444092,0.6836634874343872,0.3279637098312378,0.7158285975456238,0.24310776591300964,0.7517536878585815,0.20054641366004944,0.7764050960540771,0.16801826655864716,0.7949763536453247
0.5412642359733582,0.6262860298156738,0.4718973636627197,0.514704167842865,0.3952185809612274,0.48051318526268005,0.3273784816265106,0.49937179684638977,0.2859247624874115,0.5449483394622803,0.3472285866737366,0.48175308108329773,0.23937223851680756,0.4114278554916382,0.1762547492980957,0.3747215270996094,0.13047200441360474,0.34926074743270874,0.33365723490715027,0.5551632046699524,0.1991102546453476,0.5146721601486206,0.12213234603404999,0.49951058626174927,0.06591248512268066,0.49309074878692627,0.3360446095466614,0.634850263595581,0.21381732821464539,0.6546542048454285,0.14520138502120972,0.6670181155204773,0.09804737567901611,0.6762609481811523,0.3529056906700134,0.703724205493927,0.26304101943969727,0.7369482517242432,0.21913623809814453,0.7635861039161682,0.1840256005525589,0.7849453687667847
0.5383419394493103,0.6284052133560181,0.4694730043411255,0.5122907757759094,0.39515912532806396,0.47673606872558594,0.32719317078590393,0.4977087676525116,0.2844963073730469,0.5459727644920349,0.34856876730918884,0.4848063290119171,0.23992806673049927,0.41222119331359863,0.17664001882076263,0.37419167160987854,0.12889811396598816,0.34698426723480225,0.32980844378471375,0.5587850213050842,0.19713841378688812,0.514310359954834,0.12065161764621735,0.4994507431983948,0.0662318766117096,0.4929549992084503,0.3298526108264923,0.6391187906265259,0.20938369631767273,0.6561956405639648,0.13882876932621002,0.6704984307289124,0.09096251428127289,0.6830496788024902,0.3474227786064148,0.7087200880050659,0.26293569803237915,0.733310878276825,0.21897493302822113,0.7571502923965454,0.1835242509841919,0.7780120372772217
0.5615135431289673,0.624882698059082,0.4932537376880646,0.513501763343811,0.41348040103912354,0.47939419746398926,0.34580400586128235,0.5008649230003357,0.30300483107566833,0.5439703464508057,0.368692547082901,0.4846704602241516,0.26522141695022583,0.4140741527080536,0.20341253280639648,0.3751789331436157,0.15560443699359894,0.3461260199546814,0.3509088456630707,0.5549623966217041,0.2239445149898529,0.5146530866622925,0.14710329473018646,0.4961179196834564,0.08913195133209229,0.48515236377716064,0.35112446546554565,0.632008969783783,0.23419685661792755,0.6510862708091736,0.1641923487186432,0.6637684106826782,0.1147778183221817,0.6726359128952026,0.3659989833831787,0.699612021446228,0.2819969952106476,0.7307471632957458,0.23789533972740173,0.7560198903083801,0.20076286792755127,0.7765213847160339
0.5702880620956421,0.6207565069198608,0.5026680827140808,0.5064332485198975,0.42270466685295105,0.474809467792511,0.353674054145813,0.49801525473594666,0.31286129355430603,0.5429393649101257,0.3818739056587219,0.4767882227897644,0.2814105749130249,0.40661823749542236,0.22023092210292816,0.3673308491706848,0.17520181834697723,0.33940237760543823,0.36287930607795715,0.5492060780525208,0.23701003193855286,0.5086422562599182,0.16228756308555603,0.4874580204486847,0.10754452645778656,0.47413378953933716,0.36309003829956055,0.6282109022140503,0.24786058068275452,0.642802357673645,0.1825762838125229,0.6514578461647034,0.1389298290014267,0.6584641337394714,0.37861037254333496,0.6981480717658997,0.2984609305858612,0.7216675281524658,0.2538522481918335,0.7410945296287537,0.21652136743068695,0.7581239938735962
0.583608865737915,0.6115732789039612,0.5152496695518494,0.5018337368965149,0.4342520534992218,0.4714870750904083,0.36572766304016113,0.5010627508163452,0.3259567320346832,0.5495781898498535,0.39855730533599854,0.46434783935546875,0.2989138960838318,0.39783626794815063,0.23828807473182678,0.3579409122467041,0.19171105325222015,0.3279142677783966,0.3783995807170868,0.5366803407669067,0.25886404514312744,0.4951922297477722,0.18516498804092407,0.4723007380962372,0.1299680471420288,0.46045005321502686,0.37675395607948303,0.6147426962852478,0.26752954721450806,0.6290364265441895,0.21490633487701416,0.6378728747367859,0.1828678548336029,0.6479687094688416,0.3890000581741333,0.6859883666038513,0.30806562304496765,0.7051540613174438,0.2648068070411682,0.7205331325531006,0.231352299451828,0.7347809076309204
0.5923715233802795,0.6054046154022217,0.5334804058074951,0.4936527609825134,0.4512077569961548,0.46474775671958923,0.3795960545539856,0.4829886257648468,0.33591821789741516,0.5207000374794006,0.4192200005054474,0.45260119438171387,0.31487128138542175,0.3850451111793518,0.2547719478607178,0.34872761368751526,0.2079233080148697,0.3223223388195038,0.40104445815086365,0.5243126153945923,0.27790549397468567,0.478096604347229,0.2046864628791809,0.45242947340011597,0.15006035566329956,0.4373554289340973,0.3970353305339813,0.6027222275733948,0.27992531657218933,0.6128119230270386,0.2225959151983261,0.6217870712280273,0.18611527979373932,0.6314511299133301,0.40514352917671204,0.6737039089202881,0.3202703297138214,0.6917845010757446,0.2751369774341583,0.7021512985229492,0.23913542926311493,0.7091885805130005
0.6095243692398071,0.5933599472045898,0.5567159652709961,0.48163098096847534,0.4770523011684418,0.4442726969718933,0.40574896335601807,0.4414812922477722,0.3573794662952423,0.46599555015563965,0.4384976923465729,0.4369337558746338,0.32934361696243286,0.3784744143486023,0.2672986388206482,0.3477272391319275,0.22150222957134247,0.32488343119621277,0.4294859766960144,0.5088104009628296,0.3088562488555908,0.49182364344596863,0.24152682721614838,0.4792715311050415,0.18962331116199493,0.46537548303604126,0.42977625131607056,0.5831712484359741,0.31162166595458984,0.5977373123168945,0.24756285548210144,0.6096155643463135,0.20265614986419678,0.6158201098442078,0.4372742772102356,0.6458901166915894,0.3503571152687073,0.6713631749153137,0.30300474166870117,0.6863184571266174,0.26375508308410645,0.6934813261032104
0.6229892373085022,0.5758681297302246,0.5687390565872192,0.46724870800971985,0.4916098117828369,0.4228115677833557,0.42629262804985046,0.41768383979797363,0.38126856088638306,0.43430015444755554,0.4508345127105713,0.417052298784256,0.36115720868110657,0.34826451539993286,0.30879685282707214,0.303303599357605,0.26921918988227844,0.26826363801956177,0.43446576595306396,0.4797363877296448,0.3209465742111206,0.4306983947753906,0.2530868649482727,0.3980100154876709,0.2011534720659256,0.37620726227760315,0.4321116805076599,0.5521808862686157,0.3186438977718353,0.5621736645698547,0.25463780760765076,0.5668842792510986,0.21022358536720276,0.5690555572509766,0.4423474967479706,0.6204135417938232,0.3565977215766907,0.6413267850875854,0.3122051954269409,0.6516042947769165,0.2772267460823059,0.6568738222122192
0.63286954164505,0.5646654367446899,0.57912278175354,0.4534204602241516,0.50506991147995,0.4187365770339966,0.43944820761680603,0.4305015504360199,0.39797452092170715,0.46530288457870483,0.4673008620738983,0.4038905203342438,0.380514919757843,0.3304862082004547,0.3289359211921692,0.29111868143081665,0.28876909613609314,0.26392361521720886,0.4457506239414215,0.46364346146583557,0.3347173035144806,0.40625500679016113,0.2676193118095398,0.37589403986930847,0.2156825214624405,0.3584568500518799,0.43998777866363525,0.5353882312774658,0.3276256322860718,0.5469948053359985,0.2662699818611145,0.5521044135093689,0.22403636574745178,0.557073175907135,0.44881847500801086,0.6026933789253235,0.36435994505882263,0.6279182434082031,0.31939953565597534,0.6413036584854126,0.2829742729663849,0.6487213373184204
0.6408374309539795,0.5582998991012573,0.5858955383300781,0.4495466947555542,0.5129075050354004,0.4113045930862427,0.44873684644699097,0.41402333974838257,0.4062926173210144,0.4384180009365082,0.47110527753829956,0.39981839060783386,0.3892212212085724,0.31987401843070984,0.3403836488723755,0.2762335538864136,0.3049805164337158,0.24523034691810608,0.45181649923324585,0.4582255482673645,0.34434446692466736,0.4045167565345764,0.28441479802131653,0.37333813309669495,0.23979336023330688,0.352154403924942,0.4467168152332306,0.5280444025993347,0.3356696367263794,0.5358034372329712,0.2764834463596344,0.5429682731628418,0.23590849339962006,0.5478891730308533,0.4570726752281189,0.5941827297210693,0.37246355414390564,0.6175594329833984,0.3291153013706207,0.6301376223564148,0.29534000158309937,0.6354940533638
0.6542021036148071,0.5613441467285156,0.5991973876953125,0.4484843611717224,0.5256457328796387,0.4118644893169403,0.46170705556869507,0.42034077644348145,0.42111238837242126,0.4522359073162079,0.48558521270751953,0.3983292877674103,0.40419134497642517,0.3197028636932373,0.3564385771751404,0.2736975848674774,0.32169240713119507,0.23976323008537292,0.46429216861724854,0.45535922050476074,0.35744690895080566,0.40208402276039124,0.2958785891532898,0.3710334897041321,0.2501303553581238,0.3493931293487549,0.45919883251190186,0.5262575745582581,0.35010483860969543,0.5337440967559814,0.28837448358535767,0.5402052402496338,0.24434030055999756,0.5450966954231262,0.47048497200012207,0.5958616733551025,0.38501793146133423,0.6156463623046875,0.3410889506340027,0.630230724811554,0.3055664896965027,0.638676643371582
0.6638286113739014,0.5676559805870056,0.6084669828414917,0.45799338817596436,0.5348717570304871,0.4211156964302063,0.4733220636844635,0.4290614724159241,0.4329127371311188,0.45880579948425293,0.4928489029407501,0.40650674700737,0.41122063994407654,0.3281223177909851,0.36526352167129517,0.28152191638946533,0.3315361738204956,0.24588218331336975,0.4746052920818329,0.46206289529800415,0.3673327565193176,0.4081208407878876,0.30595579743385315,0.37526336312294006,0.25838375091552734,0.35297203063964844,0.4719131290912628,0.5309199690818787,0.36236637830734253,0.5372246503829956,0.2994805872440338,0.5419334173202515,0.25359055399894714,0.5460091829299927,0.4848395884037018,0.5988214612007141,0.39884084463119507,0.6135283708572388,0.3547147214412689,0.626456081867218,0.3193429410457611,0.6352845430374146
0.6717050075531006,0.5794780254364014,0.6157159805297852,0.4705023467540741,0.5425484776496887,0.4323214888572693,0.48109301924705505,0.44045597314834595,0.4406956732273102,0.47271209955215454,0.5038038492202759,0.41517338156700134,0.4197865128517151,0.33463677763938904,0.37161755561828613,0.29210570454597473,0.33622848987579346,0.2612505257129669,0.483500212430954,0.4689192473888397,0.3750433325767517,0.41297948360443115,0.3115251958370209,0.3819350004196167,0.2643367052078247,0.3632557988166809,0.47901296615600586,0.5375760197639465,0.36850565671920776,0.5442950129508972,0.30535364151000977,0.5517721176147461,0.26013654470443726,0.5602753162384033,0.49003973603248596,0.6055902242660522,0.40232816338539124,0.6257309317588806,0.35495853424072266,0.6442914605140686,0.31552189588546753,0.6599847674369812
0.6754066944122314,0.5941390991210938,0.618873655796051,0.48140034079551697,0.5431270599365234,0.43936049938201904,0.4812776446342468,0.44756728410720825,0.44064661860466003,0.4817212224006653,0.5085915923118591,0.43010786175727844,0.4243513345718384,0.34654927253723145,0.37826085090637207,0.30517059564590454,0.34306657314300537,0.2738865613937378,0.48936864733695984,0.4870026409626007,0.3795332908630371,0.42718297243118286,0.3165844976902008,0.393429160118103,0.270147442817688,0.3717848062515259,0.48595163226127625,0.558308482170105,0.3711811602115631,0.5616644024848938,0.309272825717926,0.5642746686935425,0.26657381653785706,0.5677233934402466,0.49860501289367676,0.6252851486206055,0.40644803643226624,0.6410990357398987,0.35906657576560974,0.6544392704963684,0.32236602902412415,0.6655066013336182
0.6795032620429993,0.6098237633705139,0.6249288320541382,0.49698007106781006,0.5484262108802795,0.4569724500179291,0.48442670702934265,0.4640848636627197,0.44286614656448364,0.4967513978481293,0.5128263831138611,0.4466768205165863,0.4272974133491516,0.36631539463996887,0.3816283345222473,0.32451820373535156,0.3462572395801544,0.29127150774002075,0.49450698494911194,0.5039896965026855,0.3858141601085663,0.4428117275238037,0.3229379951953888,0.40594935417175293,0.27595803141593933,0.3807101845741272,0.4936855733394623,0.5754756927490234,0.3800722360610962,0.5814125537872314,0.31702953577041626,0.5855145454406738,0.2721336781978607,0.588232696056366,0.5091845393180847,0.6429715752601624,0.42011532187461853,0.6584405303001404,0.374763548374176,0.6721341013908386,0.33770179748535156,0.6825929284095764
0.6818122267723083,0.6224954724311829,0.6225617527961731,0.5110883116722107,0.5474092364311218,0.4699609577655792,0.4878670871257782,0.4834996461868286,0.4488047659397125,0.5177882313728333,0.518670916557312,0.4584563374519348,0.4346603453159332,0.3810271620750427,0.3881158232688904,0.33953404426574707,0.35274744033813477,0.30642834305763245,0.4999929964542389,0.5127517580986023,0.387839138507843,0.4555276334285736,0.3216652572154999,0.4270559251308441,0.2704598307609558,0.4069201350212097,0.49647557735443115,0.5852382183074951,0.38369113206863403,0.5918235778808594,0.3195502758026123,0.6006911396980286,0.27357351779937744,0.6053697466850281,0.5075111389160156,0.6591209173202515,0.4222226142883301,0.6827244758605957,0.3765450716018677,0.6994630694389343,0.33986973762512207,0.709885835647583
0.6898701190948486,0.6414322853088379,0.6346991658210754,0.5316872596740723,0.5569256544113159,0.4935300946235657,0.4938298165798187,0.507466733455658,0.45324650406837463,0.5410310626029968,0.5300438404083252,0.48294711112976074,0.4421413242816925,0.40479785203933716,0.39447134733200073,0.36306291818618774,0.3572853207588196,0.3299747705459595,0.5099942684173584,0.5378454327583313,0.3961912989616394,0.47975921630859375,0.33006298542022705,0.44841814041137695,0.2784566879272461,0.42745310068130493,0.5040141344070435,0.6088141202926636,0.38816037774086,0.6159942150115967,0.32287418842315674,0.6246604323387146,0.27674829959869385,0.6318210363388062,0.511253297328949,0.6788935661315918,0.42069685459136963,0.6950254440307617,0.3753823935985565,0.7079588770866394,0.34001272916793823,0.7166557908058167
0.6929682493209839,0.6704186201095581,0.6422359347343445,0.5557627081871033,0.5659627914428711,0.5139732360839844,0.501655638217926,0.5217143297195435,0.457412451505661,0.5506971478462219,0.5351558923721313,0.5032034516334534,0.4470030665397644,0.4246608018875122,0.39464932680130005,0.38195985555648804,0.3528147339820862,0.34783023595809937,0.5157907009124756,0.5599628686904907,0.40184250473976135,0.5031310319900513,0.33387863636016846,0.4719352424144745,0.281345009803772,0.45069003105163574,0.5102953314781189,0.6307920813560486,0.3930482566356659,0.6381413340568542,0.32518595457077026,0.6473013758659363,0.277848482131958,0.6534616351127625,0.5182881951332092,0.6998590230941772,0.4268656373023987,0.7149724364280701,0.3802569508552551,0.7244743704795837,0.3449332118034363,0.7277186512947083
0.7015770077705383,0.6821632981300354,0.6478301286697388,0.5712162256240845,0.5723055601119995,0.5314958095550537,0.5093572735786438,0.5428743362426758,0.4647562503814697,0.5734738111495972,0.5380318760871887,0.524599015712738,0.4479270577430725,0.44195765256881714,0.39513903856277466,0.3987730145454407,0.35382452607154846,0.36493486166000366,0.5176040530204773,0.5832956433296204,0.40171197056770325,0.5277273654937744,0.33410972356796265,0.4948263168334961,0.28236937522888184,0.47349321842193604,0.5115940570831299,0.6551754474639893,0.3985995948314667,0.6635639071464539,0.33281099796295166,0.670094907283783,0.287383109331131,0.6751723885536194,0.5212835073471069,0.7226943373680115,0.43536293506622314,0.7388608455657959,0.3946707248687744,0.7503487467765808,0.36751165986061096,0.7587466239929199
0.7125520706176758,0.700806736946106,0.6579145193099976,0.586466908454895,0.581203818321228,0.5418282747268677,0.5153764486312866,0.5500583052635193,0.47087976336479187,0.5797629952430725,0.547263503074646,0.5394325852394104,0.4560595750808716,0.46510010957717896,0.40315765142440796,0.42357197403907776,0.36048781871795654,0.3900914192199707,0.5264937877655029,0.5991625785827637,0.41236260533332825,0.5493230223655701,0.34297382831573486,0.5200403928756714,0.28894394636154175,0.4997789263725281,0.5216071605682373,0.6702967882156372,0.41067492961883545,0.6764054894447327,0.3437901437282562,0.682806670665741,0.2967981994152069,0.6894686222076416,0.5313029289245605,0.7348102927207947,0.44696497917175293,0.7472621202468872,0.40387558937072754,0.7641411423683167,0.37234970927238464,0.7822617292404175
0.7162272930145264,0.713849663734436,0.6660270094871521,0.5962339639663696,0.5916168093681335,0.5455107688903809,0.5240182876586914,0.5487287044525146,0.4748431444168091,0.5765892267227173,0.557948887348175,0.5522366166114807,0.4666948914527893,0.48313507437705994,0.41268908977508545,0.44287484884262085,0.3676150441169739,0.4099270701408386,0.5367640256881714,0.6187482476234436,0.4203881323337555,0.5647282600402832,0.3482799530029297,0.5355632901191711,0.2906867265701294,0.516390323638916,0.5286275744438171,0.69269859790802,0.41538703441619873,0.6975556015968323,0.3455885052680969,0.7044195532798767,0.2978416979312897,0.7110562920570374,0.5332890748977661,0.7565271854400635,0.4441450834274292,0.7713891863822937,0.39812523126602173,0.7898972034454346,0.36582693457603455,0.8076895475387573
0.7244561910629272,0.7281521558761597,0.6763310432434082,0.6055918335914612,0.6044618487358093,0.5571253895759583,0.5379740595817566,0.5608294010162354,0.49190831184387207,0.5876398086547852,0.5634722113609314,0.5674769878387451,0.47198015451431274,0.4941468834877014,0.4185413420200348,0.4502641558647156,0.3748871088027954,0.4139443337917328,0.5386569499969482,0.6346154808998108,0.4270573854446411,0.5787573456764221,0.3557000160217285,0.5500257015228271,0.3001057505607605,0.5317906737327576,0.5302232503890991,0.706799328327179,0.4205562472343445,0.7105923891067505,0.35106050968170166,0.7172349691390991,0.303105890750885,0.7249707579612732,0.5371600985527039,0.7679736614227295,0.4541623890399933,0.7838871479034424,0.40901851654052734,0.8027063012123108,0.37461057305336,0.8204681873321533
0.7420190572738647,0.7384270429611206,0.6969984769821167,0.6123407483100891,0.626202404499054,0.5580984950065613,0.5572928190231323,0.5578398704528809,0.5109004378318787,0.5836328268051147,0.5772331953048706,0.5683290362358093,0.48565706610679626,0.49765533208847046,0.4296705722808838,0.4548582434654236,0.383419930934906,0.42072102427482605,0.5501317381858826,0.6364616751670837,0.44157716631889343,0.5830980539321899,0.3706095218658447,0.5549278259277344,0.3142082095146179,0.5369864106178284,0.539890706539154,0.7085001468658447,0.4329095780849457,0.7143048048019409,0.36602509021759033,0.721325695514679,0.3193272352218628,0.7286263704299927,0.545158863067627,0.7701296210289001,0.4652751684188843,0.7892546057701111,0.4217207729816437,0.8090220093727112,0.3868485689163208,0.8260183334350586
0.7591335773468018,0.7415967583656311,0.7107599377632141,0.6184384822845459,0.635444700717926,0.5641182065010071,0.5653660893440247,0.5710165500640869,0.5175797343254089,0.6033880710601807,0.5918674468994141,0.5679250359535217,0.5022377967834473,0.49630674719810486,0.44530346989631653,0.4535446763038635,0.398128867149353,0.4192347824573517,0.5660401582717896,0.6349830031394958,0.4572049379348755,0.5793905854225159,0.3860182762145996,0.5485026240348816,0.3281620144844055,0.5276575088500977,0.5557015538215637,0.7068809866905212,0.4483242630958557,0.7093146443367004,0.38132596015930176,0.713178277015686,0.3332897424697876,0.7180629968643188,0.5591570734977722,0.7687121629714966,0.48007166385650635,0.7847647070884705,0.43645429611206055,0.8022890090942383,0.40111762285232544,0.8185442090034485
0.7684085369110107,0.7345945239067078,0.7205438017845154,0.610622227191925,0.6412713527679443,0.5590182542800903,0.5690387487411499,0.5661494731903076,0.5202376842498779,0.595329999923706,0.6023361086845398,0.5543277263641357,0.5122687220573425,0.4869508147239685,0.45750561356544495,0.44484955072402954,0.4122297167778015,0.41018611192703247,0.5790159702301025,0.6210569739341736,0.47190797328948975,0.5678883790969849,0.40284663438796997,0.5345383286476135,0.34702268242836,0.511542797088623,0.5710350871086121,0.6944614052772522,0.4635354280471802,0.6973090171813965,0.39606600999832153,0.7003052830696106,0.34783148765563965,0.7050516605377197,0.5765915513038635,0.7589820623397827,0.4958552420139313,0.7725784778594971,0.4503844678401947,0.7848780155181885,0.41463860869407654,0.797311007976532
0.7745580673217773,0.7221541404724121,0.7218672037124634,0.5992714166641235,0.642879068851471,0.5554418563842773,0.5748564004898071,0.5614146590232849,0.5278030633926392,0.5848156809806824,0.6119642853736877,0.5395501255989075,0.5232671499252319,0.46872758865356445,0.46997347474098206,0.42751312255859375,0.4265797734260559,0.3922897279262543,0.5931267142295837,0.6041916012763977,0.4880048632621765,0.5470315217971802,0.41922134160995483,0.5085582137107849,0.3638753890991211,0.47952932119369507,0.587370753288269,0.6793510317802429,0.4731404781341553,0.6836609840393066,0.4017535448074341,0.6897282004356384,0.3513294458389282,0.6945629715919495,0.5938714742660522,0.7485605478286743,0.5043841004371643,0.7604891061782837,0.45471620559692383,0.7683399319648743,0.4142876863479614,0.7730754613876343
0.7710666060447693,0.6988175511360168,0.7187979221343994,0.5846039056777954,0.6444922685623169,0.5448035597801208,0.5818490982055664,0.5564191341400146,0.5388684868812561,0.5814628601074219,0.6139905452728271,0.5232729315757751,0.5316012501716614,0.4479718804359436,0.4812754988670349,0.40677040815353394,0.44150933623313904,0.37454816699028015,0.5948185324668884,0.5857231020927429,0.49306750297546387,0.5282038450241089,0.4277585446834564,0.49124932289123535,0.3763523995876312,0.4649513363838196,0.587232768535614,0.6598586440086365,0.47882163524627686,0.6639232635498047,0.4123956263065338,0.6682342886924744,0.3656541705131531,0.6722835898399353,0.59239661693573,0.7289749979972839,0.5088070034980774,0.7445966005325317,0.46126461029052734,0.754410982131958,0.4232622981071472,0.7608320713043213
0.7711856961250305,0.6944899559020996,0.7188478112220764,0.5809378027915955,0.6463069319725037,0.5416767001152039,0.5832361578941345,0.555932343006134,0.5403762459754944,0.5850065350532532,0.6141872406005859,0.5197590589523315,0.5358986854553223,0.4466742277145386,0.4884974956512451,0.40487468242645264,0.4506673812866211,0.3708970546722412,0.592832624912262,0.5798889994621277,0.49600040912628174,0.5248743891716003,0.43180638551712036,0.49206602573394775,0.3813595473766327,0.46844425797462463,0.5862330198287964,0.6529948115348816,0.48456600308418274,0.6567782759666443,0.42023271322250366,0.6642472743988037,0.3739103674888611,0.6706857085227966,0.5935035347938538,0.7208089232444763,0.5152433514595032,0.7331822514533997,0.4687885046005249,0.7445666193962097,0.42991504073143005,0.7530073523521423
0.7768123149871826,0.6682735085487366,0.7269331216812134,0.5562054514884949,0.6544236540794373,0.5143132209777832,0.5914128422737122,0.5143004059791565,0.5495005249977112,0.5366140604019165,0.6221184134483337,0.49165064096450806,0.5371255874633789,0.42145878076553345,0.48814156651496887,0.37814730405807495,0.4494311213493347,0.3433680534362793,0.6088782548904419,0.551459550857544,0.5050172209739685,0.49643516540527344,0.4399391710758209,0.46091872453689575,0.38853996992111206,0.4350821375846863,0.6048994660377502,0.6227943301200867,0.49262022972106934,0.6239728331565857,0.42528802156448364,0.6237816214561462,0.37763237953186035,0.6234747171401978,0.6122910380363464,0.6911507248878479,0.5175901651382446,0.704628050327301,0.4697962999343872,0.7171138525009155,0.43111592531204224,0.7274847626686096
0.7725257277488708,0.6530585885047913,0.7205482721328735,0.5456379652023315,0.6493775248527527,0.5052804946899414,0.5858333110809326,0.5100867748260498,0.5426339507102966,0.5388017892837524,0.6175748109817505,0.4820871651172638,0.5337610840797424,0.40758997201919556,0.48527586460113525,0.36137425899505615,0.4486728310585022,0.324649840593338,0.6046050190925598,0.5401220917701721,0.4994431138038635,0.48165106773376465,0.4366891086101532,0.44653934240341187,0.3874555230140686,0.41915401816368103,0.6001381874084473,0.6092464327812195,0.4890470802783966,0.6110261678695679,0.4222579300403595,0.610687255859375,0.37494924664497375,0.6060104370117188,0.6060279607772827,0.6751607656478882,0.5145915746688843,0.6862494945526123,0.46789678931236267,0.6998496651649475,0.43047285079956055,0.7072749137878418
0.7672332525253296,0.6353015899658203,0.7123439311981201,0.5303658843040466,0.6394858360290527,0.49082857370376587,0.5762038230895996,0.4994068741798401,0.5337738394737244,0.5251866579055786,0.6045480370521545,0.46830978989601135,0.5246901512145996,0.3983588218688965,0.4767611026763916,0.3535115122795105,0.4403023421764374,0.3169070780277252,0.5940670967102051,0.5265114307403564,0.4895484149456024,0.47320476174354553,0.4290206730365753,0.440418004989624,0.3803206980228424,0.4136848449707031,0.5925993919372559,0.5951295495033264,0.4843815863132477,0.5993177890777588,0.41971898078918457,0.599270224571228,0.3732650876045227,0.5937679409980774,0.6018809676170349,0.6609784960746765,0.5156538486480713,0.6752052307128906,0.4695504307746887,0.6884738206863403,0.4324342608451843,0.6942644715309143
0.7651751041412354,0.6304422616958618,0.7112335562705994,0.524382472038269,0.6394609212875366,0.48680126667022705,0.5764188170433044,0.4902389943599701,0.5351259708404541,0.5133403539657593,0.6007635593414307,0.46490901708602905,0.5192728042602539,0.3952363133430481,0.47058939933776855,0.34992849826812744,0.4344770908355713,0.3127935528755188,0.5923592448234558,0.5213100910186768,0.4859825074672699,0.4692511260509491,0.4246414005756378,0.43754449486732483,0.37577518820762634,0.4131465554237366,0.591112494468689,0.5876495838165283,0.4810936152935028,0.5917664766311646,0.4159926772117615,0.5956436395645142,0.3698624074459076,0.5944080352783203,0.5994082093238831,0.6533948183059692,0.5121244788169861,0.6701393127441406,0.4667889475822449,0.6829681992530823,0.4301491975784302,0.6870964765548706
0.7628408074378967,0.626242995262146,0.7082398533821106,0.5202208757400513,0.6355400681495667,0.4813433587551117,0.5737800002098083,0.4842826724052429,0.532569944858551,0.5077191591262817,0.5993009209632874,0.46187591552734375,0.5183947682380676,0.39699649810791016,0.4711618721485138,0.3539885878562927,0.4350413382053375,0.3179909586906433,0.5890665650367737,0.5160328149795532,0.48550236225128174,0.46848875284194946,0.4244179427623749,0.4390246272087097,0.3756197988986969,0.41566115617752075,0.5863949060440063,0.5818324089050293,0.4784454107284546,0.5879515409469604,0.4141315519809723,0.5931228995323181,0.36761021614074707,0.592639148235321,0.593315601348877,0.6481150984764099,0.5094256401062012,0.6653416752815247,0.46477609872817993,0.6781048774719238,0.42818647623062134,0.6818534731864929
0.7609215974807739,0.6245009303092957,0.7065531015396118,0.520111620426178,0.6339201927185059,0.4807455539703369,0.571986734867096,0.4827074706554413,0.5312595367431641,0.5048258900642395,0.596640944480896,0.4604490399360657,0.5151627063751221,0.39207184314727783,0.46710842847824097,0.347154825925827,0.4312390089035034,0.3098057806491852,0.5881513953208923,0.5141510963439941,0.4841059446334839,0.4651954174041748,0.4229579567909241,0.43466347455978394,0.3743096590042114,0.41079798340797424,0.586610734462738,0.5794991850852966,0.4774549603462219,0.5857220888137817,0.41259071230888367,0.5908195972442627,0.3658820390701294,0.5903791785240173,0.5945109128952026,0.6465682983398438,0.5083017945289612,0.6637696623802185,0.4633246064186096,0.676058292388916,0.4270784854888916,0.6797738075256348
0.7572284936904907,0.628699004650116,0.7049057483673096,0.5240773558616638,0.6326376795768738,0.48391127586364746,0.5714952945709229,0.48515617847442627,0.5307724475860596,0.5091302394866943,0.5990071892738342,0.4663325548171997,0.5193309187889099,0.39975622296333313,0.473686158657074,0.3572990894317627,0.4385998845100403,0.3225908875465393,0.5890539884567261,0.5193686485290527,0.48593226075172424,0.469512939453125,0.42595452070236206,0.4391764998435974,0.37747901678085327,0.4161706566810608,0.5864288806915283,0.5842769742012024,0.4771813750267029,0.588214099407196,0.41352447867393494,0.5932421088218689,0.3670918345451355,0.5944066047668457,0.592750608921051,0.6483586430549622,0.5097642540931702,0.6651550531387329,0.4657609164714813,0.6787490844726562,0.42972373962402344,0.6850820779800415
0.7550524473190308,0.6336246728897095,0.7019419074058533,0.5289868712425232,0.6300203204154968,0.48772910237312317,0.5696125030517578,0.4878029227256775,0.5287484526634216,0.509466290473938,0.601938009262085,0.47279202938079834,0.5226398706436157,0.40672510862350464,0.47829070687294006,0.36597371101379395,0.443234384059906,0.3318462371826172,0.5905947089195251,0.5256277918815613,0.48746639490127563,0.4729841947555542,0.4270828366279602,0.4407844543457031,0.37978482246398926,0.41577035188674927,0.5874524712562561,0.5921390652656555,0.47737693786621094,0.5946870446205139,0.4110864996910095,0.5998663902282715,0.36410635709762573,0.6009958982467651,0.5941279530525208,0.6577195525169373,0.507485032081604,0.670578122138977,0.46255990862846375,0.6828455924987793,0.42723870277404785,0.6892858147621155
0.7573443651199341,0.6449450254440308,0.7071157097816467,0.5423656702041626,0.6345060467720032,0.5001622438430786,0.5749598145484924,0.5008403062820435,0.5357069373130798,0.5242459774017334,0.6053659319877625,0.4842662215232849,0.5247447490692139,0.4154209792613983,0.4793885052204132,0.37457966804504395,0.444629967212677,0.3414006233215332,0.5922617316246033,0.5349201560020447,0.4886612892150879,0.4825741648674011,0.4278700351715088,0.44948527216911316,0.3800271451473236,0.42362481355667114,0.5883662700653076,0.599565863609314,0.4802147150039673,0.6010001301765442,0.4149041771888733,0.6046378016471863,0.3676469326019287,0.604310929775238,0.594957172870636,0.6644530296325684,0.5117401480674744,0.6789986491203308,0.46568676829338074,0.69261634349823,0.42813414335250854,0.7011227011680603
0.7563927173614502,0.6572878360748291,0.7086232304573059,0.5516596436500549,0.6376734375953674,0.5083568692207336,0.5766176581382751,0.5077170133590698,0.5350414514541626,0.5308516025543213,0.6074918508529663,0.4923868179321289,0.5286963582038879,0.42254483699798584,0.48303908109664917,0.38173896074295044,0.4475691020488739,0.34865808486938477,0.5918393731117249,0.543146550655365,0.48947250843048096,0.48843061923980713,0.42840468883514404,0.4540989100933075,0.3808136582374573,0.4274404048919678,0.5862224698066711,0.6084877848625183,0.47952261567115784,0.609375,0.41406846046447754,0.612389087677002,0.3667750954627991,0.6114569902420044,0.5920723676681519,0.6745091080665588,0.5095112919807434,0.6908645629882812,0.4639706015586853,0.7057673335075378,0.4266423285007477,0.7147629261016846
0.7571750283241272,0.6581422686576843,0.7066829204559326,0.5534688830375671,0.6368291974067688,0.5121850371360779,0.5769206881523132,0.512293815612793,0.5363171100616455,0.5356842875480652,0.6054356098175049,0.49175935983657837,0.5271931886672974,0.42487847805023193,0.48233628273010254,0.3837966024875641,0.4479007124900818,0.3496410548686981,0.5916001796722412,0.5427703857421875,0.48999953269958496,0.4872730076313019,0.4288948178291321,0.45489394664764404,0.3810991942882538,0.4298034906387329,0.5869736075401306,0.6078364253044128,0.4805077016353607,0.6084412336349487,0.4157809019088745,0.6121366620063782,0.36969923973083496,0.6114984154701233,0.5929824709892273,0.6742833852767944,0.5095129609107971,0.6898691058158875,0.4647461771965027,0.7035307288169861,0.4278161823749542,0.7108285427093506
0.7577342391014099,0.6702859997749329,0.7100531458854675,0.5648893713951111,0.6394071578979492,0.5224468111991882,0.5787312388420105,0.5201318264007568,0.5366337299346924,0.5391830205917358,0.609704852104187,0.5061907172203064,0.5302470922470093,0.4353031516075134,0.4843420386314392,0.39422523975372314,0.44824013113975525,0.36177921295166016,0.5930601358413696,0.5557262301445007,0.4908929169178009,0.49829787015914917,0.42834001779556274,0.46425560116767883,0.3794221878051758,0.43915557861328125,0.5870518684387207,0.6200106143951416,0.4804946780204773,0.6181584000587463,0.41535019874572754,0.6218048334121704,0.36864280700683594,0.6234750747680664,0.5929957628250122,0.6860889196395874,0.5084515810012817,0.7010124325752258,0.4636653959751129,0.7174270749092102,0.427670955657959,0.7297630906105042
0.7527294754981995,0.6846674680709839,0.6977814435958862,0.5798761248588562,0.6208702921867371,0.5412150025367737,0.5539824366569519,0.553390383720398,0.5058527588844299,0.5833956003189087,0.5881152749061584,0.5188220739364624,0.5013290643692017,0.4511348009109497,0.4504857063293457,0.40882790088653564,0.40961959958076477,0.3717879056930542,0.5720014572143555,0.574981689453125,0.4674293100833893,0.5308238863945007,0.3991556763648987,0.4997439682483673,0.3469754457473755,0.47659510374069214,0.569894015789032,0.6467742323875427,0.46016377210617065,0.6695891618728638,0.3887218236923218,0.6852436065673828,0.3378260135650635,0.697094738483429,0.5800729990005493,0.7216293811798096,0.4911755919456482,0.744834303855896,0.4418860971927643,0.763321042060852,0.4021851718425751,0.7788906097412109
0.7511119246482849,0.6884411573410034,0.6910607814788818,0.5773667693138123,0.6175762414932251,0.5386541485786438,0.5536378622055054,0.5519843101501465,0.5075281262397766,0.5820356607437134,0.5825177431106567,0.5269421339035034,0.4951670169830322,0.4515686333179474,0.4439733624458313,0.4089442789554596,0.4033368229866028,0.37291303277015686,0.566523551940918,0.5838748216629028,0.4610424339771271,0.5283995270729065,0.39335405826568604,0.4963497221469879,0.3416630029678345,0.47257721424102783,0.5631865859031677,0.6531164646148682,0.45418739318847656,0.670006513595581,0.38549596071243286,0.6854206323623657,0.33806514739990234,0.6957656741142273,0.5720739364624023,0.7197781801223755,0.48622363805770874,0.7412940859794617,0.43941158056259155,0.761111319065094,0.40209031105041504,0.7770775556564331
0.7554138898849487,0.6843796968460083,0.6998170614242554,0.5800554752349854,0.6250219941139221,0.5379146933555603,0.5577204823493958,0.5481669902801514,0.510113000869751,0.5784172415733337,0.5913971662521362,0.5112169981002808,0.4973554015159607,0.43730366230010986,0.44227534532546997,0.39109915494918823,0.39906883239746094,0.35333386063575745,0.5768794417381287,0.5666108727455139,0.46509861946105957,0.5149518847465515,0.39451828598976135,0.48434239625930786,0.3393028974533081,0.4624636769294739,0.5752604603767395,0.6393802165985107,0.4609079360961914,0.6586804389953613,0.3913811445236206,0.678545355796814,0.34305447340011597,0.6945009231567383,0.5853378772735596,0.7144133448600769,0.49486926198005676,0.7338660359382629,0.44522997736930847,0.7542414665222168,0.40655529499053955,0.7719396352767944
0.7455836534500122,0.6713873147964478,0.6968790888786316,0.563001275062561,0.6147593855857849,0.521856427192688,0.5447285175323486,0.5334587693214417,0.4960590898990631,0.5680028200149536,0.5871837139129639,0.4858269989490509,0.4898735284805298,0.40669578313827515,0.4296736419200897,0.3667783737182617,0.38040292263031006,0.33814430236816406,0.5743807554244995,0.5466831922531128,0.4617196321487427,0.48444586992263794,0.39348286390304565,0.4503548741340637,0.33856791257858276,0.42748546600341797,0.5707155466079712,0.6228513121604919,0.45519229769706726,0.6274434924125671,0.38578149676322937,0.6329509615898132,0.3358410894870758,0.6388735175132751,0.5765554904937744,0.6995345950126648,0.487760990858078,0.7170518636703491,0.43889933824539185,0.7330888509750366,0.3991195559501648,0.7480833530426025
0.7465939521789551,0.6446250081062317,0.6948343515396118,0.5377393960952759,0.6134427189826965,0.49456387758255005,0.5447506308555603,0.5035449266433716,0.49805912375450134,0.5331174731254578,0.5875562429428101,0.4557766318321228,0.5019546747207642,0.37572163343429565,0.4516644775867462,0.32844337821006775,0.41014835238456726,0.2905864417552948,0.5745746493339539,0.5105865597724915,0.4658030569553375,0.44811850786209106,0.40161067247390747,0.40989723801612854,0.3488365113735199,0.3828527629375458,0.5710760951042175,0.5837061405181885,0.451604962348938,0.5763970613479614,0.3817000985145569,0.5793108344078064,0.3304382562637329,0.5839391946792603,0.577127993106842,0.65987229347229,0.4799381494522095,0.6742019653320312,0.4301087260246277,0.6928667426109314,0.39029228687286377,0.7122609615325928
0.7459445595741272,0.6477131843566895,0.6961208581924438,0.539252519607544,0.6161526441574097,0.4926668703556061,0.5481910705566406,0.49588894844055176,0.5015231966972351,0.5234702825546265,0.5895079970359802,0.4616640508174896,0.5035920739173889,0.3819751739501953,0.4548620879650116,0.33606958389282227,0.41571688652038574,0.2980303168296814,0.5737181901931763,0.5151239633560181,0.4661111533641815,0.4468947649002075,0.4010028541088104,0.40724724531173706,0.34857940673828125,0.378967821598053,0.5689345598220825,0.5869560241699219,0.4536992311477661,0.5833360552787781,0.3814442753791809,0.5878862142562866,0.3280755877494812,0.5937007665634155,0.5758695006370544,0.660629391670227,0.4837680160999298,0.6758145689964294,0.43427520990371704,0.6943231225013733,0.3944309949874878,0.7130849361419678
0.7466303706169128,0.6479657292366028,0.6966782808303833,0.5400821566581726,0.6157948970794678,0.4936349391937256,0.5465032458305359,0.4967111349105835,0.49937212467193604,0.5246167778968811,0.5906453728675842,0.46067124605178833,0.5037479996681213,0.3813123404979706,0.4547383785247803,0.3349730968475342,0.4152190089225769,0.2966894805431366,0.574801504611969,0.5138048529624939,0.46814683079719543,0.444987952709198,0.40324389934539795,0.40521153807640076,0.3507521152496338,0.37721627950668335,0.5695434808731079,0.5858455896377563,0.4539906680583954,0.5838981866836548,0.38080668449401855,0.5900905728340149,0.32646697759628296,0.5976905822753906,0.5755776762962341,0.660220742225647,0.48263853788375854,0.6764307618141174,0.4329536557197571,0.6961709856987,0.3925896883010864,0.7163270711898804
0.7453925609588623,0.647127628326416,0.695475697517395,0.5390851497650146,0.6147652864456177,0.4924734830856323,0.5457667112350464,0.4959879517555237,0.4988313317298889,0.5228636264801025,0.589191198348999,0.45999613404273987,0.503014326095581,0.3808598518371582,0.4543430805206299,0.3354659378528595,0.41544729471206665,0.29800674319267273,0.5733124613761902,0.5132676959037781,0.46624940633773804,0.4459044635295868,0.40144574642181396,0.406658798456192,0.3493090271949768,0.3787040710449219,0.5681741833686829,0.5854697227478027,0.45320162177085876,0.5831317901611328,0.38096821308135986,0.5886107683181763,0.32752567529678345,0.5953770875930786,0.5745192170143127,0.6601995825767517,0.4827611446380615,0.676141619682312,0.43318629264831543,0.6957423686981201,0.3930022418498993,0.7155773043632507
0.7452620267868042,0.5041559934616089,0.676068902015686,0.3970510959625244,0.5894901752471924,0.36670222878456116,0.519931435585022,0.36952587962150574,0.47022274136543274,0.38943520188331604,0.5566938519477844,0.29452553391456604,0.47394677996635437,0.22870689630508423,0.4217938780784607,0.1902901828289032,0.3787388801574707,0.1633671522140503,0.5504676699638367,0.3250036835670471,0.44766557216644287,0.2607494294643402,0.39127010107040405,0.2240840196609497,0.34570077061653137,0.19157931208610535,0.5483596920967102,0.38271206617355347,0.42654865980148315,0.36485201120376587,0.35858389735221863,0.3654521703720093,0.30218836665153503,0.35768064856529236,0.5527151823043823,0.46175462007522583,0.44842469692230225,0.46543580293655396,0.39778047800064087,0.4786689579486847,0.35053586959838867,0.4834660589694977
0.7317660450935364,0.4643975496292114,0.6750179529190063,0.36149778962135315,0.5946294665336609,0.32144686579704285,0.5286029577255249,0.31251299381256104,0.48242318630218506,0.3375568985939026,0.558147668838501,0.27213358879089355,0.4619281589984894,0.21224769949913025,0.4108743667602539,0.17416425049304962,0.3732384443283081,0.14310956001281738,0.5530085563659668,0.3116532564163208,0.43832167983055115,0.2504652738571167,0.3792991042137146,0.21407827734947205,0.33380669355392456,0.18316921591758728,0.553346574306488,0.37259989976882935,0.4321939945220947,0.36329126358032227,0.3632686138153076,0.35850095748901367,0.3118816018104553,0.3485719561576843,0.5597770810127258,0.4433760643005371,0.465496301651001,0.45114821195602417,0.4132084548473358,0.4617391526699066,0.36779269576072693,0.46599069237709045
0.7152197360992432,0.4416852295398712,0.6601338386535645,0.3447989225387573,0.5788190960884094,0.30579566955566406,0.5121957063674927,0.2989826202392578,0.4673386514186859,0.32689952850341797,0.5464392900466919,0.2607041895389557,0.4554414749145508,0.18494832515716553,0.4052446484565735,0.14873246848583221,0.3695336878299713,0.12191715836524963,0.5415314435958862,0.30171990394592285,0.4263644516468048,0.23487024009227753,0.36488455533981323,0.2029796689748764,0.3190935254096985,0.17752601206302643,0.5438538193702698,0.3658054769039154,0.4171951413154602,0.3599332273006439,0.34574103355407715,0.35652172565460205,0.2927398085594177,0.3475697934627533,0.5549769401550293,0.43951091170310974,0.45417606830596924,0.4515191316604614,0.39882540702819824,0.46531686186790466,0.35299748182296753,0.47263526916503906
0.7178823947906494,0.438968688249588,0.6600316762924194,0.3438214957714081,0.5759846568107605,0.304867684841156,0.505974292755127,0.3024575412273407,0.4598722755908966,0.3323286473751068,0.5515638589859009,0.26088273525238037,0.46481409668922424,0.201679065823555,0.4170062243938446,0.16501426696777344,0.3814884424209595,0.13553307950496674,0.5454951524734497,0.29953742027282715,0.4350859224796295,0.23789428174495697,0.37302762269973755,0.19894376397132874,0.3234565258026123,0.16750182211399078,0.5467034578323364,0.3625379204750061,0.4254574179649353,0.3594292104244232,0.35230299830436707,0.354178786277771,0.29776281118392944,0.3458830714225769,0.5553527474403381,0.43718090653419495,0.45563244819641113,0.44886189699172974,0.40023404359817505,0.4639805555343628,0.35391825437545776,0.47586527466773987
0.6767711639404297,0.5064803957939148,0.6248291730880737,0.4023613929748535,0.5307334661483765,0.3578721284866333,0.44983983039855957,0.366064190864563,0.3967968225479126,0.4017855226993561,0.5027517676353455,0.3167746067047119,0.40666863322257996,0.24960726499557495,0.3499601483345032,0.20058636367321014,0.3047298192977905,0.15898805856704712,0.49114763736724854,0.36823299527168274,0.36460763216018677,0.32282763719558716,0.2867021858692169,0.29087942838668823,0.22617238759994507,0.26497772336006165,0.4885101616382599,0.44257652759552,0.3556763529777527,0.4503202438354492,0.27039411664009094,0.455757737159729,0.20792502164840698,0.4585244953632355,0.49501800537109375,0.5267986059188843,0.39557307958602905,0.5518917441368103,0.33711493015289307,0.5683466196060181,0.28814947605133057,0.5785582065582275
0.678112268447876,0.5098238587379456,0.618707537651062,0.40788838267326355,0.5259316563606262,0.3664579689502716,0.44955092668533325,0.38107752799987793,0.40127718448638916,0.4217650592327118,0.497858464717865,0.3258931040763855,0.3998030424118042,0.2547540068626404,0.347671240568161,0.20690906047821045,0.30561619997024536,0.1672540307044983,0.4863627851009369,0.3754068613052368,0.36474907398223877,0.3140532076358795,0.2924559712409973,0.27576944231987,0.23374760150909424,0.24878078699111938,0.4837273061275482,0.44848182797431946,0.35265395045280457,0.45451483130455017,0.2725287079811096,0.45971745252609253,0.21412357687950134,0.4628470838069916,0.4902076721191406,0.5312562584877014,0.3939456343650818,0.556975781917572,0.33983689546585083,0.5721079707145691,0.29444414377212524,0.5805538892745972
0.6747111082077026,0.5302809476852417,0.6138697862625122,0.4199010133743286,0.5258252024650574,0.3740881383419037,0.4530385434627533,0.38276737928390503,0.40498483180999756,0.42053863406181335,0.4918045997619629,0.34470516443252563,0.3932015895843506,0.2732624411582947,0.3396350145339966,0.22650717198848724,0.2983049154281616,0.18871092796325684,0.4785168766975403,0.4037186801433563,0.35218513011932373,0.3475666344165802,0.2784443497657776,0.3130047917366028,0.22046026587486267,0.28930187225341797,0.474570095539093,0.47955185174942017,0.34360989928245544,0.48414182662963867,0.2669992446899414,0.49219489097595215,0.2134937345981598,0.4990953505039215,0.47994956374168396,0.5587514638900757,0.37925052642822266,0.5792572498321533,0.32675206661224365,0.593352198600769,0.2842431664466858,0.6012246608734131
0.6656586527824402,0.5872426629066467,0.6082015037536621,0.46941566467285156,0.5157162547111511,0.43338117003440857,0.43587881326675415,0.44797003269195557,0.38013455271720886,0.48412272334098816,0.4895647466182709,0.40686458349227905,0.3803403973579407,0.3250833749771118,0.31789571046829224,0.27621203660964966,0.27032628655433655,0.23573742806911469,0.4763859808444977,0.4750599265098572,0.34040141105651855,0.41278716921806335,0.25838929414749146,0.3738480806350708,0.19748467206954956,0.3455883860588074,0.47365596890449524,0.5564833879470825,0.33825743198394775,0.5714287161827087,0.26525354385375977,0.5831758379936218,0.21724948287010193,0.5907251238822937,0.482797235250473,0.6340612173080444,0.3832123279571533,0.6584379076957703,0.33192795515060425,0.6693008542060852,0.29230713844299316,0.6748905181884766
0.6582656502723694,0.6016911864280701,0.6016207933425903,0.48721784353256226,0.5142735242843628,0.44330117106437683,0.4391251802444458,0.4519340991973877,0.3875809907913208,0.4782763421535492,0.4824930727481842,0.42380490899086,0.3713603615760803,0.3431611955165863,0.30784618854522705,0.2963799834251404,0.25981926918029785,0.2612404227256775,0.46721333265304565,0.48998820781707764,0.3324837386608124,0.428618848323822,0.24843667447566986,0.3972342312335968,0.1827625334262848,0.378842830657959,0.46391281485557556,0.5714861154556274,0.3391416072845459,0.5903947949409485,0.2743682265281677,0.6077916622161865,0.22950881719589233,0.6219687461853027,0.4704533815383911,0.653549313545227,0.37194162607192993,0.6869362592697144,0.31693369150161743,0.710043728351593,0.2708514332771301,0.7278896570205688
0.6519449949264526,0.607437252998352,0.5899643898010254,0.49197328090667725,0.5047144889831543,0.45335206389427185,0.43027013540267944,0.46487462520599365,0.37797918915748596,0.497310996055603,0.4652594327926636,0.4408566951751709,0.3541169762611389,0.36430823802948,0.2907467782497406,0.3175886869430542,0.240727037191391,0.28100356459617615,0.44928792119026184,0.5056235194206238,0.31751787662506104,0.4528818726539612,0.2364535927772522,0.4266970753669739,0.17412343621253967,0.4088246524333954,0.44714587926864624,0.5844730138778687,0.31703615188598633,0.6092658638954163,0.23820564150810242,0.6310355067253113,0.18259400129318237,0.6441148519515991,0.45826810598373413,0.6637051105499268,0.3586311936378479,0.704352617263794,0.3032732903957367,0.7322372794151306,0.2573394179344177,0.7493851184844971
0.6526226997375488,0.6132517457008362,0.5845732092857361,0.5001440048217773,0.5020892024040222,0.4688407778739929,0.4260593056678772,0.4883075952529907,0.37789133191108704,0.5353937149047852,0.46070393919944763,0.4520530104637146,0.34936296939849854,0.37675297260284424,0.28447723388671875,0.32782721519470215,0.234628364443779,0.2873089611530304,0.447171688079834,0.5155538320541382,0.3108142912387848,0.45837801694869995,0.22742460668087006,0.43262842297554016,0.16418316960334778,0.41391700506210327,0.445654958486557,0.5922859907150269,0.3111652135848999,0.6131080985069275,0.2318342626094818,0.634973406791687,0.1778351068496704,0.6481512784957886,0.4566649794578552,0.6701635718345642,0.3530981242656708,0.7101218700408936,0.29742303490638733,0.7369945049285889,0.24975767731666565,0.7526073455810547
0.6578991413116455,0.6096410155296326,0.5907243490219116,0.501619279384613,0.49722820520401,0.4660476744174957,0.41584542393684387,0.48188045620918274,0.3625869154930115,0.5219832062721252,0.46217164397239685,0.43214190006256104,0.34799203276634216,0.3596521317958832,0.2817978262901306,0.312344491481781,0.23019161820411682,0.2755641043186188,0.455524742603302,0.49917107820510864,0.31559258699417114,0.44496849179267883,0.22842061519622803,0.4128571152687073,0.15878650546073914,0.39069437980651855,0.458102822303772,0.580439031124115,0.3201451301574707,0.598261833190918,0.2419956773519516,0.6134281158447266,0.1897769421339035,0.6233899593353271,0.46905407309532166,0.6625406742095947,0.36072856187820435,0.6968899965286255,0.2996385097503662,0.7207047939300537,0.25012195110321045,0.7377151250839233
0.6461818218231201,0.608819305896759,0.5862515568733215,0.49117690324783325,0.4913121163845062,0.43487122654914856,0.40180808305740356,0.4129796028137207,0.34157538414001465,0.39378446340560913,0.455346018075943,0.4523386061191559,0.3208528161048889,0.3859972357749939,0.24392248690128326,0.34141528606414795,0.18225207924842834,0.30260995030403137,0.4518774151802063,0.5372118353843689,0.30798062682151794,0.562608540058136,0.2261791080236435,0.5838035941123962,0.1654283106327057,0.5975518822669983,0.45103541016578674,0.6125584244728088,0.3193483054637909,0.6421067118644714,0.24717336893081665,0.6569574475288391,0.2002125084400177,0.6682916879653931,0.4554516673088074,0.6705601215362549,0.35557276010513306,0.6909528970718384,0.2990924119949341,0.7059005498886108,0.25496700406074524,0.7135130167007446
0.6396318674087524,0.5769450068473816,0.5769035816192627,0.4501877427101135,0.4788450598716736,0.4097541272640228,0.38610780239105225,0.4219420254230499,0.3257578909397125,0.4543638229370117,0.45107126235961914,0.39883968234062195,0.33845722675323486,0.3171188235282898,0.27093154191970825,0.264656662940979,0.21961610019207,0.22023916244506836,0.43978023529052734,0.4776746332645416,0.30093640089035034,0.42002949118614197,0.2157866507768631,0.37315088510513306,0.14992907643318176,0.3377077877521515,0.4397033751010895,0.5602408051490784,0.3017752170562744,0.5694240927696228,0.22403208911418915,0.5738012790679932,0.16937407851219177,0.573302686214447,0.4530051648616791,0.6324400305747986,0.34693020582199097,0.6537238955497742,0.2958056330680847,0.6575018763542175,0.2545747756958008,0.656609296798706
0.6292117834091187,0.5431859493255615,0.5696789026260376,0.4202410578727722,0.47220751643180847,0.3816855549812317,0.3863080143928528,0.3993804454803467,0.3304542899131775,0.44005268812179565,0.44372454285621643,0.36214473843574524,0.3310863971710205,0.287522554397583,0.26619094610214233,0.23744115233421326,0.21583594381809235,0.1946699619293213,0.4343107044696808,0.4374558627605438,0.29732373356819153,0.37843483686447144,0.2191990166902542,0.3313552737236023,0.1581418216228485,0.29321759939193726,0.4338666498661041,0.5186746716499329,0.29843059182167053,0.5188472270965576,0.21663077175617218,0.5166895389556885,0.15595847368240356,0.5083131194114685,0.4436231553554535,0.5896772146224976,0.34111908078193665,0.6046240329742432,0.29162466526031494,0.6086715459823608,0.25144118070602417,0.6071345210075378
0.6293545961380005,0.5149491429328918,0.5720417499542236,0.39555448293685913,0.4726577699184418,0.3483145236968994,0.38556888699531555,0.35117825865745544,0.3285767436027527,0.3760402500629425,0.44556787610054016,0.3333931267261505,0.3231300711631775,0.2610994875431061,0.25177258253097534,0.2114587128162384,0.19792123138904572,0.16866526007652283,0.4366549253463745,0.41410213708877563,0.2900639772415161,0.3935857117176056,0.21149951219558716,0.3699369430541992,0.15380555391311646,0.34915855526924133,0.43670278787612915,0.49503007531166077,0.29672980308532715,0.5012679696083069,0.21379318833351135,0.49110153317451477,0.15483367443084717,0.4774706959724426,0.4459034204483032,0.5634011030197144,0.34710457921028137,0.5826798677444458,0.3007897138595581,0.5856346487998962,0.26589080691337585,0.582655131816864
0.6196325421333313,0.47709253430366516,0.5621504187583923,0.37032437324523926,0.46648693084716797,0.33384591341018677,0.3846725821495056,0.3538339138031006,0.3352872133255005,0.3941201865673065,0.44329679012298584,0.2900950014591217,0.3179130256175995,0.22403451800346375,0.2475336492061615,0.18010583519935608,0.1963670253753662,0.14275383949279785,0.4342849552631378,0.3439098000526428,0.29648756980895996,0.2831729054450989,0.21817778050899506,0.23839202523231506,0.15703648328781128,0.2014828622341156,0.43363481760025024,0.41944482922554016,0.29110780358314514,0.4212888479232788,0.20393948256969452,0.42691370844841003,0.1373175084590912,0.4268692135810852,0.44055548310279846,0.5035499334335327,0.33897125720977783,0.5184167623519897,0.2781897187232971,0.5346720814704895,0.22459842264652252,0.5493280291557312
0.6163222193717957,0.4402506947517395,0.5560509562492371,0.34683963656425476,0.4649532735347748,0.31228601932525635,0.3842754364013672,0.31820207834243774,0.33046379685401917,0.3534092307090759,0.4249286651611328,0.2662827968597412,0.2985461950302124,0.21555422246456146,0.23028458654880524,0.18110108375549316,0.1780806928873062,0.14992398023605347,0.41853269934654236,0.31170952320098877,0.27945756912231445,0.2568247318267822,0.2031768411397934,0.21876215934753418,0.14269858598709106,0.18308402597904205,0.4203384518623352,0.38288140296936035,0.27464717626571655,0.387325257062912,0.19266796112060547,0.3951070010662079,0.1329442858695984,0.39453038573265076,0.43239957094192505,0.46951818466186523,0.31726112961769104,0.48002272844314575,0.25643792748451233,0.5036177039146423,0.20570091903209686,0.5261828899383545
0.6076264381408691,0.42879626154899597,0.543992280960083,0.3216326832771301,0.4638782739639282,0.2864130437374115,0.3884943425655365,0.2829517126083374,0.3392222821712494,0.3191983103752136,0.41760697960853577,0.24580411612987518,0.29350006580352783,0.19007401168346405,0.22300505638122559,0.16101858019828796,0.17194868624210358,0.13614311814308167,0.40902945399284363,0.2947334051132202,0.2707276940345764,0.2332436889410019,0.18833793699741364,0.19559639692306519,0.12739917635917664,0.16042952239513397,0.41176143288612366,0.3700934946537018,0.2648184299468994,0.37589699029922485,0.1801840215921402,0.3800913989543915,0.11919242143630981,0.3736112415790558,0.4255596995353699,0.45445773005485535,0.30654263496398926,0.47443005442619324,0.24402445554733276,0.49515098333358765,0.18907597661018372,0.513380229473114
0.6069390773773193,0.4247937798500061,0.5435184240341187,0.3177376091480255,0.4627288579940796,0.27871817350387573,0.3887324631214142,0.27284592390060425,0.3380618095397949,0.2979772388935089,0.41775569319725037,0.23947927355766296,0.29976966977119446,0.17745819687843323,0.23172473907470703,0.1519981324672699,0.1846514493227005,0.13185587525367737,0.40820544958114624,0.2916715443134308,0.2678317129611969,0.2353067547082901,0.18624161183834076,0.20217609405517578,0.12497115135192871,0.17114514112472534,0.40941107273101807,0.366501122713089,0.2642514705657959,0.37062036991119385,0.18162573873996735,0.374176949262619,0.12243914604187012,0.36962875723838806,0.421930730342865,0.44865673780441284,0.3086221218109131,0.4768194258213043,0.24648027122020721,0.4988873600959778,0.19264759123325348,0.5159344673156738
0.5959633588790894,0.43497133255004883,0.5318434238433838,0.3224167823791504,0.4471295475959778,0.28292736411094666,0.372160404920578,0.2831849157810211,0.3237914443016052,0.3161705732345581,0.41532978415489197,0.24358779191970825,0.29637908935546875,0.17134101688861847,0.2287919521331787,0.14100238680839539,0.180406391620636,0.1229628473520279,0.4011218845844269,0.3011656403541565,0.2634550929069519,0.24207141995429993,0.18503622710704803,0.2122592180967331,0.12676531076431274,0.18890835344791412,0.3976708650588989,0.3817351758480072,0.25765007734298706,0.38417062163352966,0.17911119759082794,0.38792145252227783,0.12347805500030518,0.38781237602233887,0.4052613079547882,0.4693310856819153,0.2987346053123474,0.49097511172294617,0.24112091958522797,0.5162087678909302,0.19315622746944427,0.5380659103393555
0.602912187576294,0.4685835540294647,0.5436050295829773,0.35294434428215027,0.4505109190940857,0.3014076352119446,0.3688315153121948,0.2977444529533386,0.31689849495887756,0.3081176280975342,0.4159494638442993,0.29878658056259155,0.2937510013580322,0.23088796436786652,0.22635608911514282,0.19151663780212402,0.17341524362564087,0.1611718386411667,0.39741191267967224,0.36915522813796997,0.2675567865371704,0.308399498462677,0.19501426815986633,0.26635757088661194,0.137600839138031,0.2353563904762268,0.3913189768791199,0.4470956325531006,0.2610882818698883,0.4386964440345764,0.18105332553386688,0.4352898597717285,0.1191830039024353,0.4327980577945709,0.3948551118373871,0.5179859399795532,0.29446572065353394,0.5339486598968506,0.24117858707904816,0.5556365251541138,0.19641593098640442,0.5760200619697571
0.6090226769447327,0.5020028948783875,0.5448113679885864,0.37925639748573303,0.4407689571380615,0.33593982458114624,0.3474244177341461,0.34903258085250854,0.2866613566875458,0.3868235647678375,0.424504816532135,0.32750123739242554,0.303035169839859,0.2599557042121887,0.23421284556388855,0.21323266625404358,0.18235360085964203,0.17261645197868347,0.41106507182121277,0.413224995136261,0.26512426137924194,0.3952226936817169,0.17843042314052582,0.38060644268989563,0.11597439646720886,0.3698376417160034,0.410501092672348,0.49659404158592224,0.27305707335472107,0.5057026743888855,0.19894200563430786,0.4979057312011719,0.1509661227464676,0.4892149269580841,0.4215731918811798,0.5637878179550171,0.3314700126647949,0.5712469816207886,0.2973085045814514,0.5625826716423035,0.27677154541015625,0.5516899824142456
0.60277259349823,0.5242968201637268,0.5431703925132751,0.4015619456768036,0.44362688064575195,0.3595532476902008,0.3547900319099426,0.3822750151157379,0.3001776337623596,0.43465039134025574,0.4215095341205597,0.3597230613231659,0.3019087612628937,0.2929806709289551,0.23583008348941803,0.24900701642036438,0.1846090853214264,0.21045012772083282,0.40832462906837463,0.44769543409347534,0.2626873850822449,0.41056254506111145,0.1796259582042694,0.37272408604621887,0.11673685908317566,0.3444308042526245,0.40686360001564026,0.5319347977638245,0.26673489809036255,0.5507915019989014,0.1948643922805786,0.566033661365509,0.14771521091461182,0.5808833837509155,0.4161669909954071,0.5970702171325684,0.31387293338775635,0.6083829998970032,0.2781625986099243,0.618148684501648,0.2549760341644287,0.6294622421264648
0.6151483654975891,0.5451162457466125,0.5520514249801636,0.43098393082618713,0.45585575699806213,0.3865041136741638,0.368884414434433,0.3972911238670349,0.31117022037506104,0.4324054419994354,0.4207409918308258,0.3932473063468933,0.29693302512168884,0.3294593095779419,0.22727219760417938,0.27929025888442993,0.17385408282279968,0.23412439227104187,0.42130938172340393,0.4792720079421997,0.27012506127357483,0.5114125609397888,0.18828147649765015,0.5274413228034973,0.12926316261291504,0.5379074811935425,0.42713338136672974,0.5578347444534302,0.2910584509372711,0.6131563782691956,0.2242610901594162,0.6428176760673523,0.18492314219474792,0.6651628017425537,0.4401482939720154,0.6167886257171631,0.33451905846595764,0.6489977240562439,0.2843157649040222,0.6656234264373779,0.24901483952999115,0.6743977069854736
0.6219820976257324,0.5673163533210754,0.564947783946991,0.44454246759414673,0.47700437903404236,0.4042743146419525,0.39081794023513794,0.39981675148010254,0.3390539586544037,0.41059568524360657,0.42961299419403076,0.3926221430301666,0.31311124563217163,0.3231091797351837,0.24612708389759064,0.2777200937271118,0.19729948043823242,0.23880937695503235,0.4208291471004486,0.4701467454433441,0.2797395586967468,0.4354516565799713,0.1976056843996048,0.4130401313304901,0.13582921028137207,0.39452359080314636,0.42200517654418945,0.5493326187133789,0.2827296853065491,0.5710739493370056,0.20251062512397766,0.582211971282959,0.14953964948654175,0.5855547785758972,0.43356791138648987,0.617363452911377,0.3247426450252533,0.6507736444473267,0.26717227697372437,0.6694418787956238,0.22101032733917236,0.6766420602798462
0.6444651484489441,0.5791960954666138,0.5793209671974182,0.45493394136428833,0.4970042109489441,0.4162331223487854,0.4212875962257385,0.41296663880348206,0.3648374080657959,0.43904611468315125,0.4567490220069885,0.38753795623779297,0.34482136368751526,0.3079957962036133,0.27906522154808044,0.26518553495407104,0.23007184267044067,0.22713473439216614,0.44608792662620544,0.462118536233902,0.30758073925971985,0.40068671107292175,0.22396737337112427,0.36571189761161804,0.16021519899368286,0.3367999196052551,0.44438207149505615,0.5460489988327026,0.3014008402824402,0.551027774810791,0.21996711194515228,0.5609115362167358,0.16626375913619995,0.5627366304397583,0.4564642906188965,0.6228190064430237,0.344262033700943,0.643556535243988,0.28844892978668213,0.6535565853118896,0.2429972141981125,0.6571901440620422
0.6587625741958618,0.5796229243278503,0.5958461165428162,0.4581030607223511,0.509319543838501,0.4132644534111023,0.4336090683937073,0.421301931142807,0.38373082876205444,0.4595085382461548,0.4784199893474579,0.38974320888519287,0.37094616889953613,0.3076617121696472,0.31041812896728516,0.2565039396286011,0.2657076120376587,0.21311020851135254,0.46168580651283264,0.4570144712924957,0.3279005289077759,0.3920944929122925,0.2499721795320511,0.3543968200683594,0.1894782930612564,0.3249356746673584,0.4547535479068756,0.5371291637420654,0.3178059458732605,0.5400466918945312,0.24016991257667542,0.5431186556816101,0.18727459013462067,0.5415322780609131,0.4591608941555023,0.6129169464111328,0.3562910854816437,0.6295084357261658,0.2992505431175232,0.638433575630188,0.2538885176181793,0.6405179500579834
0.6769024133682251,0.570967972278595,0.6149095892906189,0.45172739028930664,0.5287035703659058,0.40440574288368225,0.4563203752040863,0.4133617579936981,0.4095083177089691,0.4565984308719635,0.5029250383377075,0.3629953861236572,0.3997880220413208,0.28221115469932556,0.3385792374610901,0.23515480756759644,0.29445576667785645,0.19714874029159546,0.48580819368362427,0.42671263217926025,0.35143613815307617,0.36841994524002075,0.2763509452342987,0.33295685052871704,0.21885478496551514,0.30512118339538574,0.47768139839172363,0.5070916414260864,0.3403778076171875,0.5067335963249207,0.26422882080078125,0.5104179382324219,0.20965854823589325,0.5106582045555115,0.47870197892189026,0.5880398154258728,0.3761847913265228,0.6053771376609802,0.3202400207519531,0.6159805059432983,0.27248290181159973,0.6195123195648193
0.7023637294769287,0.5626427531242371,0.6460133790969849,0.4482490122318268,0.5616093873977661,0.3892441987991333,0.49024662375450134,0.3802862763404846,0.44007426500320435,0.40094172954559326,0.5308610200881958,0.3499529957771301,0.43168744444847107,0.2678396999835968,0.3715205788612366,0.219716876745224,0.3277401924133301,0.18159183859825134,0.5125793814659119,0.40778499841690063,0.38432827591896057,0.3431840240955353,0.3115338087081909,0.3076333999633789,0.2560097873210907,0.28185275197029114,0.5032709836959839,0.48436927795410156,0.37298688292503357,0.473888635635376,0.2982863783836365,0.47820255160331726,0.24451059103012085,0.4818623661994934,0.5028557181358337,0.5674386024475098,0.4026346504688263,0.5828880071640015,0.34550338983535767,0.5948363542556763,0.296856164932251,0.6034893989562988
0.722069263458252,0.5514235496520996,0.6683281660079956,0.4333339035511017,0.5857118368148804,0.3779950439929962,0.5145393013954163,0.38018205761909485,0.4666755795478821,0.41252586245536804,0.5625419020652771,0.336826890707016,0.4736992418766022,0.2546454966068268,0.4251270294189453,0.20819324254989624,0.38927072286605835,0.16839513182640076,0.5384632349014282,0.38654443621635437,0.42036622762680054,0.3132892847061157,0.3516526222229004,0.27024877071380615,0.29806867241859436,0.237233966588974,0.5234401822090149,0.46220746636390686,0.3931548297405243,0.4485398530960083,0.3255521357059479,0.4479176998138428,0.277060329914093,0.4469608962535858,0.5183165669441223,0.5482345819473267,0.4197421073913574,0.5629326105117798,0.3653605878353119,0.5786356925964355,0.31893211603164673,0.5908968448638916
0.7451289296150208,0.537173867225647,0.6992331147193909,0.4235142767429352,0.6141233444213867,0.36907294392585754,0.5415236949920654,0.3664085865020752,0.49298402667045593,0.39375683665275574,0.5857544541358948,0.31616294384002686,0.491693913936615,0.2438133805990219,0.43508782982826233,0.20076042413711548,0.3930929899215698,0.1668039858341217,0.562904417514801,0.3609641194343567,0.44667962193489075,0.2829611003398895,0.37702029943466187,0.24062803387641907,0.3229634761810303,0.21057763695716858,0.5497949123382568,0.4345691502094269,0.42098483443260193,0.4146089255809784,0.3477042317390442,0.4122679531574249,0.2928912937641144,0.41216111183166504,0.5456253290176392,0.5270853042602539,0.44797301292419434,0.5299381017684937,0.39266905188560486,0.5408132076263428,0.3441287875175476,0.5509501695632935
0.761986255645752,0.5283621549606323,0.7152888178825378,0.4123612344264984,0.6358199119567871,0.35554349422454834,0.5640263557434082,0.34310007095336914,0.510683000087738,0.3705920875072479,0.6015613675117493,0.30260729789733887,0.49751704931259155,0.22916767001152039,0.4345051944255829,0.18570980429649353,0.385833203792572,0.15353161096572876,0.5857340097427368,0.34654173254966736,0.4685647189617157,0.2616931200027466,0.4031086564064026,0.2187490463256836,0.35022619366645813,0.18544834852218628,0.5761554837226868,0.41531747579574585,0.4511599540710449,0.39133140444755554,0.380112886428833,0.38206028938293457,0.3254634439945221,0.37284818291664124,0.5711897015571594,0.49952077865600586,0.47424769401550293,0.5015049576759338,0.4192364811897278,0.5111135244369507,0.3706235885620117,0.516498327255249
0.7866994738578796,0.5161017179489136,0.7330071330070496,0.4046941101551056,0.6530237197875977,0.3432714343070984,0.5811457633972168,0.32386869192123413,0.5298574566841125,0.330024778842926,0.6319659948348999,0.29126083850860596,0.5327885150909424,0.2231159806251526,0.4756251871585846,0.18123839795589447,0.4312175512313843,0.14747807383537292,0.6198288202285767,0.33081287145614624,0.5032758712768555,0.2491285651922226,0.4389529824256897,0.20209026336669922,0.38716810941696167,0.1638191044330597,0.6111078262329102,0.3967166543006897,0.4869126081466675,0.3719893991947174,0.4137539267539978,0.3629762530326843,0.359218567609787,0.352802038192749,0.6042348146438599,0.4798779785633087,0.5075888633728027,0.4763380289077759,0.44989797472953796,0.4837455749511719,0.39984607696533203,0.4878857731819153
0.7955294251441956,0.5078002214431763,0.7502142190933228,0.3888097107410431,0.6676515340805054,0.3320080637931824,0.5922796130180359,0.32428520917892456,0.5389153361320496,0.3514035940170288,0.6396803855895996,0.29718318581581116,0.5368187427520752,0.22635091841220856,0.4832931160926819,0.1794777661561966,0.4445817470550537,0.14214855432510376,0.6274133324623108,0.3472674489021301,0.5057446360588074,0.27096113562583923,0.4416697025299072,0.22708851099014282,0.39196524024009705,0.19388043880462646,0.6197230219841003,0.4127448499202728,0.4948970377445221,0.38098520040512085,0.42234766483306885,0.36722123622894287,0.3683168888092041,0.3580402433872223,0.6161476373672485,0.48309993743896484,0.5198174118995667,0.4689047932624817,0.4640069603919983,0.4673026204109192,0.41630834341049194,0.4666935205459595
0.8039578199386597,0.488388329744339,0.7580243945121765,0.37633955478668213,0.6758134365081787,0.319611519575119,0.6017599701881409,0.3149086833000183,0.5492185950279236,0.3439377546310425,0.6544394493103027,0.2685423493385315,0.55672687292099,0.1924460530281067,0.503827691078186,0.15174266695976257,0.46412932872772217,0.12158012390136719,0.646851122379303,0.31250423192977905,0.5318654775619507,0.23032031953334808,0.46960246562957764,0.18994832038879395,0.41962742805480957,0.16083002090454102,0.6412845253944397,0.3780030906200409,0.5154956579208374,0.34541118144989014,0.44058847427368164,0.33531659841537476,0.3849264681339264,0.3299389183521271,0.637006402015686,0.4544924795627594,0.5358162522315979,0.4424085021018982,0.47873926162719727,0.4430241286754608,0.43082505464553833,0.445256769657135
0.8124164342880249,0.4705415666103363,0.769258975982666,0.3592800199985504,0.6942552924156189,0.3069603443145752,0.6261295080184937,0.29774853587150574,0.5789905190467834,0.3254108428955078,0.6627160310745239,0.2533138394355774,0.5759643316268921,0.1767502725124359,0.530975341796875,0.1288372129201889,0.4987289607524872,0.09273672103881836,0.6493455767631531,0.2916002571582794,0.5493749380111694,0.2112455517053604,0.4943498969078064,0.16479557752609253,0.45142194628715515,0.1301490217447281,0.6411519050598145,0.3526787757873535,0.5271894931793213,0.31872689723968506,0.45804673433303833,0.3050112724304199,0.40613606572151184,0.29362255334854126,0.6373359560966492,0.4288778305053711,0.5434379577636719,0.4210151731967926,0.4910992383956909,0.42305895686149597,0.4467243552207947,0.42318540811538696
0.8121066689491272,0.4531348943710327,0.7712845802307129,0.35105329751968384,0.6966054439544678,0.30114492774009705,0.6302642226219177,0.2878640294075012,0.583605945110321,0.3136449456214905,0.6648504734039307,0.25064849853515625,0.576046347618103,0.17655372619628906,0.5284361839294434,0.1325066089630127,0.4940199851989746,0.1002528965473175,0.6550255417823792,0.2901829183101654,0.5459539294242859,0.21313150227069855,0.4871175289154053,0.17208532989025116,0.4421037435531616,0.1425587236881256,0.6486830115318298,0.34941819310188293,0.5306441187858582,0.32038432359695435,0.45935744047164917,0.30467355251312256,0.40721070766448975,0.2919229567050934,0.6462721824645996,0.4193951189517975,0.5486580729484558,0.41523444652557373,0.4945525527000427,0.4177698791027069,0.4494172930717468,0.41770026087760925
0.8138320446014404,0.43915796279907227,0.7695444822311401,0.3398623466491699,0.6971585154533386,0.29325345158576965,0.6322885155677795,0.27505627274513245,0.5857301354408264,0.29824817180633545,0.665725827217102,0.24025875329971313,0.5786688327789307,0.1661984920501709,0.5314052104949951,0.12383686006069183,0.4976128339767456,0.0926646888256073,0.6582823395729065,0.27572256326675415,0.5491450428962708,0.20195436477661133,0.4895661771297455,0.1632474660873413,0.44491323828697205,0.13449342548847198,0.6547343134880066,0.3343011438846588,0.5334583520889282,0.3107547461986542,0.46018075942993164,0.29926371574401855,0.4065197706222534,0.28748854994773865,0.6548244953155518,0.40583309531211853,0.5529316067695618,0.4042801558971405,0.49786442518234253,0.40919846296310425,0.4509173035621643,0.40977853536605835
0.8131453990936279,0.42958778142929077,0.7684054374694824,0.3342559039592743,0.6930445432662964,0.2879340648651123,0.6256188154220581,0.27288007736206055,0.5777259469032288,0.2986123263835907,0.664069652557373,0.2369665652513504,0.5776472091674805,0.16762904822826385,0.5275237560272217,0.13090233504772186,0.4899662137031555,0.10688541829586029,0.659755289554596,0.2722759246826172,0.5476694107055664,0.21185527741909027,0.48512762784957886,0.18085499107837677,0.43609029054641724,0.15871977806091309,0.6571855545043945,0.3294028639793396,0.5349156856536865,0.30825626850128174,0.4588317275047302,0.29957371950149536,0.40168407559394836,0.292992502450943,0.6575707197189331,0.39880886673927307,0.5560442805290222,0.39984726905822754,0.498958945274353,0.4051065742969513,0.45038682222366333,0.4078556299209595
0.8103301525115967,0.4213993549346924,0.7657139897346497,0.3252127170562744,0.6900244951248169,0.27852529287338257,0.6225694417953491,0.2668355703353882,0.5748498439788818,0.2948419451713562,0.662289559841156,0.2278389185667038,0.5767669677734375,0.16060011088848114,0.5270097255706787,0.12614555656909943,0.48958221077919006,0.10341386497020721,0.6558023691177368,0.26444268226623535,0.5479013919830322,0.20076043903827667,0.48689523339271545,0.16553784906864166,0.4400981664657593,0.14035966992378235,0.6528031826019287,0.32404443621635437,0.5318800806999207,0.3039402663707733,0.45854830741882324,0.297468364238739,0.4039246439933777,0.29230526089668274,0.6543175578117371,0.39702773094177246,0.5542653799057007,0.3982360363006592,0.4989359974861145,0.406259685754776,0.4517829418182373,0.4123597741127014
0.8138174414634705,0.41817429661750793,0.7652946710586548,0.3274158835411072,0.6868265271186829,0.2857646048069,0.6181426644325256,0.27961790561676025,0.5718643665313721,0.3104163110256195,0.6641762256622314,0.2357364147901535,0.5794764757156372,0.17434445023536682,0.5320449471473694,0.1418820172548294,0.4952772855758667,0.11832994222640991,0.6554637551307678,0.26707929372787476,0.5523152351379395,0.20148371160030365,0.4941869378089905,0.16378889977931976,0.4489145278930664,0.13644391298294067,0.6509851217269897,0.32429972290992737,0.5304527282714844,0.3058413565158844,0.4558958113193512,0.3006599545478821,0.399485319852829,0.2970592677593231,0.6514266729354858,0.39660006761550903,0.5516281127929688,0.39969828724861145,0.4965757429599762,0.41105741262435913,0.44995319843292236,0.42102277278900146
0.8095144033432007,0.41741013526916504,0.7613823413848877,0.3246924579143524,0.6835513114929199,0.27827849984169006,0.6147382259368896,0.26882433891296387,0.5667951107025146,0.29642897844314575,0.6601223349571228,0.22885087132453918,0.572563111782074,0.16378188133239746,0.5229741930961609,0.12594452500343323,0.4850747883319855,0.09854346513748169,0.652755856513977,0.2639743387699127,0.5452576875686646,0.20020486414432526,0.48398542404174805,0.1634434163570404,0.4366256594657898,0.1364753246307373,0.6492233872413635,0.32451605796813965,0.525867223739624,0.31013303995132446,0.4506871700286865,0.30730339884757996,0.3943358063697815,0.30419695377349854,0.6502454280853271,0.3998441696166992,0.5491733551025391,0.40591758489608765,0.49377360939979553,0.417910635471344,0.4473227560520172,0.42706143856048584
0.8075265288352966,0.41651058197021484,0.758094072341919,0.32316291332244873,0.6813355088233948,0.28272584080696106,0.6138423085212708,0.2755114734172821,0.5684622526168823,0.30482059717178345,0.6593987345695496,0.23266413807868958,0.5710574984550476,0.16453830897808075,0.5218950510025024,0.12763650715351105,0.48550185561180115,0.10085396468639374,0.6517348289489746,0.26786500215530396,0.5414409637451172,0.20297329127788544,0.48033156991004944,0.16706004738807678,0.43432337045669556,0.13971015810966492,0.64776611328125,0.32775360345840454,0.5251505374908447,0.3140496611595154,0.4515856206417084,0.3082887828350067,0.39748430252075195,0.3032248914241791,0.6479762196540833,0.40140047669410706,0.5454259514808655,0.4090122580528259,0.49056869745254517,0.4209734797477722,0.4445257782936096,0.42954719066619873
0.8121466636657715,0.41583266854286194,0.7627414464950562,0.3267201781272888,0.6867663264274597,0.28788429498672485,0.6215105056762695,0.2832018733024597,0.5762834548950195,0.31226566433906555,0.6585643887519836,0.24264106154441833,0.5689017176628113,0.18563146889209747,0.5199421644210815,0.15115611255168915,0.48160320520401,0.12500999867916107,0.653641939163208,0.27512478828430176,0.5348669290542603,0.2449181079864502,0.4725295305252075,0.22966185212135315,0.4237710237503052,0.21607598662376404,0.6507906913757324,0.32683590054512024,0.528988242149353,0.3146398663520813,0.4537454843521118,0.309219628572464,0.3972054719924927,0.3045504689216614,0.6506378054618835,0.38875535130500793,0.5528945326805115,0.3928416669368744,0.49815016984939575,0.4010073244571686,0.45210355520248413,0.4077911376953125
0.8121721744537354,0.41449618339538574,0.7651074528694153,0.323879599571228,0.6894896030426025,0.27993330359458923,0.622884213924408,0.2718028426170349,0.5776435136795044,0.29879486560821533,0.6633842587471008,0.2331084907054901,0.5731632709503174,0.17698650062084198,0.521789014339447,0.1438235342502594,0.4832921028137207,0.12001028656959534,0.6579042673110962,0.26548534631729126,0.5456726551055908,0.20931197702884674,0.4843560457229614,0.1770271509885788,0.43679922819137573,0.1525242179632187,0.655098021030426,0.32075661420822144,0.5337876081466675,0.3061809241771698,0.4605898857116699,0.29939907789230347,0.4056135416030884,0.2920348346233368,0.65534907579422,0.3907606899738312,0.5562704205513,0.3932173550128937,0.5000529289245605,0.39980408549308777,0.45187339186668396,0.40336379408836365
0.8170516490936279,0.39064547419548035,0.7650450468063354,0.30505406856536865,0.6896002888679504,0.2574336528778076,0.6280440092086792,0.24096018075942993,0.5798511505126953,0.25228244066238403,0.6770450472831726,0.17959658801555634,0.5873445868492126,0.12662813067436218,0.5260192155838013,0.11376264691352844,0.47757673263549805,0.11162683367729187,0.6786069869995117,0.20729932188987732,0.5683428645133972,0.16560137271881104,0.5026295781135559,0.16118872165679932,0.4525411128997803,0.16335414350032806,0.679013192653656,0.2644177973270416,0.5662640333175659,0.23195242881774902,0.4994664192199707,0.223622664809227,0.4482192397117615,0.21786729991436005,0.6766728162765503,0.3429577052593231,0.5930324792861938,0.33077505230903625,0.544350266456604,0.32333076000213623,0.502166211605072,0.31508368253707886
0.8193329572677612,0.3616533875465393,0.7725099921226501,0.277150958776474,0.7002354264259338,0.21472229063510895,0.6397112607955933,0.18685030937194824,0.590565025806427,0.1860237866640091,0.6853843331336975,0.1343538761138916,0.596893310546875,0.08655892312526703,0.5384925007820129,0.07177734375,0.492132306098938,0.06710284948348999,0.6814489960670471,0.16656625270843506,0.5785520672798157,0.12715043127536774,0.5168207287788391,0.11568206548690796,0.4670714735984802,0.1086001992225647,0.6755741834640503,0.22546948492527008,0.5722297430038452,0.1947759985923767,0.5056227445602417,0.1806393712759018,0.4526638388633728,0.17036661505699158,0.6673285365104675,0.3032458424568176,0.5836468935012817,0.2938326299190521,0.5309779047966003,0.2901681661605835,0.4849002957344055,0.28693297505378723
0.8331794738769531,0.3532695472240448,0.7850077152252197,0.2599532902240753,0.7162407636642456,0.1979990005493164,0.658420979976654,0.16776493191719055,0.6112035512924194,0.16640982031822205,0.6878164410591125,0.14056465029716492,0.5895642638206482,0.1080620288848877,0.528449535369873,0.09478119015693665,0.48048144578933716,0.08842702209949493,0.684034526348114,0.17255523800849915,0.5757520198822021,0.14373070001602173,0.5104209780693054,0.1293957531452179,0.4609835743904114,0.1162692978978157,0.6793510913848877,0.22585761547088623,0.5764294862747192,0.199296236038208,0.5101888179779053,0.17892548441886902,0.46066296100616455,0.16040802001953125,0.6732989549636841,0.2955001890659332,0.5862663388252258,0.28627485036849976,0.5327366590499878,0.28067782521247864,0.48783764243125916,0.27498143911361694
0.8322479128837585,0.34245991706848145,0.7802998423576355,0.25804585218429565,0.7071227431297302,0.20722010731697083,0.6474884152412415,0.18646031618118286,0.6006295084953308,0.19302543997764587,0.6814558506011963,0.1356612741947174,0.5788421034812927,0.11249352991580963,0.5164321660995483,0.11279076337814331,0.4697728455066681,0.11665767431259155,0.6800106167793274,0.1640988141298294,0.563984751701355,0.14610303938388824,0.4975510239601135,0.14416787028312683,0.4481757879257202,0.140813946723938,0.6761884093284607,0.21867245435714722,0.5665310621261597,0.19754400849342346,0.4984983205795288,0.18531936407089233,0.44722384214401245,0.17370328307151794,0.6707473397254944,0.29332759976387024,0.5810221433639526,0.2883739769458771,0.5284237861633301,0.28948456048965454,0.48365163803100586,0.2891283631324768
0.8029952049255371,0.33302175998687744,0.7696452736854553,0.25894632935523987,0.7075755596160889,0.21846389770507812,0.6501823663711548,0.21682888269424438,0.605195939540863,0.23864126205444336,0.6930238604545593,0.18973638117313385,0.6256780028343201,0.13577449321746826,0.5815966129302979,0.10999643802642822,0.544544517993927,0.09251342713832855,0.6862198114395142,0.23541522026062012,0.5806388258934021,0.21419119834899902,0.5121123790740967,0.20146717131137848,0.45748287439346313,0.19231225550174713,0.686341404914856,0.2916467487812042,0.601318359375,0.305753231048584,0.5506604909896851,0.30976375937461853,0.5121938586235046,0.314465194940567,0.6920326352119446,0.3469710052013397,0.6383463144302368,0.3433937430381775,0.6251647472381592,0.3404725193977356,0.6139944791793823,0.34425032138824463
0.803302526473999,0.35881853103637695,0.7441969513893127,0.27980270981788635,0.6674209237098694,0.233798086643219,0.6043344140052795,0.22287245094776154,0.5536734461784363,0.23755009472370148,0.6539596319198608,0.16102436184883118,0.5589603781700134,0.10621774196624756,0.4963294565677643,0.09156504273414612,0.44731375575065613,0.0913349837064743,0.6518489718437195,0.19646099209785461,0.5391120910644531,0.14818242192268372,0.47281622886657715,0.13924656808376312,0.423342227935791,0.1417238563299179,0.6527463793754578,0.25860998034477234,0.5410557389259338,0.2331504225730896,0.4760419726371765,0.22659708559513092,0.4278321862220764,0.22344446182250977,0.654461145401001,0.33970409631729126,0.5703226327896118,0.3355301022529602,0.5271466970443726,0.33907076716423035,0.49347081780433655,0.3419051766395569
0.7713430523872375,0.3898346424102783,0.7002408504486084,0.3132685124874115,0.6129985451698303,0.265464723110199,0.5409398078918457,0.24829018115997314,0.4755023717880249,0.24727347493171692,0.628301203250885,0.19278651475906372,0.5416126847267151,0.11431533098220825,0.4795615077018738,0.08126114308834076,0.4300757646560669,0.062251657247543335,0.6306542754173279,0.23259110748767853,0.5351202487945557,0.1596764326095581,0.4687056541442871,0.1374473124742508,0.41392725706100464,0.126139834523201,0.6378589272499084,0.29927998781204224,0.5367798209190369,0.2758019268512726,0.46615126729011536,0.27949613332748413,0.40884077548980713,0.28625229001045227,0.6458671689033508,0.38395988941192627,0.574856162071228,0.3830218017101288,0.5245990753173828,0.3886984586715698,0.47777649760246277,0.39537888765335083
0.6815171241760254,0.5153066515922546,0.6515558362007141,0.4230519235134125,0.580368161201477,0.37626761198043823,0.5132901072502136,0.37238842248916626,0.46079719066619873,0.38495615124702454,0.5637836456298828,0.379504531621933,0.48148858547210693,0.31845420598983765,0.42545193433761597,0.2796729803085327,0.3789696991443634,0.24576352536678314,0.5492811799049377,0.43182629346847534,0.4551827013492584,0.38453173637390137,0.38648951053619385,0.3536238968372345,0.3296929895877838,0.32398128509521484,0.5469322204589844,0.496852308511734,0.4583192467689514,0.4759070873260498,0.40824127197265625,0.47732317447662354,0.3656642436981201,0.4707185924053192,0.5549678802490234,0.5625891089439392,0.48888978362083435,0.5626953840255737,0.4579297602176666,0.5671443343162537,0.4285942316055298,0.570152223110199
0.6857319474220276,0.5244254469871521,0.6456979513168335,0.4288575053215027,0.5679753422737122,0.3937544524669647,0.5031169056892395,0.40847623348236084,0.46187183260917664,0.4406372904777527,0.5439499616622925,0.37491291761398315,0.4624101221561432,0.31314122676849365,0.4133870303630829,0.267477810382843,0.37737083435058594,0.23035044968128204,0.5250240564346313,0.4340837597846985,0.4283517003059387,0.3845841884613037,0.3690144419670105,0.3486610949039459,0.32543808221817017,0.3218270540237427,0.5158308744430542,0.506744384765625,0.4067215919494629,0.5004276633262634,0.33773452043533325,0.49460557103157043,0.2872737646102905,0.4883562922477722,0.5184629559516907,0.5765566825866699,0.4323972165584564,0.5885152816772461,0.38469186425209045,0.599983274936676,0.34506991505622864,0.608338475227356
0.6969158053398132,0.5444984436035156,0.6476899981498718,0.4469730854034424,0.5676587224006653,0.41191667318344116,0.5029727816581726,0.42438268661499023,0.46187934279441833,0.45266449451446533,0.5365089774131775,0.3878665566444397,0.45877203345298767,0.3236837685108185,0.41133368015289307,0.28142601251602173,0.3746192455291748,0.24926882982254028,0.5199452638626099,0.44268882274627686,0.41986149549484253,0.3923265039920807,0.35960420966148376,0.35815829038619995,0.3132667541503906,0.333553284406662,0.5143863558769226,0.512993335723877,0.4043726921081543,0.5063663721084595,0.33904001116752625,0.5024407505989075,0.290129691362381,0.497022420167923,0.5204880833625793,0.5835639238357544,0.43022698163986206,0.5941948294639587,0.38122040033340454,0.6058249473571777,0.34088319540023804,0.6128851771354675
0.6962702870368958,0.5602235794067383,0.6426007747650146,0.4568958878517151,0.5657703280448914,0.42111873626708984,0.5020098686218262,0.42858457565307617,0.4617372453212738,0.4587574601173401,0.5285804867744446,0.40207916498184204,0.44872617721557617,0.33136308193206787,0.4031471312046051,0.2908859848976135,0.36884504556655884,0.2611597180366516,0.5116031169891357,0.4564121663570404,0.4074843227863312,0.39877140522003174,0.34740984439849854,0.3652474284172058,0.3028867542743683,0.3419039845466614,0.5071577429771423,0.5257777571678162,0.3973304033279419,0.5171054005622864,0.33405840396881104,0.509840190410614,0.288990318775177,0.5001660585403442,0.5164751410484314,0.5953988432884216,0.42915529012680054,0.6022809147834778,0.3862946927547455,0.6073321104049683,0.3528248071670532,0.6039427518844604
0.6931659579277039,0.5731053948402405,0.6348053216934204,0.46682488918304443,0.5582085847854614,0.4316394329071045,0.4957119822502136,0.43935534358024597,0.4577193856239319,0.47330471873283386,0.523047149181366,0.4164659380912781,0.4462907314300537,0.34601491689682007,0.40210187435150146,0.3042645752429962,0.36905837059020996,0.2722228467464447,0.5058323740959167,0.4677305221557617,0.40263959765434265,0.41067051887512207,0.343871533870697,0.37391960620880127,0.2992425858974457,0.34719449281692505,0.5018252730369568,0.5342874526977539,0.3917068839073181,0.5206233859062195,0.32756179571151733,0.5089743733406067,0.2800256311893463,0.49617302417755127,0.5113756060600281,0.6021658182144165,0.4263177812099457,0.6117008924484253,0.38293391466140747,0.616618275642395,0.3473396599292755,0.6143314838409424
0.6842860579490662,0.5805326700210571,0.6295560598373413,0.47399836778640747,0.5541820526123047,0.4372912645339966,0.4915195107460022,0.4465634226799011,0.45423439145088196,0.4788632094860077,0.5151418447494507,0.421572744846344,0.43713417649269104,0.35109835863113403,0.393726646900177,0.3099339008331299,0.36164772510528564,0.27862489223480225,0.49683889746665955,0.4719204008579254,0.3954273462295532,0.41402357816696167,0.33842548727989197,0.3796561360359192,0.29568836092948914,0.3544296622276306,0.49180418252944946,0.5374917387962341,0.38482218980789185,0.5192634463310242,0.32318446040153503,0.505577802658081,0.2778359651565552,0.49179524183273315,0.5000858306884766,0.6043431758880615,0.4175001084804535,0.6108059883117676,0.3741699457168579,0.6161625385284424,0.33889371156692505,0.616210401058197
0.6732124090194702,0.5881118178367615,0.6210788488388062,0.4772983491420746,0.548650860786438,0.4383545219898224,0.48574817180633545,0.44154202938079834,0.4462278187274933,0.4660375714302063,0.5068213939666748,0.42921704053878784,0.42840051651000977,0.35746675729751587,0.3846297860145569,0.3185356855392456,0.3513154983520508,0.28953462839126587,0.48610490560531616,0.4815334677696228,0.3857623338699341,0.4215465188026428,0.32809677720069885,0.38753366470336914,0.28408104181289673,0.36295562982559204,0.47993090748786926,0.5478015542030334,0.3740818202495575,0.526328980922699,0.3138445019721985,0.5129027366638184,0.26922842860221863,0.500419020652771,0.4888065755367279,0.6143792271614075,0.40770232677459717,0.621429979801178,0.3658868372440338,0.6273136138916016,0.3329213857650757,0.6275359988212585
0.672195315361023,0.5886210799217224,0.624220609664917,0.4802513122558594,0.548877477645874,0.442874550819397,0.4851751923561096,0.45304280519485474,0.44831058382987976,0.4831547737121582,0.5069790482521057,0.4300164580345154,0.4311925172805786,0.35852670669555664,0.38752803206443787,0.31805384159088135,0.35466307401657104,0.2882232069969177,0.48402461409568787,0.48177245259284973,0.38890358805656433,0.4228385388851166,0.33377617597579956,0.3869854807853699,0.2913087010383606,0.3610086441040039,0.47642841935157776,0.5469907522201538,0.3752725124359131,0.528580367565155,0.31497323513031006,0.516377329826355,0.27005141973495483,0.5053796172142029,0.48406511545181274,0.6106353998184204,0.4121560752391815,0.6206023693084717,0.37464070320129395,0.6287856698036194,0.3459894061088562,0.6325655579566956
0.663421094417572,0.5888170599937439,0.6094521284103394,0.4823085367679596,0.5354375839233398,0.4455033540725708,0.47427159547805786,0.4546114206314087,0.43522658944129944,0.4843454658985138,0.492645800113678,0.4360034763813019,0.41524243354797363,0.36607667803764343,0.37289273738861084,0.32644540071487427,0.3414199948310852,0.2969704270362854,0.4716213345527649,0.4886209964752197,0.371494859457016,0.4329002797603607,0.31469738483428955,0.3992164731025696,0.272558331489563,0.3752002716064453,0.4660686254501343,0.5549352765083313,0.36165377497673035,0.5380493998527527,0.30022305250167847,0.5262387990951538,0.25543859601020813,0.514244794845581,0.4754977822303772,0.6214320063591003,0.3995463252067566,0.6304822564125061,0.36092448234558105,0.6372884511947632,0.3318508267402649,0.6382129788398743
0.6246309876441956,0.6165589094161987,0.5778343677520752,0.5107781291007996,0.5062203407287598,0.4770035445690155,0.44172531366348267,0.47967711091041565,0.40359967947006226,0.5027662515640259,0.4634489119052887,0.47337573766708374,0.3822536766529083,0.4069814682006836,0.3355371057987213,0.37102606892585754,0.2992595434188843,0.3435743451118469,0.4436478316783905,0.5338171124458313,0.33918070793151855,0.4705001711845398,0.27919328212738037,0.4384101629257202,0.23281773924827576,0.41692036390304565,0.43812254071235657,0.5995297431945801,0.3323587477207184,0.5827354788780212,0.269071102142334,0.5710156559944153,0.22388693690299988,0.5639218091964722,0.44784969091415405,0.6595495343208313,0.36601710319519043,0.660124659538269,0.32647085189819336,0.658854067325592,0.29480552673339844,0.6576417088508606
0.6198796629905701,0.6173473596572876,0.5747129321098328,0.5135366320610046,0.5068008899688721,0.47271332144737244,0.4435746669769287,0.4758045971393585,0.4052105247974396,0.5004643797874451,0.4565213918685913,0.48309874534606934,0.3725629448890686,0.4128599166870117,0.3277294635772705,0.3730095326900482,0.29440194368362427,0.34237512946128845,0.4389478266239166,0.5408844351768494,0.334744930267334,0.47789818048477173,0.2755570411682129,0.44222691655158997,0.23023974895477295,0.41582804918289185,0.4372016489505768,0.6030957698822021,0.3319155275821686,0.5899117588996887,0.26932281255722046,0.5773428678512573,0.22535745799541473,0.5664119124412537,0.45005762577056885,0.659331202507019,0.36911535263061523,0.669887125492096,0.3259207010269165,0.6744486689567566,0.2903951406478882,0.6746636033058167
0.6219037175178528,0.6159950494766235,0.574723482131958,0.5123513340950012,0.5046892762184143,0.4728350043296814,0.4414273500442505,0.4770888686180115,0.4045760929584503,0.5044694542884827,0.4592892825603485,0.4838968813419342,0.3755086064338684,0.41164231300354004,0.32876110076904297,0.371033251285553,0.2928386926651001,0.34054210782051086,0.4410370886325836,0.5412144064903259,0.33769840002059937,0.47572553157806396,0.2763136327266693,0.4398151636123657,0.22939226031303406,0.4154002070426941,0.4384276866912842,0.6030226945877075,0.3353538513183594,0.5869266390800476,0.2718372344970703,0.5736443996429443,0.22750958800315857,0.5640752911567688,0.45037642121315,0.6585770845413208,0.3730674386024475,0.6672384142875671,0.33267447352409363,0.6703897714614868,0.3003411889076233,0.6720254421234131
0.6210037469863892,0.6144324541091919,0.5741106867790222,0.5126296877861023,0.5049872398376465,0.4735044538974762,0.4416194558143616,0.4785960614681244,0.4048681855201721,0.505825936794281,0.456250935792923,0.48558393120765686,0.3729283809661865,0.4119950532913208,0.32704490423202515,0.37042030692100525,0.2920498847961426,0.33932989835739136,0.43825334310531616,0.5439379215240479,0.33414608240127563,0.47974008321762085,0.2738999128341675,0.4437679052352905,0.2283947765827179,0.41914647817611694,0.4371410608291626,0.6059343814849854,0.33342570066452026,0.588844895362854,0.27054154872894287,0.5739755630493164,0.22698242962360382,0.5628258585929871,0.4508816599845886,0.660319983959198,0.3732856810092926,0.6682265996932983,0.3341991603374481,0.670861542224884,0.30352404713630676,0.6715142726898193
0.6245830059051514,0.6099594831466675,0.5765502452850342,0.5035025477409363,0.5080826878547668,0.4647098779678345,0.4454192817211151,0.4699918329715729,0.40934693813323975,0.49462389945983887,0.4601452350616455,0.4746891260147095,0.3779299557209015,0.40201276540756226,0.3320023715496063,0.3622252941131592,0.29698628187179565,0.33184903860092163,0.4414076507091522,0.5368310213088989,0.3400864005088806,0.476807177066803,0.2808033227920532,0.4427308738231659,0.2354983240365982,0.41863375902175903,0.4393022060394287,0.6007494330406189,0.3376861810684204,0.5836715698242188,0.2757648825645447,0.570866584777832,0.23205117881298065,0.5619388222694397,0.45128878951072693,0.6547697186470032,0.3737488090991974,0.6653232574462891,0.33125096559524536,0.6702116131782532,0.29689496755599976,0.6721251010894775
0.6268129348754883,0.6007354855537415,0.5757718086242676,0.496433824300766,0.508396565914154,0.46162334084510803,0.44926917552948,0.4685758352279663,0.41660216450691223,0.49720531702041626,0.4654848873615265,0.45873644948005676,0.38860127329826355,0.38780486583709717,0.3439004421234131,0.3457047641277313,0.30962538719177246,0.31506645679473877,0.4449335038661957,0.5135617852210999,0.34651798009872437,0.45141541957855225,0.2861403822898865,0.41768908500671387,0.2408643662929535,0.39588892459869385,0.44182804226875305,0.5793276429176331,0.3384096622467041,0.5611065626144409,0.275199830532074,0.5486716628074646,0.230444997549057,0.541830837726593,0.4528675973415375,0.6436983942985535,0.3695484697818756,0.6571388244628906,0.32197654247283936,0.6659437417984009,0.281852662563324,0.6731278896331787
0.6322348117828369,0.5962552428245544,0.5823568105697632,0.49210798740386963,0.5132587552070618,0.4570108950138092,0.4537220597267151,0.4672897458076477,0.41924047470092773,0.49741029739379883,0.47054731845855713,0.45340752601623535,0.39515453577041626,0.3817456364631653,0.3494793772697449,0.3374358117580414,0.31595149636268616,0.3049573302268982,0.4497377574443817,0.506757378578186,0.35010451078414917,0.44919729232788086,0.28984713554382324,0.41574200987815857,0.2443360835313797,0.39418578147888184,0.44562605023384094,0.5713416337966919,0.34352993965148926,0.5561654567718506,0.2803916335105896,0.5457339882850647,0.2355181872844696,0.5413419604301453,0.45633766055107117,0.6348980665206909,0.37834030389785767,0.6470384001731873,0.3336540162563324,0.6558765172958374,0.2963387966156006,0.6643866300582886
0.6362425088882446,0.5978841185569763,0.5822633504867554,0.4916836619377136,0.5121951103210449,0.4565626382827759,0.45168834924697876,0.46663326025009155,0.4162853956222534,0.49648454785346985,0.47023212909698486,0.4507374167442322,0.39606359601020813,0.3749687671661377,0.3508458733558655,0.3297356367111206,0.3191574215888977,0.29658180475234985,0.4483269453048706,0.5056745409965515,0.34766513109207153,0.44730040431022644,0.28839948773384094,0.4146571159362793,0.24484676122665405,0.39236897230148315,0.4449916481971741,0.5714455246925354,0.342823326587677,0.5561234354972839,0.2805730700492859,0.5426993370056152,0.23578552901744843,0.532880961894989,0.45738670229911804,0.635932207107544,0.37826597690582275,0.6471540927886963,0.33286190032958984,0.6535228490829468,0.2940537929534912,0.6567371487617493
0.6389679908752441,0.600648045539856,0.585124671459198,0.4944155812263489,0.5141178965568542,0.45524919033050537,0.45326489210128784,0.46932077407836914,0.41886669397354126,0.5035170912742615,0.4725191295146942,0.4541962146759033,0.39725396037101746,0.3775975704193115,0.3531040549278259,0.3320690393447876,0.3213535249233246,0.29862648248672485,0.45201751589775085,0.509236216545105,0.3519311547279358,0.4474506676197052,0.2932037115097046,0.4136093258857727,0.24902372062206268,0.3909303545951843,0.4486831724643707,0.5741563439369202,0.34519803524017334,0.5554317831993103,0.28179696202278137,0.5420706272125244,0.23547565937042236,0.5329612493515015,0.4598931074142456,0.6372331380844116,0.3812687397003174,0.6472188234329224,0.3360905349254608,0.6542223691940308,0.29682862758636475,0.6589711308479309
0.6375311613082886,0.6039624810218811,0.5849834680557251,0.49659693241119385,0.5158653855323792,0.4572937786579132,0.45429959893226624,0.46795567870140076,0.4190354347229004,0.4977291524410248,0.4736093282699585,0.4571765065193176,0.3971974849700928,0.38190871477127075,0.3538191616535187,0.33712098002433777,0.32277125120162964,0.3039141297340393,0.4516369700431824,0.510688841342926,0.3515159785747528,0.4510684609413147,0.29253876209259033,0.41867607831954956,0.24873730540275574,0.39658117294311523,0.44744718074798584,0.5745224952697754,0.3436104655265808,0.5584285259246826,0.2812424302101135,0.5461287498474121,0.23605042695999146,0.5374875664710999,0.45851588249206543,0.6371908783912659,0.3798248767852783,0.6474931836128235,0.3352844715118408,0.6544296741485596,0.2969813942909241,0.658609926700592
0.636498749256134,0.6071963906288147,0.5848734378814697,0.4987374544143677,0.5163475871086121,0.45983943343162537,0.45452389121055603,0.46834319829940796,0.4187428057193756,0.49616384506225586,0.4723585247993469,0.45882198214530945,0.3963547945022583,0.38429009914398193,0.35412076115608215,0.3403026759624481,0.323161244392395,0.30698928236961365,0.44983765482902527,0.5113576054573059,0.351116418838501,0.4531266987323761,0.2931598126888275,0.4198765158653259,0.2497795671224594,0.3961561322212219,0.44554951786994934,0.5747808218002319,0.3423313498497009,0.5627779960632324,0.2809715270996094,0.5515524744987488,0.23667410016059875,0.5426719188690186,0.4572886824607849,0.6368410587310791,0.37842944264411926,0.6473076343536377,0.3362990617752075,0.6532266736030579,0.300856351852417,0.6547055840492249
0.6340487599372864,0.6079776883125305,0.5822629332542419,0.5004234313964844,0.5139982104301453,0.460708349943161,0.4528006613254547,0.4681738018989563,0.4174988865852356,0.4958638846874237,0.46983277797698975,0.4613471031188965,0.39435088634490967,0.3861684799194336,0.35277560353279114,0.34175345301628113,0.32269835472106934,0.3084920644760132,0.4478227198123932,0.5131174325942993,0.3493136167526245,0.453332781791687,0.2915404438972473,0.41955655813217163,0.24840205907821655,0.39635205268859863,0.44365164637565613,0.5753539800643921,0.3418991267681122,0.5619338154792786,0.2809300422668457,0.5502706170082092,0.23672740161418915,0.5414718985557556,0.45523905754089355,0.6365399360656738,0.37751632928848267,0.6468621492385864,0.3363605737686157,0.6532806754112244,0.30195561051368713,0.6559069156646729
0.6332427859306335,0.6074910163879395,0.5817598700523376,0.500468909740448,0.5143870115280151,0.45920035243034363,0.45297253131866455,0.4663931131362915,0.41817158460617065,0.4947294592857361,0.46956855058670044,0.46324825286865234,0.3938233256340027,0.3878644108772278,0.35135766863822937,0.3427466154098511,0.3208373188972473,0.3100670576095581,0.4478292167186737,0.5157180428504944,0.3482580780982971,0.4537571966648102,0.2896164655685425,0.4202735722064972,0.24571233987808228,0.3975626826286316,0.44377705454826355,0.5785020589828491,0.34058016538619995,0.5644559860229492,0.2788681387901306,0.5514914393424988,0.23404228687286377,0.5411408543586731,0.45463767647743225,0.6409904956817627,0.3724547028541565,0.657988429069519,0.3288833200931549,0.6671285033226013,0.2918549180030823,0.6706295609474182
0.6312888860702515,0.6081528067588806,0.5818222165107727,0.5029169321060181,0.5133436918258667,0.46315398812294006,0.4517963230609894,0.47525784373283386,0.41716721653938293,0.505759596824646,0.4677092432975769,0.46829134225845337,0.3915753662586212,0.394625186920166,0.34885790944099426,0.3499752879142761,0.31700271368026733,0.3166179060935974,0.4466221034526825,0.5222463607788086,0.34779778122901917,0.46038997173309326,0.2896665334701538,0.42401543259620667,0.24538549780845642,0.39820918440818787,0.44294118881225586,0.5849790573120117,0.3390544652938843,0.572859525680542,0.2762337923049927,0.5601204633712769,0.23081383109092712,0.5502462983131409,0.45406264066696167,0.6455401182174683,0.37055957317352295,0.6585173606872559,0.32418596744537354,0.6654486656188965,0.28490543365478516,0.6683101654052734
0.6285707950592041,0.6139606833457947,0.5789165496826172,0.5077577829360962,0.5076074600219727,0.46801647543907166,0.44500261545181274,0.4764174222946167,0.40680211782455444,0.5038502812385559,0.4678822457790375,0.4722677767276764,0.3869800567626953,0.395078182220459,0.34074023365974426,0.3514474332332611,0.3060244023799896,0.3193308115005493,0.44853681325912476,0.5325824618339539,0.3443863093852997,0.4691733121871948,0.2831738591194153,0.43109381198883057,0.23691311478614807,0.40451356768608093,0.44423189759254456,0.5995100140571594,0.33488792181015015,0.586679220199585,0.27161717414855957,0.5710292458534241,0.22722388803958893,0.5582995414733887,0.4537986218929291,0.6603808403015137,0.36579805612564087,0.6710507869720459,0.31985151767730713,0.6747477650642395,0.28228244185447693,0.6744328737258911
0.6293328404426575,0.6282053589820862,0.5809191465377808,0.5210508108139038,0.5072973966598511,0.47961899638175964,0.443111777305603,0.48788297176361084,0.40450599789619446,0.5185068249702454,0.4681106209754944,0.48193082213401794,0.3859291672706604,0.40776413679122925,0.33795419335365295,0.3627451956272125,0.3015754222869873,0.3290518522262573,0.44784703850746155,0.5419347882270813,0.3419911563396454,0.477364182472229,0.2776302993297577,0.4413772523403168,0.22900962829589844,0.4167872667312622,0.44223782420158386,0.609963595867157,0.3344568610191345,0.5920599102973938,0.2713542878627777,0.5789288878440857,0.22662419080734253,0.5695104598999023,0.4495695233345032,0.6746358871459961,0.3636676073074341,0.6802488565444946,0.3152547776699066,0.6853417754173279,0.27502673864364624,0.6882972121238708
0.6373951435089111,0.6362574100494385,0.5815287232398987,0.5305858254432678,0.5027629137039185,0.49408429861068726,0.4384232759475708,0.5051525235176086,0.398897260427475,0.539887011051178,0.4714207053184509,0.48694905638694763,0.3895092010498047,0.41721901297569275,0.33727672696113586,0.3738184869289398,0.2970387935638428,0.34287703037261963,0.4498187005519867,0.5459225177764893,0.3413393497467041,0.49063754081726074,0.27342450618743896,0.4604288935661316,0.2222895473241806,0.441623717546463,0.4434358477592468,0.6178479790687561,0.3362480700016022,0.6056196093559265,0.27679991722106934,0.5984417200088501,0.23632502555847168,0.5953707695007324,0.44953036308288574,0.6912491321563721,0.3647475838661194,0.6985003352165222,0.3155173063278198,0.7048791646957397,0.2751549482345581,0.7098287343978882
0.6353930830955505,0.6467160582542419,0.5759417414665222,0.5374870896339417,0.49904391169548035,0.5005028247833252,0.4388453960418701,0.5230944156646729,0.4013873040676117,0.5659648180007935,0.46406248211860657,0.5048187971115112,0.38144806027412415,0.432074636220932,0.3292660713195801,0.38799798488616943,0.28822094202041626,0.3547656238079071,0.4411754608154297,0.565481424331665,0.3342673182487488,0.5069587230682373,0.2676127552986145,0.4756667912006378,0.21654948592185974,0.45473143458366394,0.4338495433330536,0.636763870716095,0.32942941784858704,0.6218478083610535,0.27449679374694824,0.6117836236953735,0.2379128336906433,0.6063377857208252,0.43873727321624756,0.7064465284347534,0.356147825717926,0.7125294804573059,0.3072371780872345,0.7193304300308228,0.2672712206840515,0.7270069122314453
0.6354226469993591,0.6587799191474915,0.5784417390823364,0.5461834669113159,0.5022684335708618,0.501920759677887,0.43976321816444397,0.5179292559623718,0.4001585841178894,0.5527612566947937,0.46380701661109924,0.5171960592269897,0.37524187564849854,0.4469525218009949,0.31943070888519287,0.4025910496711731,0.2756468653678894,0.3686670660972595,0.4423145353794098,0.5814918875694275,0.33036667108535767,0.5267035365104675,0.26137152314186096,0.4922986924648285,0.20997069776058197,0.4681892693042755,0.4362943470478058,0.6516086459159851,0.32499298453330994,0.6379078030586243,0.26042068004608154,0.627067506313324,0.21593375504016876,0.6202021241188049,0.443172425031662,0.7156273722648621,0.35775959491729736,0.722683310508728,0.3068694472312927,0.7294853925704956,0.26587194204330444,0.7377099990844727
0.6331582069396973,0.6707558035850525,0.5780078172683716,0.5571335554122925,0.49573755264282227,0.5155369639396667,0.4280416667461395,0.5290892720222473,0.38707661628723145,0.5611231923103333,0.45366954803466797,0.5228599905967712,0.3648897111415863,0.4498157501220703,0.31003880500793457,0.40429502725601196,0.2697538137435913,0.37060123682022095,0.43295764923095703,0.588145911693573,0.3213086724281311,0.533415675163269,0.2534051835536957,0.4997144639492035,0.20353209972381592,0.4763055443763733,0.42766839265823364,0.6592971086502075,0.31552088260650635,0.6476804614067078,0.24785692989826202,0.63765549659729,0.19890578091144562,0.6297807693481445,0.43599602580070496,0.7226106524467468,0.35240375995635986,0.7331766486167908,0.3021734356880188,0.7429953813552856,0.25950807332992554,0.7518513798713684
0.6291275024414062,0.6801252961158752,0.5735664367675781,0.5663471817970276,0.4963902235031128,0.5232216715812683,0.42916935682296753,0.5302408933639526,0.3878342807292938,0.5572071075439453,0.45673757791519165,0.5325775146484375,0.36114561557769775,0.4557011127471924,0.3043757677078247,0.4083208441734314,0.26345840096473694,0.3722308874130249,0.43782615661621094,0.5980232954025269,0.3168148696422577,0.5408636927604675,0.24600787460803986,0.506645143032074,0.19512861967086792,0.4826045632362366,0.4327743947505951,0.6684073805809021,0.3120828866958618,0.656930148601532,0.2401186227798462,0.6479367017745972,0.18903444707393646,0.6406729817390442,0.44088372588157654,0.7300054430961609,0.3501601815223694,0.7412398457527161,0.29730191826820374,0.7517316341400146,0.2531284689903259,0.7618453502655029
0.629353404045105,0.6846997737884521,0.5720802545547485,0.5731183290481567,0.4939671456813812,0.5288769006729126,0.4297318160533905,0.5362331867218018,0.39003992080688477,0.5617183446884155,0.454039990901947,0.5381715297698975,0.35622894763946533,0.4601151943206787,0.29672902822494507,0.41344690322875977,0.25344201922416687,0.3797582685947418,0.4371076226234436,0.6051944494247437,0.3139033615589142,0.5498730540275574,0.2409273236989975,0.5184340476989746,0.18772269785404205,0.4980294108390808,0.43140092492103577,0.6780716776847839,0.3120706081390381,0.6677696704864502,0.23957553505897522,0.6589173078536987,0.18825076520442963,0.650985598564148,0.43652573227882385,0.7422840595245361,0.3481596112251282,0.7567326426506042,0.29503005743026733,0.7690192461013794,0.25120699405670166,0.779839038848877
0.6257553100585938,0.6935182809829712,0.5651228427886963,0.5831809639930725,0.48592883348464966,0.5393266677856445,0.4207412600517273,0.5573693513870239,0.38014864921569824,0.5969969034194946,0.4485621750354767,0.5496476292610168,0.3482934832572937,0.4709949791431427,0.28643798828125,0.4267880320549011,0.24151143431663513,0.39610525965690613,0.43127813935279846,0.6165032982826233,0.3050309419631958,0.5633530020713806,0.22958892583847046,0.5361346006393433,0.1754077970981598,0.5198208689689636,0.4265122413635254,0.6891317963600159,0.30569493770599365,0.6805980205535889,0.2330975979566574,0.6737954020500183,0.18176940083503723,0.6675759553909302,0.43237432837486267,0.752693235874176,0.3461724519729614,0.7723355293273926,0.2927955687046051,0.78926682472229,0.24841229617595673,0.804142951965332
0.6255323886871338,0.7100866436958313,0.5654836893081665,0.5992104411125183,0.48495998978614807,0.5566058158874512,0.4196138381958008,0.5731461048126221,0.37833133339881897,0.6132477521896362,0.45196977257728577,0.563022792339325,0.3453870415687561,0.489768385887146,0.2787872552871704,0.4505230188369751,0.22912907600402832,0.42309510707855225,0.43050917983055115,0.6315839290618896,0.30129021406173706,0.5847338438034058,0.22221282124519348,0.562147319316864,0.16458964347839355,0.5502861142158508,0.4219181537628174,0.7063291668891907,0.2980247437953949,0.702441930770874,0.22318869829177856,0.7035825252532959,0.1686863899230957,0.7055273652076721,0.42517074942588806,0.7714066505432129,0.33832821249961853,0.8027540445327759,0.2864939868450165,0.8268852233886719,0.24392592906951904,0.8488037586212158
0.6251769661903381,0.7099012136459351,0.5636077523231506,0.6023619174957275,0.48221293091773987,0.5651209354400635,0.4143732190132141,0.5886996388435364,0.37276357412338257,0.6323151588439941,0.4434985816478729,0.5648295283317566,0.34325921535491943,0.49016764760017395,0.27888739109039307,0.44738441705703735,0.2310919314622879,0.41729265451431274,0.4226751923561096,0.6327021718025208,0.2969573736190796,0.5831238627433777,0.22047848999500275,0.5564755797386169,0.16424202919006348,0.5409097075462341,0.4155866205692291,0.7073302268981934,0.29460009932518005,0.7035574316978455,0.22167037427425385,0.701502799987793,0.1686743199825287,0.7002396583557129,0.42073819041252136,0.7736389636993408,0.3367791473865509,0.8019178509712219,0.28678029775619507,0.824414849281311,0.24501655995845795,0.8447339534759521
0.627604067325592,0.710249125957489,0.5657023191452026,0.5999385714530945,0.484218567609787,0.5625789761543274,0.41563916206359863,0.5845966935157776,0.37505894899368286,0.6280380487442017,0.44745108485221863,0.5631619691848755,0.3443605303764343,0.49032795429229736,0.2790597975254059,0.44901132583618164,0.2311464548110962,0.41844451427459717,0.4257747530937195,0.6311761736869812,0.29908615350723267,0.5829688906669617,0.221688911318779,0.5561195611953735,0.16504830121994019,0.5392904281616211,0.41843464970588684,0.706017255783081,0.29650425910949707,0.702846348285675,0.22216357290744781,0.7016981840133667,0.1676132082939148,0.7013910412788391,0.4240500330924988,0.7724298238754272,0.3399052917957306,0.8021259307861328,0.2901012897491455,0.8253633975982666,0.2484394609928131,0.8478349447250366
0.6134864687919617,0.730712354183197,0.5515130758285522,0.6204369068145752,0.4738945960998535,0.5767337083816528,0.4076469838619232,0.5924227833747864,0.3654695451259613,0.6340154409408569,0.43868154287338257,0.5852434039115906,0.33139970898628235,0.5111200213432312,0.2655094265937805,0.4719192087650299,0.21625123918056488,0.4449414014816284,0.41641363501548767,0.6555907130241394,0.28867852687835693,0.6037415862083435,0.21245907247066498,0.5828427672386169,0.1586109697818756,0.5722838640213013,0.4075041711330414,0.7314175963401794,0.2869744300842285,0.725974977016449,0.21655121445655823,0.7251366972923279,0.16731104254722595,0.7246835231781006,0.41054293513298035,0.7976815700531006,0.32516467571258545,0.8234555721282959,0.27442532777786255,0.8459795117378235,0.2325156331062317,0.8649952411651611
0.6261131763458252,0.7222356200218201,0.5661678314208984,0.6114481687545776,0.4813080430030823,0.5681716799736023,0.41017478704452515,0.5900443196296692,0.3683163821697235,0.6339856386184692,0.4482336640357971,0.5737335085868835,0.3416914939880371,0.4992819130420685,0.27535688877105713,0.4583960473537445,0.22549521923065186,0.4283001124858856,0.4278110861778259,0.6455891728401184,0.30110976099967957,0.5964224934577942,0.22269956767559052,0.5691332221031189,0.16459088027477264,0.5536612868309021,0.42059627175331116,0.7229723334312439,0.29550427198410034,0.7166497707366943,0.22058773040771484,0.7128421068191528,0.1656402051448822,0.7122166752815247,0.425644189119339,0.7896112203598022,0.3370121121406555,0.8157118558883667,0.28421691060066223,0.8345102667808533,0.2409403771162033,0.8541898727416992
0.6304638981819153,0.6808737516403198,0.5652328729629517,0.5678321123123169,0.47976014018058777,0.5288394093513489,0.41087350249290466,0.5535141825675964,0.3691575229167938,0.5952925682067871,0.4463011622428894,0.531324028968811,0.3457331657409668,0.4493841826915741,0.2823088467121124,0.4011822044849396,0.23673714697360992,0.36554357409477234,0.4300292134284973,0.6006205677986145,0.30502668023109436,0.5443562269210815,0.22870275378227234,0.5101052522659302,0.17113474011421204,0.4864345192909241,0.42540889978408813,0.6771953701972961,0.3013516664505005,0.6672799587249756,0.227502703666687,0.6589488387107849,0.1736314743757248,0.6515156030654907,0.4315558075904846,0.7482635378837585,0.33977454900741577,0.7646171450614929,0.28465598821640015,0.7743958234786987,0.23867759108543396,0.7817359566688538
0.6377559304237366,0.6889131665229797,0.5744113922119141,0.5740788578987122,0.48759421706199646,0.5332833528518677,0.4165186882019043,0.5539447665214539,0.3725016117095947,0.5951101183891296,0.4592227041721344,0.5242250561714172,0.35194075107574463,0.4445474147796631,0.2851807475090027,0.4013722538948059,0.23681102693080902,0.3701941668987274,0.4393489956855774,0.5967098474502563,0.309205561876297,0.5419656038284302,0.23032288253307343,0.5098084211349487,0.17334184050559998,0.48739463090896606,0.43299204111099243,0.6779400706291199,0.30651533603668213,0.6703485250473022,0.2289353460073471,0.6615784764289856,0.1737654209136963,0.653063952922821,0.43824294209480286,0.7499606609344482,0.34785377979278564,0.7608675956726074,0.2906237542629242,0.7724522948265076,0.244827002286911,0.7835936546325684
0.6283147931098938,0.619517982006073,0.5671060085296631,0.501401424407959,0.47932669520378113,0.4618538022041321,0.39659515023231506,0.47725623846054077,0.3471977710723877,0.5172898769378662,0.4458058774471283,0.4502369165420532,0.33159083127975464,0.3662688732147217,0.26616179943084717,0.31304147839546204,0.2189798206090927,0.27091914415359497,0.4355878531932831,0.5234442949295044,0.2946932911872864,0.45619553327560425,0.2119733691215515,0.4134671986103058,0.14812201261520386,0.3771875202655792,0.43135035037994385,0.6052846908569336,0.2859799265861511,0.5882223844528198,0.20066402852535248,0.5774422883987427,0.13915467262268066,0.5639998912811279,0.43724268674850464,0.6819691061973572,0.3255801498889923,0.6933055520057678,0.2636740207672119,0.7030146718025208,0.21038146317005157,0.7104134559631348
0.6278203725814819,0.620581328868866,0.5633708834648132,0.5041062235832214,0.477527379989624,0.4644114375114441,0.39762574434280396,0.4699501395225525,0.3498566448688507,0.5064359903335571,0.43254223465919495,0.4552845060825348,0.3216160535812378,0.37051495909690857,0.2576919198036194,0.3157684803009033,0.21296726167201996,0.2732492685317993,0.42273566126823425,0.5283176898956299,0.28398048877716064,0.4645150303840637,0.2043457329273224,0.4289493262767792,0.1445421576499939,0.40118688344955444,0.4226973354816437,0.6077312231063843,0.2825670838356018,0.5914716720581055,0.20044191181659698,0.5835649967193604,0.1428614854812622,0.5739874839782715,0.43305471539497375,0.6802196502685547,0.32481876015663147,0.6878213286399841,0.26261433959007263,0.7001659274101257,0.2097896784543991,0.7091057300567627
0.6243551969528198,0.6169970631599426,0.5612478256225586,0.4981366991996765,0.4765855669975281,0.45867347717285156,0.39708375930786133,0.4610471725463867,0.3494880795478821,0.4959053695201874,0.4289660155773163,0.4503719210624695,0.318583220243454,0.3664701581001282,0.25488144159317017,0.31192144751548767,0.20913606882095337,0.26944950222969055,0.4187485873699188,0.5221986770629883,0.2791694402694702,0.4557521343231201,0.20002904534339905,0.4189109206199646,0.13936087489128113,0.39148470759391785,0.419735312461853,0.6028331518173218,0.2799222767353058,0.5901741981506348,0.1961352825164795,0.582841694355011,0.13651764392852783,0.5750905275344849,0.43144041299819946,0.6786675453186035,0.3233967125415802,0.6881449222564697,0.2629008889198303,0.6989303827285767,0.20976734161376953,0.7079009413719177
0.6292475461959839,0.6219270825386047,0.5653460025787354,0.5019630789756775,0.4796273708343506,0.460534930229187,0.3982478678226471,0.4620439410209656,0.34830743074417114,0.49730411171913147,0.4329426884651184,0.45680055022239685,0.3165337145328522,0.37467995285987854,0.24932292103767395,0.3194170594215393,0.20202840864658356,0.27481451630592346,0.4234906733036041,0.5299818515777588,0.2806875705718994,0.46802741289138794,0.19849060475826263,0.4335078299045563,0.13581594824790955,0.40490254759788513,0.423112690448761,0.6099328398704529,0.279643714427948,0.5942201018333435,0.19313651323318481,0.5853036642074585,0.13203588128089905,0.5732507705688477,0.43292418122291565,0.6828557848930359,0.326061487197876,0.691277801990509,0.2637835144996643,0.7005195617675781,0.2103002816438675,0.7062152028083801
0.6251221895217896,0.6186584234237671,0.5599886775016785,0.49722015857696533,0.4748993217945099,0.456277459859848,0.39570149779319763,0.4580729007720947,0.34501856565475464,0.4839485287666321,0.43071427941322327,0.4502575397491455,0.32093462347984314,0.36375701427459717,0.25518524646759033,0.310068815946579,0.20856299996376038,0.268623411655426,0.4186059534549713,0.5219653248786926,0.2777867913246155,0.4552345871925354,0.1970028132200241,0.4164624810218811,0.13703608512878418,0.38796085119247437,0.41667410731315613,0.6024795770645142,0.2761518359184265,0.5913797616958618,0.1937561333179474,0.5828654170036316,0.13749685883522034,0.5742532014846802,0.42668160796165466,0.6779682636260986,0.322513610124588,0.6896636486053467,0.26113802194595337,0.6991862654685974,0.20894181728363037,0.7065261006355286
0.6457393765449524,0.5763070583343506,0.5711647272109985,0.48125723004341125,0.4805697798728943,0.4519093632698059,0.40736284852027893,0.4570242762565613,0.3630034625530243,0.48773664236068726,0.4354596734046936,0.4240255355834961,0.3215162754058838,0.35989654064178467,0.25883322954177856,0.30781376361846924,0.21398939192295074,0.2626335918903351,0.4334110617637634,0.4739575982093811,0.2943935692310333,0.4143184721469879,0.21723920106887817,0.36840957403182983,0.15586552023887634,0.32837843894958496,0.44030341506004333,0.5403233170509338,0.2997029423713684,0.5214996933937073,0.21694321930408478,0.5077956914901733,0.15339624881744385,0.48881205916404724,0.45645010471343994,0.6137710809707642,0.34789106249809265,0.6260781288146973,0.28756973147392273,0.638831377029419,0.23376430571079254,0.6481645703315735
0.6394967436790466,0.5637539029121399,0.5605321526527405,0.47272494435310364,0.4747816324234009,0.44909507036209106,0.4046054482460022,0.45711588859558105,0.3644949495792389,0.49506181478500366,0.4282170832157135,0.4164486825466156,0.31690412759780884,0.3510579466819763,0.25601571798324585,0.3038111925125122,0.21217846870422363,0.26423707604408264,0.4299466907978058,0.46399638056755066,0.29126763343811035,0.4048599898815155,0.21591658890247345,0.36427104473114014,0.15665501356124878,0.3310057520866394,0.44025108218193054,0.529164731502533,0.3022818863391876,0.50999915599823,0.22385218739509583,0.4940994381904602,0.16353943943977356,0.47410401701927185,0.4586341381072998,0.599923312664032,0.35705995559692383,0.6074314117431641,0.2985430359840393,0.6174818873405457,0.24342738091945648,0.6240847110748291
0.6427847146987915,0.5652288794517517,0.5703918933868408,0.47596028447151184,0.48476848006248474,0.44715648889541626,0.4139859974384308,0.4408034682273865,0.3704027831554413,0.45723849534988403,0.431336373090744,0.4157019257545471,0.31627944111824036,0.3549099564552307,0.2551148235797882,0.3087120056152344,0.2108340710401535,0.26946157217025757,0.4333094656467438,0.4565151333808899,0.2938312888145447,0.4004559814929962,0.21830327808856964,0.3612178564071655,0.1588239073753357,0.3280091881752014,0.44322121143341064,0.5190561413764954,0.3028065860271454,0.4989948570728302,0.2241085171699524,0.4829658269882202,0.16494959592819214,0.4634474515914917,0.46046513319015503,0.5919522643089294,0.3565676808357239,0.6033684015274048,0.2961670458316803,0.6151235699653625,0.24051548540592194,0.6246621012687683
0.6401677131652832,0.5644397735595703,0.5656166076660156,0.4736427366733551,0.4829569458961487,0.4451850652694702,0.4141079783439636,0.44255170226097107,0.37102895975112915,0.46494099497795105,0.42949673533439636,0.4120400547981262,0.3173466622829437,0.3523116111755371,0.25789666175842285,0.307526558637619,0.2152189314365387,0.2689782977104187,0.4309333264827728,0.4547734558582306,0.29257932305336,0.3985377550125122,0.21864677965641022,0.3589445650577545,0.16121089458465576,0.3247518539428711,0.4408152401447296,0.5184389352798462,0.30213215947151184,0.4978494942188263,0.22359368205070496,0.48135215044021606,0.1648685336112976,0.46067124605178833,0.4580186903476715,0.5920205116271973,0.3535538911819458,0.6028980016708374,0.2932162284851074,0.6143467426300049,0.23742304742336273,0.6235198378562927
0.640708863735199,0.5635025501251221,0.5661194920539856,0.4737244248390198,0.48260200023651123,0.444984495639801,0.4137457013130188,0.4410592019557953,0.37072664499282837,0.4607691168785095,0.4305410087108612,0.41155385971069336,0.31719231605529785,0.35167330503463745,0.25695621967315674,0.30715882778167725,0.21367153525352478,0.26882404088974,0.4329170882701874,0.4543569087982178,0.2936927080154419,0.3985280394554138,0.2193792760372162,0.35899364948272705,0.1615028977394104,0.32455745339393616,0.44298306107521057,0.5176720023155212,0.303821325302124,0.49799463152885437,0.22447916865348816,0.4811156988143921,0.16492512822151184,0.4596255123615265,0.4601230323314667,0.5908886194229126,0.35559791326522827,0.6028366088867188,0.2949826419353485,0.6143277883529663,0.23946146667003632,0.6230618953704834
0.6406325101852417,0.5636601448059082,0.5661972165107727,0.47309237718582153,0.4821214973926544,0.4448026716709137,0.4129476547241211,0.4410414695739746,0.36994290351867676,0.46170178055763245,0.4307396411895752,0.4112943410873413,0.31805619597435,0.3506930470466614,0.2573794424533844,0.30614787340164185,0.21347859501838684,0.26815497875213623,0.43313902616500854,0.45473039150238037,0.29469653964042664,0.39842891693115234,0.2203516811132431,0.35840219259262085,0.16258585453033447,0.32379716634750366,0.4431164264678955,0.5184528231620789,0.3046311140060425,0.49888554215431213,0.22515606880187988,0.48161017894744873,0.16561099886894226,0.4597850739955902,0.4601660370826721,0.5915491580963135,0.3554878532886505,0.60335373878479,0.29477033019065857,0.6147199869155884,0.239346444606781,0.6230083703994751
0.633634626865387,0.5777364373207092,0.5500353574752808,0.5024375319480896,0.4691721498966217,0.4866110682487488,0.40750202536582947,0.48830440640449524,0.3634931743144989,0.5087723135948181,0.41181671619415283,0.44081562757492065,0.3075007200241089,0.3911271393299103,0.24894770979881287,0.3499612808227539,0.20497693121433258,0.3116435110569,0.42324298620224,0.47357094287872314,0.2916988432407379,0.4256196916103363,0.2209789752960205,0.3886880874633789,0.16201704740524292,0.35295501351356506,0.4396466910839081,0.5313822031021118,0.309265673160553,0.5203737616539001,0.2310318648815155,0.5082131028175354,0.17269812524318695,0.48760032653808594,0.4585733115673065,0.5976634621620178,0.359291136264801,0.6121107339859009,0.30183300375938416,0.6222858428955078,0.24815703928470612,0.6282161474227905
0.6382837295532227,0.5758662819862366,0.5579681396484375,0.4940067231655121,0.4735807180404663,0.476101815700531,0.40759891271591187,0.4756556749343872,0.36382612586021423,0.4975261986255646,0.4264571964740753,0.4393303692340851,0.31686556339263916,0.38526710867881775,0.25582724809646606,0.3448760211467743,0.2096642255783081,0.3084280788898468,0.4330560564994812,0.47356489300727844,0.2986983060836792,0.4209771752357483,0.22506476938724518,0.3861657679080963,0.16605642437934875,0.3534843325614929,0.44529077410697937,0.5302716493606567,0.3132621943950653,0.5134395956993103,0.23389822244644165,0.5034971237182617,0.17518828809261322,0.4856345057487488,0.4630202054977417,0.5991735458374023,0.3624785542488098,0.6069949865341187,0.304639607667923,0.6149358153343201,0.25155526399612427,0.6185234785079956
0.6373107433319092,0.5758243799209595,0.5529216527938843,0.4945307970046997,0.4728044271469116,0.4773891568183899,0.40874162316322327,0.47718968987464905,0.3642237186431885,0.49939554929733276,0.422912061214447,0.4404604434967041,0.31426694989204407,0.3858298361301422,0.2536570727825165,0.3442598581314087,0.20720334351062775,0.3072478771209717,0.4320696294307709,0.47523632645606995,0.29776448011398315,0.42250582575798035,0.2250460684299469,0.3853335976600647,0.1670352816581726,0.3502044677734375,0.4462875723838806,0.5342037081718445,0.3125282824039459,0.5140668749809265,0.23417505621910095,0.5029442310333252,0.177121102809906,0.48317980766296387,0.46356096863746643,0.6019696593284607,0.364799439907074,0.6139670610427856,0.3058244287967682,0.6229457855224609,0.2507503032684326,0.6263658404350281
0.6353362798690796,0.5759488344192505,0.5542911291122437,0.4942135512828827,0.4720030426979065,0.47727349400520325,0.4070560038089752,0.47889915108680725,0.3649727702140808,0.5036762356758118,0.4222095310688019,0.43844074010849,0.31595849990844727,0.38309991359710693,0.2565675377845764,0.3416656255722046,0.21175715327262878,0.3057134449481964,0.4296228885650635,0.47398534417152405,0.29752933979034424,0.42140722274780273,0.22526082396507263,0.3852672576904297,0.16768309473991394,0.3528056740760803,0.4438557028770447,0.5324721336364746,0.31145477294921875,0.5146005153656006,0.23295576870441437,0.5039248466491699,0.1749265342950821,0.4855428636074066,0.46331891417503357,0.6016857624053955,0.36494970321655273,0.6137992739677429,0.30590665340423584,0.6220422983169556,0.25086337327957153,0.6240370273590088
0.6374579071998596,0.5773789882659912,0.5533510446548462,0.49852126836776733,0.47280198335647583,0.48127686977386475,0.4088049530982971,0.48333725333213806,0.3653157651424408,0.5056079626083374,0.41870710253715515,0.43824678659439087,0.31622111797332764,0.3827398419380188,0.2582862377166748,0.3408084511756897,0.21454165875911713,0.3034980893135071,0.4254406690597534,0.47322317957878113,0.2980365455150604,0.4205475449562073,0.22506971657276154,0.38384491205215454,0.1688506007194519,0.35024362802505493,0.4397936463356018,0.5329110026359558,0.31158241629600525,0.5144976377487183,0.23280562460422516,0.5034680962562561,0.17552818357944489,0.48418310284614563,0.45854848623275757,0.6015653014183044,0.36188802123069763,0.6139571666717529,0.30432891845703125,0.6224180459976196,0.24998077750205994,0.6262493133544922
0.6352319717407227,0.577447235584259,0.554313063621521,0.49330928921699524,0.47209662199020386,0.4748159646987915,0.4064173996448517,0.4772028923034668,0.36395806074142456,0.5032119154930115,0.4218445420265198,0.4344874620437622,0.3173365294933319,0.37951141595840454,0.2591295838356018,0.3382565379142761,0.21512730419635773,0.30187690258026123,0.42842063307762146,0.471270352602005,0.29828959703445435,0.42038094997406006,0.22604277729988098,0.3839443325996399,0.16937801241874695,0.3508249521255493,0.4427630603313446,0.5319411158561707,0.3104769289493561,0.5155893564224243,0.2316686064004898,0.5054500699043274,0.1738789975643158,0.4871070384979248,0.46261003613471985,0.602725625038147,0.3627929389476776,0.6150214076042175,0.303749144077301,0.6234994530677795,0.24943667650222778,0.6261388063430786
0.6399768590927124,0.5761767029762268,0.5630040168762207,0.4905104339122772,0.47565141320228577,0.469984233379364,0.40696030855178833,0.4729240834712982,0.36470624804496765,0.5013591051101685,0.4305097758769989,0.43205878138542175,0.3257661461830139,0.3730067014694214,0.2673051357269287,0.3279722332954407,0.2243015170097351,0.2889072299003601,0.433741956949234,0.4754592180252075,0.30288511514663696,0.4212440848350525,0.22918051481246948,0.38176822662353516,0.17043764889240265,0.3468349575996399,0.44376006722450256,0.5387374758720398,0.3105633854866028,0.5224015116691589,0.2307417094707489,0.5092889666557312,0.17102152109146118,0.48954081535339355,0.46048301458358765,0.609825849533081,0.35768482089042664,0.6241863965988159,0.2970951795578003,0.6356664896011353,0.24228110909461975,0.6412412524223328
0.6439188122749329,0.5856680870056152,0.574970006942749,0.4868287146091461,0.48738622665405273,0.45705413818359375,0.41481301188468933,0.46018800139427185,0.3718157112598419,0.4942205250263214,0.4420466125011444,0.4234260022640228,0.33986425399780273,0.3483092784881592,0.27972880005836487,0.2970629334449768,0.2361515909433365,0.25627291202545166,0.4392346143722534,0.4781946539878845,0.30750298500061035,0.4145817756652832,0.23173460364341736,0.3735327124595642,0.17206698656082153,0.3409433364868164,0.44348764419555664,0.5494917035102844,0.3061218857765198,0.5337545871734619,0.22464175522327423,0.5193920731544495,0.16394636034965515,0.5017594695091248,0.45554399490356445,0.6244025826454163,0.345684289932251,0.6393988132476807,0.2834309935569763,0.6506415009498596,0.2290058732032776,0.6552333831787109
0.6475281119346619,0.5946409702301025,0.5838316082954407,0.47911614179611206,0.5017151832580566,0.43541330099105835,0.42919695377349854,0.44120362401008606,0.38202041387557983,0.471321702003479,0.4648178219795227,0.4182184040546417,0.36516088247299194,0.3307541012763977,0.30552178621292114,0.273946613073349,0.2642380893230438,0.22787094116210938,0.4490331709384918,0.4796328544616699,0.3224165439605713,0.4031345844268799,0.2468416839838028,0.35579609870910645,0.18922024965286255,0.3207380771636963,0.4431211054325104,0.5549985766410828,0.309644490480423,0.5296867489814758,0.23168112337589264,0.5151695013046265,0.17730233073234558,0.5034539699554443,0.44898703694343567,0.6294659376144409,0.3487774133682251,0.6326053142547607,0.2917361557483673,0.6329212188720703,0.245294451713562,0.6305046677589417
0.6487627029418945,0.5967419147491455,0.5936880111694336,0.4737139344215393,0.5137270092964172,0.4167262315750122,0.4418499767780304,0.4133915901184082,0.3995828926563263,0.4361981749534607,0.48197823762893677,0.4020654857158661,0.38317927718162537,0.31173714995384216,0.3284027874469757,0.24960923194885254,0.2916998565196991,0.19966614246368408,0.46111321449279785,0.4622567892074585,0.3313421607017517,0.3818318247795105,0.25620049238204956,0.33009016513824463,0.19951726496219635,0.29071033000946045,0.4510630965232849,0.5380963683128357,0.3180626630783081,0.5031607747077942,0.2394113689661026,0.482483834028244,0.18376222252845764,0.4652625322341919,0.4518957734107971,0.6176343560218811,0.3567578196525574,0.6207767128944397,0.3005320727825165,0.6223873496055603,0.253762811422348,0.6204169392585754
0.6512477397918701,0.5972347855567932,0.5975570678710938,0.46583977341651917,0.5184159874916077,0.40936124324798584,0.4479994773864746,0.4084055721759796,0.4030298590660095,0.42966797947883606,0.4809054136276245,0.39450502395629883,0.39510366320610046,0.29678934812545776,0.341289758682251,0.2313688099384308,0.3044169545173645,0.17941045761108398,0.45527368783950806,0.45794570446014404,0.33493712544441223,0.37220484018325806,0.2622716426849365,0.3190844655036926,0.20770587027072906,0.27845582365989685,0.44213297963142395,0.5327750444412231,0.3161468505859375,0.4879755675792694,0.24181966483592987,0.4626900553703308,0.18898802995681763,0.44055572152137756,0.44326335191726685,0.608341634273529,0.34831133484840393,0.612200915813446,0.2922016680240631,0.6109487414360046,0.2459723949432373,0.6049464344978333
0.6478368639945984,0.5953368544578552,0.5952876806259155,0.4625089168548584,0.5185458064079285,0.40759211778640747,0.4475831985473633,0.3984372019767761,0.40230095386505127,0.4204471707344055,0.47648921608924866,0.3819383382797241,0.391965389251709,0.2857106924057007,0.3409791588783264,0.22237223386764526,0.30665284395217896,0.17249086499214172,0.45740196108818054,0.44585666060447693,0.33239930868148804,0.3650999963283539,0.26286348700523376,0.3132423460483551,0.2086988389492035,0.27092212438583374,0.4489796459674835,0.5223326683044434,0.3197794556617737,0.48332953453063965,0.24300402402877808,0.458449125289917,0.18831920623779297,0.43757277727127075,0.45281389355659485,0.6007366180419922,0.3528144061565399,0.6005775928497314,0.2982323169708252,0.6006524562835693,0.25075554847717285,0.5966687798500061
0.654589831829071,0.6110168695449829,0.6048668026924133,0.4738456606864929,0.5252662897109985,0.4170960783958435,0.4545848071575165,0.4160762429237366,0.40966862440109253,0.4422154426574707,0.48232221603393555,0.39295676350593567,0.3975355923175812,0.29038262367248535,0.34645313024520874,0.22204172611236572,0.309061735868454,0.16844257712364197,0.4562189280986786,0.4492049813270569,0.33764687180519104,0.36052823066711426,0.26750820875167847,0.3070691227912903,0.2127963751554489,0.26677680015563965,0.44278866052627563,0.5227122902870178,0.31702011823654175,0.48230648040771484,0.24019402265548706,0.4614867568016052,0.1854020357131958,0.4470001757144928,0.44350406527519226,0.6017192602157593,0.34505850076675415,0.5977712273597717,0.2924708127975464,0.5987207293510437,0.24880532920360565,0.5971308350563049
0.6556059718132019,0.6117382645606995,0.6017099022865295,0.4759601652622223,0.5236751437187195,0.4193527400493622,0.45396506786346436,0.41569143533706665,0.40967151522636414,0.4426795542240143,0.4765983819961548,0.39613091945648193,0.39382728934288025,0.2934783697128296,0.3435022234916687,0.22344252467155457,0.307603120803833,0.16747674345970154,0.4510430097579956,0.44939756393432617,0.33361077308654785,0.36136406660079956,0.26432350277900696,0.30770590901374817,0.2104940563440323,0.2663431167602539,0.43964406847953796,0.5209683775901794,0.31473779678344727,0.4838450253009796,0.23963096737861633,0.46419262886047363,0.1857692301273346,0.44786950945854187,0.4421860873699188,0.5995697975158691,0.3475498557090759,0.6023866534233093,0.2948065996170044,0.6056209206581116,0.24919909238815308,0.6033565402030945
0.6406368017196655,0.628087043762207,0.5932085514068604,0.4841735064983368,0.5209799408912659,0.4223286509513855,0.4554673731327057,0.39813894033432007,0.41649240255355835,0.4071005880832672,0.47441238164901733,0.4062346816062927,0.39661091566085815,0.29611343145370483,0.349120169878006,0.22888869047164917,0.3145363926887512,0.17614248394966125,0.4443196952342987,0.4594009518623352,0.3285643756389618,0.3627208471298218,0.2618132531642914,0.30719345808029175,0.2094283550977707,0.2644330859184265,0.43097418546676636,0.5304582715034485,0.3059239983558655,0.4953349828720093,0.23311172425746918,0.47786736488342285,0.18160617351531982,0.4655751585960388,0.43422186374664307,0.6063770055770874,0.3398299217224121,0.6025766134262085,0.291786789894104,0.6024332642555237,0.24970440566539764,0.5985745191574097
0.6414182186126709,0.635962963104248,0.5939275026321411,0.4964315891265869,0.5238514542579651,0.43871307373046875,0.4573489725589752,0.4359947443008423,0.4125060737133026,0.46999591588974,0.4758929908275604,0.4135515093803406,0.3984523415565491,0.29962819814682007,0.3506057560443878,0.23079350590705872,0.3155789077281952,0.17678886651992798,0.44364267587661743,0.4664706885814667,0.33161288499832153,0.36354297399520874,0.2655167579650879,0.3056936264038086,0.21279774606227875,0.262359082698822,0.42883002758026123,0.5366560816764832,0.3033587336540222,0.49834415316581726,0.23290351033210754,0.4805910289287567,0.1828916072845459,0.46817269921302795,0.4329400062561035,0.6098610162734985,0.34137609601020813,0.6025838851928711,0.29517805576324463,0.6022444367408752,0.2562757134437561,0.5977880358695984
0.6408066749572754,0.634728193283081,0.5920441150665283,0.4961009919643402,0.5209713578224182,0.4376135468482971,0.4553848206996918,0.4349668323993683,0.4102046489715576,0.4696235656738281,0.47258442640304565,0.41335126757621765,0.3977244794368744,0.29844242334365845,0.3510168790817261,0.22876855731010437,0.31658291816711426,0.17529907822608948,0.440929114818573,0.4656965136528015,0.3302460312843323,0.36453720927238464,0.2641734182834625,0.3072187304496765,0.21191078424453735,0.26518741250038147,0.42710569500923157,0.5354636311531067,0.3028748035430908,0.4989004135131836,0.2324628084897995,0.48167213797569275,0.18225887417793274,0.4700852632522583,0.43126335740089417,0.6074361801147461,0.34073513746261597,0.6030457019805908,0.29206812381744385,0.603583812713623,0.25037088990211487,0.5995067358016968
0.6299787759780884,0.6452166438102722,0.5956524014472961,0.505348801612854,0.534038245677948,0.43457138538360596,0.4693496823310852,0.4205505847930908,0.42313146591186523,0.4499228000640869,0.47969940304756165,0.414050817489624,0.4039838910102844,0.2930314540863037,0.3575989305973053,0.22307705879211426,0.3228643536567688,0.16793730854988098,0.4424956440925598,0.4738953411579132,0.3273782730102539,0.373002290725708,0.26312267780303955,0.31139594316482544,0.21542516350746155,0.2666531801223755,0.42302510142326355,0.5442391633987427,0.29596710205078125,0.5053141713142395,0.2286493480205536,0.48381081223487854,0.18592596054077148,0.466698557138443,0.4241303503513336,0.6102584004402161,0.3343164622783661,0.595407247543335,0.2959144711494446,0.5875208377838135,0.27079296112060547,0.5755531787872314
0.6332494020462036,0.6499955058097839,0.5987411141395569,0.5086959600448608,0.5363836288452148,0.43550533056259155,0.46956679224967957,0.41711944341659546,0.4192768931388855,0.44035881757736206,0.4815468192100525,0.41833463311195374,0.4058215320110321,0.2969887852668762,0.35880059003829956,0.2275555431842804,0.3219681978225708,0.1726740002632141,0.44363147020339966,0.47954314947128296,0.3289828896522522,0.37545245885849,0.2640865445137024,0.31392568349838257,0.21463270485401154,0.2711181044578552,0.42342522740364075,0.5500696897506714,0.29677557945251465,0.5080782175064087,0.22985902428627014,0.48558858036994934,0.18733447790145874,0.4702852964401245,0.4242531359195709,0.6148534417152405,0.3325842022895813,0.5952826738357544,0.29456430673599243,0.586808443069458,0.2698906660079956,0.5756935477256775
0.6328097581863403,0.6478002667427063,0.5963730812072754,0.5080506205558777,0.5335644483566284,0.44114285707473755,0.46612051129341125,0.42522746324539185,0.4177494943141937,0.4523963928222656,0.4756883382797241,0.4226173162460327,0.4021158814430237,0.30470824241638184,0.35792648792266846,0.23606398701667786,0.3229371905326843,0.18146467208862305,0.4386949837207794,0.4801567792892456,0.325051873922348,0.38076668977737427,0.26031163334846497,0.32400158047676086,0.21072031557559967,0.2829294502735138,0.4221857786178589,0.5505962371826172,0.29658645391464233,0.5174064040184021,0.23088040947914124,0.5023571848869324,0.18777737021446228,0.49159231781959534,0.4270617961883545,0.6175412535667419,0.3347471356391907,0.6085067391395569,0.2899264097213745,0.6073882579803467,0.2544901967048645,0.6010082960128784
0.6360267996788025,0.6492574214935303,0.594886302947998,0.5131338238716125,0.5284906029701233,0.4454445242881775,0.46148166060447693,0.4225730299949646,0.4122156798839569,0.443488210439682,0.474032998085022,0.4275023341178894,0.39649075269699097,0.31812894344329834,0.35027021169662476,0.25386038422584534,0.31278544664382935,0.20253652334213257,0.4392561912536621,0.485772043466568,0.3236120939254761,0.39274734258651733,0.2558547258377075,0.34066012501716614,0.2028207927942276,0.3035832643508911,0.4237765371799469,0.5574209094047546,0.3002781569957733,0.5346412062644958,0.23162095248699188,0.5258392095565796,0.1860087811946869,0.5207505822181702,0.427249014377594,0.6253879070281982,0.33546799421310425,0.6198636889457703,0.2907998263835907,0.6207883358001709,0.25573205947875977,0.6169843077659607
0.6271322965621948,0.6547130942344666,0.5830709338188171,0.5183244943618774,0.5215771794319153,0.44496431946754456,0.4597562849521637,0.41405051946640015,0.41470322012901306,0.4213982820510864,0.46587640047073364,0.44388824701309204,0.38188600540161133,0.33419349789619446,0.3347904682159424,0.2731178402900696,0.2969481945037842,0.22442039847373962,0.4344768524169922,0.5046657919883728,0.3196781277656555,0.41343560814857483,0.2512533664703369,0.3641563951969147,0.19836091995239258,0.33177345991134644,0.4206584095954895,0.5760757923126221,0.3009120225906372,0.5597207546234131,0.22976627945899963,0.5549516677856445,0.18335235118865967,0.555804967880249,0.42232421040534973,0.642074465751648,0.3345080614089966,0.641980767250061,0.2887091040611267,0.6428630948066711,0.25264477729797363,0.6405240297317505
0.6318408250808716,0.6584844589233398,0.5836466550827026,0.529848039150238,0.5155554413795471,0.4668068289756775,0.44751212000846863,0.456694096326828,0.3922937512397766,0.48486289381980896,0.466085284948349,0.458387553691864,0.3775733709335327,0.3590431213378906,0.32518717646598816,0.30293357372283936,0.2811206877231598,0.2581612467765808,0.4358235001564026,0.5217579007148743,0.3180055320262909,0.43843725323677063,0.24266864359378815,0.39479199051856995,0.18409846723079681,0.36775845289230347,0.42230209708213806,0.5972588658332825,0.3006126284599304,0.5863174200057983,0.2295411080121994,0.5919101238250732,0.18102671205997467,0.5999913811683655,0.42571839690208435,0.6676308512687683,0.3391568958759308,0.6738982200622559,0.29261094331741333,0.6822447776794434,0.25551384687423706,0.6882456541061401
0.6287277936935425,0.6577866077423096,0.5761981010437012,0.5354902148246765,0.504887580871582,0.48371872305870056,0.4382050931453705,0.4810771346092224,0.38561275601387024,0.5045713186264038,0.45114144682884216,0.47768136858940125,0.36136171221733093,0.38330501317977905,0.3045746982097626,0.33318865299224854,0.2574126720428467,0.29659539461135864,0.4260793626308441,0.541997492313385,0.3100322186946869,0.46700572967529297,0.23065482079982758,0.4312951862812042,0.16853010654449463,0.413667231798172,0.4173143208026886,0.6204074621200562,0.30420124530792236,0.6224484443664551,0.23768378794193268,0.6334919333457947,0.19398561120033264,0.6488630771636963,0.4241628348827362,0.6974241137504578,0.33950361609458923,0.7149929404258728,0.2901155948638916,0.7287480235099792,0.2515103220939636,0.7408274412155151
0.6323028802871704,0.6504657864570618,0.5693634748458862,0.5378003716468811,0.49322792887687683,0.49531084299087524,0.42571017146110535,0.5094670057296753,0.37699171900749207,0.5489442348480225,0.4440702199935913,0.4946235418319702,0.3530372977256775,0.4193032383918762,0.29887425899505615,0.3705453872680664,0.25275397300720215,0.33105018734931946,0.420734167098999,0.5568221211433411,0.29841774702072144,0.5005635023117065,0.2219102531671524,0.47359392046928406,0.16106045246124268,0.4580734968185425,0.41470351815223694,0.6347051858901978,0.29693931341171265,0.6478233933448792,0.2264375537633896,0.6621225476264954,0.17944638431072235,0.6756038665771484,0.42360928654670715,0.7123292088508606,0.33877474069595337,0.7209243774414062,0.2917664051055908,0.7316340804100037,0.2557690143585205,0.7400716543197632
0.6287161111831665,0.6628056168556213,0.5651978254318237,0.5461353063583374,0.491618275642395,0.5015738010406494,0.4279044270515442,0.5198458433151245,0.38298341631889343,0.5642502307891846,0.44166839122772217,0.5034434795379639,0.3443000912666321,0.4253561496734619,0.28584760427474976,0.37953487038612366,0.23970362544059753,0.343141108751297,0.41541820764541626,0.5712178349494934,0.28797829151153564,0.5169867277145386,0.21124491095542908,0.4907640814781189,0.15396693348884583,0.47506505250930786,0.4076154828071594,0.6495585441589355,0.2854458689689636,0.6640986204147339,0.21600860357284546,0.6803443431854248,0.17078930139541626,0.6924629807472229,0.41613680124282837,0.721939206123352,0.33065783977508545,0.7336198091506958,0.2841128706932068,0.7489973306655884,0.24832145869731903,0.7600848078727722
0.6318919658660889,0.6865441799163818,0.5700055360794067,0.5635590553283691,0.4939511716365814,0.5134707689285278,0.42807504534721375,0.5321264863014221,0.38174816966056824,0.5756086707115173,0.44242748618125916,0.5169515013694763,0.3417317867279053,0.43531036376953125,0.2793586552143097,0.39268946647644043,0.22910292446613312,0.360726535320282,0.4173247814178467,0.5881282687187195,0.2867974638938904,0.5355060696601868,0.20747163891792297,0.5115837454795837,0.14558833837509155,0.49762076139450073,0.4103756546974182,0.667364239692688,0.2881254553794861,0.6846558451652527,0.2178810089826584,0.7017717361450195,0.1701817512512207,0.7145048379898071,0.4183835983276367,0.7373192310333252,0.33143922686576843,0.7503695487976074,0.2838687002658844,0.7664889693260193,0.2469264715909958,0.7774311900138855
0.6418790817260742,0.7050795555114746,0.5827301740646362,0.5866689085960388,0.5000315308570862,0.5378052592277527,0.4297298789024353,0.556060254573822,0.38170933723449707,0.597708523273468,0.4446852207183838,0.5312607884407043,0.34200990200042725,0.453907310962677,0.2784646451473236,0.4123956859111786,0.22866962850093842,0.3812456727027893,0.4214261472225189,0.6020538806915283,0.2867155969142914,0.5533452033996582,0.20590819418430328,0.5305585265159607,0.14248165488243103,0.516846776008606,0.4142400324344635,0.6801406145095825,0.2929795980453491,0.6990590691566467,0.2242426574230194,0.7153977751731873,0.1771245002746582,0.7276866436004639,0.420401930809021,0.7494344711303711,0.3338279128074646,0.7639935612678528,0.28629761934280396,0.7819197177886963,0.248428612947464,0.7947990298271179
0.6391829252243042,0.7226766347885132,0.5762608051300049,0.6067297458648682,0.4933151602745056,0.5528364181518555,0.41766008734703064,0.5682573318481445,0.3662099242210388,0.609271764755249,0.4435049593448639,0.5512775778770447,0.33744654059410095,0.4729219973087311,0.27243706583976746,0.43108057975769043,0.22072568535804749,0.39922571182250977,0.4216419756412506,0.622444748878479,0.2819901704788208,0.5712754726409912,0.20004136860370636,0.5473690032958984,0.1368560791015625,0.5347357988357544,0.4153009057044983,0.6993818879127502,0.2911507785320282,0.7156530618667603,0.21907351911067963,0.7346110939979553,0.16971692442893982,0.7519359588623047,0.4215572476387024,0.7669014930725098,0.3286131024360657,0.7831092476844788,0.2787621021270752,0.8035070896148682,0.23996353149414062,0.8209503293037415
0.6216760873794556,0.7509315609931946,0.5714648962020874,0.6253331303596497,0.5006872415542603,0.5581468343734741,0.4274114966392517,0.5660374760627747,0.37909892201423645,0.6051758527755737,0.43267515301704407,0.5696244239807129,0.3342558443546295,0.4815320670604706,0.2713645100593567,0.4380669593811035,0.22144855558872223,0.40773624181747437,0.4037666320800781,0.646230161190033,0.2720271944999695,0.5825797915458679,0.1919548064470291,0.555807888507843,0.13289055228233337,0.5444486141204834,0.3955654501914978,0.7245336771011353,0.27747464179992676,0.7258055210113525,0.2129112333059311,0.7343085408210754,0.1710149645805359,0.7444555759429932,0.4048464596271515,0.7921509742736816,0.31594839692115784,0.8013936281204224,0.26947909593582153,0.8146175742149353,0.2321658581495285,0.8231902122497559
0.619016170501709,0.7802501916885376,0.5809931755065918,0.6482317447662354,0.5131952166557312,0.5700221657752991,0.4417784810066223,0.5614706873893738,0.393592894077301,0.591349184513092,0.4409865736961365,0.5774810910224915,0.3452988564968109,0.47717052698135376,0.28526341915130615,0.42701998353004456,0.23943671584129333,0.3928937613964081,0.40672266483306885,0.6542090773582458,0.2756567597389221,0.5808409452438354,0.19675850868225098,0.5441286563873291,0.1410733163356781,0.5273271799087524,0.39601457118988037,0.7354944944381714,0.27849164605140686,0.7212308645248413,0.21043860912322998,0.7114458084106445,0.16541604697704315,0.7078477144241333,0.40377625823020935,0.8081341981887817,0.3161802589893341,0.8103674650192261,0.2685398459434509,0.8140581846237183,0.23308728635311127,0.8158377408981323
0.6153157949447632,0.795365571975708,0.5871232748031616,0.663698673248291,0.5229637026786804,0.5772283673286438,0.452052503824234,0.5594925284385681,0.4015383720397949,0.5649440884590149,0.46123647689819336,0.5675888061523438,0.367831289768219,0.4711487293243408,0.30736032128334045,0.41907018423080444,0.261113703250885,0.3819866478443146,0.4198291599750519,0.6350934505462646,0.2902033030986786,0.559959888458252,0.21273401379585266,0.5239701271057129,0.1552024781703949,0.5057440996170044,0.39721500873565674,0.7100285291671753,0.27603983879089355,0.674956202507019,0.20987212657928467,0.6647749543190002,0.16307637095451355,0.663154125213623,0.3916063606739044,0.7803504467010498,0.30082419514656067,0.7601134181022644,0.25260770320892334,0.7517072558403015,0.21472476422786713,0.7455312013626099
0.610276460647583,0.796821117401123,0.5863373875617981,0.6634522676467896,0.527062177658081,0.5754305720329285,0.4585941433906555,0.5490099191665649,0.4076138734817505,0.5486501455307007,0.4721185564994812,0.5636846423149109,0.38784918189048767,0.4695765972137451,0.33224257826805115,0.41998448967933655,0.28569555282592773,0.3845738172531128,0.4304606318473816,0.6263846158981323,0.3070993721485138,0.5399010181427002,0.2308495193719864,0.49927598237991333,0.1704627275466919,0.4785968065261841,0.4033384919166565,0.696100115776062,0.2828119993209839,0.647957444190979,0.21349869668483734,0.6309778094291687,0.16378900408744812,0.6255511045455933,0.39124375581741333,0.7632933855056763,0.29857516288757324,0.7279837131500244,0.24652066826820374,0.7127609848976135,0.2056235373020172,0.7023810148239136
0.6020196676254272,0.7859857082366943,0.5821077823638916,0.6491175293922424,0.5299911499023438,0.5618489980697632,0.46494191884994507,0.5289182066917419,0.4149458408355713,0.5236432552337646,0.48194190859794617,0.5574160218238831,0.40423154830932617,0.46169060468673706,0.3545858561992645,0.40775787830352783,0.31442734599113464,0.3680362403392792,0.4398399591445923,0.6161070466041565,0.31824514269828796,0.5171182155609131,0.24516929686069489,0.4669750928878784,0.18819023668766022,0.4381301999092102,0.4096294343471527,0.6814255714416504,0.2876248359680176,0.6241998076438904,0.21463677287101746,0.5973871350288391,0.16251161694526672,0.5838212370872498,0.3940069377422333,0.7447565197944641,0.2984439730644226,0.7026926279067993,0.2462892234325409,0.6837114691734314,0.20571187138557434,0.6700741648674011
0.5840287208557129,0.7831037044525146,0.5784139037132263,0.6463091373443604,0.5330106616020203,0.5481605529785156,0.46863773465156555,0.4943121075630188,0.4169148802757263,0.47375839948654175,0.4909573793411255,0.5483033657073975,0.42792007327079773,0.4432021975517273,0.3811769187450409,0.38993823528289795,0.3431141972541809,0.35359615087509155,0.44102954864501953,0.609015166759491,0.32417792081832886,0.5015091896057129,0.2521832585334778,0.4465634524822235,0.19951966404914856,0.41549086570739746,0.40294569730758667,0.6747398972511292,0.28335243463516235,0.6079078316688538,0.21618887782096863,0.5743781924247742,0.1723242551088333,0.5550998449325562,0.381845623254776,0.7363827228546143,0.2983779013156891,0.7041149735450745,0.2580925226211548,0.6896196007728577,0.23182235658168793,0.6757501363754272
0.5754410624504089,0.7700762748718262,0.5767282843589783,0.6311033368110657,0.5365360379219055,0.536166250705719,0.4691809117794037,0.49454236030578613,0.4161456227302551,0.48599982261657715,0.4921302795410156,0.5340593457221985,0.435468852519989,0.4268847703933716,0.39172253012657166,0.3720206916332245,0.35652410984039307,0.33611154556274414,0.4433199167251587,0.5944037437438965,0.3298978805541992,0.4839354157447815,0.2583298087120056,0.4282307028770447,0.20705285668373108,0.39734789729118347,0.4074058532714844,0.659511387348175,0.28999948501586914,0.5884178280830383,0.22103562951087952,0.5499114990234375,0.17666813731193542,0.5269225835800171,0.3890988826751709,0.721222996711731,0.3069075644016266,0.6867635846138,0.26884734630584717,0.6680856943130493,0.24419957399368286,0.6500217318534851
0.5717113018035889,0.7542300224304199,0.5764791965484619,0.6207481026649475,0.5412248373031616,0.5288582444190979,0.4798477292060852,0.4787061810493469,0.43172991275787354,0.4623291492462158,0.48933151364326477,0.5296236276626587,0.4379626214504242,0.42029547691345215,0.3978002667427063,0.3643440008163452,0.363660991191864,0.3285624384880066,0.4415662884712219,0.5899809002876282,0.33090081810951233,0.4781450629234314,0.2594138979911804,0.4201216697692871,0.20649032294750214,0.3882467746734619,0.40846627950668335,0.6539077162742615,0.2888645827770233,0.5796611905097961,0.21905982494354248,0.5399694442749023,0.17314936220645905,0.5145846605300903,0.39526069164276123,0.7133176922798157,0.3121483325958252,0.694182813167572,0.2710901200771332,0.6817746162414551,0.2427663952112198,0.6647219657897949
0.5619745254516602,0.742902398109436,0.5726979374885559,0.6077245473861694,0.536652684211731,0.5188906788825989,0.47436898946762085,0.46651607751846313,0.42551669478416443,0.44587528705596924,0.48637720942497253,0.5187473297119141,0.43284872174263,0.4094541668891907,0.391851544380188,0.35565799474716187,0.3576096296310425,0.3227355182170868,0.4370158612728119,0.579364001750946,0.3261473774909973,0.4669376015663147,0.25618404150009155,0.4089308977127075,0.20643211901187897,0.37644463777542114,0.40266096591949463,0.6438069939613342,0.2857630252838135,0.5640817880630493,0.21847936511039734,0.5188254117965698,0.17496678233146667,0.48880535364151,0.38801804184913635,0.7043455243110657,0.3035529553890228,0.6684854030609131,0.26380398869514465,0.6459257006645203,0.23762324452400208,0.6212220788002014
0.5593087077140808,0.7372393608093262,0.5629064440727234,0.60319983959198,0.5239019989967346,0.5142691731452942,0.45852944254875183,0.47815194725990295,0.40714073181152344,0.4717186987400055,0.47703081369400024,0.5083152055740356,0.4224686324596405,0.40158694982528687,0.37996935844421387,0.34834447503089905,0.3423400819301605,0.3144173324108124,0.42967066168785095,0.5687214732170105,0.3228931427001953,0.4575657844543457,0.25157374143600464,0.39954817295074463,0.1976826936006546,0.36820483207702637,0.3971269428730011,0.6355546116828918,0.2815507650375366,0.5618064999580383,0.2130241096019745,0.5210173726081848,0.16730453073978424,0.49671024084091187,0.38277897238731384,0.6997808218002319,0.2990027070045471,0.6546833515167236,0.25880318880081177,0.6260340213775635,0.2315368950366974,0.5980066061019897
0.5585629940032959,0.7327142953872681,0.5593132376670837,0.6028020977973938,0.5226612091064453,0.5130311846733093,0.4578956663608551,0.4813007414340973,0.408544659614563,0.479631245136261,0.4685930907726288,0.5059450268745422,0.4119107127189636,0.3969005346298218,0.3699963390827179,0.343461275100708,0.3330085873603821,0.309030681848526,0.4227452278137207,0.5639488697052002,0.3177407681941986,0.4525250196456909,0.24700070917606354,0.3967496156692505,0.1924399882555008,0.36690178513526917,0.3935506045818329,0.6286444664001465,0.27990972995758057,0.559043824672699,0.21216313540935516,0.5214954018592834,0.16639846563339233,0.4995046854019165,0.3829028904438019,0.6914613842964172,0.30147531628608704,0.646198034286499,0.2612684965133667,0.6181765794754028,0.2334057092666626,0.590599000453949
0.5564093589782715,0.7344275712966919,0.5551567673683167,0.6025965213775635,0.5149202942848206,0.5095216631889343,0.44737568497657776,0.47671058773994446,0.3961876332759857,0.47463342547416687,0.46629059314727783,0.5042933225631714,0.40463629364967346,0.395036906003952,0.36091136932373047,0.3394208550453186,0.32306066155433655,0.30277663469314575,0.42149636149406433,0.564422070980072,0.3124071955680847,0.45310306549072266,0.2408665120601654,0.39682358503341675,0.18620732426643372,0.3659977316856384,0.392935574054718,0.6291947364807129,0.2768123149871826,0.5641462206840515,0.20956051349639893,0.5287732481956482,0.16505743563175201,0.5080921053886414,0.3825267553329468,0.690711498260498,0.29895922541618347,0.6511968374252319,0.25843194127082825,0.6254292726516724,0.23055705428123474,0.6001786589622498
0.5533599257469177,0.7246525287628174,0.5530084371566772,0.5952325463294983,0.5149524211883545,0.5073416233062744,0.45364776253700256,0.4645586311817169,0.4072940945625305,0.448872447013855,0.4605768024921417,0.5013378858566284,0.3999669849872589,0.3939952552318573,0.357373982667923,0.33810505270957947,0.31991103291511536,0.30142340064048767,0.41630780696868896,0.5601290464401245,0.308144748210907,0.4496687054634094,0.2378649264574051,0.39325782656669617,0.18389172852039337,0.36200833320617676,0.38968563079833984,0.6248790621757507,0.2742369771003723,0.5613201260566711,0.20708629488945007,0.5275670289993286,0.16212345659732819,0.5071954727172852,0.382664293050766,0.6867212653160095,0.300615131855011,0.6541453003883362,0.26091986894607544,0.6354223489761353,0.2335386425256729,0.6159840226173401
0.5525445342063904,0.717696487903595,0.5526310205459595,0.5867432355880737,0.5154001712799072,0.501192569732666,0.4513295590877533,0.4685036242008209,0.4025547206401825,0.46369701623916626,0.46085795760154724,0.4944162368774414,0.3991945683956146,0.38759177923202515,0.35573291778564453,0.3322106897830963,0.3176514208316803,0.29446303844451904,0.4165792763233185,0.5510857105255127,0.30907121300697327,0.44162511825561523,0.23889683187007904,0.386990487575531,0.1846582591533661,0.35676175355911255,0.3889992833137512,0.6136128306388855,0.2741674780845642,0.5480565428733826,0.20720520615577698,0.5146762728691101,0.1620490700006485,0.495269775390625,0.38000476360321045,0.6733320951461792,0.2967754006385803,0.6308204531669617,0.2575680911540985,0.607844352722168,0.23037832975387573,0.5860341787338257
0.555432140827179,0.7133092284202576,0.549426794052124,0.5829221606254578,0.5049529075622559,0.49541139602661133,0.43761369585990906,0.466434121131897,0.38539257645606995,0.4663535952568054,0.4595595896244049,0.4882220923900604,0.3936660885810852,0.38392388820648193,0.3494247794151306,0.3291223645210266,0.31068840622901917,0.29039841890335083,0.417018860578537,0.5477888584136963,0.30862295627593994,0.44215255975723267,0.2371898740530014,0.3884902596473694,0.18115784227848053,0.3577437996864319,0.389570951461792,0.6121475696563721,0.2739582657814026,0.5517088174819946,0.20685666799545288,0.5191366672515869,0.16217173635959625,0.4999782145023346,0.379957914352417,0.6709095239639282,0.2959209382534027,0.6240686774253845,0.2598225772380829,0.5983467698097229,0.23796631395816803,0.5757333040237427
0.5640172958374023,0.7039870619773865,0.5502026081085205,0.5747320055961609,0.5026741623878479,0.4831940829753876,0.4326144754886627,0.4461846351623535,0.3799707889556885,0.43792635202407837,0.45489317178726196,0.48280948400497437,0.3755788207054138,0.3734567165374756,0.3248302936553955,0.32093679904937744,0.28352126479148865,0.28709089756011963,0.41789597272872925,0.5500913858413696,0.3009793162345886,0.45448750257492065,0.22754770517349243,0.40462327003479004,0.17214073240756989,0.3765753507614136,0.39512020349502563,0.6198021173477173,0.2742031216621399,0.5726935267448425,0.20348283648490906,0.5437877178192139,0.1552472859621048,0.5238693952560425,0.3892775774002075,0.6833013296127319,0.30539408326148987,0.6628317832946777,0.2652440071105957,0.6519031524658203,0.23758745193481445,0.6390665769577026
0.5590341687202454,0.7030330896377563,0.5486193299293518,0.5708383321762085,0.5043889880180359,0.4825975000858307,0.4377312958240509,0.44415268301963806,0.38843104243278503,0.4355851709842682,0.4518197178840637,0.48798584938049316,0.3715607523918152,0.3738457262516022,0.32179367542266846,0.31955328583717346,0.28178995847702026,0.2839781641960144,0.41534876823425293,0.5539540648460388,0.29847440123558044,0.4532700777053833,0.2261851727962494,0.40130358934402466,0.17185483872890472,0.3710096478462219,0.3937487006187439,0.6220955848693848,0.2708078920841217,0.5741249918937683,0.19978168606758118,0.5491551160812378,0.15254917740821838,0.5330641865730286,0.3900396227836609,0.6838777661323547,0.30652761459350586,0.6678735613822937,0.2655647397041321,0.6594424247741699,0.23680691421031952,0.6471357345581055
0.5696699619293213,0.6924622058868408,0.5505324602127075,0.5638740658760071,0.49841049313545227,0.48316216468811035,0.43334856629371643,0.4442070424556732,0.38427573442459106,0.4319249391555786,0.4467489421367645,0.47985199093818665,0.36340832710266113,0.3764968514442444,0.31090104579925537,0.3240830898284912,0.26817587018013,0.288889080286026,0.4126613140106201,0.5474488139152527,0.29119008779525757,0.464026540517807,0.21757562458515167,0.417674720287323,0.162164568901062,0.3896659314632416,0.39302191138267517,0.6203229427337646,0.27258890867233276,0.5906029343605042,0.2026979923248291,0.5714424848556519,0.1551632285118103,0.5588650107383728,0.39030537009239197,0.6892691254615784,0.3045319616794586,0.6743983626365662,0.25983768701553345,0.6634723544120789,0.22656817734241486,0.6488206386566162
0.5730233192443848,0.6915091276168823,0.5473707318305969,0.5634880065917969,0.48921892046928406,0.4904223680496216,0.4169756770133972,0.472914457321167,0.3626522421836853,0.49093639850616455,0.43741053342819214,0.4832878112792969,0.3505130112171173,0.3871628940105438,0.2970800995826721,0.3365284502506256,0.25502902269363403,0.29878994822502136,0.40505170822143555,0.5544996857643127,0.27907314896583557,0.48780423402786255,0.20554500818252563,0.44518786668777466,0.15020303428173065,0.41518646478652954,0.38887128233909607,0.6297696232795715,0.27159634232521057,0.6221343874931335,0.20741617679595947,0.6164696216583252,0.16439157724380493,0.6131985783576965,0.38984915614128113,0.6979041695594788,0.30550771951675415,0.6942053437232971,0.26339471340179443,0.6903516054153442,0.2304890900850296,0.6823264956474304
0.5820404291152954,0.6841726899147034,0.5474415421485901,0.5529894232749939,0.4831508696079254,0.4847109615802765,0.4093467593193054,0.47863495349884033,0.3537524342536926,0.5046772360801697,0.4369296729564667,0.4784996807575226,0.3478667736053467,0.39101576805114746,0.29354721307754517,0.3425601124763489,0.24837592244148254,0.30433422327041626,0.4062379002571106,0.5437853336334229,0.287507563829422,0.47146809101104736,0.21159672737121582,0.43574750423431396,0.15258006751537323,0.4135568141937256,0.3902142643928528,0.6179794073104858,0.27230867743492126,0.6046999096870422,0.20409215986728668,0.6036938428878784,0.15919208526611328,0.605137825012207,0.38987815380096436,0.6889092326164246,0.29958677291870117,0.681641697883606,0.2537791132926941,0.6788005828857422,0.21938897669315338,0.6722815036773682
0.5928214192390442,0.6708254218101501,0.5463638305664062,0.5477009415626526,0.4741622805595398,0.4910646080970764,0.40372171998023987,0.4910530149936676,0.3508313298225403,0.5170937180519104,0.44020867347717285,0.4783253073692322,0.3424908220767975,0.40148523449897766,0.2848473787307739,0.3553125858306885,0.2380497008562088,0.31801971793174744,0.41690558195114136,0.5436758399009705,0.28906476497650146,0.48062562942504883,0.20982173085212708,0.44837385416030884,0.14784783124923706,0.42724180221557617,0.4057421088218689,0.6189366579055786,0.27981117367744446,0.6082395315170288,0.21024222671985626,0.6150050759315491,0.16281719505786896,0.6221485137939453,0.4078364670276642,0.6914094686508179,0.31875306367874146,0.6872652173042297,0.2669227719306946,0.688185453414917,0.2246353030204773,0.6868558526039124
0.5974116921424866,0.6531269550323486,0.5383919477462769,0.5370811820030212,0.46430596709251404,0.4932017922401428,0.39609089493751526,0.5054572820663452,0.34756460785865784,0.5368993282318115,0.4293406009674072,0.4841819405555725,0.33235400915145874,0.40925922989845276,0.2748641073703766,0.3631610870361328,0.22786955535411835,0.3267982304096222,0.4095735549926758,0.5456386208534241,0.2854563891887665,0.49754053354263306,0.20801615715026855,0.4711027443408966,0.1473034769296646,0.45308607816696167,0.40211933851242065,0.6183568835258484,0.2819764316082001,0.6216040253639221,0.21431928873062134,0.6329827904701233,0.1665528565645218,0.6434255838394165,0.40660610795021057,0.6899822950363159,0.316537082195282,0.7013995051383972,0.26481664180755615,0.712386965751648,0.22111448645591736,0.7209669351577759
0.597978949546814,0.64435213804245,0.5357077717781067,0.5368872284889221,0.45951563119888306,0.5041342973709106,0.3909473419189453,0.5237530469894409,0.3464861214160919,0.5618544816970825,0.4249339997768402,0.4951102137565613,0.32616835832595825,0.4227288067340851,0.26869839429855347,0.3762448728084564,0.22492648661136627,0.34013402462005615,0.4101971685886383,0.5554402470588684,0.28252750635147095,0.5162116289138794,0.2075476050376892,0.49336668848991394,0.14813017845153809,0.47513991594314575,0.40468746423721313,0.6265122890472412,0.2800796329975128,0.6429863572120667,0.20739413797855377,0.6552236080169678,0.15399117767810822,0.661162257194519,0.40889593958854675,0.6936178207397461,0.3175313174724579,0.7217062711715698,0.2667621076107025,0.7415380477905273,0.2220221310853958,0.7534862756729126
0.6020488739013672,0.6304097175598145,0.5304772853851318,0.5392630696296692,0.4502800405025482,0.5188001394271851,0.3852188289165497,0.5453178882598877,0.3456358015537262,0.5905721783638,0.4162563681602478,0.4992836117744446,0.3179214894771576,0.4316772222518921,0.26087668538093567,0.3870123028755188,0.2175838053226471,0.35170599818229675,0.40777796506881714,0.5564248561859131,0.280017226934433,0.5215486288070679,0.20449362695217133,0.5025054216384888,0.14828063547611237,0.4881795644760132,0.41058701276779175,0.6256649494171143,0.28317731618881226,0.6468713283538818,0.20843300223350525,0.6604238748550415,0.15609194338321686,0.6661871075630188,0.42334607243537903,0.6925002336502075,0.3257156014442444,0.7269620895385742,0.27197566628456116,0.7517178654670715,0.22806836664676666,0.7682698965072632
0.6104534864425659,0.6234019994735718,0.5338332653045654,0.5439701080322266,0.44979923963546753,0.5370833873748779,0.38508909940719604,0.5663312673568726,0.34808164834976196,0.6137773394584656,0.4093083441257477,0.5081765055656433,0.31324195861816406,0.4476704001426697,0.25549066066741943,0.40282273292541504,0.21278777718544006,0.3662083148956299,0.4042767286300659,0.5579363703727722,0.2791786789894104,0.5329105854034424,0.20442751049995422,0.5131388306617737,0.14824175834655762,0.4962773323059082,0.4119805693626404,0.622428297996521,0.28769731521606445,0.651509702205658,0.21083547174930573,0.6667843461036682,0.15475745499134064,0.672901451587677,0.43026867508888245,0.6873165369033813,0.33526551723480225,0.7281226515769958,0.28173398971557617,0.758929967880249,0.2361084520816803,0.7814388275146484
0.6139198541641235,0.6231532096862793,0.5344203114509583,0.5431517958641052,0.449326753616333,0.538510262966156,0.38371163606643677,0.5642682313919067,0.3459134101867676,0.60887610912323,0.40594038367271423,0.5081086754798889,0.3111661374568939,0.450138121843338,0.2529066801071167,0.40784120559692383,0.21092593669891357,0.37225988507270813,0.4042121171951294,0.5579877495765686,0.27979668974876404,0.5372339487075806,0.20579390227794647,0.5167642831802368,0.14941689372062683,0.49806827306747437,0.4146464765071869,0.6220361590385437,0.29252567887306213,0.6547284126281738,0.21668772399425507,0.6682670712471008,0.15885984897613525,0.6698253750801086,0.4347812533378601,0.6862126588821411,0.3410198390483856,0.726784884929657,0.28768086433410645,0.7557036280632019,0.239857479929924,0.7748897075653076
0.6126284003257751,0.6233307123184204,0.5348055958747864,0.5420833826065063,0.4504171311855316,0.5369133949279785,0.3841840922832489,0.561902642250061,0.34638822078704834,0.6047632694244385,0.4045247733592987,0.5069730877876282,0.30977535247802734,0.45177003741264343,0.2521958649158478,0.41205117106437683,0.21071375906467438,0.3784545660018921,0.4027289152145386,0.5575056076049805,0.2805190086364746,0.532745897769928,0.20874089002609253,0.5111076831817627,0.15326479077339172,0.4914066195487976,0.4128107726573944,0.6221986413002014,0.29241329431533813,0.6502622961997986,0.2176366001367569,0.6615427136421204,0.15970908105373383,0.6611635088920593,0.43212488293647766,0.6867051124572754,0.3404996693134308,0.7256383299827576,0.2869625687599182,0.7540189623832703,0.2377362996339798,0.7726866602897644
0.613422155380249,0.6195926666259766,0.5352218747138977,0.5429621338844299,0.45165926218032837,0.5401047468185425,0.386285662651062,0.5631551742553711,0.3499610722064972,0.6045096516609192,0.4032273590564728,0.5062096118927002,0.3091195523738861,0.45326846837997437,0.25214165449142456,0.4146083891391754,0.21120841801166534,0.381241112947464,0.4034823179244995,0.5530878901481628,0.2815009355545044,0.5301768183708191,0.21025440096855164,0.5082640647888184,0.1552717685699463,0.48792630434036255,0.4147375524044037,0.6159111261367798,0.28948765993118286,0.6435704231262207,0.2154105305671692,0.6563010811805725,0.15843988955020905,0.6557931303977966,0.43507617712020874,0.6813085079193115,0.34248319268226624,0.7209311127662659,0.28905391693115234,0.7492122054100037,0.24015916883945465,0.7664288282394409
0.6137494444847107,0.6131879687309265,0.5333585739135742,0.5475150942802429,0.453494131565094,0.5485437512397766,0.38989877700805664,0.5705793499946594,0.3532800078392029,0.6088990569114685,0.40116241574287415,0.5119169354438782,0.3065403997898102,0.46395641565322876,0.2508588433265686,0.4251287579536438,0.21014541387557983,0.38994279503822327,0.4057251214981079,0.5521171689033508,0.28091907501220703,0.5337305068969727,0.20953765511512756,0.5129456520080566,0.15486708283424377,0.492571085691452,0.41941502690315247,0.6100238561630249,0.2930302619934082,0.6397106051445007,0.218735471367836,0.6546609401702881,0.1624942421913147,0.6545082330703735,0.43992167711257935,0.6730622053146362,0.34717532992362976,0.71578049659729,0.2937659025192261,0.7472006678581238,0.24527013301849365,0.7662707567214966
0.6164334416389465,0.6090947389602661,0.5326132774353027,0.5555335879325867,0.45226994156837463,0.5611733794212341,0.39029479026794434,0.5815350413322449,0.35185590386390686,0.6159903407096863,0.3963264524936676,0.5169596672058105,0.3016766905784607,0.4735243320465088,0.2480258345603943,0.43430858850479126,0.20809635519981384,0.3975396156311035,0.40483880043029785,0.547659158706665,0.28040987253189087,0.5374233722686768,0.21015842258930206,0.517510175704956,0.15608391165733337,0.4970332980155945,0.42252317070961,0.600469172000885,0.29895275831222534,0.6391741633415222,0.22393247485160828,0.6571082472801208,0.16638359427452087,0.6582769155502319,0.4456699788570404,0.6635262966156006,0.35484111309051514,0.7096957564353943,0.3019799590110779,0.7416132688522339,0.2530921399593353,0.7610169053077698
0.6202704310417175,0.6084700226783752,0.5351662635803223,0.5532571077346802,0.45717450976371765,0.55689537525177,0.3953522741794586,0.5775614976882935,0.3567740321159363,0.6106330752372742,0.39868906140327454,0.515628457069397,0.30717647075653076,0.4717075824737549,0.2534559369087219,0.43281126022338867,0.21317332983016968,0.3952721953392029,0.40512314438819885,0.548612654209137,0.28410086035728455,0.5360288023948669,0.21384325623512268,0.5150156021118164,0.15935194492340088,0.4942108988761902,0.4210044741630554,0.6020262837409973,0.2999454438686371,0.6370806694030762,0.22613508999347687,0.6539918780326843,0.1691896915435791,0.6556167602539062,0.4425716996192932,0.664038896560669,0.3528672754764557,0.7099767327308655,0.30114248394966125,0.7415675520896912,0.2529538571834564,0.7615066766738892
0.6212174892425537,0.6083774566650391,0.5407189726829529,0.5360923409461975,0.45731985569000244,0.5367438197135925,0.39277055859565735,0.5612757802009583,0.3575323522090912,0.601699709892273,0.41170355677604675,0.5057799220085144,0.31473463773727417,0.4584485590457916,0.2576230764389038,0.4172886610031128,0.2167731374502182,0.38048386573791504,0.41554975509643555,0.5463817715644836,0.2891661524772644,0.5296938419342041,0.21654237806797028,0.5069016218185425,0.1595572829246521,0.4854962229728699,0.4286321997642517,0.6039495468139648,0.30432912707328796,0.6341940760612488,0.22891679406166077,0.6465772390365601,0.1715947687625885,0.6468195915222168,0.44944074749946594,0.6683082580566406,0.3552686870098114,0.710465133190155,0.30267032980918884,0.739897608757019,0.25565868616104126,0.7597528696060181
0.6231511831283569,0.6043136119842529,0.5452394485473633,0.5283912420272827,0.4593661427497864,0.5193092823028564,0.3949374556541443,0.543181836605072,0.3587323725223541,0.5842069983482361,0.41554781794548035,0.4892663359642029,0.32166439294815063,0.43608906865119934,0.26374518871307373,0.39701932668685913,0.22191265225410461,0.364219069480896,0.41573649644851685,0.5401115417480469,0.2943616807460785,0.5170036554336548,0.22370052337646484,0.494845986366272,0.16877608001232147,0.4753769040107727,0.4272204637527466,0.6048653721809387,0.30709129571914673,0.626105546951294,0.23347030580043793,0.6343286037445068,0.17758113145828247,0.6326088309288025,0.44693636894226074,0.6718319654464722,0.35511526465415955,0.7093461155891418,0.3006501793861389,0.735232949256897,0.25284773111343384,0.7521653771400452
0.6321427822113037,0.6081141233444214,0.5589436292648315,0.5274187922477722,0.47357720136642456,0.5108446478843689,0.40715649724006653,0.5298882722854614,0.3678131699562073,0.5684687495231628,0.4354381263256073,0.4786430597305298,0.3371310830116272,0.4203369915485382,0.2762671113014221,0.3807200789451599,0.2313663810491562,0.34957993030548096,0.4349193572998047,0.5315291881561279,0.31079137325286865,0.49733516573905945,0.23701845109462738,0.47426196932792664,0.1804552972316742,0.45764705538749695,0.4433773159980774,0.5998595952987671,0.3224244713783264,0.6126217246055603,0.2489388883113861,0.6206246614456177,0.19619910418987274,0.6228725910186768,0.45841702818870544,0.6719979643821716,0.36443644762039185,0.7033175230026245,0.3076196312904358,0.7225265502929688,0.25930482149124146,0.734612226486206
0.6322595477104187,0.6055425405502319,0.5665470361709595,0.5161107778549194,0.4857105612754822,0.49419647455215454,0.4208172857761383,0.5157645344734192,0.3834547698497772,0.5588248372077942,0.4449581503868103,0.4705124497413635,0.35045167803764343,0.4089159071445465,0.29471251368522644,0.36765235662460327,0.25383487343788147,0.334792822599411,0.4370344579219818,0.5280100703239441,0.3199116587638855,0.48292675614356995,0.2504616379737854,0.4555054306983948,0.19747842848300934,0.4358746111392975,0.43893560767173767,0.5990047454833984,0.32121729850769043,0.6019636392593384,0.2542478144168854,0.606458842754364,0.20688316226005554,0.6088031530380249,0.44956183433532715,0.6710265278816223,0.35692939162254333,0.6945263147354126,0.3031657934188843,0.7102618217468262,0.25767719745635986,0.7209667563438416
0.634508490562439,0.6026701927185059,0.5736178159713745,0.503566563129425,0.492218554019928,0.476015567779541,0.42533817887306213,0.4944629371166229,0.38761264085769653,0.5369762182235718,0.45269230008125305,0.4589264392852783,0.35565343499183655,0.40002888441085815,0.30177420377731323,0.3608139157295227,0.2623460292816162,0.32961970567703247,0.4431734085083008,0.5193588733673096,0.32812315225601196,0.4671785235404968,0.2629925012588501,0.43226078152656555,0.21140716969966888,0.4053523540496826,0.4440736174583435,0.5906206965446472,0.32124432921409607,0.5904603600502014,0.25337547063827515,0.5918161273002625,0.2025367021560669,0.5897530913352966,0.45509159564971924,0.6579328179359436,0.3591057062149048,0.6787992715835571,0.30711692571640015,0.6919616460800171,0.2622016668319702,0.6993364095687866
0.6393627524375916,0.5964880585670471,0.5766749382019043,0.49146175384521484,0.5049624443054199,0.46024805307388306,0.4424912929534912,0.472412645816803,0.40675026178359985,0.5117260217666626,0.465772807598114,0.44171303510665894,0.3703596591949463,0.37754660844802856,0.31711986660957336,0.3398970365524292,0.27805984020233154,0.31002798676490784,0.4491477608680725,0.4990873336791992,0.33706170320510864,0.43770891427993774,0.27181315422058105,0.40030309557914734,0.221988245844841,0.37254929542541504,0.4459036886692047,0.5711271166801453,0.3240930140018463,0.5682729482650757,0.25743579864501953,0.569292426109314,0.20849917829036713,0.5675395131111145,0.4560658931732178,0.6431881189346313,0.3564679026603699,0.6647446155548096,0.30634576082229614,0.6764732599258423,0.26402854919433594,0.6814098954200745
0.642556369304657,0.5869314670562744,0.5839820504188538,0.48048320412635803,0.5117571949958801,0.44823166728019714,0.45075157284736633,0.4610143005847931,0.41429322957992554,0.4998951256275177,0.47102898359298706,0.4240766167640686,0.381769597530365,0.35941803455352783,0.33148840069770813,0.3214419484138489,0.2940438389778137,0.29179781675338745,0.45110607147216797,0.47971662878990173,0.3403860628604889,0.42430561780929565,0.2759474813938141,0.39217907190322876,0.2264278531074524,0.37029555439949036,0.44549664855003357,0.5498389601707458,0.3317641019821167,0.5488010048866272,0.2685527205467224,0.5507577657699585,0.22365038096904755,0.5522367358207703,0.45393428206443787,0.6211462020874023,0.3689432144165039,0.6303474307060242,0.32990533113479614,0.6361044645309448,0.2991179823875427,0.637326180934906
0.6429764032363892,0.5823490023612976,0.5888316035270691,0.47353777289390564,0.5156287550926208,0.43794411420822144,0.45266109704971313,0.4519522190093994,0.4134693741798401,0.488482266664505,0.47292277216911316,0.4211569130420685,0.38880178332328796,0.34695279598236084,0.3394479751586914,0.3011628985404968,0.3037489354610443,0.26588866114616394,0.4522370994091034,0.47741425037384033,0.345608115196228,0.4191374182701111,0.2833144962787628,0.3884947896003723,0.23497474193572998,0.3667326271533966,0.4449363350868225,0.544806182384491,0.3369356095790863,0.53935307264328,0.2750885486602783,0.5361689329147339,0.231480211019516,0.5332373976707458,0.4503675401210785,0.6099361181259155,0.3704533576965332,0.6232779622077942,0.32606416940689087,0.631319522857666,0.28940755128860474,0.6338982582092285
0.6474415063858032,0.5644206404685974,0.5963969826698303,0.44964301586151123,0.5239854454994202,0.4097262918949127,0.4604162275791168,0.4171242117881775,0.4213864207267761,0.4501021206378937,0.48902028799057007,0.3930013179779053,0.40463733673095703,0.32104116678237915,0.35571426153182983,0.27512145042419434,0.3199387788772583,0.23916590213775635,0.4661496877670288,0.4500288665294647,0.3587394952774048,0.39491045475006104,0.2998042106628418,0.36145585775375366,0.2569493055343628,0.33565911650657654,0.45723482966423035,0.5200079083442688,0.3484441041946411,0.5073767900466919,0.2897692918777466,0.5001351237297058,0.24877871572971344,0.49458783864974976,0.46117886900901794,0.5905507802963257,0.37980714440345764,0.5969101190567017,0.33570200204849243,0.602170467376709,0.2986941933631897,0.6053964495658875
0.6451084613800049,0.5583708882331848,0.5943731069564819,0.4496442377567291,0.5210572481155396,0.4110729396343231,0.4572737514972687,0.4143493175506592,0.41569989919662476,0.43914109468460083,0.4872780740261078,0.3930334746837616,0.4031490385532379,0.319632887840271,0.35513266921043396,0.27259939908981323,0.3199058771133423,0.23641180992126465,0.46904057264328003,0.4482380151748657,0.3598805367946625,0.39243313670158386,0.300298273563385,0.361196368932724,0.25627708435058594,0.33731722831726074,0.460857093334198,0.5166521072387695,0.3492642045021057,0.5048009753227234,0.28988027572631836,0.4973984956741333,0.24871420860290527,0.4905898869037628,0.4639313220977783,0.5859432816505432,0.3808663785457611,0.5948106646537781,0.3365839123725891,0.6020437479019165,0.3005070686340332,0.6051362752914429
0.6456080675125122,0.5435435175895691,0.5931997299194336,0.4354954659938812,0.52361661195755,0.3926888704299927,0.4638676345348358,0.3932192921638489,0.42564746737480164,0.41462790966033936,0.4896213412284851,0.36612778902053833,0.4144707918167114,0.29793205857276917,0.3668513298034668,0.25144192576408386,0.3309767246246338,0.2157590687274933,0.47006136178970337,0.4200010895729065,0.36620032787323,0.367515504360199,0.30394965410232544,0.3357585072517395,0.25615453720092773,0.3135680854320526,0.46207916736602783,0.4891442060470581,0.3541063368320465,0.47524967789649963,0.2908678650856018,0.4705473780632019,0.24630652368068695,0.4654107391834259,0.46484747529029846,0.5629184246063232,0.3846854269504547,0.5749057531356812,0.33981853723526,0.5824309587478638,0.3030434250831604,0.5828384160995483
0.6507939100265503,0.5374197363853455,0.600703775882721,0.4270987808704376,0.5304464101791382,0.3847865164279938,0.4696725606918335,0.3875044286251068,0.4294181764125824,0.41280457377433777,0.4955885410308838,0.35498952865600586,0.41993433237075806,0.2797531485557556,0.37323060631752014,0.23176896572113037,0.338273823261261,0.19558417797088623,0.47387877106666565,0.40856003761291504,0.3722785413265228,0.35073569416999817,0.3121926784515381,0.3176545202732086,0.2661857008934021,0.29347774386405945,0.4649311304092407,0.4786236584186554,0.3582429885864258,0.4658832550048828,0.2955194115638733,0.4569880962371826,0.2501622438430786,0.4481808543205261,0.4678366780281067,0.5508106350898743,0.38688063621520996,0.5648683905601501,0.33885982632637024,0.5726110935211182,0.29784318804740906,0.5732386708259583
0.6563689708709717,0.5353939533233643,0.6145055294036865,0.42640775442123413,0.5428139567375183,0.38559478521347046,0.47970297932624817,0.38200438022613525,0.4394701421260834,0.4024980962276459,0.5049594044685364,0.3473496735095978,0.4283818304538727,0.2706030607223511,0.38147667050361633,0.22629870474338531,0.34713438153266907,0.19406932592391968,0.4812878966331482,0.39956650137901306,0.39113885164260864,0.3554535508155823,0.35885751247406006,0.340404748916626,0.3439927101135254,0.3266288638114929,0.47054046392440796,0.47129175066947937,0.3662596046924591,0.4597456157207489,0.2999572157859802,0.45021721720695496,0.2507275938987732,0.44029393792152405,0.4725164771080017,0.5412876605987549,0.39445456862449646,0.544668436050415,0.3510654866695404,0.545011043548584,0.31455618143081665,0.5418046116828918
0.654610812664032,0.5290056467056274,0.6140919923782349,0.41897034645080566,0.5440558195114136,0.3769155740737915,0.48029419779777527,0.37701380252838135,0.43897178769111633,0.39780500531196594,0.4961591064929962,0.34519150853157043,0.4244951903820038,0.26176199316978455,0.37589192390441895,0.2165442705154419,0.3411915898323059,0.1839556097984314,0.4762481451034546,0.3970012664794922,0.3843764066696167,0.35381531715393066,0.36792585253715515,0.3487764000892639,0.37084078788757324,0.3412500321865082,0.46835756301879883,0.46782422065734863,0.3648906350135803,0.45804476737976074,0.2995949983596802,0.44802674651145935,0.2519685626029968,0.43244296312332153,0.4706366956233978,0.5342611074447632,0.3890809714794159,0.5426955223083496,0.34473681449890137,0.5436354279518127,0.30794572830200195,0.5392812490463257
0.6096245646476746,0.4768516421318054,0.5912905335426331,0.4046034812927246,0.5382804870605469,0.36132073402404785,0.4872915744781494,0.3554120361804962,0.4474484324455261,0.36062559485435486,0.5082426071166992,0.36054545640945435,0.4547818899154663,0.30076688528060913,0.41730859875679016,0.2639560103416443,0.3904793858528137,0.23569123446941376,0.48685523867607117,0.4095970094203949,0.4150739908218384,0.37019428610801697,0.37149643898010254,0.34512585401535034,0.3408242464065552,0.32379740476608276,0.47843751311302185,0.46661093831062317,0.4060820937156677,0.44539377093315125,0.3705359399318695,0.43628036975860596,0.3448236882686615,0.424812376499176,0.4844692051410675,0.5228168368339539,0.43313002586364746,0.5203408002853394,0.4078732430934906,0.5197716355323792,0.38897064328193665,0.5171728730201721
0.6570190191268921,0.5331209897994995,0.6088388562202454,0.4158949553966522,0.5416532158851624,0.37250787019729614,0.4791520833969116,0.3679744601249695,0.43561458587646484,0.3905183672904968,0.49840816855430603,0.35166022181510925,0.41780686378479004,0.27562350034713745,0.36892181634902954,0.22855839133262634,0.33415499329566956,0.19215813279151917,0.477348655462265,0.4041755795478821,0.37076252698898315,0.34435510635375977,0.3087153434753418,0.3113749325275421,0.2618457078933716,0.28468847274780273,0.4700407087802887,0.4722013473510742,0.3593813180923462,0.46220463514328003,0.297110915184021,0.4584709405899048,0.25163543224334717,0.45148828625679016,0.47696807980537415,0.5422746539115906,0.393148273229599,0.5541886687278748,0.34907665848731995,0.5625455379486084,0.3107626438140869,0.5627228021621704
0.6563002467155457,0.5374830961227417,0.6058531403541565,0.42228013277053833,0.5382590293884277,0.3781547546386719,0.4778999090194702,0.3668694496154785,0.44034427404403687,0.37654638290405273,0.4914911687374115,0.3616648316383362,0.4166882634162903,0.2773899734020233,0.36978858709335327,0.22804491221904755,0.3340412974357605,0.19079595804214478,0.472080796957016,0.41644883155822754,0.36514419317245483,0.35214853286743164,0.30228736996650696,0.31757688522338867,0.2551184892654419,0.29453688859939575,0.46731236577033997,0.48449042439460754,0.3579886555671692,0.47433701157569885,0.29732805490493774,0.46809130907058716,0.25562697649002075,0.4616031050682068,0.4767484962940216,0.5540935397148132,0.39634865522384644,0.5647926926612854,0.3536767065525055,0.5693538188934326,0.31701865792274475,0.5664291381835938
0.6629149317741394,0.5488205552101135,0.6152304410934448,0.4353716969490051,0.5471590757369995,0.3819007873535156,0.4909777045249939,0.3527887165546417,0.4633616507053375,0.3398504853248596,0.49602454900741577,0.3661186695098877,0.42049115896224976,0.28082147240638733,0.37221258878707886,0.22843657433986664,0.3353383541107178,0.18989533185958862,0.47318780422210693,0.42035606503486633,0.3673459589481354,0.3535335659980774,0.30310577154159546,0.31806689500808716,0.254022479057312,0.29727739095687866,0.46527817845344543,0.4881742596626282,0.3582180142402649,0.48269546031951904,0.2963613271713257,0.4784032106399536,0.2531178593635559,0.47538185119628906,0.47225427627563477,0.5592043399810791,0.39258429408073425,0.5712583661079407,0.3517107367515564,0.5796751976013184,0.3172913193702698,0.5812976360321045
0.6662731766700745,0.5554705262184143,0.6204444169998169,0.43767979741096497,0.5498207807540894,0.3883105516433716,0.485985666513443,0.37828582525253296,0.44657498598098755,0.39631903171539307,0.5000316500663757,0.3671860098838806,0.42424553632736206,0.2806040644645691,0.37689679861068726,0.22982856631278992,0.3401165008544922,0.19263768196105957,0.47439804673194885,0.4227640628814697,0.37020769715309143,0.35745784640312195,0.3063516318798065,0.3230692148208618,0.2570475935935974,0.3029913306236267,0.4658251404762268,0.4921018183231354,0.360672265291214,0.4906367063522339,0.3018099069595337,0.49027931690216064,0.26086336374282837,0.4904174208641052,0.4737240672111511,0.5620124340057373,0.3984316289424896,0.5765841007232666,0.35991641879081726,0.5850250720977783,0.32831114530563354,0.5874133110046387
